meter,x_Timestamp,t_kWh,z_Avg Voltage (Volt),z_Avg Current (Amp),y_Freq (Hz)
Afternoon_Low,2020-01-01 00:00:00,0.004811,232.479,0.368,49.986
Afternoon_Low,2020-01-01 00:03:00,0.00375,230.424,0.4066,49.983
Afternoon_Low,2020-01-01 00:06:00,0.004756,229.577,0.2952,49.982
Afternoon_Low,2020-01-01 00:09:00,0.004548,231.12,0.3205,50.004
Afternoon_Low,2020-01-01 00:12:00,0.003827,232.214,0.2954,49.997
Afternoon_Low,2020-01-01 00:15:00,0.006567,230.805,0.3547,49.965
Afternoon_Low,2020-01-01 00:18:00,0.004771,230.649,0.3355,50.001
Afternoon_Low,2020-01-01 00:21:00,0.004114,229.857,0.2791,50.001
Afternoon_Low,2020-01-01 00:24:00,0.00655,229.847,0.3311,50.015
Afternoon_Low,2020-01-01 00:27:00,0.005745,229.3,0.3496,49.991
Afternoon_Low,2020-01-01 00:30:00,0.00388,232.363,0.3043,49.999
Afternoon_Low,2020-01-01 00:33:00,0.003351,232.057,0.3413,50.011
Afternoon_Low,2020-01-01 00:36:00,0.005249,231.463,0.3412,49.991
Afternoon_Low,2020-01-01 00:39:00,0.005227,231.917,0.4305,49.989
Afternoon_Low,2020-01-01 00:42:00,0.004853,231.126,0.3624,50.009
Afternoon_Low,2020-01-01 00:45:00,0.00307,231.631,0.3364,49.987
Afternoon_Low,2020-01-01 00:48:00,0.004961,230.382,0.354,49.986
Afternoon_Low,2020-01-01 00:51:00,0.00451,230.207,0.3398,50.001
Afternoon_Low,2020-01-01 00:54:00,0.004869,232.235,0.3623,50.015
Afternoon_Low,2020-01-01 00:57:00,0.005256,230.955,0.3443,49.995
Afternoon_Low,2020-01-01 01:00:00,0.003758,230.041,0.3488,50.006
Afternoon_Low,2020-01-01 01:03:00,0.003821,231.543,0.3449,49.994
Afternoon_Low,2020-01-01 01:06:00,0.003996,231.392,0.3126,50.006
Afternoon_Low,2020-01-01 01:09:00,0.00661,230.817,0.3247,50.009
Afternoon_Low,2020-01-01 01:12:00,0.004461,232.201,0.3732,50.016
Afternoon_Low,2020-01-01 01:15:00,0.004386,230.037,0.344,50.001
Afternoon_Low,2020-01-01 01:18:00,0.004359,230.364,0.2988,50.006
Afternoon_Low,2020-01-01 01:21:00,0.00441,230.391,0.3071,49.996
Afternoon_Low,2020-01-01 01:24:00,0.00494,230.941,0.3424,49.973
Afternoon_Low,2020-01-01 01:27:00,0.004774,230.712,0.3693,49.992
Afternoon_Low,2020-01-01 01:30:00,0.004482,229.941,0.3163,50.004
Afternoon_Low,2020-01-01 01:33:00,0.004802,229.788,0.3256,49.99
Afternoon_Low,2020-01-01 01:36:00,0.003093,231.392,0.2811,49.986
Afternoon_Low,2020-01-01 01:39:00,0.003718,231.48,0.2664,49.983
Afternoon_Low,2020-01-01 01:42:00,0.002327,231.742,0.3573,49.971
Afternoon_Low,2020-01-01 01:45:00,0.004367,230.801,0.2896,49.985
Afternoon_Low,2020-01-01 01:48:00,0.00552,230.549,0.3521,50.033
Afternoon_Low,2020-01-01 01:51:00,0.004433,231.891,0.3243,49.996
Afternoon_Low,2020-01-01 01:54:00,0.006372,229.537,0.3269,49.994
Afternoon_Low,2020-01-01 01:57:00,0.004873,230.812,0.3384,49.99
Afternoon_Low,2020-01-01 02:00:00,0.004999,230.883,0.385,49.986
Afternoon_Low,2020-01-01 02:03:00,0.00295,232.876,0.3416,50.008
Afternoon_Low,2020-01-01 02:06:00,0.00353,229.948,0.3321,50.0
Afternoon_Low,2020-01-01 02:09:00,0.005412,231.333,0.3589,50.018
Afternoon_Low,2020-01-01 02:12:00,0.002972,231.075,0.3043,50.005
Afternoon_Low,2020-01-01 02:15:00,0.004032,231.813,0.3297,50.014
Afternoon_Low,2020-01-01 02:18:00,0.003953,230.201,0.3424,50.002
Afternoon_Low,2020-01-01 02:21:00,0.004027,232.568,0.3051,50.005
Afternoon_Low,2020-01-01 02:24:00,0.005738,231.502,0.2771,49.999
Afternoon_Low,2020-01-01 02:27:00,0.0046,230.658,0.3289,50.006
Afternoon_Low,2020-01-01 02:30:00,0.004887,232.537,0.2979,49.997
Afternoon_Low,2020-01-01 02:33:00,0.004363,231.015,0.3076,49.994
Afternoon_Low,2020-01-01 02:36:00,0.004664,231.376,0.3242,50.016
Afternoon_Low,2020-01-01 02:39:00,0.0043,229.669,0.3623,49.993
Afternoon_Low,2020-01-01 02:42:00,0.003766,230.826,0.2488,50.015
Afternoon_Low,2020-01-01 02:45:00,0.004119,230.733,0.3504,50.0
Afternoon_Low,2020-01-01 02:48:00,0.005457,230.283,0.3286,50.005
Afternoon_Low,2020-01-01 02:51:00,0.003702,232.914,0.3255,49.98
Afternoon_Low,2020-01-01 02:54:00,0.00465,232.287,0.3528,50.002
Afternoon_Low,2020-01-01 02:57:00,0.005191,231.667,0.3152,50.0
Afternoon_Low,2020-01-01 03:00:00,0.005519,231.544,0.3482,50.003
Afternoon_Low,2020-01-01 03:03:00,0.005272,230.975,0.3056,49.992
Afternoon_Low,2020-01-01 03:06:00,0.006404,230.169,0.4026,49.996
Afternoon_Low,2020-01-01 03:09:00,0.004193,232.781,0.2983,49.993
Afternoon_Low,2020-01-01 03:12:00,0.004297,230.689,0.3635,49.994
Afternoon_Low,2020-01-01 03:15:00,0.005349,231.172,0.3068,50.0
Afternoon_Low,2020-01-01 03:18:00,0.004844,232.116,0.3668,49.98
Afternoon_Low,2020-01-01 03:21:00,0.004974,231.794,0.3066,49.972
Afternoon_Low,2020-01-01 03:24:00,0.003569,231.563,0.3528,50.006
Afternoon_Low,2020-01-01 03:27:00,0.003252,232.999,0.2968,49.992
Afternoon_Low,2020-01-01 03:30:00,0.005433,230.67,0.3743,50.017
Afternoon_Low,2020-01-01 03:33:00,0.003907,231.969,0.3016,50.016
Afternoon_Low,2020-01-01 03:36:00,0.004735,231.742,0.2987,49.994
Afternoon_Low,2020-01-01 03:39:00,0.004494,232.132,0.3406,49.996
Afternoon_Low,2020-01-01 03:42:00,0.003947,230.488,0.3292,49.996
Afternoon_Low,2020-01-01 03:45:00,0.004619,231.088,0.2813,49.992
Afternoon_Low,2020-01-01 03:48:00,0.003429,231.6,0.3485,50.01
Afternoon_Low,2020-01-01 03:51:00,0.005044,230.991,0.4021,49.975
Afternoon_Low,2020-01-01 03:54:00,0.004514,229.832,0.3348,50.005
Afternoon_Low,2020-01-01 03:57:00,0.005365,230.497,0.368,50.007
Afternoon_Low,2020-01-01 04:00:00,0.004217,230.347,0.2839,49.997
Afternoon_Low,2020-01-01 04:03:00,0.003637,230.387,0.2523,49.992
Afternoon_Low,2020-01-01 04:06:00,0.004227,230.474,0.2603,50.003
Afternoon_Low,2020-01-01 04:09:00,0.005856,231.345,0.3708,50.008
Afternoon_Low,2020-01-01 04:12:00,0.004155,231.891,0.3678,49.99
Afternoon_Low,2020-01-01 04:15:00,0.005068,230.75,0.3246,50.014
Afternoon_Low,2020-01-01 04:18:00,0.005539,231.386,0.3554,49.999
Afternoon_Low,2020-01-01 04:21:00,0.002489,230.82,0.3595,49.996
Afternoon_Low,2020-01-01 04:24:00,0.003649,231.378,0.3346,49.983
Afternoon_Low,2020-01-01 04:27:00,0.004711,231.567,0.3763,49.987
Afternoon_Low,2020-01-01 04:30:00,0.005848,231.127,0.3411,50.019
Afternoon_Low,2020-01-01 04:33:00,0.005421,230.718,0.358,49.974
Afternoon_Low,2020-01-01 04:36:00,0.002515,231.264,0.2768,49.989
Afternoon_Low,2020-01-01 04:39:00,0.006797,231.12,0.3802,50.011
Afternoon_Low,2020-01-01 04:42:00,0.004317,231.086,0.2905,49.972
Afternoon_Low,2020-01-01 04:45:00,0.005666,230.701,0.3748,50.003
Afternoon_Low,2020-01-01 04:48:00,0.003568,232.14,0.2541,49.989
Afternoon_Low,2020-01-01 04:51:00,0.006043,231.252,0.3369,49.99
Afternoon_Low,2020-01-01 04:54:00,0.004578,231.764,0.2936,50.003
Afternoon_Low,2020-01-01 04:57:00,0.004374,231.104,0.2796,49.99
Afternoon_Low,2020-01-01 05:00:00,0.004675,231.412,0.3116,49.997
Afternoon_Low,2020-01-01 05:03:00,0.00703,231.917,0.4182,49.998
Afternoon_Low,2020-01-01 05:06:00,0.004516,230.011,0.3716,49.998
Afternoon_Low,2020-01-01 05:09:00,0.004304,231.72,0.3101,49.992
Afternoon_Low,2020-01-01 05:12:00,0.005926,229.917,0.3403,49.998
Afternoon_Low,2020-01-01 05:15:00,0.006823,232.028,0.4022,49.995
Afternoon_Low,2020-01-01 05:18:00,0.005972,231.344,0.4019,49.997
Afternoon_Low,2020-01-01 05:21:00,0.004273,230.512,0.3011,50.01
Afternoon_Low,2020-01-01 05:24:00,0.009813,229.352,0.3965,49.987
Afternoon_Low,2020-01-01 05:27:00,0.007066,231.09,0.3584,49.985
Afternoon_Low,2020-01-01 05:30:00,0.006292,231.572,0.4139,49.982
Afternoon_Low,2020-01-01 05:33:00,0.007251,229.424,0.3904,50.004
Afternoon_Low,2020-01-01 05:36:00,0.006619,230.19,0.3994,50.006
Afternoon_Low,2020-01-01 05:39:00,0.006934,231.356,0.3783,49.997
Afternoon_Low,2020-01-01 05:42:00,0.005532,229.542,0.3077,49.999
Afternoon_Low,2020-01-01 05:45:00,0.005118,230.837,0.3723,49.989
Afternoon_Low,2020-01-01 05:48:00,0.005342,230.644,0.3491,49.983
Afternoon_Low,2020-01-01 05:51:00,0.007609,230.366,0.3732,49.987
Afternoon_Low,2020-01-01 05:54:00,0.004998,230.289,0.2908,49.977
Afternoon_Low,2020-01-01 05:57:00,0.004531,230.3,0.344,50.007
Afternoon_Low,2020-01-01 06:00:00,0.004936,230.32,0.291,49.985
Afternoon_Low,2020-01-01 06:03:00,0.004998,231.837,0.3356,49.993
Afternoon_Low,2020-01-01 06:06:00,0.00848,230.465,0.3354,49.995
Afternoon_Low,2020-01-01 06:09:00,0.00873,228.593,0.355,49.99
Afternoon_Low,2020-01-01 06:12:00,0.004449,229.722,0.3187,49.992
Afternoon_Low,2020-01-01 06:15:00,0.00793,230.265,0.3484,49.991
Afternoon_Low,2020-01-01 06:18:00,0.006596,230.468,0.3617,49.998
Afternoon_Low,2020-01-01 06:21:00,0.005719,230.791,0.3436,50.002
Afternoon_Low,2020-01-01 06:24:00,0.004913,232.001,0.3021,49.986
Afternoon_Low,2020-01-01 06:27:00,0.005361,230.571,0.3174,49.988
Afternoon_Low,2020-01-01 06:30:00,0.004809,231.83,0.252,49.998
Afternoon_Low,2020-01-01 06:33:00,0.005682,230.378,0.3149,49.99
Afternoon_Low,2020-01-01 06:36:00,0.005708,229.763,0.4222,49.984
Afternoon_Low,2020-01-01 06:39:00,0.004001,231.011,0.3836,49.984
Afternoon_Low,2020-01-01 06:42:00,0.00632,232.028,0.3588,49.986
Afternoon_Low,2020-01-01 06:45:00,0.00402,229.74,0.3159,50.002
Afternoon_Low,2020-01-01 06:48:00,0.006483,231.141,0.3441,49.992
Afternoon_Low,2020-01-01 06:51:00,0.007457,231.769,0.367,49.981
Afternoon_Low,2020-01-01 06:54:00,0.006303,229.93,0.3874,50.006
Afternoon_Low,2020-01-01 06:57:00,0.005973,231.63,0.3324,49.982
Afternoon_Low,2020-01-01 07:00:00,0.006071,230.986,0.3402,49.994
Afternoon_Low,2020-01-01 07:03:00,0.008949,230.272,0.4089,49.986
Afternoon_Low,2020-01-01 07:06:00,0.00823,231.103,0.3455,49.992
Afternoon_Low,2020-01-01 07:09:00,0.0083,229.955,0.3557,49.984
Afternoon_Low,2020-01-01 07:12:00,0.008653,230.967,0.4113,49.995
Afternoon_Low,2020-01-01 07:15:00,0.005539,229.978,0.3307,50.0
Afternoon_Low,2020-01-01 07:18:00,0.004332,232.571,0.3572,49.989
Afternoon_Low,2020-01-01 07:21:00,0.00427,231.285,0.3491,49.991
Afternoon_Low,2020-01-01 07:24:00,0.00603,231.369,0.3726,49.998
Afternoon_Low,2020-01-01 07:27:00,0.00818,231.915,0.3815,49.989
Afternoon_Low,2020-01-01 07:30:00,0.006883,230.19,0.3794,49.999
Afternoon_Low,2020-01-01 07:33:00,0.005941,228.929,0.3661,49.993
Afternoon_Low,2020-01-01 07:36:00,0.009332,230.296,0.4544,49.986
Afternoon_Low,2020-01-01 07:39:00,0.006572,230.65,0.4278,50.009
Afternoon_Low,2020-01-01 07:42:00,0.007274,229.863,0.3451,49.988
Afternoon_Low,2020-01-01 07:45:00,0.007957,230.58,0.3656,50.0
Afternoon_Low,2020-01-01 07:48:00,0.011112,229.152,0.4654,50.006
Afternoon_Low,2020-01-01 07:51:00,0.008222,228.228,0.4074,50.004
Afternoon_Low,2020-01-01 07:54:00,0.004842,229.504,0.3365,50.006
Afternoon_Low,2020-01-01 07:57:00,0.005347,230.533,0.4147,49.981
Afternoon_Low,2020-01-01 08:00:00,0.007059,229.511,0.387,49.976
Afternoon_Low,2020-01-01 08:03:00,0.006148,230.977,0.3775,50.009
Afternoon_Low,2020-01-01 08:06:00,0.006896,230.179,0.4062,49.991
Afternoon_Low,2020-01-01 08:09:00,0.007568,229.763,0.4183,49.991
Afternoon_Low,2020-01-01 08:12:00,0.004672,231.613,0.3741,49.975
Afternoon_Low,2020-01-01 08:15:00,0.009472,229.562,0.3984,49.979
Afternoon_Low,2020-01-01 08:18:00,0.007,230.596,0.3628,49.995
Afternoon_Low,2020-01-01 08:21:00,0.009054,229.02,0.427,49.961
Afternoon_Low,2020-01-01 08:24:00,0.006975,231.396,0.4046,50.015
Afternoon_Low,2020-01-01 08:27:00,0.007559,230.656,0.3617,49.978
Afternoon_Low,2020-01-01 08:30:00,0.008272,228.192,0.4467,50.003
Afternoon_Low,2020-01-01 08:33:00,0.00873,230.217,0.422,49.992
Afternoon_Low,2020-01-01 08:36:00,0.005735,230.267,0.3504,49.986
Afternoon_Low,2020-01-01 08:39:00,0.006974,231.002,0.421,49.984
Afternoon_Low,2020-01-01 08:42:00,0.008597,230.682,0.418,49.992
Afternoon_Low,2020-01-01 08:45:00,0.00813,229.412,0.3973,49.976
Afternoon_Low,2020-01-01 08:48:00,0.010139,231.077,0.4156,49.981
Afternoon_Low,2020-01-01 08:51:00,0.012289,229.3,0.4722,49.992
Afternoon_Low,2020-01-01 08:54:00,0.006835,230.34,0.399,49.976
Afternoon_Low,2020-01-01 08:57:00,0.009986,229.039,0.4551,49.998
Afternoon_Low,2020-01-01 09:00:00,0.005882,230.753,0.3484,49.989
Afternoon_Low,2020-01-01 09:03:00,0.006793,229.757,0.3833,50.003
Afternoon_Low,2020-01-01 09:06:00,0.008202,232.375,0.3985,49.978
Afternoon_Low,2020-01-01 09:09:00,0.008218,231.27,0.4266,49.985
Afternoon_Low,2020-01-01 09:12:00,0.0098,230.938,0.3968,49.999
Afternoon_Low,2020-01-01 09:15:00,0.006314,231.525,0.3639,49.973
Afternoon_Low,2020-01-01 09:18:00,0.007892,230.343,0.4349,49.99
Afternoon_Low,2020-01-01 09:21:00,0.007281,229.836,0.4485,50.007
Afternoon_Low,2020-01-01 09:24:00,0.007245,229.716,0.3082,49.995
Afternoon_Low,2020-01-01 09:27:00,0.010072,230.442,0.4106,50.0
Afternoon_Low,2020-01-01 09:30:00,0.007559,229.762,0.3753,50.002
Afternoon_Low,2020-01-01 09:33:00,0.007637,230.722,0.4305,49.986
Afternoon_Low,2020-01-01 09:36:00,0.006369,230.253,0.4075,49.989
Afternoon_Low,2020-01-01 09:39:00,0.006214,230.813,0.3099,49.976
Afternoon_Low,2020-01-01 09:42:00,0.0098,229.188,0.5085,49.991
Afternoon_Low,2020-01-01 09:45:00,0.006282,232.898,0.3852,49.987
Afternoon_Low,2020-01-01 09:48:00,0.007322,231.542,0.3817,49.983
Afternoon_Low,2020-01-01 09:51:00,0.00767,232.008,0.4222,49.997
Afternoon_Low,2020-01-01 09:54:00,0.006379,230.103,0.3353,50.007
Afternoon_Low,2020-01-01 09:57:00,0.009752,229.435,0.3969,49.99
Afternoon_Low,2020-01-01 10:00:00,0.009419,229.588,0.5009,50.015
Afternoon_Low,2020-01-01 10:03:00,0.014233,228.513,0.5228,49.983
Afternoon_Low,2020-01-01 10:06:00,0.008099,230.716,0.4313,49.982
Afternoon_Low,2020-01-01 10:09:00,0.006713,231.166,0.3706,50.013
Afternoon_Low,2020-01-01 10:12:00,0.008848,229.371,0.4336,49.985
Afternoon_Low,2020-01-01 10:15:00,0.007536,230.373,0.3832,49.984
Afternoon_Low,2020-01-01 10:18:00,0.009431,229.592,0.4121,49.988
Afternoon_Low,2020-01-01 10:21:00,0.007895,230.356,0.3533,49.993
Afternoon_Low,2020-01-01 10:24:00,0.010015,231.926,0.4032,49.982
Afternoon_Low,2020-01-01 10:27:00,0.008629,230.479,0.3974,49.991
Afternoon_Low,2020-01-01 10:30:00,0.009872,230.37,0.4378,49.991
Afternoon_Low,2020-01-01 10:33:00,0.009592,230.619,0.4084,49.979
Afternoon_Low,2020-01-01 10:36:00,0.012133,230.156,0.4477,49.944
Afternoon_Low,2020-01-01 10:39:00,0.011221,229.299,0.4078,49.982
Afternoon_Low,2020-01-01 10:42:00,0.010532,228.778,0.4606,49.982
Afternoon_Low,2020-01-01 10:45:00,0.012139,230.49,0.4781,50.014
Afternoon_Low,2020-01-01 10:48:00,0.012162,230.097,0.4784,49.997
Afternoon_Low,2020-01-01 10:51:00,0.010638,229.253,0.4953,49.99
Afternoon_Low,2020-01-01 10:54:00,0.013513,228.805,0.5444,49.991
Afternoon_Low,2020-01-01 10:57:00,0.009592,229.01,0.4747,49.987
Afternoon_Low,2020-01-01 11:00:00,0.008944,229.388,0.437,49.988
Afternoon_Low,2020-01-01 11:03:00,0.011346,229.848,0.4582,49.984
Afternoon_Low,2020-01-01 11:06:00,0.016173,229.266,0.5008,49.995
Afternoon_Low,2020-01-01 11:09:00,0.007553,230.055,0.348,50.006
Afternoon_Low,2020-01-01 11:12:00,0.00908,229.678,0.5185,49.993
Afternoon_Low,2020-01-01 11:15:00,0.01407,229.393,0.5133,49.978
Afternoon_Low,2020-01-01 11:18:00,0.016094,229.112,0.5466,49.987
Afternoon_Low,2020-01-01 11:21:00,0.012215,228.868,0.4778,49.981
Afternoon_Low,2020-01-01 11:24:00,0.014401,229.436,0.5489,49.979
Afternoon_Low,2020-01-01 11:27:00,0.016534,228.797,0.5452,49.964
Afternoon_Low,2020-01-01 11:30:00,0.01296,228.506,0.468,49.984
Afternoon_Low,2020-01-01 11:33:00,0.016326,229.014,0.5483,49.989
Afternoon_Low,2020-01-01 11:36:00,0.010913,230.848,0.4192,50.002
Afternoon_Low,2020-01-01 11:39:00,0.008428,230.598,0.395,49.988
Afternoon_Low,2020-01-01 11:42:00,0.018082,229.126,0.5844,49.986
Afternoon_Low,2020-01-01 11:45:00,0.012495,230.882,0.4945,49.981
Afternoon_Low,2020-01-01 11:48:00,0.018695,228.37,0.5085,50.012
Afternoon_Low,2020-01-01 11:51:00,0.016367,229.301,0.5488,49.967
Afternoon_Low,2020-01-01 11:54:00,0.016635,228.895,0.5628,49.984
Afternoon_Low,2020-01-01 11:57:00,0.01571,227.924,0.5467,49.989
Afternoon_Low,2020-01-01 12:00:00,0.012045,228.949,0.5149,49.992
Afternoon_Low,2020-01-01 12:03:00,0.013071,228.531,0.5284,49.996
Afternoon_Low,2020-01-01 12:06:00,0.014475,229.474,0.574,49.993
Afternoon_Low,2020-01-01 12:09:00,0.018801,227.366,0.6165,50.008
Afternoon_Low,2020-01-01 12:12:00,0.014814,228.456,0.4535,49.977
Afternoon_Low,2020-01-01 12:15:00,0.014541,229.338,0.4797,49.971
Afternoon_Low,2020-01-01 12:18:00,0.021156,227.78,0.6675,49.957
Afternoon_Low,2020-01-01 12:21:00,0.022842,227.496,0.6597,49.991
Afternoon_Low,2020-01-01 12:24:00,0.023254,227.719,0.6483,49.983
Afternoon_Low,2020-01-01 12:27:00,0.016884,229.824,0.6057,49.99
Afternoon_Low,2020-01-01 12:30:00,0.019497,227.359,0.535,49.961
Afternoon_Low,2020-01-01 12:33:00,0.013569,230.257,0.4983,49.999
Afternoon_Low,2020-01-01 12:36:00,0.023739,225.618,0.6885,49.964
Afternoon_Low,2020-01-01 12:39:00,0.021525,228.396,0.6597,49.983
Afternoon_Low,2020-01-01 12:42:00,0.016333,227.45,0.5993,49.977
Afternoon_Low,2020-01-01 12:45:00,0.020282,227.478,0.6144,49.993
Afternoon_Low,2020-01-01 12:48:00,0.024258,227.726,0.6869,49.967
Afternoon_Low,2020-01-01 12:51:00,0.016892,228.945,0.5934,49.984
Afternoon_Low,2020-01-01 12:54:00,0.024344,226.994,0.7131,49.976
Afternoon_Low,2020-01-01 12:57:00,0.027994,225.549,0.7011,49.982
Afternoon_Low,2020-01-01 13:00:00,0.016638,230.184,0.4895,49.968
Afternoon_Low,2020-01-01 13:03:00,0.022161,227.892,0.6016,49.98
Afternoon_Low,2020-01-01 13:06:00,0.014254,230.6,0.4264,49.987
Afternoon_Low,2020-01-01 13:09:00,0.022425,226.646,0.7219,49.961
Afternoon_Low,2020-01-01 13:12:00,0.01554,227.983,0.5241,49.981
Afternoon_Low,2020-01-01 13:15:00,0.01465,229.14,0.6128,49.975
Afternoon_Low,2020-01-01 13:18:00,0.026419,225.967,0.7657,49.968
Afternoon_Low,2020-01-01 13:21:00,0.020033,227.857,0.6182,49.963
Afternoon_Low,2020-01-01 13:24:00,0.020896,227.23,0.6567,49.984
Afternoon_Low,2020-01-01 13:27:00,0.021248,226.492,0.6582,49.98
Afternoon_Low,2020-01-01 13:30:00,0.017491,228.044,0.6064,50.006
Afternoon_Low,2020-01-01 13:33:00,0.029394,225.339,0.7589,49.981
Afternoon_Low,2020-01-01 13:36:00,0.022651,227.061,0.6805,49.975
Afternoon_Low,2020-01-01 13:39:00,0.016288,230.162,0.5658,49.985
Afternoon_Low,2020-01-01 13:42:00,0.025222,226.296,0.7563,49.963
Afternoon_Low,2020-01-01 13:45:00,0.025186,226.689,0.7117,49.981
Afternoon_Low,2020-01-01 13:48:00,0.023988,226.197,0.7382,49.971
Afternoon_Low,2020-01-01 13:51:00,0.02661,225.966,0.7662,49.977
Afternoon_Low,2020-01-01 13:54:00,0.014535,227.676,0.6056,49.965
Afternoon_Low,2020-01-01 13:57:00,0.022083,226.57,0.6737,49.979
Afternoon_Low,2020-01-01 14:00:00,0.013824,228.791,0.4483,49.977
Afternoon_Low,2020-01-01 14:03:00,0.022518,228.235,0.6515,49.966
Afternoon_Low,2020-01-01 14:06:00,0.02334,226.327,0.7032,49.972
Afternoon_Low,2020-01-01 14:09:00,0.016796,228.728,0.48,50.002
Afternoon_Low,2020-01-01 14:12:00,0.025013,226.927,0.7014,49.985
Afternoon_Low,2020-01-01 14:15:00,0.027682,225.699,0.7577,49.969
Afternoon_Low,2020-01-01 14:18:00,0.023576,225.66,0.6813,49.968
Afternoon_Low,2020-01-01 14:21:00,0.026793,226.99,0.7627,49.964
Afternoon_Low,2020-01-01 14:24:00,0.023968,228.591,0.6655,49.977
Afternoon_Low,2020-01-01 14:27:00,0.027396,227.403,0.7293,49.992
Afternoon_Low,2020-01-01 14:30:00,0.013446,229.77,0.4728,50.006
Afternoon_Low,2020-01-01 14:33:00,0.012286,229.108,0.4923,49.968
Afternoon_Low,2020-01-01 14:36:00,0.027977,225.275,0.7928,49.977
Afternoon_Low,2020-01-01 14:39:00,0.013981,228.583,0.4626,50.0
Afternoon_Low,2020-01-01 14:42:00,0.018732,227.356,0.5933,49.978
Afternoon_Low,2020-01-01 14:45:00,0.01687,228.23,0.5943,49.976
Afternoon_Low,2020-01-01 14:48:00,0.02216,226.397,0.6559,49.992
Afternoon_Low,2020-01-01 14:51:00,0.020107,227.171,0.6205,49.97
Afternoon_Low,2020-01-01 14:54:00,0.017893,230.273,0.5796,50.0
Afternoon_Low,2020-01-01 14:57:00,0.01795,229.351,0.5709,49.99
Afternoon_Low,2020-01-01 15:00:00,0.010791,229.5,0.4395,50.002
Afternoon_Low,2020-01-01 15:03:00,0.007911,230.118,0.378,49.997
Afternoon_Low,2020-01-01 15:06:00,0.019311,227.336,0.5834,49.976
Afternoon_Low,2020-01-01 15:09:00,0.020902,227.157,0.6535,49.995
Afternoon_Low,2020-01-01 15:12:00,0.020054,225.862,0.619,49.993
Afternoon_Low,2020-01-01 15:15:00,0.022337,225.679,0.6314,49.987
Afternoon_Low,2020-01-01 15:18:00,0.017448,228.652,0.5975,49.972
Afternoon_Low,2020-01-01 15:21:00,0.013115,229.514,0.5115,49.984
Afternoon_Low,2020-01-01 15:24:00,0.016749,229.188,0.6071,50.007
Afternoon_Low,2020-01-01 15:27:00,0.017091,229.936,0.5432,50.006
Afternoon_Low,2020-01-01 15:30:00,0.011553,230.695,0.4103,49.989
Afternoon_Low,2020-01-01 15:33:00,0.022193,228.581,0.6294,49.98
Afternoon_Low,2020-01-01 15:36:00,0.015427,228.959,0.5305,50.006
Afternoon_Low,2020-01-01 15:39:00,0.025622,226.993,0.7565,49.975
Afternoon_Low,2020-01-01 15:42:00,0.013256,229.527,0.4575,49.988
Afternoon_Low,2020-01-01 15:45:00,0.014833,228.205,0.5542,49.989
Afternoon_Low,2020-01-01 15:48:00,0.013726,229.788,0.4669,49.993
Afternoon_Low,2020-01-01 15:51:00,0.01642,228.097,0.5714,49.981
Afternoon_Low,2020-01-01 15:54:00,0.020269,227.844,0.6596,49.992
Afternoon_Low,2020-01-01 15:57:00,0.016616,228.786,0.5487,49.956
Afternoon_Low,2020-01-01 16:00:00,0.012499,230.097,0.5054,49.978
Afternoon_Low,2020-01-01 16:03:00,0.01484,228.695,0.4518,49.995
Afternoon_Low,2020-01-01 16:06:00,0.01261,228.913,0.5091,50.003
Afternoon_Low,2020-01-01 16:09:00,0.019233,228.984,0.5677,49.978
Afternoon_Low,2020-01-01 16:12:00,0.016458,227.821,0.5394,49.981
Afternoon_Low,2020-01-01 16:15:00,0.016785,227.668,0.5398,49.98
Afternoon_Low,2020-01-01 16:18:00,0.014551,228.444,0.5388,49.988
Afternoon_Low,2020-01-01 16:21:00,0.006442,230.602,0.3452,49.991
Afternoon_Low,2020-01-01 16:24:00,0.012457,230.024,0.5045,49.99
Afternoon_Low,2020-01-01 16:27:00,0.015832,228.533,0.6318,50.0
Afternoon_Low,2020-01-01 16:30:00,0.011888,228.016,0.4887,49.976
Afternoon_Low,2020-01-01 16:33:00,0.017799,228.737,0.5603,49.989
Afternoon_Low,2020-01-01 16:36:00,0.015228,229.283,0.5166,49.976
Afternoon_Low,2020-01-01 16:39:00,0.011275,229.419,0.456,49.995
Afternoon_Low,2020-01-01 16:42:00,0.011702,230.477,0.4783,49.994
Afternoon_Low,2020-01-01 16:45:00,0.014037,229.73,0.4985,49.978
Afternoon_Low,2020-01-01 16:48:00,0.009914,229.622,0.4499,50.006
Afternoon_Low,2020-01-01 16:51:00,0.01074,230.015,0.4294,49.992
Afternoon_Low,2020-01-01 16:54:00,0.007472,230.938,0.3513,49.999
Afternoon_Low,2020-01-01 16:57:00,0.009251,230.467,0.3647,49.995
Afternoon_Low,2020-01-01 17:00:00,0.012628,229.662,0.4599,49.974
Afternoon_Low,2020-01-01 17:03:00,0.010722,229.146,0.4744,49.992
Afternoon_Low,2020-01-01 17:06:00,0.013732,230.233,0.4359,49.961
Afternoon_Low,2020-01-01 17:09:00,0.006979,229.383,0.3716,49.983
Afternoon_Low,2020-01-01 17:12:00,0.009364,230.403,0.4151,49.989
Afternoon_Low,2020-01-01 17:15:00,0.014377,229.871,0.5525,49.995
Afternoon_Low,2020-01-01 17:18:00,0.010928,229.795,0.4509,49.987
Afternoon_Low,2020-01-01 17:21:00,0.012161,229.498,0.5131,50.001
Afternoon_Low,2020-01-01 17:24:00,0.00885,229.023,0.4219,49.978
Afternoon_Low,2020-01-01 17:27:00,0.009808,229.039,0.3829,49.979
Afternoon_Low,2020-01-01 17:30:00,0.006335,231.214,0.4094,50.012
Afternoon_Low,2020-01-01 17:33:00,0.007101,229.342,0.3483,49.989
Afternoon_Low,2020-01-01 17:36:00,0.007787,230.833,0.4364,49.997
Afternoon_Low,2020-01-01 17:39:00,0.008411,230.113,0.3873,50.003
Afternoon_Low,2020-01-01 17:42:00,0.008409,230.629,0.3553,49.993
Afternoon_Low,2020-01-01 17:45:00,0.006557,231.257,0.32,50.002
Afternoon_Low,2020-01-01 17:48:00,0.008951,229.608,0.4523,50.009
Afternoon_Low,2020-01-01 17:51:00,0.004264,231.307,0.315,49.997
Afternoon_Low,2020-01-01 17:54:00,0.008131,229.27,0.3589,49.985
Afternoon_Low,2020-01-01 17:57:00,0.00571,231.185,0.3387,50.003
Afternoon_Low,2020-01-01 18:00:00,0.011276,229.344,0.3921,49.986
Afternoon_Low,2020-01-01 18:03:00,0.007059,228.963,0.335,49.989
Afternoon_Low,2020-01-01 18:06:00,0.01236,231.335,0.5017,49.979
Afternoon_Low,2020-01-01 18:09:00,0.009816,231.095,0.4201,49.999
Afternoon_Low,2020-01-01 18:12:00,0.006188,231.404,0.3608,49.973
Afternoon_Low,2020-01-01 18:15:00,0.007698,229.964,0.4075,49.985
Afternoon_Low,2020-01-01 18:18:00,0.007331,231.45,0.3758,49.995
Afternoon_Low,2020-01-01 18:21:00,0.010318,229.367,0.4149,49.989
Afternoon_Low,2020-01-01 18:24:00,0.007347,230.52,0.3484,49.977
Afternoon_Low,2020-01-01 18:27:00,0.009358,230.373,0.4575,49.997
Afternoon_Low,2020-01-01 18:30:00,0.005464,231.654,0.3318,49.996
Afternoon_Low,2020-01-01 18:33:00,0.008959,229.348,0.4044,49.993
Afternoon_Low,2020-01-01 18:36:00,0.005973,230.327,0.3533,50.006
Afternoon_Low,2020-01-01 18:39:00,0.008053,231.481,0.4378,49.992
Afternoon_Low,2020-01-01 18:42:00,0.005249,232.501,0.3128,50.007
Afternoon_Low,2020-01-01 18:45:00,0.005287,230.199,0.3689,49.994
Afternoon_Low,2020-01-01 18:48:00,0.004418,230.157,0.2878,49.998
Afternoon_Low,2020-01-01 18:51:00,0.006435,232.163,0.3644,50.008
Afternoon_Low,2020-01-01 18:54:00,0.007185,231.508,0.3776,49.991
Afternoon_Low,2020-01-01 18:57:00,0.009529,230.559,0.4232,50.002
Afternoon_Low,2020-01-01 19:00:00,0.008162,230.303,0.4207,49.983
Afternoon_Low,2020-01-01 19:03:00,0.005478,229.48,0.375,49.999
Afternoon_Low,2020-01-01 19:06:00,0.004766,230.999,0.3107,49.975
Afternoon_Low,2020-01-01 19:09:00,0.006704,231.498,0.406,49.983
Afternoon_Low,2020-01-01 19:12:00,0.006972,230.077,0.3741,49.982
Afternoon_Low,2020-01-01 19:15:00,0.005639,230.46,0.3826,49.995
Afternoon_Low,2020-01-01 19:18:00,0.005905,229.782,0.2996,49.99
Afternoon_Low,2020-01-01 19:21:00,0.00578,229.804,0.3437,49.986
Afternoon_Low,2020-01-01 19:24:00,0.005727,231.129,0.324,49.97
Afternoon_Low,2020-01-01 19:27:00,0.005601,231.029,0.3773,49.998
Afternoon_Low,2020-01-01 19:30:00,0.004323,230.873,0.3273,49.995
Afternoon_Low,2020-01-01 19:33:00,0.00536,230.04,0.3784,49.981
Afternoon_Low,2020-01-01 19:36:00,0.005451,230.06,0.3699,49.989
Afternoon_Low,2020-01-01 19:39:00,0.004753,230.975,0.294,49.981
Afternoon_Low,2020-01-01 19:42:00,0.00564,231.822,0.3027,50.005
Afternoon_Low,2020-01-01 19:45:00,0.006615,230.494,0.42,50.003
Afternoon_Low,2020-01-01 19:48:00,0.006658,230.245,0.4186,49.999
Afternoon_Low,2020-01-01 19:51:00,0.005223,231.285,0.3867,49.999
Afternoon_Low,2020-01-01 19:54:00,0.005655,233.201,0.2933,49.998
Afternoon_Low,2020-01-01 19:57:00,0.004931,230.755,0.3033,49.992
Afternoon_Low,2020-01-01 20:00:00,0.005438,230.608,0.3548,49.991
Afternoon_Low,2020-01-01 20:03:00,0.006045,230.966,0.3465,50.001
Afternoon_Low,2020-01-01 20:06:00,0.005457,231.054,0.3716,49.988
Afternoon_Low,2020-01-01 20:09:00,0.005766,229.425,0.3418,49.995
Afternoon_Low,2020-01-01 20:12:00,0.004295,232.284,0.3256,50.007
Afternoon_Low,2020-01-01 20:15:00,0.005648,230.613,0.4284,50.005
Afternoon_Low,2020-01-01 20:18:00,0.003719,230.397,0.3682,50.025
Afternoon_Low,2020-01-01 20:21:00,0.003517,230.866,0.3711,50.003
Afternoon_Low,2020-01-01 20:24:00,0.003148,231.075,0.2547,49.979
Afternoon_Low,2020-01-01 20:27:00,0.00496,230.459,0.3719,49.991
Afternoon_Low,2020-01-01 20:30:00,0.006511,230.911,0.3876,49.979
Afternoon_Low,2020-01-01 20:33:00,0.006753,229.629,0.4345,49.997
Afternoon_Low,2020-01-01 20:36:00,0.004207,230.593,0.2816,49.993
Afternoon_Low,2020-01-01 20:39:00,0.003287,232.167,0.2846,49.988
Afternoon_Low,2020-01-01 20:42:00,0.003612,229.621,0.3482,50.018
Afternoon_Low,2020-01-01 20:45:00,0.004845,230.928,0.3495,49.984
Afternoon_Low,2020-01-01 20:48:00,0.005454,230.556,0.3446,49.995
Afternoon_Low,2020-01-01 20:51:00,0.003227,232.632,0.2868,49.985
Afternoon_Low,2020-01-01 20:54:00,0.003763,231.549,0.3441,50.002
Afternoon_Low,2020-01-01 20:57:00,0.006768,229.68,0.3868,49.977
Afternoon_Low,2020-01-01 21:00:00,0.004902,230.44,0.3351,49.99
Afternoon_Low,2020-01-01 21:03:00,0.003867,230.835,0.3204,49.981
Afternoon_Low,2020-01-01 21:06:00,0.004655,231.494,0.3549,49.998
Afternoon_Low,2020-01-01 21:09:00,0.007628,230.36,0.3499,49.991
Afternoon_Low,2020-01-01 21:12:00,0.006602,230.8,0.3953,50.004
Afternoon_Low,2020-01-01 21:15:00,0.00533,230.122,0.277,50.013
Afternoon_Low,2020-01-01 21:18:00,0.00732,230.51,0.3586,49.987
Afternoon_Low,2020-01-01 21:21:00,0.004344,231.963,0.2788,49.995
Afternoon_Low,2020-01-01 21:24:00,0.003307,231.442,0.3195,49.979
Afternoon_Low,2020-01-01 21:27:00,0.004668,229.926,0.3458,50.0
Afternoon_Low,2020-01-01 21:30:00,0.004343,231.553,0.3628,49.996
Afternoon_Low,2020-01-01 21:33:00,0.004457,231.024,0.3307,49.993
Afternoon_Low,2020-01-01 21:36:00,0.005147,230.217,0.3335,50.012
Afternoon_Low,2020-01-01 21:39:00,0.005631,231.383,0.335,50.006
Afternoon_Low,2020-01-01 21:42:00,0.004869,230.597,0.3359,49.994
Afternoon_Low,2020-01-01 21:45:00,0.005519,230.4,0.3356,49.979
Afternoon_Low,2020-01-01 21:48:00,0.002086,230.877,0.2857,49.995
Afternoon_Low,2020-01-01 21:51:00,0.004595,231.732,0.3032,49.986
Afternoon_Low,2020-01-01 21:54:00,0.004668,229.773,0.3437,49.998
Afternoon_Low,2020-01-01 21:57:00,0.004375,231.492,0.3776,50.006
Afternoon_Low,2020-01-01 22:00:00,0.005193,230.807,0.3302,50.002
Afternoon_Low,2020-01-01 22:03:00,0.005239,231.196,0.3623,49.973
Afternoon_Low,2020-01-01 22:06:00,0.003815,231.556,0.3486,49.99
Afternoon_Low,2020-01-01 22:09:00,0.006303,229.778,0.4238,49.988
Afternoon_Low,2020-01-01 22:12:00,0.004874,229.217,0.3383,49.987
Afternoon_Low,2020-01-01 22:15:00,0.004488,231.111,0.2936,50.001
Afternoon_Low,2020-01-01 22:18:00,0.005673,230.431,0.3525,50.005
Afternoon_Low,2020-01-01 22:21:00,0.004186,230.675,0.3236,50.004
Afternoon_Low,2020-01-01 22:24:00,0.005342,230.894,0.3679,49.985
Afternoon_Low,2020-01-01 22:27:00,0.004335,231.261,0.3094,49.993
Afternoon_Low,2020-01-01 22:30:00,0.005592,229.955,0.3401,49.993
Afternoon_Low,2020-01-01 22:33:00,0.00468,232.174,0.3917,49.975
Afternoon_Low,2020-01-01 22:36:00,0.005093,231.77,0.3956,50.012
Afternoon_Low,2020-01-01 22:39:00,0.004986,231.985,0.3604,49.972
Afternoon_Low,2020-01-01 22:42:00,0.003672,230.632,0.2923,49.988
Afternoon_Low,2020-01-01 22:45:00,0.00371,232.285,0.3094,50.004
Afternoon_Low,2020-01-01 22:48:00,0.003586,231.721,0.2338,50.007
Afternoon_Low,2020-01-01 22:51:00,0.005778,231.447,0.385,49.994
Afternoon_Low,2020-01-01 22:54:00,0.004108,230.616,0.276,49.981
Afternoon_Low,2020-01-01 22:57:00,0.005496,231.292,0.3609,50.005
Afternoon_Low,2020-01-01 23:00:00,0.004069,231.477,0.2954,49.994
Afternoon_Low,2020-01-01 23:03:00,0.003703,231.019,0.3933,50.002
Afternoon_Low,2020-01-01 23:06:00,0.006166,229.51,0.4204,49.974
Afternoon_Low,2020-01-01 23:09:00,0.004626,231.71,0.2884,50.0
Afternoon_Low,2020-01-01 23:12:00,0.004986,229.878,0.2296,49.992
Afternoon_Low,2020-01-01 23:15:00,0.004468,230.184,0.3573,49.989
Afternoon_Low,2020-01-01 23:18:00,0.00529,230.755,0.3476,50.028
Afternoon_Low,2020-01-01 23:21:00,0.004453,230.262,0.3104,50.004
Afternoon_Low,2020-01-01 23:24:00,0.004588,229.777,0.3809,50.021
Afternoon_Low,2020-01-01 23:27:00,0.006568,231.36,0.3747,49.99
Afternoon_Low,2020-01-01 23:30:00,0.004319,230.817,0.3604,50.016
Afternoon_Low,2020-01-01 23:33:00,0.004775,230.671,0.2958,49.979
Afternoon_Low,2020-01-01 23:36:00,0.006243,231.123,0.423,49.98
Afternoon_Low,2020-01-01 23:39:00,0.004357,232.39,0.335,49.985
Afternoon_Low,2020-01-01 23:42:00,0.004172,229.705,0.3304,50.027
Afternoon_Low,2020-01-01 23:45:00,0.004179,230.522,0.337,49.994
Afternoon_Low,2020-01-01 23:48:00,0.005276,229.659,0.3011,49.995
Afternoon_Low,2020-01-01 23:51:00,0.002892,231.923,0.2813,49.996
Afternoon_Low,2020-01-01 23:54:00,0.005236,229.606,0.3381,49.999
Afternoon_Low,2020-01-01 23:57:00,0.005372,229.182,0.3652,49.983
Afternoon_Low,2020-01-02 00:00:00,0.002192,231.483,0.2908,50.0
Afternoon_Low,2020-01-02 00:03:00,0.004458,229.415,0.3184,49.993
Afternoon_Low,2020-01-02 00:06:00,0.005286,231.437,0.3474,49.989
Afternoon_Low,2020-01-02 00:09:00,0.00373,232.133,0.352,49.995
Afternoon_Low,2020-01-02 00:12:00,0.004559,231.801,0.2864,49.989
Afternoon_Low,2020-01-02 00:15:00,0.005343,229.874,0.3398,50.023
Afternoon_Low,2020-01-02 00:18:00,0.003242,231.111,0.3838,50.016
Afternoon_Low,2020-01-02 00:21:00,0.004507,231.866,0.2966,49.986
Afternoon_Low,2020-01-02 00:24:00,0.005265,231.587,0.3866,49.991
Afternoon_Low,2020-01-02 00:27:00,0.004715,230.426,0.3715,49.975
Afternoon_Low,2020-01-02 00:30:00,0.005254,229.085,0.3401,49.998
Afternoon_Low,2020-01-02 00:33:00,0.005563,230.575,0.367,49.983
Afternoon_Low,2020-01-02 00:36:00,0.003727,230.178,0.291,49.988
Afternoon_Low,2020-01-02 00:39:00,0.004415,232.263,0.3138,49.99
Afternoon_Low,2020-01-02 00:42:00,0.004808,229.281,0.3329,49.997
Afternoon_Low,2020-01-02 00:45:00,0.004752,233.619,0.3211,49.999
Afternoon_Low,2020-01-02 00:48:00,0.004572,230.701,0.3175,49.991
Afternoon_Low,2020-01-02 00:51:00,0.003242,230.63,0.3046,49.999
Afternoon_Low,2020-01-02 00:54:00,0.005299,231.25,0.3797,49.996
Afternoon_Low,2020-01-02 00:57:00,0.005806,230.324,0.3528,49.979
Afternoon_Low,2020-01-02 01:00:00,0.002812,231.751,0.1994,50.021
Afternoon_Low,2020-01-02 01:03:00,0.00611,231.261,0.3797,49.986
Afternoon_Low,2020-01-02 01:06:00,0.004601,230.923,0.3047,49.995
Afternoon_Low,2020-01-02 01:09:00,0.005732,229.771,0.4314,49.987
Afternoon_Low,2020-01-02 01:12:00,0.003737,231.947,0.3387,49.992
Afternoon_Low,2020-01-02 01:15:00,0.005134,232.092,0.4216,49.985
Afternoon_Low,2020-01-02 01:18:00,0.006468,228.848,0.3208,49.989
Afternoon_Low,2020-01-02 01:21:00,0.003004,232.295,0.2603,50.001
Afternoon_Low,2020-01-02 01:24:00,0.003935,230.551,0.3736,50.002
Afternoon_Low,2020-01-02 01:27:00,0.005437,231.36,0.3981,50.012
Afternoon_Low,2020-01-02 01:30:00,0.004326,231.381,0.3857,49.986
Afternoon_Low,2020-01-02 01:33:00,0.005528,231.545,0.3399,49.987
Afternoon_Low,2020-01-02 01:36:00,0.006227,231.096,0.3011,49.972
Afternoon_Low,2020-01-02 01:39:00,0.006478,231.165,0.3352,50.008
Afternoon_Low,2020-01-02 01:42:00,0.003334,231.316,0.335,50.005
Afternoon_Low,2020-01-02 01:45:00,0.005242,230.841,0.3332,49.99
Afternoon_Low,2020-01-02 01:48:00,0.005673,231.542,0.3752,49.972
Afternoon_Low,2020-01-02 01:51:00,0.00474,229.287,0.3908,50.01
Afternoon_Low,2020-01-02 01:54:00,0.004473,231.695,0.3442,50.001
Afternoon_Low,2020-01-02 01:57:00,0.003809,231.427,0.3469,50.011
Afternoon_Low,2020-01-02 02:00:00,0.005679,230.763,0.3314,50.024
Afternoon_Low,2020-01-02 02:03:00,0.003872,230.778,0.3032,50.003
Afternoon_Low,2020-01-02 02:06:00,0.005736,230.757,0.3717,50.014
Afternoon_Low,2020-01-02 02:09:00,0.005677,231.404,0.3385,50.01
Afternoon_Low,2020-01-02 02:12:00,0.005612,230.32,0.3659,49.988
Afternoon_Low,2020-01-02 02:15:00,0.00584,233.216,0.3753,49.991
Afternoon_Low,2020-01-02 02:18:00,0.002805,231.325,0.3935,50.013
Afternoon_Low,2020-01-02 02:21:00,0.003315,232.707,0.3074,50.012
Afternoon_Low,2020-01-02 02:24:00,0.004173,231.58,0.3291,49.997
Afternoon_Low,2020-01-02 02:27:00,0.005051,231.407,0.3547,49.985
Afternoon_Low,2020-01-02 02:30:00,0.003687,231.512,0.3417,49.977
Afternoon_Low,2020-01-02 02:33:00,0.004977,228.997,0.3612,50.014
Afternoon_Low,2020-01-02 02:36:00,0.003254,231.766,0.2773,49.995
Afternoon_Low,2020-01-02 02:39:00,0.005513,231.814,0.2736,49.988
Afternoon_Low,2020-01-02 02:42:00,0.004407,231.446,0.3121,50.011
Afternoon_Low,2020-01-02 02:45:00,0.003982,230.675,0.2794,49.995
Afternoon_Low,2020-01-02 02:48:00,0.004289,230.285,0.3472,49.977
Afternoon_Low,2020-01-02 02:51:00,0.005308,231.077,0.3396,50.011
Afternoon_Low,2020-01-02 02:54:00,0.004781,231.245,0.37,49.984
Afternoon_Low,2020-01-02 02:57:00,0.005883,230.743,0.3321,49.978
Afternoon_Low,2020-01-02 03:00:00,0.00303,231.811,0.33,50.015
Afternoon_Low,2020-01-02 03:03:00,0.005591,231.332,0.3314,49.994
Afternoon_Low,2020-01-02 03:06:00,0.004916,231.373,0.3512,49.992
Afternoon_Low,2020-01-02 03:09:00,0.005427,230.409,0.3247,49.977
Afternoon_Low,2020-01-02 03:12:00,0.005155,231.361,0.352,50.0
Afternoon_Low,2020-01-02 03:15:00,0.003849,231.122,0.3303,49.98
Afternoon_Low,2020-01-02 03:18:00,0.004171,230.951,0.3532,49.995
Afternoon_Low,2020-01-02 03:21:00,0.003387,231.48,0.3197,50.002
Afternoon_Low,2020-01-02 03:24:00,0.005186,231.025,0.338,50.001
Afternoon_Low,2020-01-02 03:27:00,0.004358,230.478,0.282,49.986
Afternoon_Low,2020-01-02 03:30:00,0.005703,231.033,0.2869,49.99
Afternoon_Low,2020-01-02 03:33:00,0.005437,232.225,0.2867,49.994
Afternoon_Low,2020-01-02 03:36:00,0.006507,230.533,0.3505,49.995
Afternoon_Low,2020-01-02 03:39:00,0.006409,229.39,0.3491,49.998
Afternoon_Low,2020-01-02 03:42:00,0.005157,231.604,0.3804,49.99
Afternoon_Low,2020-01-02 03:45:00,0.00458,230.82,0.3635,49.996
Afternoon_Low,2020-01-02 03:48:00,0.005498,231.843,0.3802,50.001
Afternoon_Low,2020-01-02 03:51:00,0.00472,230.338,0.3436,49.996
Afternoon_Low,2020-01-02 03:54:00,0.007652,230.869,0.3339,49.975
Afternoon_Low,2020-01-02 03:57:00,0.005278,231.336,0.3054,49.998
Afternoon_Low,2020-01-02 04:00:00,0.004433,231.151,0.2842,50.0
Afternoon_Low,2020-01-02 04:03:00,0.005116,230.885,0.3477,50.002
Afternoon_Low,2020-01-02 04:06:00,0.004778,230.269,0.3597,49.999
Afternoon_Low,2020-01-02 04:09:00,0.006269,231.177,0.3333,49.992
Afternoon_Low,2020-01-02 04:12:00,0.00579,231.829,0.3982,49.976
Afternoon_Low,2020-01-02 04:15:00,0.004884,230.038,0.2958,49.995
Afternoon_Low,2020-01-02 04:18:00,0.004575,231.992,0.3266,49.987
Afternoon_Low,2020-01-02 04:21:00,0.005269,230.227,0.3699,49.997
Afternoon_Low,2020-01-02 04:24:00,0.005901,230.388,0.3273,49.99
Afternoon_Low,2020-01-02 04:27:00,0.006731,230.711,0.3944,49.988
Afternoon_Low,2020-01-02 04:30:00,0.006121,232.022,0.3521,50.003
Afternoon_Low,2020-01-02 04:33:00,0.003445,231.74,0.2973,50.002
Afternoon_Low,2020-01-02 04:36:00,0.00565,230.315,0.3007,49.982
Afternoon_Low,2020-01-02 04:39:00,0.005942,229.564,0.3766,49.977
Afternoon_Low,2020-01-02 04:42:00,0.004196,230.508,0.3155,49.992
Afternoon_Low,2020-01-02 04:45:00,0.004825,231.062,0.3471,49.99
Afternoon_Low,2020-01-02 04:48:00,0.006409,230.636,0.4131,50.013
Afternoon_Low,2020-01-02 04:51:00,0.005734,231.559,0.3964,49.995
Afternoon_Low,2020-01-02 04:54:00,0.005755,230.703,0.3274,49.998
Afternoon_Low,2020-01-02 04:57:00,0.005806,231.354,0.3854,50.002
Afternoon_Low,2020-01-02 05:00:00,0.005067,231.012,0.2844,50.009
Afternoon_Low,2020-01-02 05:03:00,0.005849,230.134,0.3829,49.99
Afternoon_Low,2020-01-02 05:06:00,0.007517,229.299,0.3265,50.007
Afternoon_Low,2020-01-02 05:09:00,0.006442,231.21,0.3481,50.01
Afternoon_Low,2020-01-02 05:12:00,0.004967,229.825,0.3446,49.981
Afternoon_Low,2020-01-02 05:15:00,0.00603,231.169,0.3203,49.983
Afternoon_Low,2020-01-02 05:18:00,0.006182,230.943,0.3369,49.993
Afternoon_Low,2020-01-02 05:21:00,0.003276,230.345,0.2958,50.022
Afternoon_Low,2020-01-02 05:24:00,0.005462,229.233,0.3725,49.983
Afternoon_Low,2020-01-02 05:27:00,0.004495,229.684,0.2824,49.986
Afternoon_Low,2020-01-02 05:30:00,0.006608,229.206,0.3423,49.982
Afternoon_Low,2020-01-02 05:33:00,0.006432,231.291,0.373,49.988
Afternoon_Low,2020-01-02 05:36:00,0.004286,231.625,0.3199,50.003
Afternoon_Low,2020-01-02 05:39:00,0.00603,230.942,0.3587,49.991
Afternoon_Low,2020-01-02 05:42:00,0.006906,230.614,0.434,49.99
Afternoon_Low,2020-01-02 05:45:00,0.005931,230.143,0.4244,49.975
Afternoon_Low,2020-01-02 05:48:00,0.00408,230.62,0.3333,49.998
Afternoon_Low,2020-01-02 05:51:00,0.005596,230.878,0.352,50.015
Afternoon_Low,2020-01-02 05:54:00,0.005723,231.292,0.3084,49.991
Afternoon_Low,2020-01-02 05:57:00,0.005859,231.387,0.2997,49.985
Afternoon_Low,2020-01-02 06:00:00,0.006794,231.26,0.3775,49.972
Afternoon_Low,2020-01-02 06:03:00,0.006159,231.548,0.351,49.988
Afternoon_Low,2020-01-02 06:06:00,0.006266,230.985,0.3432,49.987
Afternoon_Low,2020-01-02 06:09:00,0.006981,229.839,0.3709,49.981
Afternoon_Low,2020-01-02 06:12:00,0.007099,231.462,0.3857,49.974
Afternoon_Low,2020-01-02 06:15:00,0.006417,230.512,0.4093,49.994
Afternoon_Low,2020-01-02 06:18:00,0.005986,231.381,0.3461,50.002
Afternoon_Low,2020-01-02 06:21:00,0.004115,230.159,0.339,50.004
Afternoon_Low,2020-01-02 06:24:00,0.007623,230.768,0.4346,49.99
Afternoon_Low,2020-01-02 06:27:00,0.00508,230.248,0.3116,49.987
Afternoon_Low,2020-01-02 06:30:00,0.006144,230.076,0.2964,50.017
Afternoon_Low,2020-01-02 06:33:00,0.005975,231.849,0.3601,50.007
Afternoon_Low,2020-01-02 06:36:00,0.006059,232.169,0.3864,49.992
Afternoon_Low,2020-01-02 06:39:00,0.006226,230.675,0.3693,50.02
Afternoon_Low,2020-01-02 06:42:00,0.009238,231.477,0.3775,49.993
Afternoon_Low,2020-01-02 06:45:00,0.005408,232.171,0.357,49.998
Afternoon_Low,2020-01-02 06:48:00,0.005253,230.23,0.3342,50.003
Afternoon_Low,2020-01-02 06:51:00,0.00521,231.128,0.3789,49.986
Afternoon_Low,2020-01-02 06:54:00,0.007547,230.257,0.3873,49.988
Afternoon_Low,2020-01-02 06:57:00,0.00604,231.842,0.3442,49.99
Afternoon_Low,2020-01-02 07:00:00,0.005904,231.093,0.4089,49.98
Afternoon_Low,2020-01-02 07:03:00,0.006397,230.537,0.3807,50.0
Afternoon_Low,2020-01-02 07:06:00,0.007564,230.459,0.4114,49.984
Afternoon_Low,2020-01-02 07:09:00,0.008476,229.92,0.4252,49.991
Afternoon_Low,2020-01-02 07:12:00,0.004692,231.854,0.3333,50.0
Afternoon_Low,2020-01-02 07:15:00,0.006476,229.836,0.3908,49.971
Afternoon_Low,2020-01-02 07:18:00,0.005686,229.615,0.3474,49.987
Afternoon_Low,2020-01-02 07:21:00,0.009477,229.946,0.448,49.973
Afternoon_Low,2020-01-02 07:24:00,0.007983,230.715,0.4022,49.998
Afternoon_Low,2020-01-02 07:27:00,0.004731,230.686,0.2577,49.993
Afternoon_Low,2020-01-02 07:30:00,0.00531,230.608,0.3241,49.975
Afternoon_Low,2020-01-02 07:33:00,0.006831,230.038,0.3591,50.001
Afternoon_Low,2020-01-02 07:36:00,0.005765,228.989,0.3359,50.001
Afternoon_Low,2020-01-02 07:39:00,0.006893,229.978,0.34,49.979
Afternoon_Low,2020-01-02 07:42:00,0.006236,230.441,0.3462,49.989
Afternoon_Low,2020-01-02 07:45:00,0.007602,231.399,0.3793,49.992
Afternoon_Low,2020-01-02 07:48:00,0.008116,230.0,0.3369,49.971
Afternoon_Low,2020-01-02 07:51:00,0.007175,230.002,0.4276,49.995
Afternoon_Low,2020-01-02 07:54:00,0.005748,230.832,0.3913,49.97
Afternoon_Low,2020-01-02 07:57:00,0.007328,230.569,0.4082,49.992
Afternoon_Low,2020-01-02 08:00:00,0.006602,231.079,0.3748,49.978
Afternoon_Low,2020-01-02 08:03:00,0.006509,230.016,0.3713,49.994
Afternoon_Low,2020-01-02 08:06:00,0.005738,230.942,0.2979,50.007
Afternoon_Low,2020-01-02 08:09:00,0.009775,230.69,0.4335,49.978
Afternoon_Low,2020-01-02 08:12:00,0.007454,230.158,0.4717,49.989
Afternoon_Low,2020-01-02 08:15:00,0.008835,229.597,0.4564,49.981
Afternoon_Low,2020-01-02 08:18:00,0.009603,229.147,0.4072,49.976
Afternoon_Low,2020-01-02 08:21:00,0.006969,232.216,0.3536,49.99
Afternoon_Low,2020-01-02 08:24:00,0.008121,229.512,0.3824,49.996
Afternoon_Low,2020-01-02 08:27:00,0.006115,230.742,0.3625,49.98
Afternoon_Low,2020-01-02 08:30:00,0.005358,231.565,0.3776,50.005
Afternoon_Low,2020-01-02 08:33:00,0.00756,229.329,0.4247,49.981
Afternoon_Low,2020-01-02 08:36:00,0.006758,229.79,0.3382,50.0
Afternoon_Low,2020-01-02 08:39:00,0.009123,229.945,0.3896,50.016
Afternoon_Low,2020-01-02 08:42:00,0.006976,230.291,0.3557,50.005
Afternoon_Low,2020-01-02 08:45:00,0.00635,231.749,0.3549,49.993
Afternoon_Low,2020-01-02 08:48:00,0.005817,230.24,0.3273,50.007
Afternoon_Low,2020-01-02 08:51:00,0.006345,230.001,0.3526,49.987
Afternoon_Low,2020-01-02 08:54:00,0.007495,230.241,0.4012,49.986
Afternoon_Low,2020-01-02 08:57:00,0.008477,230.198,0.4709,49.973
Afternoon_Low,2020-01-02 09:00:00,0.011115,230.496,0.434,49.992
Afternoon_Low,2020-01-02 09:03:00,0.006854,230.68,0.4124,50.004
Afternoon_Low,2020-01-02 09:06:00,0.009485,229.152,0.4316,50.001
Afternoon_Low,2020-01-02 09:09:00,0.010214,230.525,0.4485,49.998
Afternoon_Low,2020-01-02 09:12:00,0.007997,229.423,0.3704,50.006
Afternoon_Low,2020-01-02 09:15:00,0.006393,230.393,0.3912,49.995
Afternoon_Low,2020-01-02 09:18:00,0.008687,229.098,0.4577,49.998
Afternoon_Low,2020-01-02 09:21:00,0.010479,229.995,0.4227,50.001
Afternoon_Low,2020-01-02 09:24:00,0.008227,229.883,0.4363,49.971
Afternoon_Low,2020-01-02 09:27:00,0.009606,229.988,0.4618,50.003
Afternoon_Low,2020-01-02 09:30:00,0.007879,229.931,0.4174,50.004
Afternoon_Low,2020-01-02 09:33:00,0.009313,230.022,0.3702,49.993
Afternoon_Low,2020-01-02 09:36:00,0.010547,229.042,0.4009,49.974
Afternoon_Low,2020-01-02 09:39:00,0.006667,231.119,0.3149,49.965
Afternoon_Low,2020-01-02 09:42:00,0.008184,230.368,0.41,49.99
Afternoon_Low,2020-01-02 09:45:00,0.008063,230.799,0.3405,49.971
Afternoon_Low,2020-01-02 09:48:00,0.011081,229.953,0.4623,49.972
Afternoon_Low,2020-01-02 09:51:00,0.007085,231.076,0.3952,49.984
Afternoon_Low,2020-01-02 09:54:00,0.00478,230.383,0.344,50.006
Afternoon_Low,2020-01-02 09:57:00,0.010064,231.624,0.4612,49.98
Afternoon_Low,2020-01-02 10:00:00,0.008978,230.308,0.4012,50.009
Afternoon_Low,2020-01-02 10:03:00,0.010626,230.465,0.4372,49.985
Afternoon_Low,2020-01-02 10:06:00,0.009369,230.885,0.3703,50.011
Afternoon_Low,2020-01-02 10:09:00,0.009369,230.656,0.3844,50.008
Afternoon_Low,2020-01-02 10:12:00,0.010814,230.062,0.4765,49.973
Afternoon_Low,2020-01-02 10:15:00,0.009011,230.537,0.3754,49.996
Afternoon_Low,2020-01-02 10:18:00,0.007809,228.824,0.3705,49.993
Afternoon_Low,2020-01-02 10:21:00,0.010418,229.853,0.4037,49.992
Afternoon_Low,2020-01-02 10:24:00,0.007846,231.192,0.4804,49.997
Afternoon_Low,2020-01-02 10:27:00,0.012296,229.309,0.49,49.994
Afternoon_Low,2020-01-02 10:30:00,0.011291,229.396,0.4962,49.992
Afternoon_Low,2020-01-02 10:33:00,0.011454,228.399,0.4859,49.99
Afternoon_Low,2020-01-02 10:36:00,0.011565,230.195,0.457,49.998
Afternoon_Low,2020-01-02 10:39:00,0.011842,229.924,0.4569,50.0
Afternoon_Low,2020-01-02 10:42:00,0.010445,229.556,0.4363,49.99
Afternoon_Low,2020-01-02 10:45:00,0.012925,229.482,0.5508,49.983
Afternoon_Low,2020-01-02 10:48:00,0.010524,230.205,0.3749,49.964
Afternoon_Low,2020-01-02 10:51:00,0.014904,229.159,0.5257,50.011
Afternoon_Low,2020-01-02 10:54:00,0.014156,229.034,0.52,49.986
Afternoon_Low,2020-01-02 10:57:00,0.016501,230.61,0.6028,49.978
Afternoon_Low,2020-01-02 11:00:00,0.016929,229.282,0.5431,49.989
Afternoon_Low,2020-01-02 11:03:00,0.010911,228.962,0.468,49.975
Afternoon_Low,2020-01-02 11:06:00,0.012984,230.254,0.442,49.968
Afternoon_Low,2020-01-02 11:09:00,0.013638,230.493,0.5501,49.984
Afternoon_Low,2020-01-02 11:12:00,0.012842,228.377,0.4404,49.983
Afternoon_Low,2020-01-02 11:15:00,0.014051,228.34,0.4906,49.982
Afternoon_Low,2020-01-02 11:18:00,0.011387,230.159,0.4612,49.988
Afternoon_Low,2020-01-02 11:21:00,0.014606,227.885,0.4928,49.978
Afternoon_Low,2020-01-02 11:24:00,0.012293,228.963,0.515,50.007
Afternoon_Low,2020-01-02 11:27:00,0.015406,228.148,0.5425,49.968
Afternoon_Low,2020-01-02 11:30:00,0.007745,229.828,0.4107,49.993
Afternoon_Low,2020-01-02 11:33:00,0.012572,230.201,0.4818,49.987
Afternoon_Low,2020-01-02 11:36:00,0.014542,229.619,0.5182,49.992
Afternoon_Low,2020-01-02 11:39:00,0.012364,228.822,0.4658,49.986
Afternoon_Low,2020-01-02 11:42:00,0.013324,230.592,0.5232,49.989
Afternoon_Low,2020-01-02 11:45:00,0.015785,228.883,0.4661,49.98
Afternoon_Low,2020-01-02 11:48:00,0.004553,230.149,0.3786,50.003
Afternoon_Low,2020-01-02 11:51:00,0.011945,228.597,0.4394,49.986
Afternoon_Low,2020-01-02 11:54:00,0.010399,229.552,0.4019,50.0
Afternoon_Low,2020-01-02 11:57:00,0.013111,230.099,0.5311,49.986
Afternoon_Low,2020-01-02 12:00:00,0.015065,227.573,0.5493,50.009
Afternoon_Low,2020-01-02 12:03:00,0.012181,228.955,0.4816,49.972
Afternoon_Low,2020-01-02 12:06:00,0.01451,229.31,0.5722,49.989
Afternoon_Low,2020-01-02 12:09:00,0.013096,227.53,0.4783,49.974
Afternoon_Low,2020-01-02 12:12:00,0.018854,227.512,0.5638,50.002
Afternoon_Low,2020-01-02 12:15:00,0.012954,230.785,0.4374,49.972
Afternoon_Low,2020-01-02 12:18:00,0.017604,228.254,0.5775,49.976
Afternoon_Low,2020-01-02 12:21:00,0.015144,229.556,0.5067,49.995
Afternoon_Low,2020-01-02 12:24:00,0.018957,227.392,0.5861,49.989
Afternoon_Low,2020-01-02 12:27:00,0.013871,229.958,0.4365,49.979
Afternoon_Low,2020-01-02 12:30:00,0.014164,230.17,0.5027,49.987
Afternoon_Low,2020-01-02 12:33:00,0.024057,225.541,0.6514,49.968
Afternoon_Low,2020-01-02 12:36:00,0.023445,226.783,0.7029,49.977
Afternoon_Low,2020-01-02 12:39:00,0.021541,227.801,0.5913,49.978
Afternoon_Low,2020-01-02 12:42:00,0.025489,227.335,0.7069,49.97
Afternoon_Low,2020-01-02 12:45:00,0.017707,228.805,0.5556,49.957
Afternoon_Low,2020-01-02 12:48:00,0.021683,227.144,0.6588,49.992
Afternoon_Low,2020-01-02 12:51:00,0.019539,228.506,0.5575,49.981
Afternoon_Low,2020-01-02 12:54:00,0.023446,227.612,0.6916,49.97
Afternoon_Low,2020-01-02 12:57:00,0.014496,228.835,0.5487,49.975
Afternoon_Low,2020-01-02 13:00:00,0.016727,228.248,0.5867,49.987
Afternoon_Low,2020-01-02 13:03:00,0.025097,227.159,0.6521,49.978
Afternoon_Low,2020-01-02 13:06:00,0.030767,225.343,0.8135,49.976
Afternoon_Low,2020-01-02 13:09:00,0.030366,224.775,0.8307,49.964
Afternoon_Low,2020-01-02 13:12:00,0.019512,228.957,0.6258,50.01
Afternoon_Low,2020-01-02 13:15:00,0.020643,228.042,0.6736,49.977
Afternoon_Low,2020-01-02 13:18:00,0.026076,226.96,0.6755,49.979
Afternoon_Low,2020-01-02 13:21:00,0.028915,224.967,0.7939,49.974
Afternoon_Low,2020-01-02 13:24:00,0.016155,228.501,0.5211,49.99
Afternoon_Low,2020-01-02 13:27:00,0.02869,226.066,0.7431,49.975
Afternoon_Low,2020-01-02 13:30:00,0.023416,227.032,0.6478,49.986
Afternoon_Low,2020-01-02 13:33:00,0.017518,228.368,0.5553,49.978
Afternoon_Low,2020-01-02 13:36:00,0.020201,227.111,0.5942,49.967
Afternoon_Low,2020-01-02 13:39:00,0.012972,229.756,0.4087,49.986
Afternoon_Low,2020-01-02 13:42:00,0.022042,228.034,0.6952,49.978
Afternoon_Low,2020-01-02 13:45:00,0.020721,228.038,0.657,49.986
Afternoon_Low,2020-01-02 13:48:00,0.020601,228.25,0.6393,49.95
Afternoon_Low,2020-01-02 13:51:00,0.020464,228.794,0.5896,49.987
Afternoon_Low,2020-01-02 13:54:00,0.01757,229.125,0.4791,49.99
Afternoon_Low,2020-01-02 13:57:00,0.016893,228.217,0.5815,49.976
Afternoon_Low,2020-01-02 14:00:00,0.02389,226.08,0.7265,49.977
Afternoon_Low,2020-01-02 14:03:00,0.030808,226.201,0.8589,49.964
Afternoon_Low,2020-01-02 14:06:00,0.020285,226.544,0.6573,49.981
Afternoon_Low,2020-01-02 14:09:00,0.018925,228.141,0.5835,49.982
Afternoon_Low,2020-01-02 14:12:00,0.018727,227.79,0.5679,49.978
Afternoon_Low,2020-01-02 14:15:00,0.022397,227.628,0.6105,49.981
Afternoon_Low,2020-01-02 14:18:00,0.018034,228.185,0.5528,49.959
Afternoon_Low,2020-01-02 14:21:00,0.014884,228.975,0.4854,49.974
Afternoon_Low,2020-01-02 14:24:00,0.016015,227.797,0.6097,49.977
Afternoon_Low,2020-01-02 14:27:00,0.023291,227.139,0.6722,49.995
Afternoon_Low,2020-01-02 14:30:00,0.020634,227.498,0.6126,49.972
Afternoon_Low,2020-01-02 14:33:00,0.022599,227.556,0.6846,49.994
Afternoon_Low,2020-01-02 14:36:00,0.027037,227.416,0.7226,49.981
Afternoon_Low,2020-01-02 14:39:00,0.01918,228.249,0.5915,49.961
Afternoon_Low,2020-01-02 14:42:00,0.019113,229.36,0.6235,49.975
Afternoon_Low,2020-01-02 14:45:00,0.019632,227.613,0.5327,49.976
Afternoon_Low,2020-01-02 14:48:00,0.019419,228.254,0.6131,49.99
Afternoon_Low,2020-01-02 14:51:00,0.015396,229.584,0.5775,49.978
Afternoon_Low,2020-01-02 14:54:00,0.013748,230.026,0.4912,49.996
Afternoon_Low,2020-01-02 14:57:00,0.026851,227.074,0.7397,49.957
Afternoon_Low,2020-01-02 15:00:00,0.024104,227.182,0.6892,49.987
Afternoon_Low,2020-01-02 15:03:00,0.015849,229.55,0.5185,49.975
Afternoon_Low,2020-01-02 15:06:00,0.018886,228.311,0.6215,49.966
Afternoon_Low,2020-01-02 15:09:00,0.020656,227.327,0.5929,49.964
Afternoon_Low,2020-01-02 15:12:00,0.026587,226.283,0.6555,49.956
Afternoon_Low,2020-01-02 15:15:00,0.01951,229.543,0.6075,49.993
Afternoon_Low,2020-01-02 15:18:00,0.021386,227.696,0.5897,49.974
Afternoon_Low,2020-01-02 15:21:00,0.01984,227.951,0.5401,49.993
Afternoon_Low,2020-01-02 15:24:00,0.026987,227.11,0.7677,50.008
Afternoon_Low,2020-01-02 15:27:00,0.013446,227.952,0.4716,49.985
Afternoon_Low,2020-01-02 15:30:00,0.015431,229.223,0.5321,49.956
Afternoon_Low,2020-01-02 15:33:00,0.019132,227.039,0.5352,49.98
Afternoon_Low,2020-01-02 15:36:00,0.019298,228.242,0.6241,49.983
Afternoon_Low,2020-01-02 15:39:00,0.012907,229.162,0.473,49.97
Afternoon_Low,2020-01-02 15:42:00,0.01653,228.245,0.5328,49.966
Afternoon_Low,2020-01-02 15:45:00,0.017758,227.804,0.5441,49.969
Afternoon_Low,2020-01-02 15:48:00,0.021532,226.926,0.6848,49.995
Afternoon_Low,2020-01-02 15:51:00,0.01426,229.836,0.4805,49.971
Afternoon_Low,2020-01-02 15:54:00,0.011287,229.666,0.4666,49.974
Afternoon_Low,2020-01-02 15:57:00,0.021488,226.449,0.6441,49.984
Afternoon_Low,2020-01-02 16:00:00,0.011875,229.235,0.4728,49.971
Afternoon_Low,2020-01-02 16:03:00,0.017135,227.53,0.4993,49.989
Afternoon_Low,2020-01-02 16:06:00,0.012328,229.008,0.4646,49.989
Afternoon_Low,2020-01-02 16:09:00,0.017129,230.333,0.5508,49.979
Afternoon_Low,2020-01-02 16:12:00,0.018498,228.746,0.5795,49.986
Afternoon_Low,2020-01-02 16:15:00,0.012697,230.491,0.4983,49.979
Afternoon_Low,2020-01-02 16:18:00,0.013277,229.714,0.5152,49.982
Afternoon_Low,2020-01-02 16:21:00,0.014354,228.817,0.5082,49.993
Afternoon_Low,2020-01-02 16:24:00,0.019471,226.605,0.6018,50.0
Afternoon_Low,2020-01-02 16:27:00,0.010842,230.18,0.4398,49.999
Afternoon_Low,2020-01-02 16:30:00,0.008567,230.053,0.3942,49.984
Afternoon_Low,2020-01-02 16:33:00,0.01032,229.1,0.4406,50.003
Afternoon_Low,2020-01-02 16:36:00,0.013935,229.166,0.5003,49.991
Afternoon_Low,2020-01-02 16:39:00,0.010571,229.259,0.4356,49.976
Afternoon_Low,2020-01-02 16:42:00,0.010028,230.24,0.4186,50.006
Afternoon_Low,2020-01-02 16:45:00,0.014914,227.912,0.4718,49.952
Afternoon_Low,2020-01-02 16:48:00,0.010202,230.639,0.4191,49.993
Afternoon_Low,2020-01-02 16:51:00,0.008443,230.64,0.3239,50.0
Afternoon_Low,2020-01-02 16:54:00,0.012331,229.193,0.4577,50.004
Afternoon_Low,2020-01-02 16:57:00,0.011807,230.054,0.4917,49.989
Afternoon_Low,2020-01-02 17:00:00,0.009366,229.068,0.3866,50.002
Afternoon_Low,2020-01-02 17:03:00,0.007158,230.809,0.3472,49.993
Afternoon_Low,2020-01-02 17:06:00,0.011964,229.142,0.4966,49.99
Afternoon_Low,2020-01-02 17:09:00,0.008908,229.794,0.4121,49.998
Afternoon_Low,2020-01-02 17:12:00,0.013463,228.99,0.5086,49.989
Afternoon_Low,2020-01-02 17:15:00,0.008938,229.881,0.4237,50.005
Afternoon_Low,2020-01-02 17:18:00,0.010967,230.239,0.457,49.979
Afternoon_Low,2020-01-02 17:21:00,0.013067,229.239,0.4492,49.99
Afternoon_Low,2020-01-02 17:24:00,0.010381,229.053,0.4149,49.996
Afternoon_Low,2020-01-02 17:27:00,0.009765,229.287,0.4098,49.98
Afternoon_Low,2020-01-02 17:30:00,0.008501,229.239,0.4415,49.967
Afternoon_Low,2020-01-02 17:33:00,0.00687,229.035,0.3622,49.987
Afternoon_Low,2020-01-02 17:36:00,0.010272,229.105,0.4924,49.99
Afternoon_Low,2020-01-02 17:39:00,0.011305,229.702,0.4375,49.983
Afternoon_Low,2020-01-02 17:42:00,0.011911,228.662,0.4119,49.979
Afternoon_Low,2020-01-02 17:45:00,0.009523,229.682,0.3866,50.013
Afternoon_Low,2020-01-02 17:48:00,0.008877,229.998,0.4063,49.986
Afternoon_Low,2020-01-02 17:51:00,0.010659,229.002,0.4393,49.988
Afternoon_Low,2020-01-02 17:54:00,0.006669,231.822,0.3844,49.982
Afternoon_Low,2020-01-02 17:57:00,0.006052,231.126,0.3375,50.001
Afternoon_Low,2020-01-02 18:00:00,0.009194,230.54,0.4444,49.993
Afternoon_Low,2020-01-02 18:03:00,0.012265,230.171,0.4326,49.989
Afternoon_Low,2020-01-02 18:06:00,0.007325,230.421,0.3327,49.985
Afternoon_Low,2020-01-02 18:09:00,0.010725,229.895,0.4547,49.996
Afternoon_Low,2020-01-02 18:12:00,0.006603,231.216,0.4758,49.997
Afternoon_Low,2020-01-02 18:15:00,0.007827,231.024,0.3815,49.975
Afternoon_Low,2020-01-02 18:18:00,0.004946,232.954,0.3319,49.99
Afternoon_Low,2020-01-02 18:21:00,0.007605,228.922,0.3763,50.013
Afternoon_Low,2020-01-02 18:24:00,0.008475,230.943,0.4142,50.0
Afternoon_Low,2020-01-02 18:27:00,0.005303,231.802,0.3656,49.978
Afternoon_Low,2020-01-02 18:30:00,0.009224,230.761,0.4901,49.99
Afternoon_Low,2020-01-02 18:33:00,0.007198,230.235,0.4119,49.986
Afternoon_Low,2020-01-02 18:36:00,0.007113,228.225,0.3746,49.974
Afternoon_Low,2020-01-02 18:39:00,0.0044,229.352,0.3236,50.005
Afternoon_Low,2020-01-02 18:42:00,0.007913,229.325,0.3653,49.995
Afternoon_Low,2020-01-02 18:45:00,0.005998,230.336,0.3789,49.974
Afternoon_Low,2020-01-02 18:48:00,0.008315,229.497,0.3967,49.977
Afternoon_Low,2020-01-02 18:51:00,0.004727,231.338,0.3324,49.989
Afternoon_Low,2020-01-02 18:54:00,0.005784,232.003,0.3383,49.988
Afternoon_Low,2020-01-02 18:57:00,0.004348,231.107,0.3085,49.999
Afternoon_Low,2020-01-02 19:00:00,0.007344,231.07,0.3558,50.002
Afternoon_Low,2020-01-02 19:03:00,0.006031,231.186,0.4263,49.985
Afternoon_Low,2020-01-02 19:06:00,0.0059,231.495,0.3226,50.007
Afternoon_Low,2020-01-02 19:09:00,0.007274,231.321,0.3846,49.991
Afternoon_Low,2020-01-02 19:12:00,0.006164,229.876,0.3137,50.001
Afternoon_Low,2020-01-02 19:15:00,0.006566,228.783,0.3639,49.995
Afternoon_Low,2020-01-02 19:18:00,0.006804,229.923,0.3394,49.982
Afternoon_Low,2020-01-02 19:21:00,0.003768,230.784,0.2897,49.994
Afternoon_Low,2020-01-02 19:24:00,0.006898,231.991,0.3759,49.975
Afternoon_Low,2020-01-02 19:27:00,0.005213,231.218,0.3455,49.973
Afternoon_Low,2020-01-02 19:30:00,0.004375,231.034,0.3528,49.987
Afternoon_Low,2020-01-02 19:33:00,0.00612,230.646,0.338,50.0
Afternoon_Low,2020-01-02 19:36:00,0.006022,230.812,0.3571,49.986
Afternoon_Low,2020-01-02 19:39:00,0.006267,231.917,0.3783,49.996
Afternoon_Low,2020-01-02 19:42:00,0.006761,229.316,0.3755,50.005
Afternoon_Low,2020-01-02 19:45:00,0.006771,231.73,0.3742,49.99
Afternoon_Low,2020-01-02 19:48:00,0.004426,231.697,0.2632,50.018
Afternoon_Low,2020-01-02 19:51:00,0.005278,228.981,0.3399,49.989
Afternoon_Low,2020-01-02 19:54:00,0.006103,229.981,0.322,49.992
Afternoon_Low,2020-01-02 19:57:00,0.005371,231.132,0.3944,49.99
Afternoon_Low,2020-01-02 20:00:00,0.004522,231.329,0.2828,49.989
Afternoon_Low,2020-01-02 20:03:00,0.005706,231.286,0.3525,49.995
Afternoon_Low,2020-01-02 20:06:00,0.00467,231.887,0.3616,49.98
Afternoon_Low,2020-01-02 20:09:00,0.005858,230.602,0.3408,49.983
Afternoon_Low,2020-01-02 20:12:00,0.00553,231.398,0.3709,50.01
Afternoon_Low,2020-01-02 20:15:00,0.006641,230.241,0.4435,49.991
Afternoon_Low,2020-01-02 20:18:00,0.004333,231.937,0.3124,49.995
Afternoon_Low,2020-01-02 20:21:00,0.006275,230.796,0.4234,50.003
Afternoon_Low,2020-01-02 20:24:00,0.005061,231.881,0.3242,49.995
Afternoon_Low,2020-01-02 20:27:00,0.004533,231.885,0.3545,49.998
Afternoon_Low,2020-01-02 20:30:00,0.005734,230.836,0.3553,49.995
Afternoon_Low,2020-01-02 20:33:00,0.005516,229.806,0.3226,49.982
Afternoon_Low,2020-01-02 20:36:00,0.004244,231.212,0.2986,49.999
Afternoon_Low,2020-01-02 20:39:00,0.004836,230.58,0.2877,49.987
Afternoon_Low,2020-01-02 20:42:00,0.006808,229.529,0.402,49.982
Afternoon_Low,2020-01-02 20:45:00,0.004011,231.699,0.3571,49.987
Afternoon_Low,2020-01-02 20:48:00,0.004875,230.15,0.3634,50.006
Afternoon_Low,2020-01-02 20:51:00,0.004824,230.032,0.3895,49.979
Afternoon_Low,2020-01-02 20:54:00,0.003562,231.328,0.3564,49.976
Afternoon_Low,2020-01-02 20:57:00,0.003186,231.649,0.2226,49.998
Afternoon_Low,2020-01-02 21:00:00,0.006588,229.094,0.2719,49.98
Afternoon_Low,2020-01-02 21:03:00,0.005694,231.078,0.3855,49.974
Afternoon_Low,2020-01-02 21:06:00,0.003959,232.611,0.2929,50.003
Afternoon_Low,2020-01-02 21:09:00,0.004095,231.379,0.3224,50.012
Afternoon_Low,2020-01-02 21:12:00,0.005435,231.75,0.3527,49.99
Afternoon_Low,2020-01-02 21:15:00,0.00499,231.133,0.3054,49.994
Afternoon_Low,2020-01-02 21:18:00,0.005813,230.877,0.3142,50.008
Afternoon_Low,2020-01-02 21:21:00,0.004247,230.735,0.3333,50.031
Afternoon_Low,2020-01-02 21:24:00,0.004898,231.363,0.3289,49.997
Afternoon_Low,2020-01-02 21:27:00,0.004035,230.166,0.279,49.995
Afternoon_Low,2020-01-02 21:30:00,0.005046,230.581,0.3904,49.999
Afternoon_Low,2020-01-02 21:33:00,0.004848,232.164,0.3355,50.015
Afternoon_Low,2020-01-02 21:36:00,0.006494,230.727,0.3569,49.987
Afternoon_Low,2020-01-02 21:39:00,0.005474,230.873,0.328,49.979
Afternoon_Low,2020-01-02 21:42:00,0.004937,231.273,0.3189,50.008
Afternoon_Low,2020-01-02 21:45:00,0.004261,231.743,0.355,49.98
Afternoon_Low,2020-01-02 21:48:00,0.006151,230.72,0.4169,49.991
Afternoon_Low,2020-01-02 21:51:00,0.005363,231.38,0.3037,50.006
Afternoon_Low,2020-01-02 21:54:00,0.004766,230.607,0.2908,50.017
Afternoon_Low,2020-01-02 21:57:00,0.003722,231.379,0.2483,49.999
Afternoon_Low,2020-01-02 22:00:00,0.004864,230.613,0.4055,49.977
Afternoon_Low,2020-01-02 22:03:00,0.004946,229.422,0.4316,49.99
Afternoon_Low,2020-01-02 22:06:00,0.005788,228.461,0.3811,49.986
Afternoon_Low,2020-01-02 22:09:00,0.006127,230.896,0.3753,49.993
Afternoon_Low,2020-01-02 22:12:00,0.005312,230.481,0.2956,49.991
Afternoon_Low,2020-01-02 22:15:00,0.00544,231.37,0.4119,50.011
Afternoon_Low,2020-01-02 22:18:00,0.005027,231.322,0.3586,50.005
Afternoon_Low,2020-01-02 22:21:00,0.005066,230.707,0.3786,49.983
Afternoon_Low,2020-01-02 22:24:00,0.003145,230.859,0.3763,50.002
Afternoon_Low,2020-01-02 22:27:00,0.006447,231.368,0.3639,49.967
Afternoon_Low,2020-01-02 22:30:00,0.004308,231.618,0.3463,49.976
Afternoon_Low,2020-01-02 22:33:00,0.005107,230.365,0.3458,49.983
Afternoon_Low,2020-01-02 22:36:00,0.004706,230.388,0.3468,50.023
Afternoon_Low,2020-01-02 22:39:00,0.004465,231.422,0.3515,49.989
Afternoon_Low,2020-01-02 22:42:00,0.002258,231.003,0.2382,50.024
Afternoon_Low,2020-01-02 22:45:00,0.005488,228.359,0.3649,49.989
Afternoon_Low,2020-01-02 22:48:00,0.004207,231.503,0.3682,49.999
Afternoon_Low,2020-01-02 22:51:00,0.004638,230.882,0.3297,49.999
Afternoon_Low,2020-01-02 22:54:00,0.003949,231.078,0.3106,50.014
Afternoon_Low,2020-01-02 22:57:00,0.005785,231.158,0.3729,49.987
Afternoon_Low,2020-01-02 23:00:00,0.00355,231.173,0.3258,49.965
Afternoon_Low,2020-01-02 23:03:00,0.006666,231.808,0.3833,49.998
Afternoon_Low,2020-01-02 23:06:00,0.004649,230.035,0.3778,49.985
Afternoon_Low,2020-01-02 23:09:00,0.005036,230.709,0.3201,50.001
Afternoon_Low,2020-01-02 23:12:00,0.003416,232.048,0.3308,50.005
Afternoon_Low,2020-01-02 23:15:00,0.004315,230.589,0.3192,49.983
Afternoon_Low,2020-01-02 23:18:00,0.004965,231.223,0.271,50.017
Afternoon_Low,2020-01-02 23:21:00,0.004211,231.029,0.418,49.978
Afternoon_Low,2020-01-02 23:24:00,0.005548,230.837,0.4035,50.007
Afternoon_Low,2020-01-02 23:27:00,0.006319,230.359,0.397,49.986
Afternoon_Low,2020-01-02 23:30:00,0.005496,230.822,0.3511,49.975
Afternoon_Low,2020-01-02 23:33:00,0.004022,230.017,0.3207,50.001
Afternoon_Low,2020-01-02 23:36:00,0.005239,231.42,0.3271,49.984
Afternoon_Low,2020-01-02 23:39:00,0.004026,232.171,0.3394,49.999
Afternoon_Low,2020-01-02 23:42:00,0.005078,230.52,0.3594,49.991
Afternoon_Low,2020-01-02 23:45:00,0.005786,230.903,0.276,49.988
Afternoon_Low,2020-01-02 23:48:00,0.005964,231.634,0.3533,49.982
Afternoon_Low,2020-01-02 23:51:00,0.004954,231.364,0.3155,49.994
Afternoon_Low,2020-01-02 23:54:00,0.004508,231.326,0.3472,50.014
Afternoon_Low,2020-01-02 23:57:00,0.004743,232.62,0.4264,49.998
Afternoon_Low,2020-01-03 00:00:00,0.003571,231.433,0.2768,50.0
Afternoon_Low,2020-01-03 00:03:00,0.005493,231.687,0.3277,49.979
Afternoon_Low,2020-01-03 00:06:00,0.004395,230.467,0.3714,50.0
Afternoon_Low,2020-01-03 00:09:00,0.004267,231.066,0.313,50.007
Afternoon_Low,2020-01-03 00:12:00,0.004636,230.87,0.3992,49.998
Afternoon_Low,2020-01-03 00:15:00,0.003999,232.894,0.2873,49.998
Afternoon_Low,2020-01-03 00:18:00,0.003872,230.645,0.265,49.991
Afternoon_Low,2020-01-03 00:21:00,0.005846,230.97,0.3293,49.985
Afternoon_Low,2020-01-03 00:24:00,0.008651,229.618,0.4491,50.007
Afternoon_Low,2020-01-03 00:27:00,0.003984,231.772,0.2969,49.99
Afternoon_Low,2020-01-03 00:30:00,0.004457,230.327,0.3188,49.994
Afternoon_Low,2020-01-03 00:33:00,0.006804,230.019,0.3623,49.986
Afternoon_Low,2020-01-03 00:36:00,0.004129,231.826,0.2534,49.985
Afternoon_Low,2020-01-03 00:39:00,0.004523,231.811,0.2601,49.989
Afternoon_Low,2020-01-03 00:42:00,0.003705,232.552,0.3484,50.022
Afternoon_Low,2020-01-03 00:45:00,0.005092,230.693,0.4298,49.98
Afternoon_Low,2020-01-03 00:48:00,0.004943,230.65,0.3519,50.002
Afternoon_Low,2020-01-03 00:51:00,0.006659,229.358,0.3111,49.982
Afternoon_Low,2020-01-03 00:54:00,0.004765,231.507,0.3314,50.016
Afternoon_Low,2020-01-03 00:57:00,0.005576,229.903,0.2836,49.997
Afternoon_Low,2020-01-03 01:00:00,0.004179,229.993,0.3582,49.985
Afternoon_Low,2020-01-03 01:03:00,0.004325,230.932,0.32,50.001
Afternoon_Low,2020-01-03 01:06:00,0.004889,231.284,0.3501,49.975
Afternoon_Low,2020-01-03 01:09:00,0.006911,230.429,0.3691,49.972
Afternoon_Low,2020-01-03 01:12:00,0.004162,230.378,0.2657,49.982
Afternoon_Low,2020-01-03 01:15:00,0.006706,232.043,0.3256,49.986
Afternoon_Low,2020-01-03 01:18:00,0.006685,229.616,0.382,50.023
Afternoon_Low,2020-01-03 01:21:00,0.006005,229.809,0.3847,49.986
Afternoon_Low,2020-01-03 01:24:00,0.006821,232.247,0.4,49.993
Afternoon_Low,2020-01-03 01:27:00,0.005126,230.544,0.3433,49.988
Afternoon_Low,2020-01-03 01:30:00,0.005158,229.898,0.3512,50.012
Afternoon_Low,2020-01-03 01:33:00,0.005082,231.625,0.3237,49.991
Afternoon_Low,2020-01-03 01:36:00,0.004414,232.274,0.3464,50.007
Afternoon_Low,2020-01-03 01:39:00,0.005586,230.144,0.3535,49.989
Afternoon_Low,2020-01-03 01:42:00,0.004042,230.862,0.2758,49.978
Afternoon_Low,2020-01-03 01:45:00,0.004943,229.274,0.2854,50.008
Afternoon_Low,2020-01-03 01:48:00,0.003236,232.544,0.256,50.026
Afternoon_Low,2020-01-03 01:51:00,0.003136,231.238,0.3088,50.001
Afternoon_Low,2020-01-03 01:54:00,0.004062,231.476,0.2851,50.001
Afternoon_Low,2020-01-03 01:57:00,0.006401,231.666,0.3474,50.004
Afternoon_Low,2020-01-03 02:00:00,0.004019,231.561,0.3218,49.986
Afternoon_Low,2020-01-03 02:03:00,0.006363,231.041,0.3805,50.011
Afternoon_Low,2020-01-03 02:06:00,0.005526,229.919,0.3371,49.975
Afternoon_Low,2020-01-03 02:09:00,0.00622,231.203,0.3233,49.974
Afternoon_Low,2020-01-03 02:12:00,0.004766,232.232,0.3377,49.988
Afternoon_Low,2020-01-03 02:15:00,0.004793,231.079,0.3039,49.98
Afternoon_Low,2020-01-03 02:18:00,0.004192,230.903,0.3513,49.983
Afternoon_Low,2020-01-03 02:21:00,0.004555,230.08,0.3111,49.993
Afternoon_Low,2020-01-03 02:24:00,0.004777,231.607,0.3504,49.979
Afternoon_Low,2020-01-03 02:27:00,0.004507,231.502,0.3431,49.981
Afternoon_Low,2020-01-03 02:30:00,0.004913,230.472,0.3498,50.005
Afternoon_Low,2020-01-03 02:33:00,0.005001,232.196,0.3296,50.005
Afternoon_Low,2020-01-03 02:36:00,0.004827,230.931,0.4272,49.998
Afternoon_Low,2020-01-03 02:39:00,0.005394,230.515,0.2996,50.006
Afternoon_Low,2020-01-03 02:42:00,0.004547,230.983,0.3525,50.015
Afternoon_Low,2020-01-03 02:45:00,0.003783,231.62,0.2527,49.986
Afternoon_Low,2020-01-03 02:48:00,0.004078,231.47,0.3442,50.001
Afternoon_Low,2020-01-03 02:51:00,0.005244,231.649,0.4022,50.003
Afternoon_Low,2020-01-03 02:54:00,0.004808,230.814,0.391,49.998
Afternoon_Low,2020-01-03 02:57:00,0.004018,231.322,0.2973,49.997
Afternoon_Low,2020-01-03 03:00:00,0.004303,231.411,0.3409,49.992
Afternoon_Low,2020-01-03 03:03:00,0.005072,230.545,0.3658,50.013
Afternoon_Low,2020-01-03 03:06:00,0.003376,231.819,0.3536,49.993
Afternoon_Low,2020-01-03 03:09:00,0.004992,229.774,0.307,49.998
Afternoon_Low,2020-01-03 03:12:00,0.005114,230.716,0.3659,50.021
Afternoon_Low,2020-01-03 03:15:00,0.003466,232.201,0.3101,50.017
Afternoon_Low,2020-01-03 03:18:00,0.003797,230.822,0.3083,49.986
Afternoon_Low,2020-01-03 03:21:00,0.003948,231.484,0.4022,49.983
Afternoon_Low,2020-01-03 03:24:00,0.005556,230.778,0.3421,49.997
Afternoon_Low,2020-01-03 03:27:00,0.005101,230.609,0.3292,49.992
Afternoon_Low,2020-01-03 03:30:00,0.003825,231.421,0.2821,50.024
Afternoon_Low,2020-01-03 03:33:00,0.003589,231.294,0.3598,49.97
Afternoon_Low,2020-01-03 03:36:00,0.004253,231.156,0.2923,49.995
Afternoon_Low,2020-01-03 03:39:00,0.006098,230.956,0.3066,49.986
Afternoon_Low,2020-01-03 03:42:00,0.004683,232.632,0.2899,49.985
Afternoon_Low,2020-01-03 03:45:00,0.005267,230.588,0.3016,49.997
Afternoon_Low,2020-01-03 03:48:00,0.005053,232.301,0.3054,49.997
Afternoon_Low,2020-01-03 03:51:00,0.005859,230.22,0.2637,49.989
Afternoon_Low,2020-01-03 03:54:00,0.005953,231.665,0.3701,49.987
Afternoon_Low,2020-01-03 03:57:00,0.006374,230.539,0.3997,49.98
Afternoon_Low,2020-01-03 04:00:00,0.00499,231.065,0.2908,49.993
Afternoon_Low,2020-01-03 04:03:00,0.004508,231.199,0.3179,50.022
Afternoon_Low,2020-01-03 04:06:00,0.004543,230.079,0.3346,49.999
Afternoon_Low,2020-01-03 04:09:00,0.004307,230.49,0.3172,49.991
Afternoon_Low,2020-01-03 04:12:00,0.004738,230.832,0.344,49.997
Afternoon_Low,2020-01-03 04:15:00,0.003224,232.044,0.3227,49.984
Afternoon_Low,2020-01-03 04:18:00,0.004877,231.74,0.3449,49.988
Afternoon_Low,2020-01-03 04:21:00,0.003525,230.871,0.3041,50.004
Afternoon_Low,2020-01-03 04:24:00,0.005961,230.13,0.4123,49.996
Afternoon_Low,2020-01-03 04:27:00,0.006157,231.069,0.3737,49.966
Afternoon_Low,2020-01-03 04:30:00,0.00511,231.507,0.3217,50.004
Afternoon_Low,2020-01-03 04:33:00,0.007303,229.397,0.3873,50.003
Afternoon_Low,2020-01-03 04:36:00,0.006171,232.428,0.3594,49.987
Afternoon_Low,2020-01-03 04:39:00,0.00662,230.67,0.3917,49.991
Afternoon_Low,2020-01-03 04:42:00,0.004393,230.541,0.3045,49.988
Afternoon_Low,2020-01-03 04:45:00,0.00586,230.534,0.3309,49.973
Afternoon_Low,2020-01-03 04:48:00,0.00289,232.114,0.2909,49.994
Afternoon_Low,2020-01-03 04:51:00,0.005257,232.646,0.292,49.993
Afternoon_Low,2020-01-03 04:54:00,0.007418,231.26,0.3909,50.006
Afternoon_Low,2020-01-03 04:57:00,0.007115,231.639,0.4681,50.004
Afternoon_Low,2020-01-03 05:00:00,0.006581,229.718,0.3783,49.951
Afternoon_Low,2020-01-03 05:03:00,0.006452,231.734,0.3701,49.987
Afternoon_Low,2020-01-03 05:06:00,0.004653,230.957,0.3183,50.007
Afternoon_Low,2020-01-03 05:09:00,0.005923,230.243,0.322,49.972
Afternoon_Low,2020-01-03 05:12:00,0.005342,230.351,0.3878,50.012
Afternoon_Low,2020-01-03 05:15:00,0.005043,230.418,0.3874,50.006
Afternoon_Low,2020-01-03 05:18:00,0.006801,231.003,0.3601,49.991
Afternoon_Low,2020-01-03 05:21:00,0.005007,230.244,0.3027,49.997
Afternoon_Low,2020-01-03 05:24:00,0.002542,232.719,0.3473,50.004
Afternoon_Low,2020-01-03 05:27:00,0.007083,229.739,0.3501,49.992
Afternoon_Low,2020-01-03 05:30:00,0.006743,231.636,0.322,49.99
Afternoon_Low,2020-01-03 05:33:00,0.005196,231.114,0.2702,49.993
Afternoon_Low,2020-01-03 05:36:00,0.005303,232.11,0.3522,49.993
Afternoon_Low,2020-01-03 05:39:00,0.005723,230.567,0.3698,49.999
Afternoon_Low,2020-01-03 05:42:00,0.005697,231.628,0.3144,49.994
Afternoon_Low,2020-01-03 05:45:00,0.007802,229.846,0.3971,49.996
Afternoon_Low,2020-01-03 05:48:00,0.005009,229.855,0.3518,49.997
Afternoon_Low,2020-01-03 05:51:00,0.006993,230.014,0.407,49.993
Afternoon_Low,2020-01-03 05:54:00,0.0068,231.006,0.3371,50.006
Afternoon_Low,2020-01-03 05:57:00,0.007436,230.017,0.4487,49.98
Afternoon_Low,2020-01-03 06:00:00,0.007071,230.312,0.3544,50.002
Afternoon_Low,2020-01-03 06:03:00,0.00545,232.36,0.3486,49.981
Afternoon_Low,2020-01-03 06:06:00,0.007462,230.696,0.3896,49.981
Afternoon_Low,2020-01-03 06:09:00,0.005078,232.163,0.3401,50.009
Afternoon_Low,2020-01-03 06:12:00,0.00556,230.084,0.3079,50.0
Afternoon_Low,2020-01-03 06:15:00,0.008779,229.434,0.3924,49.998
Afternoon_Low,2020-01-03 06:18:00,0.007385,229.863,0.3433,49.983
Afternoon_Low,2020-01-03 06:21:00,0.006362,229.908,0.3522,49.996
Afternoon_Low,2020-01-03 06:24:00,0.005347,231.826,0.2867,49.987
Afternoon_Low,2020-01-03 06:27:00,0.005712,231.226,0.4175,49.999
Afternoon_Low,2020-01-03 06:30:00,0.006294,231.761,0.3578,49.985
Afternoon_Low,2020-01-03 06:33:00,0.005653,231.463,0.3123,49.977
Afternoon_Low,2020-01-03 06:36:00,0.007699,229.155,0.4049,50.005
Afternoon_Low,2020-01-03 06:39:00,0.005435,230.428,0.3656,49.99
Afternoon_Low,2020-01-03 06:42:00,0.004971,231.592,0.3247,49.971
Afternoon_Low,2020-01-03 06:45:00,0.009296,229.737,0.4684,50.004
Afternoon_Low,2020-01-03 06:48:00,0.005839,230.739,0.3723,50.007
Afternoon_Low,2020-01-03 06:51:00,0.006574,230.055,0.3928,49.999
Afternoon_Low,2020-01-03 06:54:00,0.009461,230.131,0.3568,49.998
Afternoon_Low,2020-01-03 06:57:00,0.006253,231.18,0.3829,49.988
Afternoon_Low,2020-01-03 07:00:00,0.006616,230.944,0.4086,49.991
Afternoon_Low,2020-01-03 07:03:00,0.008299,231.4,0.3848,49.991
Afternoon_Low,2020-01-03 07:06:00,0.009305,229.847,0.3719,50.003
Afternoon_Low,2020-01-03 07:09:00,0.006663,230.501,0.3623,50.006
Afternoon_Low,2020-01-03 07:12:00,0.007603,230.544,0.3983,49.976
Afternoon_Low,2020-01-03 07:15:00,0.006822,229.37,0.3409,49.978
Afternoon_Low,2020-01-03 07:18:00,0.006031,228.258,0.4693,49.995
Afternoon_Low,2020-01-03 07:21:00,0.007631,229.94,0.4128,50.002
Afternoon_Low,2020-01-03 07:24:00,0.008219,228.91,0.4141,50.0
Afternoon_Low,2020-01-03 07:27:00,0.007571,230.012,0.3718,49.993
Afternoon_Low,2020-01-03 07:30:00,0.005842,231.591,0.344,49.985
Afternoon_Low,2020-01-03 07:33:00,0.006005,230.577,0.3302,49.995
Afternoon_Low,2020-01-03 07:36:00,0.004814,231.261,0.2898,50.002
Afternoon_Low,2020-01-03 07:39:00,0.006211,231.207,0.374,50.004
Afternoon_Low,2020-01-03 07:42:00,0.008411,230.896,0.3931,49.999
Afternoon_Low,2020-01-03 07:45:00,0.005844,231.63,0.2905,50.012
Afternoon_Low,2020-01-03 07:48:00,0.00758,229.493,0.3648,50.02
Afternoon_Low,2020-01-03 07:51:00,0.009087,230.991,0.3632,49.979
Afternoon_Low,2020-01-03 07:54:00,0.006447,231.344,0.3055,49.988
Afternoon_Low,2020-01-03 07:57:00,0.008004,230.574,0.4016,49.974
Afternoon_Low,2020-01-03 08:00:00,0.005676,230.093,0.3402,49.989
Afternoon_Low,2020-01-03 08:03:00,0.010219,231.052,0.5181,49.992
Afternoon_Low,2020-01-03 08:06:00,0.00724,230.827,0.3723,49.997
Afternoon_Low,2020-01-03 08:09:00,0.007387,231.383,0.3994,49.987
Afternoon_Low,2020-01-03 08:12:00,0.004838,229.62,0.3207,49.99
Afternoon_Low,2020-01-03 08:15:00,0.007399,230.95,0.4173,49.991
Afternoon_Low,2020-01-03 08:18:00,0.007324,230.001,0.4282,49.993
Afternoon_Low,2020-01-03 08:21:00,0.005535,231.662,0.3474,49.987
Afternoon_Low,2020-01-03 08:24:00,0.007522,230.373,0.4051,50.003
Afternoon_Low,2020-01-03 08:27:00,0.00695,230.545,0.4104,49.997
Afternoon_Low,2020-01-03 08:30:00,0.0049,230.891,0.3418,49.982
Afternoon_Low,2020-01-03 08:33:00,0.00736,230.262,0.4537,50.017
Afternoon_Low,2020-01-03 08:36:00,0.006831,230.645,0.3582,50.008
Afternoon_Low,2020-01-03 08:39:00,0.00814,229.767,0.3912,50.007
Afternoon_Low,2020-01-03 08:42:00,0.005862,231.218,0.3748,49.993
Afternoon_Low,2020-01-03 08:45:00,0.008848,231.36,0.3949,50.0
Afternoon_Low,2020-01-03 08:48:00,0.005517,230.114,0.2978,50.008
Afternoon_Low,2020-01-03 08:51:00,0.007956,229.746,0.4191,49.972
Afternoon_Low,2020-01-03 08:54:00,0.004316,231.26,0.3268,49.977
Afternoon_Low,2020-01-03 08:57:00,0.007024,230.092,0.3554,50.02
Afternoon_Low,2020-01-03 09:00:00,0.007938,231.151,0.4271,49.985
Afternoon_Low,2020-01-03 09:03:00,0.008116,230.349,0.4321,49.98
Afternoon_Low,2020-01-03 09:06:00,0.007788,232.502,0.4195,50.004
Afternoon_Low,2020-01-03 09:09:00,0.008061,230.551,0.376,49.996
Afternoon_Low,2020-01-03 09:12:00,0.007234,230.14,0.4477,50.002
Afternoon_Low,2020-01-03 09:15:00,0.008763,229.955,0.3926,49.991
Afternoon_Low,2020-01-03 09:18:00,0.007626,229.307,0.4101,50.004
Afternoon_Low,2020-01-03 09:21:00,0.009387,231.016,0.4598,50.001
Afternoon_Low,2020-01-03 09:24:00,0.008502,230.171,0.4054,50.005
Afternoon_Low,2020-01-03 09:27:00,0.01134,229.941,0.4028,49.996
Afternoon_Low,2020-01-03 09:30:00,0.005419,229.608,0.3454,49.993
Afternoon_Low,2020-01-03 09:33:00,0.007983,230.751,0.3642,50.006
Afternoon_Low,2020-01-03 09:36:00,0.009299,230.737,0.4264,49.999
Afternoon_Low,2020-01-03 09:39:00,0.007914,232.48,0.419,50.0
Afternoon_Low,2020-01-03 09:42:00,0.009923,230.61,0.4364,49.981
Afternoon_Low,2020-01-03 09:45:00,0.008,229.562,0.3867,50.001
Afternoon_Low,2020-01-03 09:48:00,0.009563,229.624,0.4521,49.987
Afternoon_Low,2020-01-03 09:51:00,0.009176,230.061,0.4246,50.012
Afternoon_Low,2020-01-03 09:54:00,0.011564,228.989,0.4563,49.982
Afternoon_Low,2020-01-03 09:57:00,0.012123,229.261,0.4935,49.996
Afternoon_Low,2020-01-03 10:00:00,0.007427,231.167,0.3671,50.006
Afternoon_Low,2020-01-03 10:03:00,0.007907,229.667,0.4032,49.98
Afternoon_Low,2020-01-03 10:06:00,0.007944,231.013,0.413,50.011
Afternoon_Low,2020-01-03 10:09:00,0.008731,229.926,0.3955,50.011
Afternoon_Low,2020-01-03 10:12:00,0.007978,231.172,0.4031,49.987
Afternoon_Low,2020-01-03 10:15:00,0.006904,230.092,0.3994,49.985
Afternoon_Low,2020-01-03 10:18:00,0.010081,229.765,0.4021,49.991
Afternoon_Low,2020-01-03 10:21:00,0.008192,230.855,0.4182,49.974
Afternoon_Low,2020-01-03 10:24:00,0.006306,232.054,0.2906,50.001
Afternoon_Low,2020-01-03 10:27:00,0.010085,228.783,0.5011,49.974
Afternoon_Low,2020-01-03 10:30:00,0.011021,229.48,0.4092,49.996
Afternoon_Low,2020-01-03 10:33:00,0.01191,229.889,0.5038,50.01
Afternoon_Low,2020-01-03 10:36:00,0.009658,228.81,0.4465,49.981
Afternoon_Low,2020-01-03 10:39:00,0.009972,231.463,0.426,49.983
Afternoon_Low,2020-01-03 10:42:00,0.014077,230.245,0.5262,49.998
Afternoon_Low,2020-01-03 10:45:00,0.013575,229.769,0.5653,49.975
Afternoon_Low,2020-01-03 10:48:00,0.009001,230.885,0.4353,50.001
Afternoon_Low,2020-01-03 10:51:00,0.010908,229.927,0.4418,49.992
Afternoon_Low,2020-01-03 10:54:00,0.011267,230.159,0.4766,50.013
Afternoon_Low,2020-01-03 10:57:00,0.009362,230.706,0.3822,50.011
Afternoon_Low,2020-01-03 11:00:00,0.010667,230.856,0.3658,49.994
Afternoon_Low,2020-01-03 11:03:00,0.006452,229.764,0.3973,49.996
Afternoon_Low,2020-01-03 11:06:00,0.01507,229.869,0.5257,49.986
Afternoon_Low,2020-01-03 11:09:00,0.021394,227.072,0.6099,49.969
Afternoon_Low,2020-01-03 11:12:00,0.009157,230.658,0.4509,49.984
Afternoon_Low,2020-01-03 11:15:00,0.012712,229.892,0.4509,49.978
Afternoon_Low,2020-01-03 11:18:00,0.009338,229.935,0.406,49.966
Afternoon_Low,2020-01-03 11:21:00,0.014073,230.169,0.4914,49.975
Afternoon_Low,2020-01-03 11:24:00,0.012454,229.036,0.4893,49.989
Afternoon_Low,2020-01-03 11:27:00,0.014311,230.361,0.533,49.999
Afternoon_Low,2020-01-03 11:30:00,0.014098,228.761,0.5322,49.975
Afternoon_Low,2020-01-03 11:33:00,0.007646,230.749,0.4494,49.996
Afternoon_Low,2020-01-03 11:36:00,0.018429,227.33,0.6366,49.966
Afternoon_Low,2020-01-03 11:39:00,0.015884,228.348,0.4637,49.961
Afternoon_Low,2020-01-03 11:42:00,0.011076,230.098,0.4738,49.983
Afternoon_Low,2020-01-03 11:45:00,0.015788,228.845,0.5953,49.978
Afternoon_Low,2020-01-03 11:48:00,0.014886,229.701,0.4433,49.993
Afternoon_Low,2020-01-03 11:51:00,0.012222,230.012,0.4723,49.98
Afternoon_Low,2020-01-03 11:54:00,0.016818,229.235,0.4971,49.986
Afternoon_Low,2020-01-03 11:57:00,0.01491,230.03,0.4861,49.977
Afternoon_Low,2020-01-03 12:00:00,0.011346,229.668,0.4089,50.005
Afternoon_Low,2020-01-03 12:03:00,0.021054,229.348,0.6684,49.966
Afternoon_Low,2020-01-03 12:06:00,0.013978,228.557,0.4955,49.993
Afternoon_Low,2020-01-03 12:09:00,0.017877,228.874,0.5755,49.971
Afternoon_Low,2020-01-03 12:12:00,0.014908,229.393,0.5637,50.004
Afternoon_Low,2020-01-03 12:15:00,0.01155,230.014,0.4349,50.003
Afternoon_Low,2020-01-03 12:18:00,0.01653,227.37,0.5618,49.962
Afternoon_Low,2020-01-03 12:21:00,0.02496,226.075,0.7023,49.983
Afternoon_Low,2020-01-03 12:24:00,0.015759,228.991,0.4865,49.964
Afternoon_Low,2020-01-03 12:27:00,0.020013,229.045,0.6378,49.994
Afternoon_Low,2020-01-03 12:30:00,0.011282,229.243,0.4955,49.996
Afternoon_Low,2020-01-03 12:33:00,0.013477,228.487,0.5147,49.986
Afternoon_Low,2020-01-03 12:36:00,0.018867,228.878,0.6403,49.994
Afternoon_Low,2020-01-03 12:39:00,0.011868,229.324,0.4155,50.02
Afternoon_Low,2020-01-03 12:42:00,0.022747,226.513,0.726,49.953
Afternoon_Low,2020-01-03 12:45:00,0.017467,227.982,0.5794,49.986
Afternoon_Low,2020-01-03 12:48:00,0.023316,228.07,0.6481,49.976
Afternoon_Low,2020-01-03 12:51:00,0.024758,225.962,0.6911,49.978
Afternoon_Low,2020-01-03 12:54:00,0.022451,226.734,0.6194,49.998
Afternoon_Low,2020-01-03 12:57:00,0.020828,228.13,0.644,49.972
Afternoon_Low,2020-01-03 13:00:00,0.020419,227.361,0.6464,49.97
Afternoon_Low,2020-01-03 13:03:00,0.018807,228.724,0.557,49.975
Afternoon_Low,2020-01-03 13:06:00,0.024176,227.013,0.6394,49.972
Afternoon_Low,2020-01-03 13:09:00,0.019186,227.577,0.6186,49.974
Afternoon_Low,2020-01-03 13:12:00,0.018226,228.125,0.6133,49.983
Afternoon_Low,2020-01-03 13:15:00,0.023687,226.327,0.6769,49.999
Afternoon_Low,2020-01-03 13:18:00,0.023734,228.648,0.686,49.97
Afternoon_Low,2020-01-03 13:21:00,0.018753,228.479,0.5764,49.998
Afternoon_Low,2020-01-03 13:24:00,0.013111,229.098,0.5423,50.002
Afternoon_Low,2020-01-03 13:27:00,0.027664,226.322,0.7221,49.97
Afternoon_Low,2020-01-03 13:30:00,0.019286,228.624,0.5465,49.987
Afternoon_Low,2020-01-03 13:33:00,0.021961,227.588,0.6072,49.98
Afternoon_Low,2020-01-03 13:36:00,0.016137,228.416,0.514,49.979
Afternoon_Low,2020-01-03 13:39:00,0.018946,228.771,0.586,49.974
Afternoon_Low,2020-01-03 13:42:00,0.03177,224.256,0.7844,49.994
Afternoon_Low,2020-01-03 13:45:00,0.020419,226.93,0.6331,49.965
Afternoon_Low,2020-01-03 13:48:00,0.016955,228.26,0.4724,49.968
Afternoon_Low,2020-01-03 13:51:00,0.022997,227.559,0.7101,49.993
Afternoon_Low,2020-01-03 13:54:00,0.013623,230.024,0.5331,49.983
Afternoon_Low,2020-01-03 13:57:00,0.02145,227.959,0.6207,49.971
Afternoon_Low,2020-01-03 14:00:00,0.02801,227.09,0.6974,49.969
Afternoon_Low,2020-01-03 14:03:00,0.025315,227.985,0.7053,49.955
Afternoon_Low,2020-01-03 14:06:00,0.020347,227.585,0.5831,49.976
Afternoon_Low,2020-01-03 14:09:00,0.014163,228.723,0.4653,49.972
Afternoon_Low,2020-01-03 14:12:00,0.010697,228.417,0.4957,50.001
Afternoon_Low,2020-01-03 14:15:00,0.024631,227.349,0.6682,49.975
Afternoon_Low,2020-01-03 14:18:00,0.020851,226.405,0.6413,49.959
Afternoon_Low,2020-01-03 14:21:00,0.015683,229.374,0.5812,49.997
Afternoon_Low,2020-01-03 14:24:00,0.013031,229.889,0.4898,49.983
Afternoon_Low,2020-01-03 14:27:00,0.02609,228.339,0.7088,49.991
Afternoon_Low,2020-01-03 14:30:00,0.026725,226.147,0.7508,49.981
Afternoon_Low,2020-01-03 14:33:00,0.026937,226.264,0.754,49.945
Afternoon_Low,2020-01-03 14:36:00,0.019318,229.136,0.6538,49.98
Afternoon_Low,2020-01-03 14:39:00,0.026376,227.01,0.7033,49.948
Afternoon_Low,2020-01-03 14:42:00,0.018989,228.355,0.6371,49.982
Afternoon_Low,2020-01-03 14:45:00,0.016469,229.359,0.4257,49.969
Afternoon_Low,2020-01-03 14:48:00,0.023599,225.288,0.7068,49.965
Afternoon_Low,2020-01-03 14:51:00,0.014249,228.455,0.4984,49.979
Afternoon_Low,2020-01-03 14:54:00,0.018993,227.476,0.5283,49.966
Afternoon_Low,2020-01-03 14:57:00,0.022188,227.573,0.5528,49.969
Afternoon_Low,2020-01-03 15:00:00,0.025962,226.323,0.6869,49.97
Afternoon_Low,2020-01-03 15:03:00,0.02252,227.369,0.704,49.972
Afternoon_Low,2020-01-03 15:06:00,0.021338,228.294,0.7067,49.976
Afternoon_Low,2020-01-03 15:09:00,0.027381,225.06,0.7204,50.005
Afternoon_Low,2020-01-03 15:12:00,0.021223,226.952,0.5702,49.987
Afternoon_Low,2020-01-03 15:15:00,0.022472,225.896,0.7026,49.969
Afternoon_Low,2020-01-03 15:18:00,0.024837,227.621,0.7001,49.984
Afternoon_Low,2020-01-03 15:21:00,0.019692,226.46,0.576,49.992
Afternoon_Low,2020-01-03 15:24:00,0.015053,229.789,0.4734,49.983
Afternoon_Low,2020-01-03 15:27:00,0.010408,229.387,0.4908,49.983
Afternoon_Low,2020-01-03 15:30:00,0.016362,228.016,0.5055,49.956
Afternoon_Low,2020-01-03 15:33:00,0.01881,228.124,0.5769,49.971
Afternoon_Low,2020-01-03 15:36:00,0.017989,227.995,0.5949,49.985
Afternoon_Low,2020-01-03 15:39:00,0.017511,227.73,0.5319,49.987
Afternoon_Low,2020-01-03 15:42:00,0.017439,227.926,0.4846,49.993
Afternoon_Low,2020-01-03 15:45:00,0.014944,229.204,0.5512,49.988
Afternoon_Low,2020-01-03 15:48:00,0.017963,227.184,0.5547,49.996
Afternoon_Low,2020-01-03 15:51:00,0.015115,229.576,0.5209,49.987
Afternoon_Low,2020-01-03 15:54:00,0.021976,228.022,0.6082,49.986
Afternoon_Low,2020-01-03 15:57:00,0.01416,230.933,0.5352,49.991
Afternoon_Low,2020-01-03 16:00:00,0.019152,228.848,0.6058,49.979
Afternoon_Low,2020-01-03 16:03:00,0.018809,226.867,0.6109,49.976
Afternoon_Low,2020-01-03 16:06:00,0.018344,227.204,0.5965,49.98
Afternoon_Low,2020-01-03 16:09:00,0.012832,229.109,0.4971,49.995
Afternoon_Low,2020-01-03 16:12:00,0.017048,228.386,0.5921,49.973
Afternoon_Low,2020-01-03 16:15:00,0.018806,227.709,0.6127,49.971
Afternoon_Low,2020-01-03 16:18:00,0.011323,230.38,0.4873,49.996
Afternoon_Low,2020-01-03 16:21:00,0.013392,228.227,0.4413,49.974
Afternoon_Low,2020-01-03 16:24:00,0.014729,228.813,0.5838,49.987
Afternoon_Low,2020-01-03 16:27:00,0.019276,226.727,0.6579,49.997
Afternoon_Low,2020-01-03 16:30:00,0.01104,228.332,0.4771,49.984
Afternoon_Low,2020-01-03 16:33:00,0.011518,230.513,0.4671,49.966
Afternoon_Low,2020-01-03 16:36:00,0.014199,229.389,0.4871,49.984
Afternoon_Low,2020-01-03 16:39:00,0.014959,228.079,0.5086,49.993
Afternoon_Low,2020-01-03 16:42:00,0.016015,228.708,0.4831,49.971
Afternoon_Low,2020-01-03 16:45:00,0.01196,229.267,0.4532,49.991
Afternoon_Low,2020-01-03 16:48:00,0.013542,229.609,0.5337,49.993
Afternoon_Low,2020-01-03 16:51:00,0.012369,229.919,0.4308,50.006
Afternoon_Low,2020-01-03 16:54:00,0.012373,228.107,0.4619,49.988
Afternoon_Low,2020-01-03 16:57:00,0.016889,227.188,0.5343,49.979
Afternoon_Low,2020-01-03 17:00:00,0.009748,230.54,0.4259,49.982
Afternoon_Low,2020-01-03 17:03:00,0.008577,229.673,0.4289,49.989
Afternoon_Low,2020-01-03 17:06:00,0.009985,230.61,0.3886,49.996
Afternoon_Low,2020-01-03 17:09:00,0.01241,229.682,0.5153,49.987
Afternoon_Low,2020-01-03 17:12:00,0.006565,230.294,0.3376,49.981
Afternoon_Low,2020-01-03 17:15:00,0.01138,230.055,0.4358,49.981
Afternoon_Low,2020-01-03 17:18:00,0.010636,229.865,0.4218,49.987
Afternoon_Low,2020-01-03 17:21:00,0.008939,229.208,0.3615,49.976
Afternoon_Low,2020-01-03 17:24:00,0.008961,229.541,0.4124,50.003
Afternoon_Low,2020-01-03 17:27:00,0.006624,231.718,0.2567,49.982
Afternoon_Low,2020-01-03 17:30:00,0.009009,230.439,0.4693,49.995
Afternoon_Low,2020-01-03 17:33:00,0.009481,229.779,0.3569,49.985
Afternoon_Low,2020-01-03 17:36:00,0.008828,230.539,0.4141,49.993
Afternoon_Low,2020-01-03 17:39:00,0.007468,230.297,0.4055,49.993
Afternoon_Low,2020-01-03 17:42:00,0.008552,230.281,0.4245,49.982
Afternoon_Low,2020-01-03 17:45:00,0.012566,229.499,0.4528,49.994
Afternoon_Low,2020-01-03 17:48:00,0.009391,229.558,0.4028,50.012
Afternoon_Low,2020-01-03 17:51:00,0.00852,230.722,0.3906,49.981
Afternoon_Low,2020-01-03 17:54:00,0.008589,228.779,0.4416,49.987
Afternoon_Low,2020-01-03 17:57:00,0.008187,231.803,0.4135,49.987
Afternoon_Low,2020-01-03 18:00:00,0.006263,230.008,0.3413,49.992
Afternoon_Low,2020-01-03 18:03:00,0.007365,231.403,0.4664,49.992
Afternoon_Low,2020-01-03 18:06:00,0.005933,231.0,0.3384,50.003
Afternoon_Low,2020-01-03 18:09:00,0.005397,229.533,0.3802,49.992
Afternoon_Low,2020-01-03 18:12:00,0.005191,230.626,0.3333,49.987
Afternoon_Low,2020-01-03 18:15:00,0.006581,232.509,0.421,50.008
Afternoon_Low,2020-01-03 18:18:00,0.007208,230.906,0.4302,50.005
Afternoon_Low,2020-01-03 18:21:00,0.006686,228.947,0.3901,49.985
Afternoon_Low,2020-01-03 18:24:00,0.007963,229.714,0.4126,49.989
Afternoon_Low,2020-01-03 18:27:00,0.005929,230.495,0.4423,50.007
Afternoon_Low,2020-01-03 18:30:00,0.006881,231.58,0.3412,49.995
Afternoon_Low,2020-01-03 18:33:00,0.005206,230.572,0.3294,49.983
Afternoon_Low,2020-01-03 18:36:00,0.009751,230.299,0.4379,49.992
Afternoon_Low,2020-01-03 18:39:00,0.006221,229.885,0.3361,49.99
Afternoon_Low,2020-01-03 18:42:00,0.00419,230.43,0.3502,49.985
Afternoon_Low,2020-01-03 18:45:00,0.004776,231.956,0.3901,49.994
Afternoon_Low,2020-01-03 18:48:00,0.00461,231.783,0.3391,50.022
Afternoon_Low,2020-01-03 18:51:00,0.003652,231.844,0.2585,50.002
Afternoon_Low,2020-01-03 18:54:00,0.005216,232.463,0.3963,49.996
Afternoon_Low,2020-01-03 18:57:00,0.005516,230.928,0.3243,49.991
Afternoon_Low,2020-01-03 19:00:00,0.005445,230.837,0.3555,49.988
Afternoon_Low,2020-01-03 19:03:00,0.007424,230.725,0.2818,49.974
Afternoon_Low,2020-01-03 19:06:00,0.007752,229.422,0.4287,49.994
Afternoon_Low,2020-01-03 19:09:00,0.007218,231.071,0.3474,49.968
Afternoon_Low,2020-01-03 19:12:00,0.004968,229.731,0.3467,50.021
Afternoon_Low,2020-01-03 19:15:00,0.004209,230.581,0.3162,49.995
Afternoon_Low,2020-01-03 19:18:00,0.004075,231.265,0.3476,49.999
Afternoon_Low,2020-01-03 19:21:00,0.006719,230.207,0.3466,50.019
Afternoon_Low,2020-01-03 19:24:00,0.003174,231.297,0.2755,50.001
Afternoon_Low,2020-01-03 19:27:00,0.004555,231.778,0.338,50.008
Afternoon_Low,2020-01-03 19:30:00,0.006045,230.918,0.3775,49.99
Afternoon_Low,2020-01-03 19:33:00,0.003717,230.021,0.2942,50.035
Afternoon_Low,2020-01-03 19:36:00,0.004444,232.922,0.3383,50.012
Afternoon_Low,2020-01-03 19:39:00,0.0062,230.223,0.4044,49.984
Afternoon_Low,2020-01-03 19:42:00,0.0037,230.356,0.3224,49.994
Afternoon_Low,2020-01-03 19:45:00,0.005249,232.553,0.3179,49.993
Afternoon_Low,2020-01-03 19:48:00,0.006804,229.417,0.4003,49.978
Afternoon_Low,2020-01-03 19:51:00,0.005241,231.951,0.3449,50.013
Afternoon_Low,2020-01-03 19:54:00,0.004406,229.802,0.3093,49.991
Afternoon_Low,2020-01-03 19:57:00,0.003703,231.29,0.3186,49.97
Afternoon_Low,2020-01-03 20:00:00,0.00667,232.848,0.3639,49.991
Afternoon_Low,2020-01-03 20:03:00,0.004841,229.876,0.3871,50.002
Afternoon_Low,2020-01-03 20:06:00,0.003448,231.367,0.31,49.995
Afternoon_Low,2020-01-03 20:09:00,0.003741,230.139,0.3869,49.984
Afternoon_Low,2020-01-03 20:12:00,0.004764,231.188,0.4198,49.994
Afternoon_Low,2020-01-03 20:15:00,0.003761,230.764,0.3013,49.993
Afternoon_Low,2020-01-03 20:18:00,0.00428,233.525,0.2922,50.002
Afternoon_Low,2020-01-03 20:21:00,0.00495,230.271,0.4065,49.982
Afternoon_Low,2020-01-03 20:24:00,0.004594,230.411,0.3249,50.015
Afternoon_Low,2020-01-03 20:27:00,0.004332,230.336,0.304,50.001
Afternoon_Low,2020-01-03 20:30:00,0.005237,231.62,0.3668,49.99
Afternoon_Low,2020-01-03 20:33:00,0.003992,230.911,0.3412,49.999
Afternoon_Low,2020-01-03 20:36:00,0.005859,229.679,0.3818,49.994
Afternoon_Low,2020-01-03 20:39:00,0.004869,231.952,0.3815,49.988
Afternoon_Low,2020-01-03 20:42:00,0.004138,231.512,0.3882,49.992
Afternoon_Low,2020-01-03 20:45:00,0.005137,230.619,0.3782,50.011
Afternoon_Low,2020-01-03 20:48:00,0.00683,230.597,0.3881,50.013
Afternoon_Low,2020-01-03 20:51:00,0.003669,231.701,0.3158,49.984
Afternoon_Low,2020-01-03 20:54:00,0.005809,230.717,0.3581,49.962
Afternoon_Low,2020-01-03 20:57:00,0.004425,231.559,0.3577,49.998
Afternoon_Low,2020-01-03 21:00:00,0.006615,231.838,0.395,49.979
Afternoon_Low,2020-01-03 21:03:00,0.005333,231.591,0.3398,49.97
Afternoon_Low,2020-01-03 21:06:00,0.003777,232.344,0.3503,49.995
Afternoon_Low,2020-01-03 21:09:00,0.004677,230.724,0.3011,50.001
Afternoon_Low,2020-01-03 21:12:00,0.004887,231.294,0.341,49.991
Afternoon_Low,2020-01-03 21:15:00,0.004505,230.687,0.3723,49.991
Afternoon_Low,2020-01-03 21:18:00,0.004068,231.694,0.2787,49.986
Afternoon_Low,2020-01-03 21:21:00,0.005807,231.178,0.4156,49.963
Afternoon_Low,2020-01-03 21:24:00,0.005339,232.277,0.3854,49.977
Afternoon_Low,2020-01-03 21:27:00,0.004845,230.429,0.3018,49.985
Afternoon_Low,2020-01-03 21:30:00,0.004686,230.038,0.3546,50.006
Afternoon_Low,2020-01-03 21:33:00,0.003662,231.497,0.3425,49.967
Afternoon_Low,2020-01-03 21:36:00,0.004415,230.094,0.3133,50.006
Afternoon_Low,2020-01-03 21:39:00,0.004567,230.219,0.2982,49.963
Afternoon_Low,2020-01-03 21:42:00,0.004001,230.341,0.3415,49.998
Afternoon_Low,2020-01-03 21:45:00,0.004524,230.985,0.325,50.003
Afternoon_Low,2020-01-03 21:48:00,0.005486,230.817,0.3345,50.004
Afternoon_Low,2020-01-03 21:51:00,0.005066,231.776,0.3403,49.982
Afternoon_Low,2020-01-03 21:54:00,0.003301,230.908,0.3441,49.989
Afternoon_Low,2020-01-03 21:57:00,0.005579,230.257,0.3689,50.01
Afternoon_Low,2020-01-03 22:00:00,0.005144,230.202,0.3781,49.997
Afternoon_Low,2020-01-03 22:03:00,0.00504,230.872,0.2947,49.97
Afternoon_Low,2020-01-03 22:06:00,0.00419,231.519,0.3861,50.0
Afternoon_Low,2020-01-03 22:09:00,0.004147,231.19,0.3474,50.005
Afternoon_Low,2020-01-03 22:12:00,0.002972,231.113,0.3463,49.982
Afternoon_Low,2020-01-03 22:15:00,0.004597,231.176,0.3963,49.999
Afternoon_Low,2020-01-03 22:18:00,0.005186,230.029,0.3659,49.978
Afternoon_Low,2020-01-03 22:21:00,0.00487,230.337,0.3109,49.986
Afternoon_Low,2020-01-03 22:24:00,0.004049,232.942,0.4,49.996
Afternoon_Low,2020-01-03 22:27:00,0.004324,231.223,0.3663,50.012
Afternoon_Low,2020-01-03 22:30:00,0.004416,229.774,0.3237,50.0
Afternoon_Low,2020-01-03 22:33:00,0.003978,231.249,0.4029,50.01
Afternoon_Low,2020-01-03 22:36:00,0.004727,230.813,0.3693,49.991
Afternoon_Low,2020-01-03 22:39:00,0.003767,231.482,0.3338,50.002
Afternoon_Low,2020-01-03 22:42:00,0.004291,231.622,0.3214,49.991
Afternoon_Low,2020-01-03 22:45:00,0.004015,231.693,0.3039,50.003
Afternoon_Low,2020-01-03 22:48:00,0.003044,232.344,0.2982,50.006
Afternoon_Low,2020-01-03 22:51:00,0.007165,230.839,0.3879,49.99
Afternoon_Low,2020-01-03 22:54:00,0.00538,230.011,0.3136,50.005
Afternoon_Low,2020-01-03 22:57:00,0.005716,229.95,0.3619,49.969
Afternoon_Low,2020-01-03 23:00:00,0.002829,232.905,0.3112,50.0
Afternoon_Low,2020-01-03 23:03:00,0.004295,230.444,0.3469,49.986
Afternoon_Low,2020-01-03 23:06:00,0.004264,231.773,0.3469,49.988
Afternoon_Low,2020-01-03 23:09:00,0.003617,230.174,0.3306,50.001
Afternoon_Low,2020-01-03 23:12:00,0.005175,229.596,0.3225,49.988
Afternoon_Low,2020-01-03 23:15:00,0.006353,231.264,0.3566,49.991
Afternoon_Low,2020-01-03 23:18:00,0.007627,231.081,0.4253,49.996
Afternoon_Low,2020-01-03 23:21:00,0.004309,229.916,0.3666,49.981
Afternoon_Low,2020-01-03 23:24:00,0.003688,231.874,0.3152,49.986
Afternoon_Low,2020-01-03 23:27:00,0.003681,230.605,0.2681,50.023
Afternoon_Low,2020-01-03 23:30:00,0.005396,232.063,0.3358,49.993
Afternoon_Low,2020-01-03 23:33:00,0.006339,229.711,0.3247,50.001
Afternoon_Low,2020-01-03 23:36:00,0.003495,230.639,0.2622,50.013
Afternoon_Low,2020-01-03 23:39:00,0.005161,231.109,0.3308,49.973
Afternoon_Low,2020-01-03 23:42:00,0.007067,230.6,0.3333,49.994
Afternoon_Low,2020-01-03 23:45:00,0.00447,230.827,0.3857,49.977
Afternoon_Low,2020-01-03 23:48:00,0.004518,231.685,0.3688,49.995
Afternoon_Low,2020-01-03 23:51:00,0.005387,230.659,0.3433,50.008
Afternoon_Low,2020-01-03 23:54:00,0.004456,231.325,0.3297,50.003
Afternoon_Low,2020-01-03 23:57:00,0.006375,231.455,0.3608,49.984
Afternoon_Low,2020-01-04 00:00:00,0.004341,231.767,0.3256,49.994
Afternoon_Low,2020-01-04 00:03:00,0.004953,231.668,0.2887,50.03
Afternoon_Low,2020-01-04 00:06:00,0.004565,228.957,0.3358,50.002
Afternoon_Low,2020-01-04 00:09:00,0.002617,231.727,0.2777,49.998
Afternoon_Low,2020-01-04 00:12:00,0.003825,231.063,0.3486,49.987
Afternoon_Low,2020-01-04 00:15:00,0.004021,231.074,0.3895,49.999
Afternoon_Low,2020-01-04 00:18:00,0.00529,230.344,0.306,50.015
Afternoon_Low,2020-01-04 00:21:00,0.005102,229.509,0.326,50.005
Afternoon_Low,2020-01-04 00:24:00,0.005033,232.641,0.318,49.997
Afternoon_Low,2020-01-04 00:27:00,0.004282,232.153,0.3705,49.989
Afternoon_Low,2020-01-04 00:30:00,0.003202,233.188,0.3489,50.008
Afternoon_Low,2020-01-04 00:33:00,0.004442,230.916,0.359,49.985
Afternoon_Low,2020-01-04 00:36:00,0.00617,230.223,0.4201,49.991
Afternoon_Low,2020-01-04 00:39:00,0.005068,231.015,0.413,49.998
Afternoon_Low,2020-01-04 00:42:00,0.006406,230.857,0.3944,49.989
Afternoon_Low,2020-01-04 00:45:00,0.004125,229.433,0.3466,49.991
Afternoon_Low,2020-01-04 00:48:00,0.004794,231.403,0.29,49.993
Afternoon_Low,2020-01-04 00:51:00,0.003341,231.008,0.3004,49.999
Afternoon_Low,2020-01-04 00:54:00,0.005199,229.97,0.355,49.965
Afternoon_Low,2020-01-04 00:57:00,0.00513,230.565,0.3563,49.985
Afternoon_Low,2020-01-04 01:00:00,0.003627,231.376,0.3365,50.012
Afternoon_Low,2020-01-04 01:03:00,0.005043,231.63,0.3745,50.005
Afternoon_Low,2020-01-04 01:06:00,0.003938,230.429,0.2672,50.008
Afternoon_Low,2020-01-04 01:09:00,0.004212,231.048,0.3193,50.012
Afternoon_Low,2020-01-04 01:12:00,0.005174,230.938,0.3213,49.996
Afternoon_Low,2020-01-04 01:15:00,0.005514,231.493,0.3139,49.99
Afternoon_Low,2020-01-04 01:18:00,0.0034,230.827,0.3492,50.0
Afternoon_Low,2020-01-04 01:21:00,0.00481,231.444,0.3723,49.996
Afternoon_Low,2020-01-04 01:24:00,0.006285,231.683,0.3989,49.995
Afternoon_Low,2020-01-04 01:27:00,0.003688,231.518,0.288,49.999
Afternoon_Low,2020-01-04 01:30:00,0.002946,231.892,0.3775,50.029
Afternoon_Low,2020-01-04 01:33:00,0.003429,231.338,0.3352,50.01
Afternoon_Low,2020-01-04 01:36:00,0.005168,229.863,0.3337,50.002
Afternoon_Low,2020-01-04 01:39:00,0.004366,231.206,0.3127,49.988
Afternoon_Low,2020-01-04 01:42:00,0.004334,230.045,0.3506,49.994
Afternoon_Low,2020-01-04 01:45:00,0.003794,231.339,0.294,49.998
Afternoon_Low,2020-01-04 01:48:00,0.004721,230.169,0.3536,49.996
Afternoon_Low,2020-01-04 01:51:00,0.004383,232.811,0.3455,50.011
Afternoon_Low,2020-01-04 01:54:00,0.004636,229.744,0.3043,50.011
Afternoon_Low,2020-01-04 01:57:00,0.003628,232.551,0.2501,49.987
Afternoon_Low,2020-01-04 02:00:00,0.004103,231.361,0.3565,49.977
Afternoon_Low,2020-01-04 02:03:00,0.004409,229.832,0.3872,50.004
Afternoon_Low,2020-01-04 02:06:00,0.004913,229.895,0.3085,49.992
Afternoon_Low,2020-01-04 02:09:00,0.004938,230.647,0.3344,49.994
Afternoon_Low,2020-01-04 02:12:00,0.003824,230.851,0.3598,49.99
Afternoon_Low,2020-01-04 02:15:00,0.004364,231.59,0.2943,50.003
Afternoon_Low,2020-01-04 02:18:00,0.00549,229.654,0.3499,49.995
Afternoon_Low,2020-01-04 02:21:00,0.003207,232.619,0.332,49.98
Afternoon_Low,2020-01-04 02:24:00,0.004291,231.145,0.3483,49.994
Afternoon_Low,2020-01-04 02:27:00,0.00311,229.055,0.2648,49.987
Afternoon_Low,2020-01-04 02:30:00,0.003444,233.51,0.2913,49.988
Afternoon_Low,2020-01-04 02:33:00,0.004258,230.025,0.3208,49.986
Afternoon_Low,2020-01-04 02:36:00,0.004406,232.255,0.3637,50.02
Afternoon_Low,2020-01-04 02:39:00,0.003966,230.639,0.2925,50.001
Afternoon_Low,2020-01-04 02:42:00,0.002138,231.01,0.2936,49.999
Afternoon_Low,2020-01-04 02:45:00,0.005175,231.247,0.3508,49.997
Afternoon_Low,2020-01-04 02:48:00,0.005605,233.12,0.3307,49.977
Afternoon_Low,2020-01-04 02:51:00,0.004162,231.494,0.2937,49.981
Afternoon_Low,2020-01-04 02:54:00,0.004465,230.774,0.3308,50.002
Afternoon_Low,2020-01-04 02:57:00,0.005028,231.399,0.2684,50.015
Afternoon_Low,2020-01-04 03:00:00,0.003882,231.053,0.292,49.996
Afternoon_Low,2020-01-04 03:03:00,0.003465,231.3,0.3407,49.984
Afternoon_Low,2020-01-04 03:06:00,0.004374,231.617,0.2947,49.974
Afternoon_Low,2020-01-04 03:09:00,0.004591,231.034,0.3758,50.0
Afternoon_Low,2020-01-04 03:12:00,0.005135,230.015,0.3128,49.982
Afternoon_Low,2020-01-04 03:15:00,0.003359,231.246,0.3201,50.01
Afternoon_Low,2020-01-04 03:18:00,0.00448,230.359,0.2929,50.025
Afternoon_Low,2020-01-04 03:21:00,0.003899,230.615,0.2754,50.001
Afternoon_Low,2020-01-04 03:24:00,0.004475,230.378,0.3666,49.981
Afternoon_Low,2020-01-04 03:27:00,0.005843,230.641,0.3646,49.993
Afternoon_Low,2020-01-04 03:30:00,0.004928,230.509,0.3204,49.99
Afternoon_Low,2020-01-04 03:33:00,0.004502,231.812,0.309,49.979
Afternoon_Low,2020-01-04 03:36:00,0.005526,230.084,0.343,49.983
Afternoon_Low,2020-01-04 03:39:00,0.004417,231.554,0.2669,49.955
Afternoon_Low,2020-01-04 03:42:00,0.004549,232.28,0.3446,49.992
Afternoon_Low,2020-01-04 03:45:00,0.005927,231.6,0.3286,49.992
Afternoon_Low,2020-01-04 03:48:00,0.005837,230.712,0.3621,49.982
Afternoon_Low,2020-01-04 03:51:00,0.004336,230.777,0.3325,50.011
Afternoon_Low,2020-01-04 03:54:00,0.005257,229.384,0.3962,50.0
Afternoon_Low,2020-01-04 03:57:00,0.004612,231.952,0.2995,50.021
Afternoon_Low,2020-01-04 04:00:00,0.003857,232.125,0.2763,49.989
Afternoon_Low,2020-01-04 04:03:00,0.005448,231.533,0.3139,49.984
Afternoon_Low,2020-01-04 04:06:00,0.003805,230.889,0.3116,49.984
Afternoon_Low,2020-01-04 04:09:00,0.002192,231.945,0.3001,50.024
Afternoon_Low,2020-01-04 04:12:00,0.006013,230.714,0.3258,49.993
Afternoon_Low,2020-01-04 04:15:00,0.004433,231.775,0.3138,50.002
Afternoon_Low,2020-01-04 04:18:00,0.003682,230.767,0.326,50.015
Afternoon_Low,2020-01-04 04:21:00,0.00514,232.582,0.2973,49.993
Afternoon_Low,2020-01-04 04:24:00,0.003409,232.694,0.3356,49.996
Afternoon_Low,2020-01-04 04:27:00,0.006137,230.325,0.3898,49.977
Afternoon_Low,2020-01-04 04:30:00,0.005237,230.429,0.3997,49.983
Afternoon_Low,2020-01-04 04:33:00,0.003508,231.664,0.3494,49.991
Afternoon_Low,2020-01-04 04:36:00,0.005747,231.484,0.3839,49.998
Afternoon_Low,2020-01-04 04:39:00,0.005469,231.461,0.3247,49.983
Afternoon_Low,2020-01-04 04:42:00,0.006812,230.642,0.4183,49.998
Afternoon_Low,2020-01-04 04:45:00,0.005221,230.837,0.3954,49.981
Afternoon_Low,2020-01-04 04:48:00,0.006105,230.351,0.3545,49.998
Afternoon_Low,2020-01-04 04:51:00,0.007015,230.423,0.311,50.009
Afternoon_Low,2020-01-04 04:54:00,0.003198,231.507,0.3124,50.004
Afternoon_Low,2020-01-04 04:57:00,0.005554,233.358,0.377,49.98
Afternoon_Low,2020-01-04 05:00:00,0.005004,229.962,0.3133,50.012
Afternoon_Low,2020-01-04 05:03:00,0.004781,231.271,0.3421,50.014
Afternoon_Low,2020-01-04 05:06:00,0.004754,232.031,0.3615,49.997
Afternoon_Low,2020-01-04 05:09:00,0.004308,230.493,0.3266,49.995
Afternoon_Low,2020-01-04 05:12:00,0.004545,230.514,0.3409,49.995
Afternoon_Low,2020-01-04 05:15:00,0.002923,230.796,0.3007,49.984
Afternoon_Low,2020-01-04 05:18:00,0.005009,231.989,0.3963,50.004
Afternoon_Low,2020-01-04 05:21:00,0.003879,230.761,0.3433,49.993
Afternoon_Low,2020-01-04 05:24:00,0.006712,228.773,0.2782,49.994
Afternoon_Low,2020-01-04 05:27:00,0.005628,229.792,0.3596,50.023
Afternoon_Low,2020-01-04 05:30:00,0.005555,230.027,0.2951,49.992
Afternoon_Low,2020-01-04 05:33:00,0.006601,230.099,0.3814,50.014
Afternoon_Low,2020-01-04 05:36:00,0.005176,229.542,0.3611,50.018
Afternoon_Low,2020-01-04 05:39:00,0.004337,230.436,0.3839,50.003
Afternoon_Low,2020-01-04 05:42:00,0.004242,230.709,0.3644,50.002
Afternoon_Low,2020-01-04 05:45:00,0.004605,231.008,0.3482,49.985
Afternoon_Low,2020-01-04 05:48:00,0.004812,230.555,0.301,50.026
Afternoon_Low,2020-01-04 05:51:00,0.005629,231.343,0.34,50.024
Afternoon_Low,2020-01-04 05:54:00,0.005679,231.812,0.309,50.01
Afternoon_Low,2020-01-04 05:57:00,0.005442,230.832,0.3634,50.004
Afternoon_Low,2020-01-04 06:00:00,0.004623,231.256,0.3943,49.995
Afternoon_Low,2020-01-04 06:03:00,0.005762,230.774,0.3468,49.989
Afternoon_Low,2020-01-04 06:06:00,0.006154,230.927,0.3676,49.999
Afternoon_Low,2020-01-04 06:09:00,0.00498,231.076,0.3016,50.0
Afternoon_Low,2020-01-04 06:12:00,0.005622,231.383,0.3636,49.999
Afternoon_Low,2020-01-04 06:15:00,0.00581,231.323,0.3299,50.005
Afternoon_Low,2020-01-04 06:18:00,0.005199,230.177,0.396,49.996
Afternoon_Low,2020-01-04 06:21:00,0.006299,230.431,0.4623,49.984
Afternoon_Low,2020-01-04 06:24:00,0.005447,230.168,0.4055,49.998
Afternoon_Low,2020-01-04 06:27:00,0.005882,230.549,0.3191,49.981
Afternoon_Low,2020-01-04 06:30:00,0.009488,229.164,0.4331,49.994
Afternoon_Low,2020-01-04 06:33:00,0.005792,230.863,0.351,50.011
Afternoon_Low,2020-01-04 06:36:00,0.005375,230.937,0.357,50.005
Afternoon_Low,2020-01-04 06:39:00,0.009045,230.15,0.3841,49.971
Afternoon_Low,2020-01-04 06:42:00,0.006016,232.075,0.298,50.006
Afternoon_Low,2020-01-04 06:45:00,0.004934,231.513,0.3356,50.003
Afternoon_Low,2020-01-04 06:48:00,0.006317,230.78,0.3473,49.994
Afternoon_Low,2020-01-04 06:51:00,0.005568,230.307,0.3473,49.964
Afternoon_Low,2020-01-04 06:54:00,0.006576,230.463,0.3851,50.002
Afternoon_Low,2020-01-04 06:57:00,0.005412,231.006,0.3682,49.974
Afternoon_Low,2020-01-04 07:00:00,0.004167,231.19,0.3266,49.983
Afternoon_Low,2020-01-04 07:03:00,0.00494,228.336,0.3646,50.004
Afternoon_Low,2020-01-04 07:06:00,0.008324,231.253,0.4201,49.991
Afternoon_Low,2020-01-04 07:09:00,0.008606,230.502,0.4227,49.999
Afternoon_Low,2020-01-04 07:12:00,0.006706,230.41,0.356,49.996
Afternoon_Low,2020-01-04 07:15:00,0.006068,230.114,0.3282,49.98
Afternoon_Low,2020-01-04 07:18:00,0.003779,231.366,0.2955,50.01
Afternoon_Low,2020-01-04 07:21:00,0.004955,232.125,0.3331,50.004
Afternoon_Low,2020-01-04 07:24:00,0.005723,231.35,0.362,49.998
Afternoon_Low,2020-01-04 07:27:00,0.007958,230.598,0.4111,49.998
Afternoon_Low,2020-01-04 07:30:00,0.006485,231.61,0.3963,49.979
Afternoon_Low,2020-01-04 07:33:00,0.006267,230.764,0.4049,49.991
Afternoon_Low,2020-01-04 07:36:00,0.005503,231.444,0.3384,49.994
Afternoon_Low,2020-01-04 07:39:00,0.008562,231.953,0.3897,49.982
Afternoon_Low,2020-01-04 07:42:00,0.006628,231.769,0.3229,49.975
Afternoon_Low,2020-01-04 07:45:00,0.006619,230.26,0.3632,49.987
Afternoon_Low,2020-01-04 07:48:00,0.007719,230.011,0.4207,49.993
Afternoon_Low,2020-01-04 07:51:00,0.005749,230.896,0.349,49.999
Afternoon_Low,2020-01-04 07:54:00,0.007769,231.353,0.416,49.992
Afternoon_Low,2020-01-04 07:57:00,0.007082,232.705,0.3845,50.004
Afternoon_Low,2020-01-04 08:00:00,0.008115,230.069,0.3674,50.005
Afternoon_Low,2020-01-04 08:03:00,0.006344,231.527,0.326,49.988
Afternoon_Low,2020-01-04 08:06:00,0.007032,230.284,0.4095,50.003
Afternoon_Low,2020-01-04 08:09:00,0.006938,231.75,0.3905,49.999
Afternoon_Low,2020-01-04 08:12:00,0.007681,230.114,0.3881,49.99
Afternoon_Low,2020-01-04 08:15:00,0.006486,231.967,0.358,50.007
Afternoon_Low,2020-01-04 08:18:00,0.00566,230.814,0.333,49.994
Afternoon_Low,2020-01-04 08:21:00,0.006989,230.962,0.3767,50.006
Afternoon_Low,2020-01-04 08:24:00,0.008144,231.14,0.3717,50.007
Afternoon_Low,2020-01-04 08:27:00,0.004289,231.395,0.3502,49.981
Afternoon_Low,2020-01-04 08:30:00,0.006739,230.882,0.3972,50.006
Afternoon_Low,2020-01-04 08:33:00,0.007458,231.261,0.3768,50.004
Afternoon_Low,2020-01-04 08:36:00,0.00706,230.604,0.35,49.999
Afternoon_Low,2020-01-04 08:39:00,0.008369,227.914,0.3641,49.999
Afternoon_Low,2020-01-04 08:42:00,0.004302,231.335,0.3006,49.997
Afternoon_Low,2020-01-04 08:45:00,0.008308,231.955,0.4123,49.987
Afternoon_Low,2020-01-04 08:48:00,0.007385,230.029,0.4265,50.006
Afternoon_Low,2020-01-04 08:51:00,0.006581,229.527,0.4266,49.988
Afternoon_Low,2020-01-04 08:54:00,0.006101,229.663,0.3879,50.013
Afternoon_Low,2020-01-04 08:57:00,0.006415,230.703,0.3369,49.991
Afternoon_Low,2020-01-04 09:00:00,0.008314,231.916,0.4029,49.978
Afternoon_Low,2020-01-04 09:03:00,0.008068,229.548,0.3786,50.002
Afternoon_Low,2020-01-04 09:06:00,0.00891,230.396,0.3954,50.0
Afternoon_Low,2020-01-04 09:09:00,0.005889,230.758,0.3558,50.002
Afternoon_Low,2020-01-04 09:12:00,0.00642,231.297,0.3668,50.002
Afternoon_Low,2020-01-04 09:15:00,0.008224,231.801,0.3597,50.019
Afternoon_Low,2020-01-04 09:18:00,0.007887,230.911,0.3707,49.995
Afternoon_Low,2020-01-04 09:21:00,0.008848,230.462,0.3795,49.986
Afternoon_Low,2020-01-04 09:24:00,0.007945,230.85,0.3576,49.998
Afternoon_Low,2020-01-04 09:27:00,0.004631,230.517,0.341,50.003
Afternoon_Low,2020-01-04 09:30:00,0.008657,230.563,0.4172,49.986
Afternoon_Low,2020-01-04 09:33:00,0.010938,228.221,0.394,49.987
Afternoon_Low,2020-01-04 09:36:00,0.008796,230.332,0.4467,49.993
Afternoon_Low,2020-01-04 09:39:00,0.007491,231.024,0.4355,49.987
Afternoon_Low,2020-01-04 09:42:00,0.00826,230.007,0.4017,49.983
Afternoon_Low,2020-01-04 09:45:00,0.007158,229.456,0.4207,49.976
Afternoon_Low,2020-01-04 09:48:00,0.008602,231.142,0.3878,49.98
Afternoon_Low,2020-01-04 09:51:00,0.010517,228.924,0.4217,49.995
Afternoon_Low,2020-01-04 09:54:00,0.00934,230.159,0.3806,49.975
Afternoon_Low,2020-01-04 09:57:00,0.008945,230.286,0.4305,50.015
Afternoon_Low,2020-01-04 10:00:00,0.011554,229.06,0.5384,49.982
Afternoon_Low,2020-01-04 10:03:00,0.006629,230.358,0.3697,49.978
Afternoon_Low,2020-01-04 10:06:00,0.009277,230.169,0.403,49.994
Afternoon_Low,2020-01-04 10:09:00,0.011286,229.983,0.4898,50.0
Afternoon_Low,2020-01-04 10:12:00,0.012721,228.622,0.4869,49.972
Afternoon_Low,2020-01-04 10:15:00,0.005271,231.189,0.2903,49.999
Afternoon_Low,2020-01-04 10:18:00,0.006688,231.002,0.3739,49.985
Afternoon_Low,2020-01-04 10:21:00,0.007241,229.456,0.3529,49.985
Afternoon_Low,2020-01-04 10:24:00,0.008858,230.274,0.3786,50.0
Afternoon_Low,2020-01-04 10:27:00,0.007922,230.178,0.3752,49.996
Afternoon_Low,2020-01-04 10:30:00,0.012609,229.604,0.5002,49.997
Afternoon_Low,2020-01-04 10:33:00,0.011315,230.553,0.4587,49.99
Afternoon_Low,2020-01-04 10:36:00,0.007568,229.414,0.3573,49.995
Afternoon_Low,2020-01-04 10:39:00,0.012662,229.48,0.5061,49.981
Afternoon_Low,2020-01-04 10:42:00,0.00744,231.33,0.4143,50.012
Afternoon_Low,2020-01-04 10:45:00,0.015226,228.728,0.5403,49.978
Afternoon_Low,2020-01-04 10:48:00,0.008164,231.451,0.3979,49.988
Afternoon_Low,2020-01-04 10:51:00,0.011651,230.319,0.4144,49.995
Afternoon_Low,2020-01-04 10:54:00,0.011336,228.937,0.4083,50.005
Afternoon_Low,2020-01-04 10:57:00,0.011821,229.737,0.496,50.0
Afternoon_Low,2020-01-04 11:00:00,0.010408,230.743,0.3785,49.973
Afternoon_Low,2020-01-04 11:03:00,0.00782,230.186,0.3395,49.999
Afternoon_Low,2020-01-04 11:06:00,0.010763,231.347,0.4841,49.983
Afternoon_Low,2020-01-04 11:09:00,0.011979,230.172,0.3845,49.98
Afternoon_Low,2020-01-04 11:12:00,0.012346,228.649,0.4912,49.992
Afternoon_Low,2020-01-04 11:15:00,0.008897,232.488,0.4343,49.986
Afternoon_Low,2020-01-04 11:18:00,0.012898,229.544,0.495,49.977
Afternoon_Low,2020-01-04 11:21:00,0.013722,230.098,0.5442,49.995
Afternoon_Low,2020-01-04 11:24:00,0.012559,230.062,0.5204,50.005
Afternoon_Low,2020-01-04 11:27:00,0.010527,232.869,0.4765,49.997
Afternoon_Low,2020-01-04 11:30:00,0.009695,229.34,0.3954,49.99
Afternoon_Low,2020-01-04 11:33:00,0.014935,228.367,0.5419,49.994
Afternoon_Low,2020-01-04 11:36:00,0.013103,228.204,0.5086,50.013
Afternoon_Low,2020-01-04 11:39:00,0.016059,229.14,0.5938,49.97
Afternoon_Low,2020-01-04 11:42:00,0.013533,230.799,0.5349,49.995
Afternoon_Low,2020-01-04 11:45:00,0.013281,230.008,0.4711,49.978
Afternoon_Low,2020-01-04 11:48:00,0.013872,227.943,0.5084,49.995
Afternoon_Low,2020-01-04 11:51:00,0.015183,229.136,0.5595,49.98
Afternoon_Low,2020-01-04 11:54:00,0.012304,228.148,0.4526,49.986
Afternoon_Low,2020-01-04 11:57:00,0.018564,228.566,0.5343,49.968
Afternoon_Low,2020-01-04 12:00:00,0.017197,228.728,0.5707,49.983
Afternoon_Low,2020-01-04 12:03:00,0.011557,231.07,0.3966,50.009
Afternoon_Low,2020-01-04 12:06:00,0.018848,227.015,0.5946,49.998
Afternoon_Low,2020-01-04 12:09:00,0.02214,226.812,0.6548,49.981
Afternoon_Low,2020-01-04 12:12:00,0.010724,229.602,0.4319,49.998
Afternoon_Low,2020-01-04 12:15:00,0.017376,227.961,0.6154,49.988
Afternoon_Low,2020-01-04 12:18:00,0.014102,230.131,0.5213,49.978
Afternoon_Low,2020-01-04 12:21:00,0.018503,228.726,0.5493,49.989
Afternoon_Low,2020-01-04 12:24:00,0.014162,229.118,0.4752,50.001
Afternoon_Low,2020-01-04 12:27:00,0.019304,226.932,0.6339,50.0
Afternoon_Low,2020-01-04 12:30:00,0.014027,230.186,0.5362,49.998
Afternoon_Low,2020-01-04 12:33:00,0.01685,227.983,0.5642,49.982
Afternoon_Low,2020-01-04 12:36:00,0.012565,230.969,0.4517,49.982
Afternoon_Low,2020-01-04 12:39:00,0.010898,231.049,0.453,50.003
Afternoon_Low,2020-01-04 12:42:00,0.016036,227.245,0.5608,49.986
Afternoon_Low,2020-01-04 12:45:00,0.019773,227.757,0.6682,49.947
Afternoon_Low,2020-01-04 12:48:00,0.018739,226.988,0.5733,49.962
Afternoon_Low,2020-01-04 12:51:00,0.014094,229.479,0.5088,49.978
Afternoon_Low,2020-01-04 12:54:00,0.020617,228.829,0.5626,49.965
Afternoon_Low,2020-01-04 12:57:00,0.018484,227.838,0.6002,49.984
Afternoon_Low,2020-01-04 13:00:00,0.013359,228.851,0.4267,50.0
Afternoon_Low,2020-01-04 13:03:00,0.016247,229.606,0.5698,49.985
Afternoon_Low,2020-01-04 13:06:00,0.018117,227.866,0.4909,49.974
Afternoon_Low,2020-01-04 13:09:00,0.018151,227.387,0.5652,49.986
Afternoon_Low,2020-01-04 13:12:00,0.015473,229.93,0.5598,49.973
Afternoon_Low,2020-01-04 13:15:00,0.016447,227.118,0.5836,49.976
Afternoon_Low,2020-01-04 13:18:00,0.019033,228.917,0.6131,49.98
Afternoon_Low,2020-01-04 13:21:00,0.017721,229.212,0.56,49.961
Afternoon_Low,2020-01-04 13:24:00,0.022065,226.462,0.6097,49.988
Afternoon_Low,2020-01-04 13:27:00,0.023676,225.644,0.7029,49.95
Afternoon_Low,2020-01-04 13:30:00,0.020768,228.692,0.6403,49.985
Afternoon_Low,2020-01-04 13:33:00,0.028497,226.319,0.7802,49.983
Afternoon_Low,2020-01-04 13:36:00,0.016487,228.984,0.4941,49.981
Afternoon_Low,2020-01-04 13:39:00,0.026644,227.069,0.7259,49.963
Afternoon_Low,2020-01-04 13:42:00,0.013067,229.795,0.4853,49.988
Afternoon_Low,2020-01-04 13:45:00,0.020243,229.05,0.577,49.99
Afternoon_Low,2020-01-04 13:48:00,0.018939,227.375,0.6178,49.986
Afternoon_Low,2020-01-04 13:51:00,0.025046,226.86,0.73,49.973
Afternoon_Low,2020-01-04 13:54:00,0.018959,227.356,0.5975,49.99
Afternoon_Low,2020-01-04 13:57:00,0.017487,227.883,0.5078,49.987
Afternoon_Low,2020-01-04 14:00:00,0.018456,228.105,0.4973,49.977
Afternoon_Low,2020-01-04 14:03:00,0.018447,227.827,0.6146,49.989
Afternoon_Low,2020-01-04 14:06:00,0.019915,227.585,0.5965,49.997
Afternoon_Low,2020-01-04 14:09:00,0.0261,227.383,0.7669,49.98
Afternoon_Low,2020-01-04 14:12:00,0.0238,226.845,0.6856,49.977
Afternoon_Low,2020-01-04 14:15:00,0.021425,226.93,0.6558,49.986
Afternoon_Low,2020-01-04 14:18:00,0.015695,229.415,0.5455,49.991
Afternoon_Low,2020-01-04 14:21:00,0.018214,228.865,0.5676,49.986
Afternoon_Low,2020-01-04 14:24:00,0.020906,228.864,0.6306,49.986
Afternoon_Low,2020-01-04 14:27:00,0.018191,227.779,0.5411,49.97
Afternoon_Low,2020-01-04 14:30:00,0.01748,228.986,0.5783,49.97
Afternoon_Low,2020-01-04 14:33:00,0.021585,227.956,0.6511,49.975
Afternoon_Low,2020-01-04 14:36:00,0.021257,227.216,0.6169,49.967
Afternoon_Low,2020-01-04 14:39:00,0.016426,228.1,0.5248,49.988
Afternoon_Low,2020-01-04 14:42:00,0.01376,230.601,0.494,50.002
Afternoon_Low,2020-01-04 14:45:00,0.017286,229.35,0.5188,49.974
Afternoon_Low,2020-01-04 14:48:00,0.018541,228.194,0.4987,49.991
Afternoon_Low,2020-01-04 14:51:00,0.016038,229.628,0.6141,49.978
Afternoon_Low,2020-01-04 14:54:00,0.018195,228.671,0.5746,49.981
Afternoon_Low,2020-01-04 14:57:00,0.02118,227.374,0.6029,49.999
Afternoon_Low,2020-01-04 15:00:00,0.019603,228.297,0.6069,49.995
Afternoon_Low,2020-01-04 15:03:00,0.02067,228.278,0.6235,49.993
Afternoon_Low,2020-01-04 15:06:00,0.016284,227.427,0.5441,49.998
Afternoon_Low,2020-01-04 15:09:00,0.020435,227.803,0.7007,49.98
Afternoon_Low,2020-01-04 15:12:00,0.018771,227.972,0.5386,49.973
Afternoon_Low,2020-01-04 15:15:00,0.017925,227.971,0.6169,49.973
Afternoon_Low,2020-01-04 15:18:00,0.02179,228.431,0.7223,49.974
Afternoon_Low,2020-01-04 15:21:00,0.013966,230.339,0.4879,49.989
Afternoon_Low,2020-01-04 15:24:00,0.014107,228.908,0.4926,49.981
Afternoon_Low,2020-01-04 15:27:00,0.020934,228.684,0.5496,49.97
Afternoon_Low,2020-01-04 15:30:00,0.01831,228.78,0.5549,49.979
Afternoon_Low,2020-01-04 15:33:00,0.016291,227.811,0.5544,50.007
Afternoon_Low,2020-01-04 15:36:00,0.015852,228.528,0.5572,49.974
Afternoon_Low,2020-01-04 15:39:00,0.014812,227.906,0.5463,49.973
Afternoon_Low,2020-01-04 15:42:00,0.018847,229.31,0.5206,49.976
Afternoon_Low,2020-01-04 15:45:00,0.016197,228.289,0.487,49.984
Afternoon_Low,2020-01-04 15:48:00,0.012202,229.82,0.4356,50.011
Afternoon_Low,2020-01-04 15:51:00,0.009414,229.846,0.4482,49.994
Afternoon_Low,2020-01-04 15:54:00,0.013012,229.593,0.4622,49.985
Afternoon_Low,2020-01-04 15:57:00,0.014112,229.311,0.5163,49.989
Afternoon_Low,2020-01-04 16:00:00,0.014958,230.06,0.5289,49.99
Afternoon_Low,2020-01-04 16:03:00,0.011322,229.23,0.4443,50.008
Afternoon_Low,2020-01-04 16:06:00,0.01669,227.883,0.6444,49.978
Afternoon_Low,2020-01-04 16:09:00,0.011187,229.364,0.4102,50.018
Afternoon_Low,2020-01-04 16:12:00,0.014934,228.168,0.5492,49.984
Afternoon_Low,2020-01-04 16:15:00,0.011853,230.669,0.4266,49.994
Afternoon_Low,2020-01-04 16:18:00,0.008783,230.039,0.4655,49.991
Afternoon_Low,2020-01-04 16:21:00,0.018554,226.896,0.6091,49.982
Afternoon_Low,2020-01-04 16:24:00,0.012298,229.184,0.4387,50.001
Afternoon_Low,2020-01-04 16:27:00,0.013577,228.951,0.45,49.982
Afternoon_Low,2020-01-04 16:30:00,0.016768,229.358,0.5896,50.009
Afternoon_Low,2020-01-04 16:33:00,0.010532,229.3,0.4403,49.99
Afternoon_Low,2020-01-04 16:36:00,0.013943,229.279,0.5656,49.973
Afternoon_Low,2020-01-04 16:39:00,0.01445,230.556,0.499,49.992
Afternoon_Low,2020-01-04 16:42:00,0.013196,229.22,0.4169,49.988
Afternoon_Low,2020-01-04 16:45:00,0.011646,228.99,0.4588,49.979
Afternoon_Low,2020-01-04 16:48:00,0.011293,228.165,0.4286,49.974
Afternoon_Low,2020-01-04 16:51:00,0.012783,229.567,0.5278,49.982
Afternoon_Low,2020-01-04 16:54:00,0.008525,231.375,0.4284,49.985
Afternoon_Low,2020-01-04 16:57:00,0.012317,230.121,0.4532,49.991
Afternoon_Low,2020-01-04 17:00:00,0.011651,228.637,0.4751,50.004
Afternoon_Low,2020-01-04 17:03:00,0.009861,229.144,0.3605,49.995
Afternoon_Low,2020-01-04 17:06:00,0.00868,229.711,0.377,49.984
Afternoon_Low,2020-01-04 17:09:00,0.010676,228.556,0.4319,49.985
Afternoon_Low,2020-01-04 17:12:00,0.014001,229.234,0.5886,50.003
Afternoon_Low,2020-01-04 17:15:00,0.012847,230.613,0.4414,49.978
Afternoon_Low,2020-01-04 17:18:00,0.008725,230.002,0.3829,50.006
Afternoon_Low,2020-01-04 17:21:00,0.01268,229.534,0.4632,49.997
Afternoon_Low,2020-01-04 17:24:00,0.009365,230.205,0.4052,49.973
Afternoon_Low,2020-01-04 17:27:00,0.01151,230.216,0.4654,49.964
Afternoon_Low,2020-01-04 17:30:00,0.010161,229.056,0.4394,49.997
Afternoon_Low,2020-01-04 17:33:00,0.009564,229.713,0.3883,49.977
Afternoon_Low,2020-01-04 17:36:00,0.009287,230.542,0.4442,49.97
Afternoon_Low,2020-01-04 17:39:00,0.007215,229.284,0.372,49.976
Afternoon_Low,2020-01-04 17:42:00,0.009109,229.635,0.405,49.979
Afternoon_Low,2020-01-04 17:45:00,0.007753,229.332,0.3493,49.999
Afternoon_Low,2020-01-04 17:48:00,0.007427,230.198,0.3766,49.978
Afternoon_Low,2020-01-04 17:51:00,0.009261,230.224,0.4233,49.989
Afternoon_Low,2020-01-04 17:54:00,0.009472,230.717,0.3998,49.993
Afternoon_Low,2020-01-04 17:57:00,0.007564,229.027,0.369,49.992
Afternoon_Low,2020-01-04 18:00:00,0.009249,230.84,0.3581,50.0
Afternoon_Low,2020-01-04 18:03:00,0.008835,229.988,0.3853,50.006
Afternoon_Low,2020-01-04 18:06:00,0.008612,231.259,0.3765,49.997
Afternoon_Low,2020-01-04 18:09:00,0.006469,231.626,0.3743,50.012
Afternoon_Low,2020-01-04 18:12:00,0.007868,229.499,0.324,49.965
Afternoon_Low,2020-01-04 18:15:00,0.005787,230.68,0.35,49.999
Afternoon_Low,2020-01-04 18:18:00,0.009464,230.199,0.4202,49.979
Afternoon_Low,2020-01-04 18:21:00,0.008227,230.848,0.3886,49.988
Afternoon_Low,2020-01-04 18:24:00,0.005092,230.583,0.2927,49.998
Afternoon_Low,2020-01-04 18:27:00,0.00745,230.941,0.3703,49.974
Afternoon_Low,2020-01-04 18:30:00,0.009793,230.568,0.4499,49.982
Afternoon_Low,2020-01-04 18:33:00,0.007709,230.227,0.3696,49.976
Afternoon_Low,2020-01-04 18:36:00,0.005161,231.753,0.3359,50.007
Afternoon_Low,2020-01-04 18:39:00,0.007506,230.751,0.3611,49.998
Afternoon_Low,2020-01-04 18:42:00,0.009088,231.523,0.4504,49.966
Afternoon_Low,2020-01-04 18:45:00,0.005647,231.129,0.2786,49.979
Afternoon_Low,2020-01-04 18:48:00,0.00587,230.677,0.4171,49.995
Afternoon_Low,2020-01-04 18:51:00,0.006404,229.538,0.342,49.99
Afternoon_Low,2020-01-04 18:54:00,0.006715,231.009,0.3758,49.986
Afternoon_Low,2020-01-04 18:57:00,0.004462,231.541,0.343,49.989
Afternoon_Low,2020-01-04 19:00:00,0.005743,231.457,0.3532,49.992
Afternoon_Low,2020-01-04 19:03:00,0.004837,231.168,0.3761,49.999
Afternoon_Low,2020-01-04 19:06:00,0.004358,230.528,0.2786,50.004
Afternoon_Low,2020-01-04 19:09:00,0.00599,228.976,0.3429,50.009
Afternoon_Low,2020-01-04 19:12:00,0.002899,232.393,0.3229,50.016
Afternoon_Low,2020-01-04 19:15:00,0.003955,232.474,0.2824,49.999
Afternoon_Low,2020-01-04 19:18:00,0.00296,230.637,0.3267,49.983
Afternoon_Low,2020-01-04 19:21:00,0.00722,230.367,0.3128,49.998
Afternoon_Low,2020-01-04 19:24:00,0.006244,231.402,0.3304,50.007
Afternoon_Low,2020-01-04 19:27:00,0.003543,230.57,0.2896,50.003
Afternoon_Low,2020-01-04 19:30:00,0.005652,230.585,0.2918,50.005
Afternoon_Low,2020-01-04 19:33:00,0.003652,231.985,0.3225,50.011
Afternoon_Low,2020-01-04 19:36:00,0.004283,230.602,0.3339,49.994
Afternoon_Low,2020-01-04 19:39:00,0.004659,230.258,0.3348,49.99
Afternoon_Low,2020-01-04 19:42:00,0.003925,232.27,0.3326,50.002
Afternoon_Low,2020-01-04 19:45:00,0.003059,232.369,0.3001,49.98
Afternoon_Low,2020-01-04 19:48:00,0.005074,231.243,0.3864,49.98
Afternoon_Low,2020-01-04 19:51:00,0.005391,230.298,0.3658,49.983
Afternoon_Low,2020-01-04 19:54:00,0.004927,230.185,0.3838,49.997
Afternoon_Low,2020-01-04 19:57:00,0.003155,230.629,0.2916,50.001
Afternoon_Low,2020-01-04 20:00:00,0.004219,231.179,0.3173,49.988
Afternoon_Low,2020-01-04 20:03:00,0.003685,231.597,0.34,49.989
Afternoon_Low,2020-01-04 20:06:00,0.006621,230.97,0.3466,50.001
Afternoon_Low,2020-01-04 20:09:00,0.004946,230.054,0.3759,49.991
Afternoon_Low,2020-01-04 20:12:00,0.006687,230.932,0.3688,49.998
Afternoon_Low,2020-01-04 20:15:00,0.004231,230.771,0.2776,50.006
Afternoon_Low,2020-01-04 20:18:00,0.003626,231.744,0.3715,49.982
Afternoon_Low,2020-01-04 20:21:00,0.005951,232.27,0.3446,49.985
Afternoon_Low,2020-01-04 20:24:00,0.006639,230.487,0.3614,50.001
Afternoon_Low,2020-01-04 20:27:00,0.003964,232.167,0.364,49.997
Afternoon_Low,2020-01-04 20:30:00,0.006213,229.575,0.3789,49.993
Afternoon_Low,2020-01-04 20:33:00,0.006356,231.179,0.4104,50.002
Afternoon_Low,2020-01-04 20:36:00,0.003354,230.265,0.3365,50.005
Afternoon_Low,2020-01-04 20:39:00,0.004146,230.804,0.2515,49.985
Afternoon_Low,2020-01-04 20:42:00,0.005622,231.372,0.3479,50.006
Afternoon_Low,2020-01-04 20:45:00,0.004779,230.726,0.2931,49.975
Afternoon_Low,2020-01-04 20:48:00,0.005132,230.534,0.3231,49.991
Afternoon_Low,2020-01-04 20:51:00,0.004332,232.745,0.37,49.991
Afternoon_Low,2020-01-04 20:54:00,0.004676,231.176,0.3424,49.991
Afternoon_Low,2020-01-04 20:57:00,0.00436,230.257,0.3191,49.993
Afternoon_Low,2020-01-04 21:00:00,0.005001,231.284,0.3634,49.995
Afternoon_Low,2020-01-04 21:03:00,0.004482,232.802,0.2831,49.996
Afternoon_Low,2020-01-04 21:06:00,0.005155,231.712,0.3499,50.002
Afternoon_Low,2020-01-04 21:09:00,0.004265,230.897,0.3671,49.979
Afternoon_Low,2020-01-04 21:12:00,0.005702,231.625,0.365,49.978
Afternoon_Low,2020-01-04 21:15:00,0.00368,229.903,0.3509,49.973
Afternoon_Low,2020-01-04 21:18:00,0.003765,232.38,0.3288,50.0
Afternoon_Low,2020-01-04 21:21:00,0.005481,231.359,0.3252,50.005
Afternoon_Low,2020-01-04 21:24:00,0.004518,232.325,0.3049,49.985
Afternoon_Low,2020-01-04 21:27:00,0.00531,230.386,0.3509,49.985
Afternoon_Low,2020-01-04 21:30:00,0.004009,232.56,0.3469,49.974
Afternoon_Low,2020-01-04 21:33:00,0.003234,230.578,0.2299,50.008
Afternoon_Low,2020-01-04 21:36:00,0.005874,230.381,0.4,49.982
Afternoon_Low,2020-01-04 21:39:00,0.003968,232.504,0.2546,49.997
Afternoon_Low,2020-01-04 21:42:00,0.004495,230.875,0.3137,49.982
Afternoon_Low,2020-01-04 21:45:00,0.006093,230.618,0.3456,49.995
Afternoon_Low,2020-01-04 21:48:00,0.003734,230.286,0.3269,50.009
Afternoon_Low,2020-01-04 21:51:00,0.004971,230.74,0.3137,49.992
Afternoon_Low,2020-01-04 21:54:00,0.004498,232.318,0.3411,49.999
Afternoon_Low,2020-01-04 21:57:00,0.00479,231.765,0.2228,49.977
Afternoon_Low,2020-01-04 22:00:00,0.003587,230.574,0.281,49.985
Afternoon_Low,2020-01-04 22:03:00,0.00531,232.468,0.336,49.989
Afternoon_Low,2020-01-04 22:06:00,0.005194,230.872,0.3382,49.996
Afternoon_Low,2020-01-04 22:09:00,0.003634,232.526,0.3153,49.988
Afternoon_Low,2020-01-04 22:12:00,0.003989,231.388,0.4037,49.985
Afternoon_Low,2020-01-04 22:15:00,0.002099,232.079,0.3395,49.999
Afternoon_Low,2020-01-04 22:18:00,0.004304,229.859,0.3411,50.02
Afternoon_Low,2020-01-04 22:21:00,0.004248,231.315,0.3684,49.983
Afternoon_Low,2020-01-04 22:24:00,0.005167,231.499,0.3481,49.992
Afternoon_Low,2020-01-04 22:27:00,0.004857,231.783,0.3388,50.008
Afternoon_Low,2020-01-04 22:30:00,0.004667,231.03,0.3047,49.997
Afternoon_Low,2020-01-04 22:33:00,0.004803,230.229,0.3278,50.007
Afternoon_Low,2020-01-04 22:36:00,0.003623,229.92,0.3326,50.001
Afternoon_Low,2020-01-04 22:39:00,0.003454,232.642,0.3009,49.974
Afternoon_Low,2020-01-04 22:42:00,0.004223,229.61,0.3059,49.969
Afternoon_Low,2020-01-04 22:45:00,0.0037,230.446,0.3332,49.991
Afternoon_Low,2020-01-04 22:48:00,0.003685,230.284,0.2903,49.974
Afternoon_Low,2020-01-04 22:51:00,0.004437,230.91,0.3824,50.008
Afternoon_Low,2020-01-04 22:54:00,0.003947,230.137,0.3043,49.995
Afternoon_Low,2020-01-04 22:57:00,0.004365,230.156,0.394,49.993
Afternoon_Low,2020-01-04 23:00:00,0.005287,230.582,0.3799,50.006
Afternoon_Low,2020-01-04 23:03:00,0.005684,229.757,0.4138,49.999
Afternoon_Low,2020-01-04 23:06:00,0.002891,230.593,0.3005,50.005
Afternoon_Low,2020-01-04 23:09:00,0.004871,232.091,0.3927,50.01
Afternoon_Low,2020-01-04 23:12:00,0.004467,229.99,0.3608,50.008
Afternoon_Low,2020-01-04 23:15:00,0.003709,231.49,0.3087,49.978
Afternoon_Low,2020-01-04 23:18:00,0.005137,231.058,0.375,50.021
Afternoon_Low,2020-01-04 23:21:00,0.005268,230.989,0.4035,50.003
Afternoon_Low,2020-01-04 23:24:00,0.00296,230.854,0.2942,49.982
Afternoon_Low,2020-01-04 23:27:00,0.00313,232.25,0.3243,49.989
Afternoon_Low,2020-01-04 23:30:00,0.005101,230.107,0.286,49.978
Afternoon_Low,2020-01-04 23:33:00,0.005442,230.942,0.3786,49.99
Afternoon_Low,2020-01-04 23:36:00,0.003959,232.706,0.3855,50.011
Afternoon_Low,2020-01-04 23:39:00,0.004788,231.468,0.3526,50.007
Afternoon_Low,2020-01-04 23:42:00,0.005273,231.71,0.2851,49.995
Afternoon_Low,2020-01-04 23:45:00,0.004593,230.096,0.3695,50.002
Afternoon_Low,2020-01-04 23:48:00,0.002669,231.791,0.3328,49.997
Afternoon_Low,2020-01-04 23:51:00,0.004702,231.534,0.3317,49.978
Afternoon_Low,2020-01-04 23:54:00,0.004377,230.226,0.3451,49.987
Afternoon_Low,2020-01-04 23:57:00,0.005385,232.512,0.3269,49.996
Afternoon_Low,2020-01-05 00:00:00,0.003271,231.588,0.2769,49.987
Afternoon_Low,2020-01-05 00:03:00,0.004541,230.161,0.3209,50.0
Afternoon_Low,2020-01-05 00:06:00,0.003783,230.17,0.3648,49.999
Afternoon_Low,2020-01-05 00:09:00,0.004068,231.238,0.3068,49.994
Afternoon_Low,2020-01-05 00:12:00,0.005057,232.001,0.3284,50.005
Afternoon_Low,2020-01-05 00:15:00,0.005122,232.028,0.3523,49.986
Afternoon_Low,2020-01-05 00:18:00,0.004606,231.462,0.3141,49.989
Afternoon_Low,2020-01-05 00:21:00,0.005326,231.146,0.3403,50.007
Afternoon_Low,2020-01-05 00:24:00,0.004413,230.968,0.2573,50.002
Afternoon_Low,2020-01-05 00:27:00,0.003994,231.348,0.362,49.996
Afternoon_Low,2020-01-05 00:30:00,0.005017,231.255,0.3211,49.995
Afternoon_Low,2020-01-05 00:33:00,0.004892,232.066,0.3129,49.993
Afternoon_Low,2020-01-05 00:36:00,0.005899,231.051,0.3564,49.977
Afternoon_Low,2020-01-05 00:39:00,0.003544,233.428,0.2907,50.022
Afternoon_Low,2020-01-05 00:42:00,0.004701,230.701,0.2861,50.004
Afternoon_Low,2020-01-05 00:45:00,0.004416,229.886,0.3269,50.004
Afternoon_Low,2020-01-05 00:48:00,0.005458,230.621,0.357,50.001
Afternoon_Low,2020-01-05 00:51:00,0.004346,230.324,0.3158,50.001
Afternoon_Low,2020-01-05 00:54:00,0.003577,231.786,0.294,49.986
Afternoon_Low,2020-01-05 00:57:00,0.004307,231.877,0.2905,49.992
Afternoon_Low,2020-01-05 01:00:00,0.00388,231.767,0.3127,50.011
Afternoon_Low,2020-01-05 01:03:00,0.004137,231.573,0.3546,49.993
Afternoon_Low,2020-01-05 01:06:00,0.003013,231.633,0.265,49.994
Afternoon_Low,2020-01-05 01:09:00,0.00492,230.351,0.3281,49.995
Afternoon_Low,2020-01-05 01:12:00,0.005949,230.956,0.3835,49.974
Afternoon_Low,2020-01-05 01:15:00,0.005282,229.741,0.3444,49.997
Afternoon_Low,2020-01-05 01:18:00,0.004707,231.9,0.3286,50.007
Afternoon_Low,2020-01-05 01:21:00,0.00388,231.063,0.3501,50.001
Afternoon_Low,2020-01-05 01:24:00,0.004546,230.806,0.3907,50.004
Afternoon_Low,2020-01-05 01:27:00,0.0045,231.285,0.3719,49.99
Afternoon_Low,2020-01-05 01:30:00,0.003911,230.723,0.3282,50.006
Afternoon_Low,2020-01-05 01:33:00,0.00457,232.29,0.3684,49.994
Afternoon_Low,2020-01-05 01:36:00,0.004954,230.587,0.3286,49.99
Afternoon_Low,2020-01-05 01:39:00,0.004946,230.615,0.3296,49.978
Afternoon_Low,2020-01-05 01:42:00,0.005581,230.19,0.3477,50.008
Afternoon_Low,2020-01-05 01:45:00,0.004857,231.024,0.3453,49.986
Afternoon_Low,2020-01-05 01:48:00,0.003705,232.122,0.2902,49.976
Afternoon_Low,2020-01-05 01:51:00,0.004409,231.084,0.3209,50.0
Afternoon_Low,2020-01-05 01:54:00,0.003835,232.821,0.2467,49.985
Afternoon_Low,2020-01-05 01:57:00,0.004641,229.972,0.3948,50.004
Afternoon_Low,2020-01-05 02:00:00,0.004022,229.688,0.2936,49.998
Afternoon_Low,2020-01-05 02:03:00,0.004637,232.695,0.3301,49.998
Afternoon_Low,2020-01-05 02:06:00,0.004424,230.37,0.345,49.985
Afternoon_Low,2020-01-05 02:09:00,0.003509,232.089,0.334,50.016
Afternoon_Low,2020-01-05 02:12:00,0.00345,230.68,0.3628,50.024
Afternoon_Low,2020-01-05 02:15:00,0.004349,231.23,0.3326,49.999
Afternoon_Low,2020-01-05 02:18:00,0.005069,231.632,0.3157,49.99
Afternoon_Low,2020-01-05 02:21:00,0.003741,229.703,0.2488,50.023
Afternoon_Low,2020-01-05 02:24:00,0.004051,231.293,0.3057,50.01
Afternoon_Low,2020-01-05 02:27:00,0.004751,230.751,0.3698,50.003
Afternoon_Low,2020-01-05 02:30:00,0.005437,232.347,0.4301,49.982
Afternoon_Low,2020-01-05 02:33:00,0.003848,231.882,0.2942,49.996
Afternoon_Low,2020-01-05 02:36:00,0.003653,230.59,0.2922,49.988
Afternoon_Low,2020-01-05 02:39:00,0.005124,231.671,0.3465,50.014
Afternoon_Low,2020-01-05 02:42:00,0.005061,230.469,0.3409,49.963
Afternoon_Low,2020-01-05 02:45:00,0.005106,232.431,0.3901,49.977
Afternoon_Low,2020-01-05 02:48:00,0.005126,231.704,0.3629,49.992
Afternoon_Low,2020-01-05 02:51:00,0.005502,231.846,0.3564,49.991
Afternoon_Low,2020-01-05 02:54:00,0.00319,231.936,0.2975,50.009
Afternoon_Low,2020-01-05 02:57:00,0.005692,230.734,0.3674,50.014
Afternoon_Low,2020-01-05 03:00:00,0.005307,230.531,0.3745,49.991
Afternoon_Low,2020-01-05 03:03:00,0.004221,231.153,0.3883,49.985
Afternoon_Low,2020-01-05 03:06:00,0.005177,230.119,0.3625,49.992
Afternoon_Low,2020-01-05 03:09:00,0.003897,231.082,0.2952,49.994
Afternoon_Low,2020-01-05 03:12:00,0.004899,232.769,0.3047,49.991
Afternoon_Low,2020-01-05 03:15:00,0.004733,230.873,0.3144,49.983
Afternoon_Low,2020-01-05 03:18:00,0.005017,230.846,0.4046,49.971
Afternoon_Low,2020-01-05 03:21:00,0.004023,229.825,0.293,49.997
Afternoon_Low,2020-01-05 03:24:00,0.004915,230.585,0.3184,49.996
Afternoon_Low,2020-01-05 03:27:00,0.00485,232.997,0.26,49.996
Afternoon_Low,2020-01-05 03:30:00,0.004122,231.033,0.354,49.971
Afternoon_Low,2020-01-05 03:33:00,0.003771,231.643,0.2917,50.002
Afternoon_Low,2020-01-05 03:36:00,0.005727,231.583,0.3868,49.992
Afternoon_Low,2020-01-05 03:39:00,0.004186,231.3,0.2782,49.997
Afternoon_Low,2020-01-05 03:42:00,0.004672,230.519,0.289,50.001
Afternoon_Low,2020-01-05 03:45:00,0.003322,231.391,0.2459,49.998
Afternoon_Low,2020-01-05 03:48:00,0.004496,229.97,0.3836,50.006
Afternoon_Low,2020-01-05 03:51:00,0.004307,230.693,0.3481,50.004
Afternoon_Low,2020-01-05 03:54:00,0.003658,231.823,0.3368,50.012
Afternoon_Low,2020-01-05 03:57:00,0.004076,229.206,0.2897,49.989
Afternoon_Low,2020-01-05 04:00:00,0.004199,229.016,0.3362,49.992
Afternoon_Low,2020-01-05 04:03:00,0.004695,230.911,0.4088,49.989
Afternoon_Low,2020-01-05 04:06:00,0.004334,230.583,0.3747,50.003
Afternoon_Low,2020-01-05 04:09:00,0.004992,230.642,0.2962,50.007
Afternoon_Low,2020-01-05 04:12:00,0.004012,230.539,0.3721,50.008
Afternoon_Low,2020-01-05 04:15:00,0.003122,231.61,0.3262,49.984
Afternoon_Low,2020-01-05 04:18:00,0.003605,232.163,0.3911,49.981
Afternoon_Low,2020-01-05 04:21:00,0.003762,229.847,0.2898,50.008
Afternoon_Low,2020-01-05 04:24:00,0.00338,229.505,0.2671,50.01
Afternoon_Low,2020-01-05 04:27:00,0.00444,232.791,0.3253,49.983
Afternoon_Low,2020-01-05 04:30:00,0.003693,230.115,0.366,49.987
Afternoon_Low,2020-01-05 04:33:00,0.004083,230.788,0.2934,50.004
Afternoon_Low,2020-01-05 04:36:00,0.004416,231.048,0.3792,50.005
Afternoon_Low,2020-01-05 04:39:00,0.005341,230.616,0.3421,50.0
Afternoon_Low,2020-01-05 04:42:00,0.004457,231.079,0.3332,50.0
Afternoon_Low,2020-01-05 04:45:00,0.004065,231.335,0.321,50.0
Afternoon_Low,2020-01-05 04:48:00,0.005832,230.524,0.3402,50.0
Afternoon_Low,2020-01-05 04:51:00,0.003912,229.781,0.364,49.992
Afternoon_Low,2020-01-05 04:54:00,0.004476,231.5,0.3245,49.993
Afternoon_Low,2020-01-05 04:57:00,0.005802,229.922,0.3113,49.988
Afternoon_Low,2020-01-05 05:00:00,0.005449,231.277,0.3806,49.999
Afternoon_Low,2020-01-05 05:03:00,0.004986,230.505,0.3689,49.995
Afternoon_Low,2020-01-05 05:06:00,0.005698,230.838,0.3982,50.002
Afternoon_Low,2020-01-05 05:09:00,0.005037,231.921,0.3564,50.012
Afternoon_Low,2020-01-05 05:12:00,0.004665,231.243,0.3624,49.994
Afternoon_Low,2020-01-05 05:15:00,0.004677,231.186,0.2919,50.025
Afternoon_Low,2020-01-05 05:18:00,0.004106,230.916,0.3632,49.99
Afternoon_Low,2020-01-05 05:21:00,0.006048,230.183,0.4056,50.007
Afternoon_Low,2020-01-05 05:24:00,0.005545,230.14,0.3765,50.014
Afternoon_Low,2020-01-05 05:27:00,0.005095,231.774,0.3236,49.99
Afternoon_Low,2020-01-05 05:30:00,0.00702,230.789,0.369,49.996
Afternoon_Low,2020-01-05 05:33:00,0.00494,231.592,0.342,49.992
Afternoon_Low,2020-01-05 05:36:00,0.005296,230.853,0.3468,49.994
Afternoon_Low,2020-01-05 05:39:00,0.007,230.906,0.3604,49.991
Afternoon_Low,2020-01-05 05:42:00,0.005967,229.556,0.3177,49.982
Afternoon_Low,2020-01-05 05:45:00,0.00509,232.777,0.4069,49.994
Afternoon_Low,2020-01-05 05:48:00,0.004869,230.959,0.365,49.997
Afternoon_Low,2020-01-05 05:51:00,0.004776,231.957,0.3327,50.0
Afternoon_Low,2020-01-05 05:54:00,0.003825,230.648,0.3784,49.985
Afternoon_Low,2020-01-05 05:57:00,0.006117,230.355,0.3449,49.99
Afternoon_Low,2020-01-05 06:00:00,0.004236,231.319,0.3193,50.002
Afternoon_Low,2020-01-05 06:03:00,0.004266,230.281,0.3832,50.011
Afternoon_Low,2020-01-05 06:06:00,0.006705,231.351,0.3977,50.007
Afternoon_Low,2020-01-05 06:09:00,0.005507,231.191,0.3296,49.99
Afternoon_Low,2020-01-05 06:12:00,0.006355,230.228,0.3248,50.0
Afternoon_Low,2020-01-05 06:15:00,0.003637,232.333,0.2443,49.994
Afternoon_Low,2020-01-05 06:18:00,0.005433,230.686,0.359,49.996
Afternoon_Low,2020-01-05 06:21:00,0.003133,231.529,0.4048,50.024
Afternoon_Low,2020-01-05 06:24:00,0.006252,231.138,0.3308,50.0
Afternoon_Low,2020-01-05 06:27:00,0.005659,230.607,0.4021,49.993
Afternoon_Low,2020-01-05 06:30:00,0.005793,230.313,0.3552,49.995
Afternoon_Low,2020-01-05 06:33:00,0.006379,231.757,0.3451,49.998
Afternoon_Low,2020-01-05 06:36:00,0.006442,230.91,0.392,49.988
Afternoon_Low,2020-01-05 06:39:00,0.003566,231.937,0.3049,49.998
Afternoon_Low,2020-01-05 06:42:00,0.006734,229.83,0.3517,49.99
Afternoon_Low,2020-01-05 06:45:00,0.005083,229.703,0.2758,50.006
Afternoon_Low,2020-01-05 06:48:00,0.006219,231.995,0.3968,49.992
Afternoon_Low,2020-01-05 06:51:00,0.005008,230.985,0.3142,49.973
Afternoon_Low,2020-01-05 06:54:00,0.006994,230.512,0.4025,49.981
Afternoon_Low,2020-01-05 06:57:00,0.004329,231.033,0.3178,49.995
Afternoon_Low,2020-01-05 07:00:00,0.004143,232.95,0.2749,49.984
Afternoon_Low,2020-01-05 07:03:00,0.004755,231.322,0.2873,49.994
Afternoon_Low,2020-01-05 07:06:00,0.007698,231.908,0.3759,50.003
Afternoon_Low,2020-01-05 07:09:00,0.006174,230.279,0.3253,49.939
Afternoon_Low,2020-01-05 07:12:00,0.004772,230.06,0.3836,50.008
Afternoon_Low,2020-01-05 07:15:00,0.005595,230.88,0.312,49.984
Afternoon_Low,2020-01-05 07:18:00,0.004407,231.32,0.3,49.998
Afternoon_Low,2020-01-05 07:21:00,0.005703,230.434,0.2828,49.985
Afternoon_Low,2020-01-05 07:24:00,0.006148,229.456,0.3873,50.004
Afternoon_Low,2020-01-05 07:27:00,0.002465,232.13,0.2778,50.007
Afternoon_Low,2020-01-05 07:30:00,0.006022,230.083,0.3925,49.994
Afternoon_Low,2020-01-05 07:33:00,0.005747,230.508,0.3833,49.998
Afternoon_Low,2020-01-05 07:36:00,0.007313,230.92,0.3447,50.007
Afternoon_Low,2020-01-05 07:39:00,0.006795,230.742,0.3301,49.991
Afternoon_Low,2020-01-05 07:42:00,0.006135,230.822,0.3518,50.007
Afternoon_Low,2020-01-05 07:45:00,0.004164,230.181,0.3016,49.967
Afternoon_Low,2020-01-05 07:48:00,0.006062,230.677,0.3902,50.001
Afternoon_Low,2020-01-05 07:51:00,0.006887,232.249,0.4074,49.981
Afternoon_Low,2020-01-05 07:54:00,0.007291,231.503,0.3841,50.014
Afternoon_Low,2020-01-05 07:57:00,0.008345,230.277,0.4196,49.973
Afternoon_Low,2020-01-05 08:00:00,0.009254,229.773,0.3976,49.979
Afternoon_Low,2020-01-05 08:03:00,0.004445,230.553,0.3039,49.969
Afternoon_Low,2020-01-05 08:06:00,0.00722,230.129,0.406,50.0
Afternoon_Low,2020-01-05 08:09:00,0.005654,231.278,0.2803,49.997
Afternoon_Low,2020-01-05 08:12:00,0.005597,232.051,0.3832,49.997
Afternoon_Low,2020-01-05 08:15:00,0.009846,231.248,0.3393,50.011
Afternoon_Low,2020-01-05 08:18:00,0.003805,231.404,0.3717,49.975
Afternoon_Low,2020-01-05 08:21:00,0.006345,229.705,0.3787,49.997
Afternoon_Low,2020-01-05 08:24:00,0.005111,231.971,0.3628,50.029
Afternoon_Low,2020-01-05 08:27:00,0.00791,230.703,0.414,49.99
Afternoon_Low,2020-01-05 08:30:00,0.007253,230.495,0.3525,49.983
Afternoon_Low,2020-01-05 08:33:00,0.006185,230.872,0.4111,49.989
Afternoon_Low,2020-01-05 08:36:00,0.006168,231.161,0.3907,49.984
Afternoon_Low,2020-01-05 08:39:00,0.007219,229.684,0.3054,49.976
Afternoon_Low,2020-01-05 08:42:00,0.008335,230.869,0.3436,49.996
Afternoon_Low,2020-01-05 08:45:00,0.006859,230.557,0.4057,49.996
Afternoon_Low,2020-01-05 08:48:00,0.00744,231.218,0.3803,49.991
Afternoon_Low,2020-01-05 08:51:00,0.006147,230.832,0.3538,49.965
Afternoon_Low,2020-01-05 08:54:00,0.007694,230.753,0.3879,49.982
Afternoon_Low,2020-01-05 08:57:00,0.00819,231.111,0.411,49.992
Afternoon_Low,2020-01-05 09:00:00,0.007473,230.924,0.4081,49.997
Afternoon_Low,2020-01-05 09:03:00,0.004696,229.648,0.3231,49.995
Afternoon_Low,2020-01-05 09:06:00,0.005167,231.897,0.3597,50.0
Afternoon_Low,2020-01-05 09:09:00,0.006918,230.735,0.3549,49.976
Afternoon_Low,2020-01-05 09:12:00,0.00594,231.893,0.3244,49.996
Afternoon_Low,2020-01-05 09:15:00,0.006563,232.038,0.3583,49.993
Afternoon_Low,2020-01-05 09:18:00,0.007386,230.857,0.4177,49.981
Afternoon_Low,2020-01-05 09:21:00,0.007774,230.996,0.3958,49.996
Afternoon_Low,2020-01-05 09:24:00,0.008676,228.713,0.4186,50.0
Afternoon_Low,2020-01-05 09:27:00,0.008294,230.205,0.3865,50.002
Afternoon_Low,2020-01-05 09:30:00,0.006433,230.863,0.3802,49.977
Afternoon_Low,2020-01-05 09:33:00,0.00755,231.069,0.4099,49.979
Afternoon_Low,2020-01-05 09:36:00,0.007716,230.893,0.4145,49.974
Afternoon_Low,2020-01-05 09:39:00,0.006178,231.568,0.434,50.002
Afternoon_Low,2020-01-05 09:42:00,0.00866,231.446,0.4017,49.98
Afternoon_Low,2020-01-05 09:45:00,0.007415,230.883,0.3841,49.993
Afternoon_Low,2020-01-05 09:48:00,0.010606,230.143,0.4797,49.985
Afternoon_Low,2020-01-05 09:51:00,0.007499,230.728,0.3478,50.001
Afternoon_Low,2020-01-05 09:54:00,0.010195,229.516,0.4426,49.995
Afternoon_Low,2020-01-05 09:57:00,0.005446,229.622,0.3213,49.993
Afternoon_Low,2020-01-05 10:00:00,0.003159,230.648,0.2971,49.971
Afternoon_Low,2020-01-05 10:03:00,0.009176,230.016,0.424,49.981
Afternoon_Low,2020-01-05 10:06:00,0.007303,230.307,0.4545,50.0
Afternoon_Low,2020-01-05 10:09:00,0.0047,231.034,0.3213,50.006
Afternoon_Low,2020-01-05 10:12:00,0.010957,229.953,0.399,50.015
Afternoon_Low,2020-01-05 10:15:00,0.009146,229.479,0.4024,50.005
Afternoon_Low,2020-01-05 10:18:00,0.008861,231.802,0.409,49.989
Afternoon_Low,2020-01-05 10:21:00,0.008234,229.719,0.3738,50.003
Afternoon_Low,2020-01-05 10:24:00,0.008458,230.371,0.4201,49.989
Afternoon_Low,2020-01-05 10:27:00,0.009249,229.409,0.4884,49.983
Afternoon_Low,2020-01-05 10:30:00,0.00795,229.524,0.3734,49.979
Afternoon_Low,2020-01-05 10:33:00,0.010176,230.457,0.3826,49.983
Afternoon_Low,2020-01-05 10:36:00,0.011725,229.033,0.4643,49.967
Afternoon_Low,2020-01-05 10:39:00,0.011541,229.029,0.4965,49.989
Afternoon_Low,2020-01-05 10:42:00,0.010665,230.059,0.4583,49.981
Afternoon_Low,2020-01-05 10:45:00,0.010525,228.306,0.4693,49.989
Afternoon_Low,2020-01-05 10:48:00,0.009803,228.385,0.4237,49.995
Afternoon_Low,2020-01-05 10:51:00,0.006883,231.256,0.4124,49.993
Afternoon_Low,2020-01-05 10:54:00,0.010649,230.495,0.4509,49.984
Afternoon_Low,2020-01-05 10:57:00,0.010986,230.216,0.515,49.98
Afternoon_Low,2020-01-05 11:00:00,0.010764,230.37,0.479,49.992
Afternoon_Low,2020-01-05 11:03:00,0.009819,230.839,0.4481,50.002
Afternoon_Low,2020-01-05 11:06:00,0.011501,229.051,0.4552,49.97
Afternoon_Low,2020-01-05 11:09:00,0.00915,229.718,0.4821,49.983
Afternoon_Low,2020-01-05 11:12:00,0.009642,228.785,0.4313,49.986
Afternoon_Low,2020-01-05 11:15:00,0.012874,228.505,0.4915,49.998
Afternoon_Low,2020-01-05 11:18:00,0.007913,232.123,0.4188,49.971
Afternoon_Low,2020-01-05 11:21:00,0.01101,229.254,0.4973,49.995
Afternoon_Low,2020-01-05 11:24:00,0.014773,230.044,0.5415,49.995
Afternoon_Low,2020-01-05 11:27:00,0.01276,229.474,0.464,49.981
Afternoon_Low,2020-01-05 11:30:00,0.016256,228.954,0.5914,49.98
Afternoon_Low,2020-01-05 11:33:00,0.011106,229.245,0.4232,49.982
Afternoon_Low,2020-01-05 11:36:00,0.016606,226.896,0.4974,49.984
Afternoon_Low,2020-01-05 11:39:00,0.013405,228.325,0.4641,49.995
Afternoon_Low,2020-01-05 11:42:00,0.012908,229.206,0.4723,49.997
Afternoon_Low,2020-01-05 11:45:00,0.013203,228.385,0.4388,49.973
Afternoon_Low,2020-01-05 11:48:00,0.013433,229.162,0.4511,49.984
Afternoon_Low,2020-01-05 11:51:00,0.016816,228.892,0.5293,49.985
Afternoon_Low,2020-01-05 11:54:00,0.013897,230.494,0.5193,49.968
Afternoon_Low,2020-01-05 11:57:00,0.012371,229.177,0.4473,49.997
Afternoon_Low,2020-01-05 12:00:00,0.011399,230.492,0.4529,50.0
Afternoon_Low,2020-01-05 12:03:00,0.012881,228.94,0.4196,49.991
Afternoon_Low,2020-01-05 12:06:00,0.014129,230.449,0.515,49.963
Afternoon_Low,2020-01-05 12:09:00,0.020579,227.848,0.6408,49.979
Afternoon_Low,2020-01-05 12:12:00,0.013649,228.959,0.5541,49.993
Afternoon_Low,2020-01-05 12:15:00,0.011678,229.865,0.4844,49.984
Afternoon_Low,2020-01-05 12:18:00,0.015729,229.059,0.4952,49.998
Afternoon_Low,2020-01-05 12:21:00,0.018244,228.669,0.5643,49.977
Afternoon_Low,2020-01-05 12:24:00,0.01239,230.479,0.4744,49.975
Afternoon_Low,2020-01-05 12:27:00,0.015831,229.355,0.5197,49.989
Afternoon_Low,2020-01-05 12:30:00,0.01904,229.734,0.5933,49.984
Afternoon_Low,2020-01-05 12:33:00,0.012993,229.442,0.4611,49.985
Afternoon_Low,2020-01-05 12:36:00,0.016325,228.245,0.5561,49.968
Afternoon_Low,2020-01-05 12:39:00,0.016478,229.252,0.59,49.975
Afternoon_Low,2020-01-05 12:42:00,0.019037,227.912,0.638,49.994
Afternoon_Low,2020-01-05 12:45:00,0.021636,227.036,0.5977,49.992
Afternoon_Low,2020-01-05 12:48:00,0.016027,229.195,0.6201,49.992
Afternoon_Low,2020-01-05 12:51:00,0.018744,228.254,0.5554,49.975
Afternoon_Low,2020-01-05 12:54:00,0.017385,229.179,0.5951,49.955
Afternoon_Low,2020-01-05 12:57:00,0.015308,228.039,0.5543,49.997
Afternoon_Low,2020-01-05 13:00:00,0.025253,225.644,0.6709,49.98
Afternoon_Low,2020-01-05 13:03:00,0.013719,228.309,0.5491,49.982
Afternoon_Low,2020-01-05 13:06:00,0.012009,229.566,0.4897,49.989
Afternoon_Low,2020-01-05 13:09:00,0.018332,228.062,0.557,49.969
Afternoon_Low,2020-01-05 13:12:00,0.016663,227.485,0.4949,49.993
Afternoon_Low,2020-01-05 13:15:00,0.025737,227.813,0.7697,49.974
Afternoon_Low,2020-01-05 13:18:00,0.019315,228.025,0.5371,49.972
Afternoon_Low,2020-01-05 13:21:00,0.022813,228.563,0.6035,49.979
Afternoon_Low,2020-01-05 13:24:00,0.017039,229.458,0.532,49.986
Afternoon_Low,2020-01-05 13:27:00,0.018503,227.956,0.5895,49.973
Afternoon_Low,2020-01-05 13:30:00,0.015893,228.673,0.5627,49.986
Afternoon_Low,2020-01-05 13:33:00,0.016699,228.723,0.5444,49.988
Afternoon_Low,2020-01-05 13:36:00,0.020805,228.733,0.639,49.997
Afternoon_Low,2020-01-05 13:39:00,0.020911,227.123,0.6021,49.985
Afternoon_Low,2020-01-05 13:42:00,0.015545,230.049,0.5076,49.967
Afternoon_Low,2020-01-05 13:45:00,0.016593,228.274,0.5999,49.991
Afternoon_Low,2020-01-05 13:48:00,0.020948,227.398,0.6254,49.974
Afternoon_Low,2020-01-05 13:51:00,0.021154,226.74,0.6117,49.976
Afternoon_Low,2020-01-05 13:54:00,0.023575,225.951,0.6592,49.97
Afternoon_Low,2020-01-05 13:57:00,0.014655,229.505,0.4903,49.984
Afternoon_Low,2020-01-05 14:00:00,0.019853,228.667,0.6285,49.981
Afternoon_Low,2020-01-05 14:03:00,0.032177,225.83,0.8471,49.953
Afternoon_Low,2020-01-05 14:06:00,0.014902,228.511,0.4999,49.992
Afternoon_Low,2020-01-05 14:09:00,0.023366,226.467,0.6485,49.992
Afternoon_Low,2020-01-05 14:12:00,0.015342,228.663,0.5125,50.002
Afternoon_Low,2020-01-05 14:15:00,0.02337,226.924,0.6133,49.983
Afternoon_Low,2020-01-05 14:18:00,0.01934,227.445,0.5841,49.974
Afternoon_Low,2020-01-05 14:21:00,0.023557,226.655,0.6651,49.99
Afternoon_Low,2020-01-05 14:24:00,0.017073,227.872,0.5724,49.97
Afternoon_Low,2020-01-05 14:27:00,0.019796,227.794,0.6,49.979
Afternoon_Low,2020-01-05 14:30:00,0.012756,230.307,0.4634,50.006
Afternoon_Low,2020-01-05 14:33:00,0.015224,230.649,0.5134,49.995
Afternoon_Low,2020-01-05 14:36:00,0.020225,226.967,0.6404,49.986
Afternoon_Low,2020-01-05 14:39:00,0.010362,228.772,0.4154,49.999
Afternoon_Low,2020-01-05 14:42:00,0.01694,228.425,0.5292,49.99
Afternoon_Low,2020-01-05 14:45:00,0.01929,228.673,0.6445,49.989
Afternoon_Low,2020-01-05 14:48:00,0.018568,227.694,0.6044,49.973
Afternoon_Low,2020-01-05 14:51:00,0.020001,227.634,0.6524,49.996
Afternoon_Low,2020-01-05 14:54:00,0.012349,229.876,0.5013,49.991
Afternoon_Low,2020-01-05 14:57:00,0.014357,228.002,0.4786,49.995
Afternoon_Low,2020-01-05 15:00:00,0.020713,227.927,0.6308,49.988
Afternoon_Low,2020-01-05 15:03:00,0.01617,228.261,0.5251,49.993
Afternoon_Low,2020-01-05 15:06:00,0.017691,227.813,0.5784,49.958
Afternoon_Low,2020-01-05 15:09:00,0.019264,227.772,0.566,49.988
Afternoon_Low,2020-01-05 15:12:00,0.01176,228.341,0.4477,49.993
Afternoon_Low,2020-01-05 15:15:00,0.016806,227.552,0.6083,49.997
Afternoon_Low,2020-01-05 15:18:00,0.013512,229.896,0.4707,49.993
Afternoon_Low,2020-01-05 15:21:00,0.019719,229.082,0.6066,49.988
Afternoon_Low,2020-01-05 15:24:00,0.022149,227.857,0.652,49.958
Afternoon_Low,2020-01-05 15:27:00,0.016292,226.79,0.5746,50.006
Afternoon_Low,2020-01-05 15:30:00,0.014259,229.404,0.4897,49.985
Afternoon_Low,2020-01-05 15:33:00,0.018474,228.082,0.6375,49.953
Afternoon_Low,2020-01-05 15:36:00,0.01387,229.568,0.5282,49.997
Afternoon_Low,2020-01-05 15:39:00,0.021343,227.874,0.6301,49.989
Afternoon_Low,2020-01-05 15:42:00,0.01725,228.55,0.5753,49.952
Afternoon_Low,2020-01-05 15:45:00,0.017386,228.699,0.4911,49.987
Afternoon_Low,2020-01-05 15:48:00,0.011978,228.776,0.4667,49.995
Afternoon_Low,2020-01-05 15:51:00,0.009707,229.869,0.4147,49.985
Afternoon_Low,2020-01-05 15:54:00,0.014712,229.477,0.5248,49.994
Afternoon_Low,2020-01-05 15:57:00,0.013566,229.065,0.5031,49.986
Afternoon_Low,2020-01-05 16:00:00,0.009481,230.749,0.3975,49.987
Afternoon_Low,2020-01-05 16:03:00,0.013096,229.946,0.4824,49.99
Afternoon_Low,2020-01-05 16:06:00,0.009599,229.505,0.4315,49.98
Afternoon_Low,2020-01-05 16:09:00,0.01536,228.481,0.5448,49.974
Afternoon_Low,2020-01-05 16:12:00,0.012577,229.533,0.4647,49.98
Afternoon_Low,2020-01-05 16:15:00,0.011711,229.201,0.4039,49.996
Afternoon_Low,2020-01-05 16:18:00,0.012758,227.636,0.516,50.001
Afternoon_Low,2020-01-05 16:21:00,0.014951,229.929,0.5304,49.983
Afternoon_Low,2020-01-05 16:24:00,0.012964,229.518,0.4962,49.977
Afternoon_Low,2020-01-05 16:27:00,0.01111,228.978,0.4454,49.98
Afternoon_Low,2020-01-05 16:30:00,0.012863,229.524,0.4903,49.995
Afternoon_Low,2020-01-05 16:33:00,0.007477,231.088,0.3165,49.967
Afternoon_Low,2020-01-05 16:36:00,0.012476,229.094,0.4514,49.998
Afternoon_Low,2020-01-05 16:39:00,0.011801,229.572,0.4613,50.001
Afternoon_Low,2020-01-05 16:42:00,0.011314,230.761,0.4897,49.977
Afternoon_Low,2020-01-05 16:45:00,0.014669,229.611,0.5284,49.969
Afternoon_Low,2020-01-05 16:48:00,0.007806,229.853,0.4409,49.994
Afternoon_Low,2020-01-05 16:51:00,0.011101,230.792,0.4616,49.992
Afternoon_Low,2020-01-05 16:54:00,0.012624,228.916,0.4966,49.987
Afternoon_Low,2020-01-05 16:57:00,0.009274,229.349,0.3906,50.001
Afternoon_Low,2020-01-05 17:00:00,0.008312,230.829,0.383,50.006
Afternoon_Low,2020-01-05 17:03:00,0.008366,231.864,0.3881,49.995
Afternoon_Low,2020-01-05 17:06:00,0.011041,230.124,0.4187,49.967
Afternoon_Low,2020-01-05 17:09:00,0.009987,229.184,0.4651,50.002
Afternoon_Low,2020-01-05 17:12:00,0.009821,229.885,0.3943,49.981
Afternoon_Low,2020-01-05 17:15:00,0.00767,230.141,0.3968,49.995
Afternoon_Low,2020-01-05 17:18:00,0.006581,229.918,0.3898,49.992
Afternoon_Low,2020-01-05 17:21:00,0.011379,229.792,0.4436,50.01
Afternoon_Low,2020-01-05 17:24:00,0.007067,230.195,0.4062,50.016
Afternoon_Low,2020-01-05 17:27:00,0.006353,230.793,0.3217,50.007
Afternoon_Low,2020-01-05 17:30:00,0.008201,229.798,0.3797,49.997
Afternoon_Low,2020-01-05 17:33:00,0.009331,229.936,0.4401,50.003
Afternoon_Low,2020-01-05 17:36:00,0.008464,229.865,0.3709,50.003
Afternoon_Low,2020-01-05 17:39:00,0.006831,229.627,0.3779,50.018
Afternoon_Low,2020-01-05 17:42:00,0.01041,231.149,0.4414,49.995
Afternoon_Low,2020-01-05 17:45:00,0.007037,231.252,0.308,50.005
Afternoon_Low,2020-01-05 17:48:00,0.00591,232.258,0.3582,50.022
Afternoon_Low,2020-01-05 17:51:00,0.007055,229.996,0.453,49.967
Afternoon_Low,2020-01-05 17:54:00,0.006699,229.667,0.3515,50.003
Afternoon_Low,2020-01-05 17:57:00,0.00546,231.26,0.3826,49.979
Afternoon_Low,2020-01-05 18:00:00,0.008641,230.017,0.405,50.012
Afternoon_Low,2020-01-05 18:03:00,0.006494,231.372,0.34,50.001
Afternoon_Low,2020-01-05 18:06:00,0.004656,230.118,0.3329,49.995
Afternoon_Low,2020-01-05 18:09:00,0.008742,230.858,0.3667,49.996
Afternoon_Low,2020-01-05 18:12:00,0.007974,231.648,0.3673,49.989
Afternoon_Low,2020-01-05 18:15:00,0.006717,230.879,0.3521,49.973
Afternoon_Low,2020-01-05 18:18:00,0.008074,229.521,0.4042,49.993
Afternoon_Low,2020-01-05 18:21:00,0.006227,229.706,0.3502,49.997
Afternoon_Low,2020-01-05 18:24:00,0.006104,231.19,0.3438,50.006
Afternoon_Low,2020-01-05 18:27:00,0.005787,231.2,0.4203,49.989
Afternoon_Low,2020-01-05 18:30:00,0.006615,230.54,0.3973,49.988
Afternoon_Low,2020-01-05 18:33:00,0.006634,230.444,0.3139,49.977
Afternoon_Low,2020-01-05 18:36:00,0.00686,230.844,0.4225,49.993
Afternoon_Low,2020-01-05 18:39:00,0.003998,229.937,0.3098,49.985
Afternoon_Low,2020-01-05 18:42:00,0.006309,231.867,0.3416,50.006
Afternoon_Low,2020-01-05 18:45:00,0.00426,231.006,0.2956,49.993
Afternoon_Low,2020-01-05 18:48:00,0.005636,231.918,0.2881,49.977
Afternoon_Low,2020-01-05 18:51:00,0.006778,230.696,0.334,50.01
Afternoon_Low,2020-01-05 18:54:00,0.00624,230.534,0.3427,49.984
Afternoon_Low,2020-01-05 18:57:00,0.007125,230.214,0.444,49.977
Afternoon_Low,2020-01-05 19:00:00,0.005774,230.163,0.3657,49.99
Afternoon_Low,2020-01-05 19:03:00,0.00352,231.473,0.3202,49.997
Afternoon_Low,2020-01-05 19:06:00,0.008239,230.729,0.3598,49.996
Afternoon_Low,2020-01-05 19:09:00,0.004122,230.417,0.3466,49.985
Afternoon_Low,2020-01-05 19:12:00,0.00638,230.713,0.378,49.985
Afternoon_Low,2020-01-05 19:15:00,0.005426,230.577,0.3389,49.995
Afternoon_Low,2020-01-05 19:18:00,0.006227,232.28,0.349,49.991
Afternoon_Low,2020-01-05 19:21:00,0.004241,230.686,0.3267,49.979
Afternoon_Low,2020-01-05 19:24:00,0.004014,231.699,0.3303,50.002
Afternoon_Low,2020-01-05 19:27:00,0.00626,229.892,0.3572,49.981
Afternoon_Low,2020-01-05 19:30:00,0.005595,230.26,0.3322,49.99
Afternoon_Low,2020-01-05 19:33:00,0.005812,231.086,0.3077,49.998
Afternoon_Low,2020-01-05 19:36:00,0.004622,232.364,0.304,49.982
Afternoon_Low,2020-01-05 19:39:00,0.004435,230.876,0.3774,49.994
Afternoon_Low,2020-01-05 19:42:00,0.004403,231.53,0.3953,49.998
Afternoon_Low,2020-01-05 19:45:00,0.002871,232.67,0.3203,49.987
Afternoon_Low,2020-01-05 19:48:00,0.003146,231.272,0.3367,50.001
Afternoon_Low,2020-01-05 19:51:00,0.003701,232.198,0.3154,50.022
Afternoon_Low,2020-01-05 19:54:00,0.006854,229.561,0.3132,49.994
Afternoon_Low,2020-01-05 19:57:00,0.005189,230.997,0.3265,50.017
Afternoon_Low,2020-01-05 20:00:00,0.003493,231.078,0.2746,49.984
Afternoon_Low,2020-01-05 20:03:00,0.004257,231.259,0.3355,50.005
Afternoon_Low,2020-01-05 20:06:00,0.005627,231.351,0.2853,50.001
Afternoon_Low,2020-01-05 20:09:00,0.004668,231.357,0.2819,50.009
Afternoon_Low,2020-01-05 20:12:00,0.004244,231.037,0.2878,49.979
Afternoon_Low,2020-01-05 20:15:00,0.004582,229.993,0.3581,49.988
Afternoon_Low,2020-01-05 20:18:00,0.004695,231.391,0.2778,49.991
Afternoon_Low,2020-01-05 20:21:00,0.004735,230.564,0.3548,49.977
Afternoon_Low,2020-01-05 20:24:00,0.004962,230.25,0.2937,49.987
Afternoon_Low,2020-01-05 20:27:00,0.005937,230.078,0.3004,49.992
Afternoon_Low,2020-01-05 20:30:00,0.006506,230.425,0.3325,49.992
Afternoon_Low,2020-01-05 20:33:00,0.004042,231.693,0.275,49.99
Afternoon_Low,2020-01-05 20:36:00,0.004688,231.875,0.3684,49.993
Afternoon_Low,2020-01-05 20:39:00,0.003849,230.626,0.3075,50.011
Afternoon_Low,2020-01-05 20:42:00,0.005267,231.631,0.3712,49.995
Afternoon_Low,2020-01-05 20:45:00,0.004184,232.016,0.3469,49.993
Afternoon_Low,2020-01-05 20:48:00,0.005343,229.344,0.3119,50.001
Afternoon_Low,2020-01-05 20:51:00,0.003502,232.896,0.279,49.989
Afternoon_Low,2020-01-05 20:54:00,0.003738,233.045,0.3084,49.993
Afternoon_Low,2020-01-05 20:57:00,0.004745,229.344,0.3008,49.992
Afternoon_Low,2020-01-05 21:00:00,0.002691,232.243,0.3555,50.006
Afternoon_Low,2020-01-05 21:03:00,0.004063,231.39,0.2702,50.014
Afternoon_Low,2020-01-05 21:06:00,0.004827,230.718,0.3062,49.976
Afternoon_Low,2020-01-05 21:09:00,0.003786,232.905,0.2777,50.01
Afternoon_Low,2020-01-05 21:12:00,0.00389,232.445,0.2966,49.981
Afternoon_Low,2020-01-05 21:15:00,0.004236,230.78,0.3331,50.023
Afternoon_Low,2020-01-05 21:18:00,0.003014,231.091,0.306,50.001
Afternoon_Low,2020-01-05 21:21:00,0.004511,232.866,0.3469,49.975
Afternoon_Low,2020-01-05 21:24:00,0.002351,231.538,0.2519,49.987
Afternoon_Low,2020-01-05 21:27:00,0.004212,231.019,0.2269,49.985
Afternoon_Low,2020-01-05 21:30:00,0.003279,231.871,0.305,49.985
Afternoon_Low,2020-01-05 21:33:00,0.003823,230.592,0.2749,49.997
Afternoon_Low,2020-01-05 21:36:00,0.004749,231.381,0.3675,49.992
Afternoon_Low,2020-01-05 21:39:00,0.004439,231.963,0.3081,49.999
Afternoon_Low,2020-01-05 21:42:00,0.003886,230.461,0.3059,49.981
Afternoon_Low,2020-01-05 21:45:00,0.004442,232.72,0.2651,49.983
Afternoon_Low,2020-01-05 21:48:00,0.0037,229.518,0.3591,49.999
Afternoon_Low,2020-01-05 21:51:00,0.003229,231.351,0.2502,49.991
Afternoon_Low,2020-01-05 21:54:00,0.005468,230.842,0.3613,49.989
Afternoon_Low,2020-01-05 21:57:00,0.005808,230.794,0.3357,49.98
Afternoon_Low,2020-01-05 22:00:00,0.003509,231.568,0.3502,49.996
Afternoon_Low,2020-01-05 22:03:00,0.004858,231.425,0.3426,49.99
Afternoon_Low,2020-01-05 22:06:00,0.004342,229.965,0.3498,49.979
Afternoon_Low,2020-01-05 22:09:00,0.003123,231.264,0.2722,49.999
Afternoon_Low,2020-01-05 22:12:00,0.003552,231.38,0.3282,49.998
Afternoon_Low,2020-01-05 22:15:00,0.004019,231.398,0.2486,50.0
Afternoon_Low,2020-01-05 22:18:00,0.006059,230.543,0.3751,49.999
Afternoon_Low,2020-01-05 22:21:00,0.003645,230.417,0.3042,49.989
Afternoon_Low,2020-01-05 22:24:00,0.004696,230.078,0.3522,49.991
Afternoon_Low,2020-01-05 22:27:00,0.004579,230.037,0.3406,49.994
Afternoon_Low,2020-01-05 22:30:00,0.004006,232.007,0.3261,49.989
Afternoon_Low,2020-01-05 22:33:00,0.003603,232.393,0.248,49.987
Afternoon_Low,2020-01-05 22:36:00,0.003552,232.006,0.3068,50.008
Afternoon_Low,2020-01-05 22:39:00,0.004676,232.648,0.3794,49.97
Afternoon_Low,2020-01-05 22:42:00,0.004983,230.103,0.3366,49.977
Afternoon_Low,2020-01-05 22:45:00,0.004366,230.761,0.3651,49.994
Afternoon_Low,2020-01-05 22:48:00,0.005475,231.39,0.3608,50.002
Afternoon_Low,2020-01-05 22:51:00,0.003841,231.452,0.3321,50.001
Afternoon_Low,2020-01-05 22:54:00,0.004405,232.216,0.3073,50.0
Afternoon_Low,2020-01-05 22:57:00,0.003615,231.333,0.3419,49.987
Afternoon_Low,2020-01-05 23:00:00,0.005582,231.058,0.3466,49.997
Afternoon_Low,2020-01-05 23:03:00,0.003659,231.755,0.3301,49.988
Afternoon_Low,2020-01-05 23:06:00,0.004704,230.339,0.3146,50.001
Afternoon_Low,2020-01-05 23:09:00,0.004735,231.709,0.3404,49.996
Afternoon_Low,2020-01-05 23:12:00,0.00405,230.992,0.2879,49.997
Afternoon_Low,2020-01-05 23:15:00,0.004191,231.677,0.3001,50.004
Afternoon_Low,2020-01-05 23:18:00,0.003942,230.201,0.3013,50.012
Afternoon_Low,2020-01-05 23:21:00,0.004346,232.381,0.3325,50.001
Afternoon_Low,2020-01-05 23:24:00,0.004562,231.955,0.3946,49.998
Afternoon_Low,2020-01-05 23:27:00,0.002958,230.815,0.3088,49.994
Afternoon_Low,2020-01-05 23:30:00,0.001982,231.22,0.2737,49.99
Afternoon_Low,2020-01-05 23:33:00,0.004466,230.432,0.3181,50.004
Afternoon_Low,2020-01-05 23:36:00,0.004611,232.186,0.3471,50.025
Afternoon_Low,2020-01-05 23:39:00,0.005579,231.284,0.4026,49.988
Afternoon_Low,2020-01-05 23:42:00,0.004789,229.884,0.2581,49.988
Afternoon_Low,2020-01-05 23:45:00,0.004955,230.887,0.3933,50.0
Afternoon_Low,2020-01-05 23:48:00,0.005097,231.508,0.3031,50.002
Afternoon_Low,2020-01-05 23:51:00,0.00331,230.88,0.2663,49.998
Afternoon_Low,2020-01-05 23:54:00,0.003788,233.001,0.2993,49.994
Afternoon_Low,2020-01-05 23:57:00,0.003692,232.951,0.3613,50.008
Afternoon_Low,2020-01-06 00:00:00,0.00383,231.953,0.3409,49.971
Afternoon_Low,2020-01-06 00:03:00,0.004905,231.417,0.278,49.996
Afternoon_Low,2020-01-06 00:06:00,0.004116,231.168,0.3122,50.009
Afternoon_Low,2020-01-06 00:09:00,0.003225,232.238,0.3404,49.985
Afternoon_Low,2020-01-06 00:12:00,0.003159,230.127,0.3194,49.979
Afternoon_Low,2020-01-06 00:15:00,0.004455,231.434,0.3177,49.99
Afternoon_Low,2020-01-06 00:18:00,0.004339,229.893,0.3413,49.986
Afternoon_Low,2020-01-06 00:21:00,0.004116,229.896,0.3083,49.981
Afternoon_Low,2020-01-06 00:24:00,0.004933,230.606,0.3402,49.999
Afternoon_Low,2020-01-06 00:27:00,0.004089,231.173,0.3113,49.993
Afternoon_Low,2020-01-06 00:30:00,0.005036,230.571,0.2864,50.001
Afternoon_Low,2020-01-06 00:33:00,0.003223,230.806,0.3573,50.001
Afternoon_Low,2020-01-06 00:36:00,0.004835,229.773,0.3352,49.989
Afternoon_Low,2020-01-06 00:39:00,0.004007,230.011,0.2756,49.988
Afternoon_Low,2020-01-06 00:42:00,0.004278,231.929,0.3305,50.024
Afternoon_Low,2020-01-06 00:45:00,0.003564,231.12,0.3198,49.997
Afternoon_Low,2020-01-06 00:48:00,0.004305,229.572,0.32,50.013
Afternoon_Low,2020-01-06 00:51:00,0.003986,231.686,0.2899,50.002
Afternoon_Low,2020-01-06 00:54:00,0.005347,230.477,0.3151,49.978
Afternoon_Low,2020-01-06 00:57:00,0.004883,230.149,0.2977,50.017
Afternoon_Low,2020-01-06 01:00:00,0.003136,231.317,0.2469,50.018
Afternoon_Low,2020-01-06 01:03:00,0.00441,230.038,0.3536,49.995
Afternoon_Low,2020-01-06 01:06:00,0.003218,231.646,0.3003,50.007
Afternoon_Low,2020-01-06 01:09:00,0.002841,229.399,0.257,50.002
Afternoon_Low,2020-01-06 01:12:00,0.007003,230.32,0.3672,49.981
Afternoon_Low,2020-01-06 01:15:00,0.00527,230.771,0.2929,49.993
Afternoon_Low,2020-01-06 01:18:00,0.005394,232.23,0.3952,49.984
Afternoon_Low,2020-01-06 01:21:00,0.004185,230.617,0.3052,50.0
Afternoon_Low,2020-01-06 01:24:00,0.005277,230.326,0.3563,49.985
Afternoon_Low,2020-01-06 01:27:00,0.004265,231.64,0.3494,49.996
Afternoon_Low,2020-01-06 01:30:00,0.003497,231.717,0.2464,49.993
Afternoon_Low,2020-01-06 01:33:00,0.003853,231.078,0.354,49.995
Afternoon_Low,2020-01-06 01:36:00,0.00547,230.314,0.3212,49.982
Afternoon_Low,2020-01-06 01:39:00,0.004817,230.333,0.3654,49.985
Afternoon_Low,2020-01-06 01:42:00,0.00434,230.88,0.3294,50.002
Afternoon_Low,2020-01-06 01:45:00,0.004578,230.774,0.3189,49.996
Afternoon_Low,2020-01-06 01:48:00,0.004317,232.211,0.3271,49.994
Afternoon_Low,2020-01-06 01:51:00,0.005333,231.603,0.3915,49.988
Afternoon_Low,2020-01-06 01:54:00,0.00494,229.671,0.3679,49.985
Afternoon_Low,2020-01-06 01:57:00,0.005176,230.959,0.3386,49.98
Afternoon_Low,2020-01-06 02:00:00,0.004652,229.092,0.2899,50.003
Afternoon_Low,2020-01-06 02:03:00,0.005045,230.736,0.2801,49.983
Afternoon_Low,2020-01-06 02:06:00,0.004285,232.076,0.3838,50.011
Afternoon_Low,2020-01-06 02:09:00,0.00626,231.151,0.3418,49.993
Afternoon_Low,2020-01-06 02:12:00,0.004082,230.559,0.3341,49.999
Afternoon_Low,2020-01-06 02:15:00,0.005824,231.246,0.4245,49.999
Afternoon_Low,2020-01-06 02:18:00,0.00467,230.208,0.3379,50.01
Afternoon_Low,2020-01-06 02:21:00,0.004356,230.973,0.2812,49.997
Afternoon_Low,2020-01-06 02:24:00,0.004122,231.336,0.3938,50.012
Afternoon_Low,2020-01-06 02:27:00,0.005599,230.912,0.3649,49.985
Afternoon_Low,2020-01-06 02:30:00,0.004476,231.137,0.3888,50.005
Afternoon_Low,2020-01-06 02:33:00,0.002462,230.868,0.2798,49.995
Afternoon_Low,2020-01-06 02:36:00,0.004686,230.954,0.332,49.998
Afternoon_Low,2020-01-06 02:39:00,0.003684,230.671,0.3513,49.962
Afternoon_Low,2020-01-06 02:42:00,0.004264,232.421,0.3377,50.001
Afternoon_Low,2020-01-06 02:45:00,0.005192,232.015,0.3247,49.995
Afternoon_Low,2020-01-06 02:48:00,0.005052,231.332,0.369,49.992
Afternoon_Low,2020-01-06 02:51:00,0.005377,229.395,0.3062,50.006
Afternoon_Low,2020-01-06 02:54:00,0.00304,230.897,0.3508,49.98
Afternoon_Low,2020-01-06 02:57:00,0.005134,230.356,0.3952,49.982
Afternoon_Low,2020-01-06 03:00:00,0.003628,232.108,0.2831,50.01
Afternoon_Low,2020-01-06 03:03:00,0.005128,230.024,0.4099,49.99
Afternoon_Low,2020-01-06 03:06:00,0.004244,231.567,0.3846,49.997
Afternoon_Low,2020-01-06 03:09:00,0.004011,230.011,0.3099,49.987
Afternoon_Low,2020-01-06 03:12:00,0.006185,230.318,0.3348,49.993
Afternoon_Low,2020-01-06 03:15:00,0.005161,231.289,0.2714,49.991
Afternoon_Low,2020-01-06 03:18:00,0.004409,231.273,0.2759,49.984
Afternoon_Low,2020-01-06 03:21:00,0.00347,230.048,0.3407,49.994
Afternoon_Low,2020-01-06 03:24:00,0.004583,229.656,0.3288,50.016
Afternoon_Low,2020-01-06 03:27:00,0.004585,230.53,0.3522,50.002
Afternoon_Low,2020-01-06 03:30:00,0.004798,230.639,0.335,49.998
Afternoon_Low,2020-01-06 03:33:00,0.003991,231.307,0.3344,49.989
Afternoon_Low,2020-01-06 03:36:00,0.003874,230.696,0.321,49.997
Afternoon_Low,2020-01-06 03:39:00,0.004506,231.638,0.3208,50.019
Afternoon_Low,2020-01-06 03:42:00,0.004555,231.496,0.2799,50.003
Afternoon_Low,2020-01-06 03:45:00,0.004043,231.319,0.3139,49.986
Afternoon_Low,2020-01-06 03:48:00,0.004567,230.895,0.4276,49.97
Afternoon_Low,2020-01-06 03:51:00,0.005179,231.772,0.3866,49.989
Afternoon_Low,2020-01-06 03:54:00,0.001728,229.558,0.2792,50.004
Afternoon_Low,2020-01-06 03:57:00,0.004244,231.361,0.3522,49.994
Afternoon_Low,2020-01-06 04:00:00,0.005436,232.313,0.3798,50.004
Afternoon_Low,2020-01-06 04:03:00,0.003688,230.745,0.2784,50.006
Afternoon_Low,2020-01-06 04:06:00,0.004327,230.549,0.3002,50.009
Afternoon_Low,2020-01-06 04:09:00,0.00638,231.705,0.3463,49.988
Afternoon_Low,2020-01-06 04:12:00,0.006058,231.348,0.3442,50.001
Afternoon_Low,2020-01-06 04:15:00,0.002577,230.372,0.265,49.995
Afternoon_Low,2020-01-06 04:18:00,0.004459,230.885,0.2646,49.979
Afternoon_Low,2020-01-06 04:21:00,0.00597,230.199,0.3592,50.003
Afternoon_Low,2020-01-06 04:24:00,0.004753,230.572,0.3594,49.998
Afternoon_Low,2020-01-06 04:27:00,0.00632,229.564,0.4177,49.969
Afternoon_Low,2020-01-06 04:30:00,0.004287,232.367,0.337,50.019
Afternoon_Low,2020-01-06 04:33:00,0.00488,230.839,0.3399,50.004
Afternoon_Low,2020-01-06 04:36:00,0.005005,232.422,0.3007,50.006
Afternoon_Low,2020-01-06 04:39:00,0.006477,230.824,0.3863,49.987
Afternoon_Low,2020-01-06 04:42:00,0.005819,231.116,0.3741,49.988
Afternoon_Low,2020-01-06 04:45:00,0.003624,231.385,0.3015,49.988
Afternoon_Low,2020-01-06 04:48:00,0.004989,231.527,0.3347,49.973
Afternoon_Low,2020-01-06 04:51:00,0.004447,230.681,0.3025,50.001
Afternoon_Low,2020-01-06 04:54:00,0.003972,229.595,0.3611,49.99
Afternoon_Low,2020-01-06 04:57:00,0.004892,230.636,0.3462,49.986
Afternoon_Low,2020-01-06 05:00:00,0.004283,231.665,0.3705,49.993
Afternoon_Low,2020-01-06 05:03:00,0.005694,231.326,0.4476,49.98
Afternoon_Low,2020-01-06 05:06:00,0.006055,230.801,0.3096,50.0
Afternoon_Low,2020-01-06 05:09:00,0.006205,230.659,0.3786,50.009
Afternoon_Low,2020-01-06 05:12:00,0.006262,230.209,0.3419,49.99
Afternoon_Low,2020-01-06 05:15:00,0.006216,232.033,0.3541,49.997
Afternoon_Low,2020-01-06 05:18:00,0.006768,229.944,0.4061,49.972
Afternoon_Low,2020-01-06 05:21:00,0.003483,231.9,0.3093,50.006
Afternoon_Low,2020-01-06 05:24:00,0.004823,230.931,0.2963,50.009
Afternoon_Low,2020-01-06 05:27:00,0.005293,231.044,0.3663,50.013
Afternoon_Low,2020-01-06 05:30:00,0.004461,230.805,0.3515,50.018
Afternoon_Low,2020-01-06 05:33:00,0.003185,230.472,0.2837,50.011
Afternoon_Low,2020-01-06 05:36:00,0.004499,232.493,0.3305,50.016
Afternoon_Low,2020-01-06 05:39:00,0.003816,231.143,0.2786,49.989
Afternoon_Low,2020-01-06 05:42:00,0.006408,231.156,0.3492,49.994
Afternoon_Low,2020-01-06 05:45:00,0.004349,231.396,0.3052,49.985
Afternoon_Low,2020-01-06 05:48:00,0.005172,231.441,0.353,49.98
Afternoon_Low,2020-01-06 05:51:00,0.003734,232.647,0.3484,49.994
Afternoon_Low,2020-01-06 05:54:00,0.005816,231.422,0.331,50.012
Afternoon_Low,2020-01-06 05:57:00,0.004662,231.711,0.3342,49.987
Afternoon_Low,2020-01-06 06:00:00,0.005821,230.629,0.3225,49.978
Afternoon_Low,2020-01-06 06:03:00,0.004258,231.281,0.3548,49.982
Afternoon_Low,2020-01-06 06:06:00,0.004881,230.378,0.3402,50.008
Afternoon_Low,2020-01-06 06:09:00,0.007071,229.592,0.3279,49.996
Afternoon_Low,2020-01-06 06:12:00,0.005973,231.299,0.3411,49.981
Afternoon_Low,2020-01-06 06:15:00,0.005334,229.837,0.3804,50.004
Afternoon_Low,2020-01-06 06:18:00,0.004423,229.151,0.3887,50.003
Afternoon_Low,2020-01-06 06:21:00,0.006316,231.893,0.3251,49.992
Afternoon_Low,2020-01-06 06:24:00,0.005993,229.883,0.3629,50.01
Afternoon_Low,2020-01-06 06:27:00,0.006942,230.125,0.3663,49.982
Afternoon_Low,2020-01-06 06:30:00,0.006153,229.788,0.2951,49.981
Afternoon_Low,2020-01-06 06:33:00,0.005438,230.296,0.4309,49.996
Afternoon_Low,2020-01-06 06:36:00,0.004919,230.149,0.3418,49.978
Afternoon_Low,2020-01-06 06:39:00,0.006399,231.082,0.3663,49.985
Afternoon_Low,2020-01-06 06:42:00,0.004986,230.338,0.3818,49.989
Afternoon_Low,2020-01-06 06:45:00,0.00611,230.452,0.3533,50.012
Afternoon_Low,2020-01-06 06:48:00,0.005293,231.135,0.3194,50.001
Afternoon_Low,2020-01-06 06:51:00,0.005399,230.078,0.2923,49.996
Afternoon_Low,2020-01-06 06:54:00,0.00409,230.429,0.3721,49.996
Afternoon_Low,2020-01-06 06:57:00,0.003485,231.207,0.3236,50.015
Afternoon_Low,2020-01-06 07:00:00,0.004181,231.101,0.387,50.005
Afternoon_Low,2020-01-06 07:03:00,0.004957,228.351,0.2893,50.008
Afternoon_Low,2020-01-06 07:06:00,0.005783,230.446,0.355,49.987
Afternoon_Low,2020-01-06 07:09:00,0.00604,230.29,0.3846,49.997
Afternoon_Low,2020-01-06 07:12:00,0.006681,230.582,0.3573,49.974
Afternoon_Low,2020-01-06 07:15:00,0.006261,230.703,0.3531,49.98
Afternoon_Low,2020-01-06 07:18:00,0.007078,229.983,0.3766,49.984
Afternoon_Low,2020-01-06 07:21:00,0.007328,230.29,0.3607,50.01
Afternoon_Low,2020-01-06 07:24:00,0.00495,231.002,0.3882,50.012
Afternoon_Low,2020-01-06 07:27:00,0.004835,230.382,0.3881,49.998
Afternoon_Low,2020-01-06 07:30:00,0.005394,230.905,0.2897,49.986
Afternoon_Low,2020-01-06 07:33:00,0.009417,229.415,0.4867,50.001
Afternoon_Low,2020-01-06 07:36:00,0.006776,229.476,0.3241,49.982
Afternoon_Low,2020-01-06 07:39:00,0.004604,230.807,0.3193,49.988
Afternoon_Low,2020-01-06 07:42:00,0.00819,230.348,0.3477,50.002
Afternoon_Low,2020-01-06 07:45:00,0.003084,232.503,0.2543,50.006
Afternoon_Low,2020-01-06 07:48:00,0.007187,230.088,0.3035,50.0
Afternoon_Low,2020-01-06 07:51:00,0.006915,232.376,0.4014,50.0
Afternoon_Low,2020-01-06 07:54:00,0.006444,232.506,0.4301,49.996
Afternoon_Low,2020-01-06 07:57:00,0.006346,229.95,0.3997,49.981
Afternoon_Low,2020-01-06 08:00:00,0.007233,230.273,0.3366,49.983
Afternoon_Low,2020-01-06 08:03:00,0.006941,229.416,0.3754,49.971
Afternoon_Low,2020-01-06 08:06:00,0.006073,230.677,0.365,49.986
Afternoon_Low,2020-01-06 08:09:00,0.009407,229.507,0.4612,49.982
Afternoon_Low,2020-01-06 08:12:00,0.009205,229.486,0.4439,49.98
Afternoon_Low,2020-01-06 08:15:00,0.005546,231.61,0.3616,50.004
Afternoon_Low,2020-01-06 08:18:00,0.007949,231.455,0.4566,49.989
Afternoon_Low,2020-01-06 08:21:00,0.006075,231.497,0.3754,50.002
Afternoon_Low,2020-01-06 08:24:00,0.007979,230.283,0.372,49.982
Afternoon_Low,2020-01-06 08:27:00,0.008998,230.309,0.4484,49.997
Afternoon_Low,2020-01-06 08:30:00,0.007979,230.08,0.4067,50.012
Afternoon_Low,2020-01-06 08:33:00,0.007228,229.406,0.4009,50.008
Afternoon_Low,2020-01-06 08:36:00,0.005084,231.469,0.3503,49.978
Afternoon_Low,2020-01-06 08:39:00,0.004786,230.079,0.3493,49.979
Afternoon_Low,2020-01-06 08:42:00,0.009414,230.853,0.4745,49.975
Afternoon_Low,2020-01-06 08:45:00,0.006735,230.983,0.4253,49.987
Afternoon_Low,2020-01-06 08:48:00,0.005071,229.943,0.3089,50.013
Afternoon_Low,2020-01-06 08:51:00,0.008338,230.82,0.4131,49.987
Afternoon_Low,2020-01-06 08:54:00,0.00631,230.748,0.3621,49.99
Afternoon_Low,2020-01-06 08:57:00,0.004517,230.819,0.3288,50.001
Afternoon_Low,2020-01-06 09:00:00,0.006783,231.007,0.364,49.977
Afternoon_Low,2020-01-06 09:03:00,0.008163,230.786,0.4411,50.01
Afternoon_Low,2020-01-06 09:06:00,0.007373,231.689,0.4099,50.009
Afternoon_Low,2020-01-06 09:09:00,0.007417,231.688,0.3931,49.97
Afternoon_Low,2020-01-06 09:12:00,0.007054,230.118,0.4439,49.995
Afternoon_Low,2020-01-06 09:15:00,0.008132,229.991,0.3271,49.987
Afternoon_Low,2020-01-06 09:18:00,0.006218,230.978,0.305,49.99
Afternoon_Low,2020-01-06 09:21:00,0.006622,230.99,0.3415,49.991
Afternoon_Low,2020-01-06 09:24:00,0.006287,229.643,0.3601,49.972
Afternoon_Low,2020-01-06 09:27:00,0.006456,230.23,0.3671,50.001
Afternoon_Low,2020-01-06 09:30:00,0.008795,229.684,0.4442,49.984
Afternoon_Low,2020-01-06 09:33:00,0.006955,231.141,0.4186,50.006
Afternoon_Low,2020-01-06 09:36:00,0.006147,229.943,0.3383,49.966
Afternoon_Low,2020-01-06 09:39:00,0.007859,230.922,0.2981,50.02
Afternoon_Low,2020-01-06 09:42:00,0.010665,229.455,0.4809,49.994
Afternoon_Low,2020-01-06 09:45:00,0.007145,229.373,0.4012,49.975
Afternoon_Low,2020-01-06 09:48:00,0.008062,228.784,0.4044,49.994
Afternoon_Low,2020-01-06 09:51:00,0.007095,230.784,0.3602,49.978
Afternoon_Low,2020-01-06 09:54:00,0.008435,229.735,0.4433,49.976
Afternoon_Low,2020-01-06 09:57:00,0.007961,230.979,0.3315,49.976
Afternoon_Low,2020-01-06 10:00:00,0.006977,231.075,0.3435,50.007
Afternoon_Low,2020-01-06 10:03:00,0.010036,230.896,0.4775,50.002
Afternoon_Low,2020-01-06 10:06:00,0.006889,230.665,0.3774,49.979
Afternoon_Low,2020-01-06 10:09:00,0.011507,229.52,0.4229,49.991
Afternoon_Low,2020-01-06 10:12:00,0.011803,229.54,0.4566,49.97
Afternoon_Low,2020-01-06 10:15:00,0.009503,229.416,0.4334,49.997
Afternoon_Low,2020-01-06 10:18:00,0.011226,230.867,0.4213,49.994
Afternoon_Low,2020-01-06 10:21:00,0.008427,231.428,0.3412,49.986
Afternoon_Low,2020-01-06 10:24:00,0.009162,229.788,0.4334,49.988
Afternoon_Low,2020-01-06 10:27:00,0.006543,229.16,0.2534,50.005
Afternoon_Low,2020-01-06 10:30:00,0.013385,229.451,0.4847,49.982
Afternoon_Low,2020-01-06 10:33:00,0.012101,229.45,0.5135,49.989
Afternoon_Low,2020-01-06 10:36:00,0.011585,228.987,0.4326,50.016
Afternoon_Low,2020-01-06 10:39:00,0.008022,231.661,0.4154,49.984
Afternoon_Low,2020-01-06 10:42:00,0.009598,229.727,0.4877,49.97
Afternoon_Low,2020-01-06 10:45:00,0.011995,229.435,0.5222,49.992
Afternoon_Low,2020-01-06 10:48:00,0.010786,229.977,0.3795,49.976
Afternoon_Low,2020-01-06 10:51:00,0.007581,230.86,0.4163,49.985
Afternoon_Low,2020-01-06 10:54:00,0.007923,230.697,0.3969,49.991
Afternoon_Low,2020-01-06 10:57:00,0.011685,230.293,0.4982,50.008
Afternoon_Low,2020-01-06 11:00:00,0.010474,229.393,0.511,49.996
Afternoon_Low,2020-01-06 11:03:00,0.010539,230.582,0.4365,49.997
Afternoon_Low,2020-01-06 11:06:00,0.013613,228.12,0.4662,49.963
Afternoon_Low,2020-01-06 11:09:00,0.010935,228.626,0.5203,49.996
Afternoon_Low,2020-01-06 11:12:00,0.014309,228.065,0.5639,49.986
Afternoon_Low,2020-01-06 11:15:00,0.010258,229.341,0.4442,49.99
Afternoon_Low,2020-01-06 11:18:00,0.009264,231.015,0.3696,49.983
Afternoon_Low,2020-01-06 11:21:00,0.009883,230.013,0.3854,50.01
Afternoon_Low,2020-01-06 11:24:00,0.014097,228.335,0.433,49.977
Afternoon_Low,2020-01-06 11:27:00,0.010495,229.358,0.4716,49.98
Afternoon_Low,2020-01-06 11:30:00,0.014636,228.07,0.4991,49.979
Afternoon_Low,2020-01-06 11:33:00,0.013578,227.954,0.4933,49.982
Afternoon_Low,2020-01-06 11:36:00,0.014983,229.054,0.5135,49.966
Afternoon_Low,2020-01-06 11:39:00,0.012083,229.692,0.4695,49.976
Afternoon_Low,2020-01-06 11:42:00,0.016816,228.86,0.5744,49.988
Afternoon_Low,2020-01-06 11:45:00,0.012051,230.473,0.4655,49.989
Afternoon_Low,2020-01-06 11:48:00,0.011034,230.449,0.4208,49.99
Afternoon_Low,2020-01-06 11:51:00,0.012889,229.084,0.5041,49.992
Afternoon_Low,2020-01-06 11:54:00,0.016813,229.8,0.5433,49.976
Afternoon_Low,2020-01-06 11:57:00,0.01285,229.29,0.4649,49.985
Afternoon_Low,2020-01-06 12:00:00,0.009075,230.466,0.3661,49.988
Afternoon_Low,2020-01-06 12:03:00,0.012001,230.6,0.4266,49.985
Afternoon_Low,2020-01-06 12:06:00,0.009196,230.836,0.4302,49.979
Afternoon_Low,2020-01-06 12:09:00,0.014573,227.687,0.4704,49.986
Afternoon_Low,2020-01-06 12:12:00,0.016563,228.62,0.5032,49.994
Afternoon_Low,2020-01-06 12:15:00,0.009459,231.608,0.377,49.998
Afternoon_Low,2020-01-06 12:18:00,0.019118,229.436,0.6313,49.978
Afternoon_Low,2020-01-06 12:21:00,0.017323,228.645,0.5208,49.987
Afternoon_Low,2020-01-06 12:24:00,0.017053,228.904,0.6058,49.99
Afternoon_Low,2020-01-06 12:27:00,0.018885,227.662,0.5816,49.978
Afternoon_Low,2020-01-06 12:30:00,0.013511,229.501,0.4924,49.981
Afternoon_Low,2020-01-06 12:33:00,0.017728,228.168,0.5935,49.994
Afternoon_Low,2020-01-06 12:36:00,0.009742,229.97,0.4494,49.989
Afternoon_Low,2020-01-06 12:39:00,0.0274,225.196,0.6966,49.971
Afternoon_Low,2020-01-06 12:42:00,0.017291,228.002,0.5296,49.983
Afternoon_Low,2020-01-06 12:45:00,0.011989,229.15,0.444,49.99
Afternoon_Low,2020-01-06 12:48:00,0.018705,228.443,0.6001,49.969
Afternoon_Low,2020-01-06 12:51:00,0.018947,227.91,0.595,50.001
Afternoon_Low,2020-01-06 12:54:00,0.012187,230.045,0.5002,49.987
Afternoon_Low,2020-01-06 12:57:00,0.013177,230.197,0.4744,49.982
Afternoon_Low,2020-01-06 13:00:00,0.020578,228.707,0.6024,49.955
Afternoon_Low,2020-01-06 13:03:00,0.016014,228.341,0.469,49.983
Afternoon_Low,2020-01-06 13:06:00,0.019984,228.006,0.6385,49.977
Afternoon_Low,2020-01-06 13:09:00,0.015189,228.356,0.4611,49.972
Afternoon_Low,2020-01-06 13:12:00,0.013873,229.331,0.4869,49.991
Afternoon_Low,2020-01-06 13:15:00,0.019531,228.174,0.5875,49.991
Afternoon_Low,2020-01-06 13:18:00,0.021935,226.837,0.6018,49.976
Afternoon_Low,2020-01-06 13:21:00,0.024156,226.63,0.6471,49.995
Afternoon_Low,2020-01-06 13:24:00,0.022084,227.672,0.6437,49.978
Afternoon_Low,2020-01-06 13:27:00,0.018978,228.308,0.6246,49.966
Afternoon_Low,2020-01-06 13:30:00,0.018169,228.098,0.5975,49.998
Afternoon_Low,2020-01-06 13:33:00,0.023046,227.276,0.6656,49.972
Afternoon_Low,2020-01-06 13:36:00,0.027087,225.362,0.7652,49.982
Afternoon_Low,2020-01-06 13:39:00,0.019556,228.239,0.5784,49.973
Afternoon_Low,2020-01-06 13:42:00,0.015076,230.353,0.5211,49.987
Afternoon_Low,2020-01-06 13:45:00,0.024002,228.133,0.7169,50.003
Afternoon_Low,2020-01-06 13:48:00,0.018922,228.853,0.5874,49.964
Afternoon_Low,2020-01-06 13:51:00,0.022189,228.153,0.6641,49.991
Afternoon_Low,2020-01-06 13:54:00,0.020142,227.815,0.6507,49.982
Afternoon_Low,2020-01-06 13:57:00,0.028789,226.643,0.7002,49.974
Afternoon_Low,2020-01-06 14:00:00,0.021495,228.223,0.6452,49.975
Afternoon_Low,2020-01-06 14:03:00,0.02106,228.979,0.6085,49.985
Afternoon_Low,2020-01-06 14:06:00,0.026745,225.817,0.7109,49.983
Afternoon_Low,2020-01-06 14:09:00,0.021038,230.027,0.5864,49.958
Afternoon_Low,2020-01-06 14:12:00,0.017724,227.46,0.5882,49.98
Afternoon_Low,2020-01-06 14:15:00,0.018156,228.139,0.5081,49.983
Afternoon_Low,2020-01-06 14:18:00,0.017112,228.95,0.551,49.986
Afternoon_Low,2020-01-06 14:21:00,0.022065,228.903,0.6646,49.996
Afternoon_Low,2020-01-06 14:24:00,0.017553,228.261,0.6238,49.996
Afternoon_Low,2020-01-06 14:27:00,0.022958,227.833,0.6829,49.98
Afternoon_Low,2020-01-06 14:30:00,0.018737,227.106,0.6038,49.999
Afternoon_Low,2020-01-06 14:33:00,0.02072,226.531,0.6652,49.992
Afternoon_Low,2020-01-06 14:36:00,0.031385,226.985,0.8355,49.942
Afternoon_Low,2020-01-06 14:39:00,0.018931,228.865,0.607,49.976
Afternoon_Low,2020-01-06 14:42:00,0.017539,228.957,0.5649,49.975
Afternoon_Low,2020-01-06 14:45:00,0.016092,228.686,0.6077,49.991
Afternoon_Low,2020-01-06 14:48:00,0.01681,230.224,0.5618,49.982
Afternoon_Low,2020-01-06 14:51:00,0.018269,227.983,0.6003,49.994
Afternoon_Low,2020-01-06 14:54:00,0.018264,228.368,0.5946,49.991
Afternoon_Low,2020-01-06 14:57:00,0.021232,229.003,0.6309,49.977
Afternoon_Low,2020-01-06 15:00:00,0.016257,229.519,0.5821,49.98
Afternoon_Low,2020-01-06 15:03:00,0.01794,229.162,0.5709,49.991
Afternoon_Low,2020-01-06 15:06:00,0.015958,229.131,0.5217,49.984
Afternoon_Low,2020-01-06 15:09:00,0.014211,228.758,0.4712,49.968
Afternoon_Low,2020-01-06 15:12:00,0.019358,228.007,0.5694,49.977
Afternoon_Low,2020-01-06 15:15:00,0.013882,228.032,0.5206,49.992
Afternoon_Low,2020-01-06 15:18:00,0.018835,229.725,0.5979,50.0
Afternoon_Low,2020-01-06 15:21:00,0.01813,227.261,0.5924,49.977
Afternoon_Low,2020-01-06 15:24:00,0.025437,225.829,0.7509,49.979
Afternoon_Low,2020-01-06 15:27:00,0.017547,229.353,0.5775,49.999
Afternoon_Low,2020-01-06 15:30:00,0.017483,229.332,0.5705,49.979
Afternoon_Low,2020-01-06 15:33:00,0.017758,227.7,0.566,49.987
Afternoon_Low,2020-01-06 15:36:00,0.020027,227.368,0.6556,49.987
Afternoon_Low,2020-01-06 15:39:00,0.017308,228.221,0.4833,49.992
Afternoon_Low,2020-01-06 15:42:00,0.018504,228.947,0.5305,49.994
Afternoon_Low,2020-01-06 15:45:00,0.019757,226.471,0.5679,50.004
Afternoon_Low,2020-01-06 15:48:00,0.011344,229.322,0.4896,49.995
Afternoon_Low,2020-01-06 15:51:00,0.016501,227.225,0.5905,50.005
Afternoon_Low,2020-01-06 15:54:00,0.014969,228.381,0.5662,49.971
Afternoon_Low,2020-01-06 15:57:00,0.012738,229.445,0.4934,50.004
Afternoon_Low,2020-01-06 16:00:00,0.01709,227.503,0.6032,49.995
Afternoon_Low,2020-01-06 16:03:00,0.018147,227.698,0.6016,49.981
Afternoon_Low,2020-01-06 16:06:00,0.016365,227.547,0.4697,49.973
Afternoon_Low,2020-01-06 16:09:00,0.014361,228.378,0.5029,49.98
Afternoon_Low,2020-01-06 16:12:00,0.011073,230.287,0.4596,49.982
Afternoon_Low,2020-01-06 16:15:00,0.010535,229.296,0.42,49.987
Afternoon_Low,2020-01-06 16:18:00,0.011225,229.458,0.4944,49.992
Afternoon_Low,2020-01-06 16:21:00,0.01065,229.354,0.4806,50.0
Afternoon_Low,2020-01-06 16:24:00,0.013515,229.011,0.5161,50.011
Afternoon_Low,2020-01-06 16:27:00,0.007298,230.252,0.3964,50.007
Afternoon_Low,2020-01-06 16:30:00,0.012945,229.683,0.4222,49.962
Afternoon_Low,2020-01-06 16:33:00,0.011669,228.516,0.4738,49.986
Afternoon_Low,2020-01-06 16:36:00,0.013583,230.535,0.5166,49.971
Afternoon_Low,2020-01-06 16:39:00,0.010644,230.699,0.5027,49.98
Afternoon_Low,2020-01-06 16:42:00,0.012288,229.789,0.4426,49.968
Afternoon_Low,2020-01-06 16:45:00,0.012674,228.326,0.4541,49.979
Afternoon_Low,2020-01-06 16:48:00,0.008732,230.839,0.3015,49.977
Afternoon_Low,2020-01-06 16:51:00,0.013228,229.245,0.5254,49.987
Afternoon_Low,2020-01-06 16:54:00,0.013404,229.144,0.4772,49.979
Afternoon_Low,2020-01-06 16:57:00,0.013128,229.233,0.4959,49.98
Afternoon_Low,2020-01-06 17:00:00,0.008072,230.743,0.4044,50.002
Afternoon_Low,2020-01-06 17:03:00,0.008242,230.195,0.3896,49.986
Afternoon_Low,2020-01-06 17:06:00,0.008925,230.545,0.4196,49.989
Afternoon_Low,2020-01-06 17:09:00,0.013041,228.051,0.4372,49.998
Afternoon_Low,2020-01-06 17:12:00,0.008191,230.671,0.3741,49.984
Afternoon_Low,2020-01-06 17:15:00,0.005864,229.287,0.4006,49.982
Afternoon_Low,2020-01-06 17:18:00,0.012187,228.723,0.5067,49.98
Afternoon_Low,2020-01-06 17:21:00,0.011175,229.225,0.4183,49.988
Afternoon_Low,2020-01-06 17:24:00,0.006851,231.399,0.3961,49.989
Afternoon_Low,2020-01-06 17:27:00,0.011446,230.561,0.4315,49.985
Afternoon_Low,2020-01-06 17:30:00,0.007364,230.846,0.3662,49.963
Afternoon_Low,2020-01-06 17:33:00,0.008507,230.71,0.4202,49.983
Afternoon_Low,2020-01-06 17:36:00,0.008587,231.207,0.3888,49.995
Afternoon_Low,2020-01-06 17:39:00,0.007749,229.591,0.424,50.004
Afternoon_Low,2020-01-06 17:42:00,0.009279,230.017,0.4278,49.983
Afternoon_Low,2020-01-06 17:45:00,0.00927,230.3,0.461,49.994
Afternoon_Low,2020-01-06 17:48:00,0.00742,229.922,0.3729,49.985
Afternoon_Low,2020-01-06 17:51:00,0.008822,229.755,0.3682,50.006
Afternoon_Low,2020-01-06 17:54:00,0.010272,229.265,0.3877,49.967
Afternoon_Low,2020-01-06 17:57:00,0.007893,231.787,0.3851,50.009
Afternoon_Low,2020-01-06 18:00:00,0.006513,230.065,0.367,50.003
Afternoon_Low,2020-01-06 18:03:00,0.005834,231.152,0.3235,50.003
Afternoon_Low,2020-01-06 18:06:00,0.008626,229.779,0.3646,49.981
Afternoon_Low,2020-01-06 18:09:00,0.0054,230.902,0.3663,50.004
Afternoon_Low,2020-01-06 18:12:00,0.008973,230.553,0.3722,49.969
Afternoon_Low,2020-01-06 18:15:00,0.003096,232.293,0.3155,50.006
Afternoon_Low,2020-01-06 18:18:00,0.00447,230.853,0.3562,49.988
Afternoon_Low,2020-01-06 18:21:00,0.004984,229.963,0.3448,49.988
Afternoon_Low,2020-01-06 18:24:00,0.0062,229.069,0.38,49.971
Afternoon_Low,2020-01-06 18:27:00,0.005057,230.49,0.3051,50.002
Afternoon_Low,2020-01-06 18:30:00,0.00521,230.483,0.3629,49.987
Afternoon_Low,2020-01-06 18:33:00,0.004729,230.063,0.3412,49.996
Afternoon_Low,2020-01-06 18:36:00,0.005674,229.972,0.3631,49.997
Afternoon_Low,2020-01-06 18:39:00,0.004546,230.565,0.3525,49.993
Afternoon_Low,2020-01-06 18:42:00,0.004513,230.671,0.3268,49.988
Afternoon_Low,2020-01-06 18:45:00,0.006258,230.278,0.381,49.982
Afternoon_Low,2020-01-06 18:48:00,0.004554,231.932,0.3588,49.984
Afternoon_Low,2020-01-06 18:51:00,0.004913,231.151,0.2899,49.989
Afternoon_Low,2020-01-06 18:54:00,0.007364,230.532,0.3988,49.992
Afternoon_Low,2020-01-06 18:57:00,0.007172,229.19,0.3676,49.993
Afternoon_Low,2020-01-06 19:00:00,0.003488,232.737,0.2958,49.973
Afternoon_Low,2020-01-06 19:03:00,0.005425,230.599,0.4008,49.982
Afternoon_Low,2020-01-06 19:06:00,0.006091,231.704,0.3147,49.991
Afternoon_Low,2020-01-06 19:09:00,0.006475,230.314,0.3736,50.008
Afternoon_Low,2020-01-06 19:12:00,0.003555,231.004,0.3531,50.018
Afternoon_Low,2020-01-06 19:15:00,0.004687,230.626,0.3219,50.01
Afternoon_Low,2020-01-06 19:18:00,0.005712,230.601,0.3339,49.981
Afternoon_Low,2020-01-06 19:21:00,0.006271,231.414,0.3068,49.986
Afternoon_Low,2020-01-06 19:24:00,0.006046,230.08,0.3462,50.017
Afternoon_Low,2020-01-06 19:27:00,0.004564,231.307,0.3216,49.997
Afternoon_Low,2020-01-06 19:30:00,0.005748,229.202,0.3086,50.022
Afternoon_Low,2020-01-06 19:33:00,0.004722,231.405,0.357,49.99
Afternoon_Low,2020-01-06 19:36:00,0.005039,231.514,0.3606,50.007
Afternoon_Low,2020-01-06 19:39:00,0.002443,231.44,0.3206,50.006
Afternoon_Low,2020-01-06 19:42:00,0.004223,229.593,0.2618,49.996
Afternoon_Low,2020-01-06 19:45:00,0.005531,232.197,0.352,50.009
Afternoon_Low,2020-01-06 19:48:00,0.004232,231.091,0.3642,49.992
Afternoon_Low,2020-01-06 19:51:00,0.004176,230.488,0.2899,50.011
Afternoon_Low,2020-01-06 19:54:00,0.004468,230.228,0.3416,49.991
Afternoon_Low,2020-01-06 19:57:00,0.005226,231.462,0.3595,49.992
Afternoon_Low,2020-01-06 20:00:00,0.004684,231.178,0.3434,50.009
Afternoon_Low,2020-01-06 20:03:00,0.005568,230.961,0.3664,49.994
Afternoon_Low,2020-01-06 20:06:00,0.00455,230.473,0.3051,49.997
Afternoon_Low,2020-01-06 20:09:00,0.004782,231.408,0.2995,49.989
Afternoon_Low,2020-01-06 20:12:00,0.006497,229.835,0.3946,49.992
Afternoon_Low,2020-01-06 20:15:00,0.003292,231.354,0.3238,50.0
Afternoon_Low,2020-01-06 20:18:00,0.003426,232.193,0.3267,49.974
Afternoon_Low,2020-01-06 20:21:00,0.004934,231.035,0.3537,49.977
Afternoon_Low,2020-01-06 20:24:00,0.006375,230.712,0.3929,49.987
Afternoon_Low,2020-01-06 20:27:00,0.004336,230.716,0.3239,49.997
Afternoon_Low,2020-01-06 20:30:00,0.004882,231.068,0.2813,50.008
Afternoon_Low,2020-01-06 20:33:00,0.003593,232.943,0.3113,49.974
Afternoon_Low,2020-01-06 20:36:00,0.003447,232.022,0.3243,49.989
Afternoon_Low,2020-01-06 20:39:00,0.005365,231.447,0.323,49.99
Afternoon_Low,2020-01-06 20:42:00,0.00437,232.117,0.2871,50.005
Afternoon_Low,2020-01-06 20:45:00,0.004402,230.642,0.3185,50.013
Afternoon_Low,2020-01-06 20:48:00,0.005478,230.208,0.357,49.995
Afternoon_Low,2020-01-06 20:51:00,0.005792,231.48,0.4434,49.985
Afternoon_Low,2020-01-06 20:54:00,0.003837,229.348,0.2796,50.007
Afternoon_Low,2020-01-06 20:57:00,0.004108,230.455,0.2864,50.009
Afternoon_Low,2020-01-06 21:00:00,0.005362,230.68,0.3048,49.986
Afternoon_Low,2020-01-06 21:03:00,0.005743,230.77,0.376,50.002
Afternoon_Low,2020-01-06 21:06:00,0.004781,230.894,0.2864,49.993
Afternoon_Low,2020-01-06 21:09:00,0.003919,231.76,0.3437,50.01
Afternoon_Low,2020-01-06 21:12:00,0.004937,229.525,0.357,50.0
Afternoon_Low,2020-01-06 21:15:00,0.004348,231.552,0.3139,49.998
Afternoon_Low,2020-01-06 21:18:00,0.0047,230.472,0.342,49.989
Afternoon_Low,2020-01-06 21:21:00,0.004798,231.218,0.3346,49.99
Afternoon_Low,2020-01-06 21:24:00,0.003088,231.826,0.2727,50.008
Afternoon_Low,2020-01-06 21:27:00,0.003684,231.29,0.3227,50.005
Afternoon_Low,2020-01-06 21:30:00,0.003728,230.962,0.3281,50.002
Afternoon_Low,2020-01-06 21:33:00,0.001949,231.764,0.2791,50.0
Afternoon_Low,2020-01-06 21:36:00,0.004241,231.58,0.3377,50.009
Afternoon_Low,2020-01-06 21:39:00,0.003857,230.232,0.3206,49.988
Afternoon_Low,2020-01-06 21:42:00,0.004595,230.569,0.327,49.985
Afternoon_Low,2020-01-06 21:45:00,0.0043,231.26,0.3304,50.004
Afternoon_Low,2020-01-06 21:48:00,0.005256,231.233,0.344,49.994
Afternoon_Low,2020-01-06 21:51:00,0.005399,230.94,0.3386,49.985
Afternoon_Low,2020-01-06 21:54:00,0.002061,231.728,0.2143,50.0
Afternoon_Low,2020-01-06 21:57:00,0.004155,230.517,0.2761,49.992
Afternoon_Low,2020-01-06 22:00:00,0.001754,233.365,0.3268,50.019
Afternoon_Low,2020-01-06 22:03:00,0.003952,230.631,0.2947,50.006
Afternoon_Low,2020-01-06 22:06:00,0.004211,229.287,0.3105,49.988
Afternoon_Low,2020-01-06 22:09:00,0.004482,230.694,0.3553,49.992
Afternoon_Low,2020-01-06 22:12:00,0.003997,230.421,0.3672,50.001
Afternoon_Low,2020-01-06 22:15:00,0.00415,230.331,0.3046,50.0
Afternoon_Low,2020-01-06 22:18:00,0.003919,231.989,0.3439,50.001
Afternoon_Low,2020-01-06 22:21:00,0.00364,231.369,0.2994,50.002
Afternoon_Low,2020-01-06 22:24:00,0.004151,231.738,0.3634,49.999
Afternoon_Low,2020-01-06 22:27:00,0.004798,232.282,0.3319,50.001
Afternoon_Low,2020-01-06 22:30:00,0.003397,231.841,0.2826,50.004
Afternoon_Low,2020-01-06 22:33:00,0.004017,231.227,0.32,49.973
Afternoon_Low,2020-01-06 22:36:00,0.004549,231.153,0.3265,50.01
Afternoon_Low,2020-01-06 22:39:00,0.004004,231.662,0.3029,50.005
Afternoon_Low,2020-01-06 22:42:00,0.004947,229.866,0.286,49.977
Afternoon_Low,2020-01-06 22:45:00,0.004927,230.309,0.357,49.972
Afternoon_Low,2020-01-06 22:48:00,0.004917,231.179,0.3498,49.975
Afternoon_Low,2020-01-06 22:51:00,0.005811,231.458,0.3391,49.97
Afternoon_Low,2020-01-06 22:54:00,0.002474,232.935,0.3379,49.988
Afternoon_Low,2020-01-06 22:57:00,0.002946,230.841,0.3101,49.99
Afternoon_Low,2020-01-06 23:00:00,0.005082,231.221,0.3235,49.997
Afternoon_Low,2020-01-06 23:03:00,0.004193,230.472,0.3292,49.988
Afternoon_Low,2020-01-06 23:06:00,0.004104,233.317,0.2678,50.011
Afternoon_Low,2020-01-06 23:09:00,0.004404,230.635,0.3577,50.001
Afternoon_Low,2020-01-06 23:12:00,0.004591,232.262,0.304,49.991
Afternoon_Low,2020-01-06 23:15:00,0.004927,229.999,0.2779,50.009
Afternoon_Low,2020-01-06 23:18:00,0.003611,230.144,0.2748,50.003
Afternoon_Low,2020-01-06 23:21:00,0.004373,231.298,0.2936,49.986
Afternoon_Low,2020-01-06 23:24:00,0.003478,230.773,0.2714,50.004
Afternoon_Low,2020-01-06 23:27:00,0.00336,231.142,0.3473,50.003
Afternoon_Low,2020-01-06 23:30:00,0.00525,230.347,0.3339,50.006
Afternoon_Low,2020-01-06 23:33:00,0.00695,230.706,0.3767,49.98
Afternoon_Low,2020-01-06 23:36:00,0.00374,231.173,0.2888,49.99
Afternoon_Low,2020-01-06 23:39:00,0.005314,229.707,0.359,49.989
Afternoon_Low,2020-01-06 23:42:00,0.00331,230.536,0.2771,50.004
Afternoon_Low,2020-01-06 23:45:00,0.003443,230.405,0.3391,50.003
Afternoon_Low,2020-01-06 23:48:00,0.004816,230.562,0.3522,50.001
Afternoon_Low,2020-01-06 23:51:00,0.005384,230.329,0.3462,49.993
Afternoon_Low,2020-01-06 23:54:00,0.005215,232.219,0.3362,50.008
Afternoon_Low,2020-01-06 23:57:00,0.004316,231.618,0.3998,49.975
Afternoon_Low,2020-01-07 00:00:00,0.004567,232.581,0.2888,49.999
Afternoon_Low,2020-01-07 00:03:00,0.005671,229.884,0.3855,50.015
Afternoon_Low,2020-01-07 00:06:00,0.004071,231.458,0.2862,50.008
Afternoon_Low,2020-01-07 00:09:00,0.00375,231.259,0.2641,49.986
Afternoon_Low,2020-01-07 00:12:00,0.002369,230.816,0.3034,50.022
Afternoon_Low,2020-01-07 00:15:00,0.0035,231.342,0.3008,50.0
Afternoon_Low,2020-01-07 00:18:00,0.004266,229.595,0.3244,50.003
Afternoon_Low,2020-01-07 00:21:00,0.004365,231.195,0.3189,49.995
Afternoon_Low,2020-01-07 00:24:00,0.003745,231.444,0.2371,50.014
Afternoon_Low,2020-01-07 00:27:00,0.004583,230.33,0.2946,50.0
Afternoon_Low,2020-01-07 00:30:00,0.00456,230.878,0.3502,49.991
Afternoon_Low,2020-01-07 00:33:00,0.00338,230.399,0.3177,49.99
Afternoon_Low,2020-01-07 00:36:00,0.004496,232.8,0.428,49.98
Afternoon_Low,2020-01-07 00:39:00,0.005002,230.575,0.3429,49.993
Afternoon_Low,2020-01-07 00:42:00,0.004817,231.31,0.3238,50.026
Afternoon_Low,2020-01-07 00:45:00,0.00518,229.554,0.416,49.998
Afternoon_Low,2020-01-07 00:48:00,0.003448,231.906,0.2872,49.992
Afternoon_Low,2020-01-07 00:51:00,0.004184,230.786,0.3561,49.977
Afternoon_Low,2020-01-07 00:54:00,0.005981,231.155,0.3652,49.979
Afternoon_Low,2020-01-07 00:57:00,0.004326,231.423,0.3787,49.985
Afternoon_Low,2020-01-07 01:00:00,0.003544,231.113,0.294,50.014
Afternoon_Low,2020-01-07 01:03:00,0.00505,231.117,0.3562,49.982
Afternoon_Low,2020-01-07 01:06:00,0.004555,230.88,0.3308,49.999
Afternoon_Low,2020-01-07 01:09:00,0.004433,230.462,0.3315,50.011
Afternoon_Low,2020-01-07 01:12:00,0.003989,230.561,0.3666,49.995
Afternoon_Low,2020-01-07 01:15:00,0.003889,231.172,0.3233,49.99
Afternoon_Low,2020-01-07 01:18:00,0.005495,230.991,0.3428,49.999
Afternoon_Low,2020-01-07 01:21:00,0.003856,232.433,0.3231,50.001
Afternoon_Low,2020-01-07 01:24:00,0.003959,229.836,0.3237,49.961
Afternoon_Low,2020-01-07 01:27:00,0.003822,230.757,0.3375,49.984
Afternoon_Low,2020-01-07 01:30:00,0.004044,230.894,0.3391,50.004
Afternoon_Low,2020-01-07 01:33:00,0.00457,231.709,0.3092,49.982
Afternoon_Low,2020-01-07 01:36:00,0.003104,229.756,0.2938,50.0
Afternoon_Low,2020-01-07 01:39:00,0.005214,230.534,0.4294,49.999
Afternoon_Low,2020-01-07 01:42:00,0.003912,230.725,0.3469,49.987
Afternoon_Low,2020-01-07 01:45:00,0.00313,232.49,0.2867,50.007
Afternoon_Low,2020-01-07 01:48:00,0.0044,231.609,0.2993,49.989
Afternoon_Low,2020-01-07 01:51:00,0.004032,230.759,0.269,49.997
Afternoon_Low,2020-01-07 01:54:00,0.004489,231.385,0.3452,49.998
Afternoon_Low,2020-01-07 01:57:00,0.004245,229.962,0.3863,49.985
Afternoon_Low,2020-01-07 02:00:00,0.004292,229.742,0.3342,50.003
Afternoon_Low,2020-01-07 02:03:00,0.004005,230.784,0.3178,50.021
Afternoon_Low,2020-01-07 02:06:00,0.004402,230.868,0.3483,49.992
Afternoon_Low,2020-01-07 02:09:00,0.0037,230.922,0.3229,49.984
Afternoon_Low,2020-01-07 02:12:00,0.004855,230.662,0.428,49.977
Afternoon_Low,2020-01-07 02:15:00,0.004097,231.034,0.3664,50.0
Afternoon_Low,2020-01-07 02:18:00,0.002925,231.708,0.3081,50.007
Afternoon_Low,2020-01-07 02:21:00,0.002227,231.002,0.3374,49.989
Afternoon_Low,2020-01-07 02:24:00,0.003235,230.476,0.3007,49.992
Afternoon_Low,2020-01-07 02:27:00,0.004888,231.578,0.3827,50.014
Afternoon_Low,2020-01-07 02:30:00,0.004303,231.4,0.3344,49.993
Afternoon_Low,2020-01-07 02:33:00,0.005439,230.914,0.3431,50.008
Afternoon_Low,2020-01-07 02:36:00,0.004588,231.417,0.3318,49.999
Afternoon_Low,2020-01-07 02:39:00,0.004935,232.409,0.3345,49.984
Afternoon_Low,2020-01-07 02:42:00,0.005849,230.116,0.3597,49.986
Afternoon_Low,2020-01-07 02:45:00,0.005917,231.262,0.339,49.982
Afternoon_Low,2020-01-07 02:48:00,0.003523,229.975,0.3274,50.0
Afternoon_Low,2020-01-07 02:51:00,0.003165,232.861,0.3188,49.995
Afternoon_Low,2020-01-07 02:54:00,0.003661,230.311,0.3618,49.993
Afternoon_Low,2020-01-07 02:57:00,0.005527,229.727,0.3444,50.006
Afternoon_Low,2020-01-07 03:00:00,0.003364,230.893,0.3514,49.991
Afternoon_Low,2020-01-07 03:03:00,0.005794,230.654,0.4177,49.974
Afternoon_Low,2020-01-07 03:06:00,0.003536,231.076,0.3123,50.001
Afternoon_Low,2020-01-07 03:09:00,0.004331,231.655,0.3269,49.993
Afternoon_Low,2020-01-07 03:12:00,0.006068,231.054,0.4013,49.985
Afternoon_Low,2020-01-07 03:15:00,0.004905,230.027,0.3721,49.992
Afternoon_Low,2020-01-07 03:18:00,0.005026,230.677,0.3201,50.001
Afternoon_Low,2020-01-07 03:21:00,0.003321,231.43,0.3169,50.001
Afternoon_Low,2020-01-07 03:24:00,0.003115,231.455,0.307,50.016
Afternoon_Low,2020-01-07 03:27:00,0.003102,232.543,0.2815,49.986
Afternoon_Low,2020-01-07 03:30:00,0.004112,230.784,0.2834,50.004
Afternoon_Low,2020-01-07 03:33:00,0.004329,230.96,0.3085,49.994
Afternoon_Low,2020-01-07 03:36:00,0.003572,229.445,0.2749,49.982
Afternoon_Low,2020-01-07 03:39:00,0.002664,230.934,0.2699,49.988
Afternoon_Low,2020-01-07 03:42:00,0.003523,231.536,0.3092,50.009
Afternoon_Low,2020-01-07 03:45:00,0.004583,230.69,0.3338,49.986
Afternoon_Low,2020-01-07 03:48:00,0.005309,230.965,0.3842,49.986
Afternoon_Low,2020-01-07 03:51:00,0.004166,230.492,0.3099,49.984
Afternoon_Low,2020-01-07 03:54:00,0.004355,229.348,0.3374,49.999
Afternoon_Low,2020-01-07 03:57:00,0.003757,231.692,0.3119,50.002
Afternoon_Low,2020-01-07 04:00:00,0.003277,231.353,0.377,49.975
Afternoon_Low,2020-01-07 04:03:00,0.005953,230.07,0.4089,50.01
Afternoon_Low,2020-01-07 04:06:00,0.003187,230.259,0.2348,50.006
Afternoon_Low,2020-01-07 04:09:00,0.004553,231.706,0.375,49.995
Afternoon_Low,2020-01-07 04:12:00,0.004436,229.694,0.3539,49.995
Afternoon_Low,2020-01-07 04:15:00,0.003566,230.237,0.332,50.009
Afternoon_Low,2020-01-07 04:18:00,0.005362,229.429,0.3891,49.996
Afternoon_Low,2020-01-07 04:21:00,0.003758,230.524,0.3058,49.999
Afternoon_Low,2020-01-07 04:24:00,0.004598,231.124,0.3696,49.998
Afternoon_Low,2020-01-07 04:27:00,0.004845,230.771,0.3429,49.99
Afternoon_Low,2020-01-07 04:30:00,0.004504,230.898,0.311,50.002
Afternoon_Low,2020-01-07 04:33:00,0.004511,230.491,0.2836,50.006
Afternoon_Low,2020-01-07 04:36:00,0.00336,232.031,0.2304,49.997
Afternoon_Low,2020-01-07 04:39:00,0.005537,231.339,0.2825,49.997
Afternoon_Low,2020-01-07 04:42:00,0.005414,231.747,0.366,49.975
Afternoon_Low,2020-01-07 04:45:00,0.005495,229.994,0.3638,50.01
Afternoon_Low,2020-01-07 04:48:00,0.004986,230.573,0.361,49.981
Afternoon_Low,2020-01-07 04:51:00,0.00494,230.884,0.3161,50.004
Afternoon_Low,2020-01-07 04:54:00,0.005304,230.52,0.3669,49.972
Afternoon_Low,2020-01-07 04:57:00,0.003295,232.159,0.3709,49.987
Afternoon_Low,2020-01-07 05:00:00,0.004451,231.267,0.2905,49.993
Afternoon_Low,2020-01-07 05:03:00,0.004745,230.494,0.3464,50.001
Afternoon_Low,2020-01-07 05:06:00,0.005387,229.782,0.3578,49.992
Afternoon_Low,2020-01-07 05:09:00,0.004505,230.727,0.2995,49.997
Afternoon_Low,2020-01-07 05:12:00,0.004689,231.053,0.3973,50.0
Afternoon_Low,2020-01-07 05:15:00,0.003577,229.815,0.2173,50.004
Afternoon_Low,2020-01-07 05:18:00,0.003438,231.391,0.308,50.0
Afternoon_Low,2020-01-07 05:21:00,0.005015,230.015,0.3954,50.007
Afternoon_Low,2020-01-07 05:24:00,0.003703,230.512,0.3193,50.017
Afternoon_Low,2020-01-07 05:27:00,0.003241,230.294,0.3171,50.005
Afternoon_Low,2020-01-07 05:30:00,0.004684,230.74,0.359,49.982
Afternoon_Low,2020-01-07 05:33:00,0.004973,232.173,0.2801,49.975
Afternoon_Low,2020-01-07 05:36:00,0.003124,231.322,0.2801,49.975
Afternoon_Low,2020-01-07 05:39:00,0.005629,231.065,0.421,50.003
Afternoon_Low,2020-01-07 05:42:00,0.006354,230.961,0.4402,49.979
Afternoon_Low,2020-01-07 05:45:00,0.003478,230.602,0.3474,50.013
Afternoon_Low,2020-01-07 05:48:00,0.005142,230.749,0.3698,49.996
Afternoon_Low,2020-01-07 05:51:00,0.00278,230.908,0.2977,49.995
Afternoon_Low,2020-01-07 05:54:00,0.005558,230.059,0.3227,49.988
Afternoon_Low,2020-01-07 05:57:00,0.005082,231.349,0.3252,49.991
Afternoon_Low,2020-01-07 06:00:00,0.004161,232.515,0.309,50.009
Afternoon_Low,2020-01-07 06:03:00,0.004211,230.835,0.2857,49.976
Afternoon_Low,2020-01-07 06:06:00,0.005325,231.394,0.2903,49.997
Afternoon_Low,2020-01-07 06:09:00,0.005917,230.636,0.4095,49.967
Afternoon_Low,2020-01-07 06:12:00,0.005406,230.232,0.3552,49.983
Afternoon_Low,2020-01-07 06:15:00,0.005988,231.023,0.3169,49.987
Afternoon_Low,2020-01-07 06:18:00,0.006369,229.186,0.4105,49.991
Afternoon_Low,2020-01-07 06:21:00,0.005686,230.552,0.3167,50.01
Afternoon_Low,2020-01-07 06:24:00,0.00591,230.673,0.3571,49.998
Afternoon_Low,2020-01-07 06:27:00,0.005702,231.196,0.3967,50.012
Afternoon_Low,2020-01-07 06:30:00,0.00367,230.677,0.3109,50.003
Afternoon_Low,2020-01-07 06:33:00,0.006602,230.898,0.3763,49.997
Afternoon_Low,2020-01-07 06:36:00,0.004794,231.405,0.3207,49.995
Afternoon_Low,2020-01-07 06:39:00,0.005595,230.012,0.375,50.004
Afternoon_Low,2020-01-07 06:42:00,0.008213,230.119,0.3291,49.987
Afternoon_Low,2020-01-07 06:45:00,0.004638,230.626,0.2872,50.0
Afternoon_Low,2020-01-07 06:48:00,0.006628,231.648,0.3939,49.996
Afternoon_Low,2020-01-07 06:51:00,0.005981,230.723,0.3477,49.982
Afternoon_Low,2020-01-07 06:54:00,0.003222,232.734,0.2891,49.987
Afternoon_Low,2020-01-07 06:57:00,0.00648,230.673,0.4267,50.002
Afternoon_Low,2020-01-07 07:00:00,0.006221,230.891,0.3616,49.989
Afternoon_Low,2020-01-07 07:03:00,0.00659,229.814,0.3452,49.993
Afternoon_Low,2020-01-07 07:06:00,0.006353,230.364,0.3739,49.998
Afternoon_Low,2020-01-07 07:09:00,0.006492,230.125,0.3862,49.973
Afternoon_Low,2020-01-07 07:12:00,0.005062,230.975,0.3225,49.992
Afternoon_Low,2020-01-07 07:15:00,0.006674,230.266,0.3852,49.996
Afternoon_Low,2020-01-07 07:18:00,0.005099,232.162,0.3165,49.99
Afternoon_Low,2020-01-07 07:21:00,0.007595,229.698,0.4492,49.983
Afternoon_Low,2020-01-07 07:24:00,0.004429,231.789,0.3138,49.978
Afternoon_Low,2020-01-07 07:27:00,0.004399,230.186,0.357,49.973
Afternoon_Low,2020-01-07 07:30:00,0.007151,230.923,0.3397,49.992
Afternoon_Low,2020-01-07 07:33:00,0.006508,230.449,0.3757,50.016
Afternoon_Low,2020-01-07 07:36:00,0.006157,231.217,0.3759,49.984
Afternoon_Low,2020-01-07 07:39:00,0.00663,230.211,0.3825,49.987
Afternoon_Low,2020-01-07 07:42:00,0.006742,229.728,0.3204,49.981
Afternoon_Low,2020-01-07 07:45:00,0.007089,230.825,0.4334,50.022
Afternoon_Low,2020-01-07 07:48:00,0.006848,229.098,0.31,50.004
Afternoon_Low,2020-01-07 07:51:00,0.006941,231.763,0.3204,49.982
Afternoon_Low,2020-01-07 07:54:00,0.007598,230.165,0.4049,49.99
Afternoon_Low,2020-01-07 07:57:00,0.005783,230.02,0.4055,49.995
Afternoon_Low,2020-01-07 08:00:00,0.00577,229.412,0.3103,49.976
Afternoon_Low,2020-01-07 08:03:00,0.004403,230.835,0.3013,49.981
Afternoon_Low,2020-01-07 08:06:00,0.00665,230.456,0.4033,49.978
Afternoon_Low,2020-01-07 08:09:00,0.00755,231.339,0.3821,49.99
Afternoon_Low,2020-01-07 08:12:00,0.006535,230.242,0.3964,49.982
Afternoon_Low,2020-01-07 08:15:00,0.006751,230.445,0.3371,49.993
Afternoon_Low,2020-01-07 08:18:00,0.00581,229.921,0.3128,49.997
Afternoon_Low,2020-01-07 08:21:00,0.008273,230.429,0.3537,50.009
Afternoon_Low,2020-01-07 08:24:00,0.00827,231.118,0.3604,49.997
Afternoon_Low,2020-01-07 08:27:00,0.005266,230.63,0.3126,49.991
Afternoon_Low,2020-01-07 08:30:00,0.009108,231.695,0.4938,49.974
Afternoon_Low,2020-01-07 08:33:00,0.005887,230.403,0.3268,49.986
Afternoon_Low,2020-01-07 08:36:00,0.00875,230.639,0.4649,49.978
Afternoon_Low,2020-01-07 08:39:00,0.007681,229.863,0.4146,49.993
Afternoon_Low,2020-01-07 08:42:00,0.007212,230.437,0.419,49.994
Afternoon_Low,2020-01-07 08:45:00,0.005574,230.935,0.3322,50.004
Afternoon_Low,2020-01-07 08:48:00,0.005489,232.026,0.3748,49.986
Afternoon_Low,2020-01-07 08:51:00,0.006665,231.22,0.3645,50.012
Afternoon_Low,2020-01-07 08:54:00,0.006072,230.454,0.3354,49.98
Afternoon_Low,2020-01-07 08:57:00,0.005326,230.473,0.316,50.009
Afternoon_Low,2020-01-07 09:00:00,0.00632,230.295,0.4177,49.992
Afternoon_Low,2020-01-07 09:03:00,0.004416,230.311,0.3667,50.005
Afternoon_Low,2020-01-07 09:06:00,0.008466,232.072,0.3841,50.001
Afternoon_Low,2020-01-07 09:09:00,0.006877,230.929,0.3446,49.995
Afternoon_Low,2020-01-07 09:12:00,0.005594,229.741,0.3083,49.988
Afternoon_Low,2020-01-07 09:15:00,0.007389,231.223,0.3813,50.013
Afternoon_Low,2020-01-07 09:18:00,0.006968,230.883,0.3727,49.999
Afternoon_Low,2020-01-07 09:21:00,0.008764,231.959,0.4368,50.001
Afternoon_Low,2020-01-07 09:24:00,0.007718,230.391,0.3992,49.984
Afternoon_Low,2020-01-07 09:27:00,0.004512,230.644,0.3804,49.983
Afternoon_Low,2020-01-07 09:30:00,0.004966,231.198,0.3671,49.998
Afternoon_Low,2020-01-07 09:33:00,0.008036,230.218,0.3932,49.976
Afternoon_Low,2020-01-07 09:36:00,0.004977,230.783,0.3193,50.004
Afternoon_Low,2020-01-07 09:39:00,0.007916,229.767,0.4178,49.993
Afternoon_Low,2020-01-07 09:42:00,0.009655,229.037,0.4535,49.999
Afternoon_Low,2020-01-07 09:45:00,0.006353,232.431,0.3296,49.992
Afternoon_Low,2020-01-07 09:48:00,0.006869,231.146,0.4072,50.018
Afternoon_Low,2020-01-07 09:51:00,0.008082,228.803,0.3295,50.009
Afternoon_Low,2020-01-07 09:54:00,0.007887,230.33,0.3364,49.988
Afternoon_Low,2020-01-07 09:57:00,0.006913,230.267,0.3637,50.009
Afternoon_Low,2020-01-07 10:00:00,0.009065,230.56,0.4151,50.001
Afternoon_Low,2020-01-07 10:03:00,0.008453,229.684,0.4121,50.003
Afternoon_Low,2020-01-07 10:06:00,0.005999,229.795,0.4058,50.015
Afternoon_Low,2020-01-07 10:09:00,0.010364,229.37,0.4552,50.005
Afternoon_Low,2020-01-07 10:12:00,0.009769,230.976,0.4672,49.967
Afternoon_Low,2020-01-07 10:15:00,0.004353,230.621,0.3968,50.0
Afternoon_Low,2020-01-07 10:18:00,0.003716,230.64,0.2777,49.991
Afternoon_Low,2020-01-07 10:21:00,0.011295,229.476,0.449,49.982
Afternoon_Low,2020-01-07 10:24:00,0.006043,230.53,0.3463,49.974
Afternoon_Low,2020-01-07 10:27:00,0.007886,231.323,0.4161,49.988
Afternoon_Low,2020-01-07 10:30:00,0.008257,229.178,0.3523,49.983
Afternoon_Low,2020-01-07 10:33:00,0.008961,231.079,0.4331,49.984
Afternoon_Low,2020-01-07 10:36:00,0.008542,230.431,0.3969,50.001
Afternoon_Low,2020-01-07 10:39:00,0.008971,229.554,0.368,50.006
Afternoon_Low,2020-01-07 10:42:00,0.010825,228.461,0.4786,50.002
Afternoon_Low,2020-01-07 10:45:00,0.009474,230.543,0.3739,49.977
Afternoon_Low,2020-01-07 10:48:00,0.013067,229.701,0.5193,49.986
Afternoon_Low,2020-01-07 10:51:00,0.009407,230.434,0.4426,50.012
Afternoon_Low,2020-01-07 10:54:00,0.009943,229.582,0.435,49.973
Afternoon_Low,2020-01-07 10:57:00,0.014758,228.209,0.4885,49.981
Afternoon_Low,2020-01-07 11:00:00,0.012885,228.888,0.4525,49.992
Afternoon_Low,2020-01-07 11:03:00,0.013888,228.55,0.5109,49.983
Afternoon_Low,2020-01-07 11:06:00,0.008544,230.899,0.4067,49.986
Afternoon_Low,2020-01-07 11:09:00,0.011629,229.417,0.4795,49.974
Afternoon_Low,2020-01-07 11:12:00,0.009659,230.771,0.4349,49.986
Afternoon_Low,2020-01-07 11:15:00,0.011062,229.487,0.4594,49.982
Afternoon_Low,2020-01-07 11:18:00,0.015472,228.369,0.5142,49.981
Afternoon_Low,2020-01-07 11:21:00,0.013186,228.681,0.4649,50.0
Afternoon_Low,2020-01-07 11:24:00,0.014491,231.552,0.5109,49.99
Afternoon_Low,2020-01-07 11:27:00,0.012631,227.259,0.5172,49.994
Afternoon_Low,2020-01-07 11:30:00,0.014131,228.675,0.4988,49.994
Afternoon_Low,2020-01-07 11:33:00,0.009191,230.084,0.4295,49.982
Afternoon_Low,2020-01-07 11:36:00,0.016029,228.113,0.5901,49.966
Afternoon_Low,2020-01-07 11:39:00,0.01076,229.817,0.5116,49.978
Afternoon_Low,2020-01-07 11:42:00,0.016654,228.724,0.5254,49.983
Afternoon_Low,2020-01-07 11:45:00,0.016975,227.728,0.5194,49.977
Afternoon_Low,2020-01-07 11:48:00,0.015612,227.595,0.5607,49.991
Afternoon_Low,2020-01-07 11:51:00,0.014357,229.54,0.4861,49.986
Afternoon_Low,2020-01-07 11:54:00,0.016374,227.611,0.603,49.983
Afternoon_Low,2020-01-07 11:57:00,0.013058,230.297,0.4413,50.007
Afternoon_Low,2020-01-07 12:00:00,0.014347,229.251,0.5146,49.992
Afternoon_Low,2020-01-07 12:03:00,0.0205,227.989,0.6858,49.98
Afternoon_Low,2020-01-07 12:06:00,0.016594,227.704,0.5521,49.962
Afternoon_Low,2020-01-07 12:09:00,0.00932,230.388,0.4734,49.99
Afternoon_Low,2020-01-07 12:12:00,0.021366,227.644,0.6121,49.986
Afternoon_Low,2020-01-07 12:15:00,0.019103,227.474,0.6588,49.997
Afternoon_Low,2020-01-07 12:18:00,0.013355,230.316,0.4858,50.014
Afternoon_Low,2020-01-07 12:21:00,0.015224,228.199,0.6177,49.971
Afternoon_Low,2020-01-07 12:24:00,0.014103,230.644,0.4842,49.994
Afternoon_Low,2020-01-07 12:27:00,0.017096,229.829,0.542,49.97
Afternoon_Low,2020-01-07 12:30:00,0.018264,228.172,0.5853,49.99
Afternoon_Low,2020-01-07 12:33:00,0.017926,228.644,0.5657,49.985
Afternoon_Low,2020-01-07 12:36:00,0.017753,228.791,0.5918,49.994
Afternoon_Low,2020-01-07 12:39:00,0.0145,229.962,0.4848,49.986
Afternoon_Low,2020-01-07 12:42:00,0.013496,228.015,0.599,50.0
Afternoon_Low,2020-01-07 12:45:00,0.020525,227.156,0.5636,49.971
Afternoon_Low,2020-01-07 12:48:00,0.019476,228.495,0.5562,49.963
Afternoon_Low,2020-01-07 12:51:00,0.016959,228.241,0.5197,49.953
Afternoon_Low,2020-01-07 12:54:00,0.021348,226.843,0.6462,49.981
Afternoon_Low,2020-01-07 12:57:00,0.023185,226.998,0.6625,49.962
Afternoon_Low,2020-01-07 13:00:00,0.014276,229.211,0.4707,49.998
Afternoon_Low,2020-01-07 13:03:00,0.016679,229.37,0.5837,49.988
Afternoon_Low,2020-01-07 13:06:00,0.023293,227.477,0.7212,49.972
Afternoon_Low,2020-01-07 13:09:00,0.015189,227.52,0.533,49.983
Afternoon_Low,2020-01-07 13:12:00,0.019788,227.373,0.653,49.973
Afternoon_Low,2020-01-07 13:15:00,0.018708,228.76,0.5786,49.975
Afternoon_Low,2020-01-07 13:18:00,0.01713,228.596,0.5555,49.979
Afternoon_Low,2020-01-07 13:21:00,0.016559,227.346,0.5511,49.984
Afternoon_Low,2020-01-07 13:24:00,0.017027,227.601,0.5461,49.984
Afternoon_Low,2020-01-07 13:27:00,0.022767,227.458,0.6654,49.992
Afternoon_Low,2020-01-07 13:30:00,0.025276,226.953,0.7545,49.97
Afternoon_Low,2020-01-07 13:33:00,0.017714,226.786,0.5449,49.982
Afternoon_Low,2020-01-07 13:36:00,0.015453,228.466,0.5374,50.001
Afternoon_Low,2020-01-07 13:39:00,0.017384,228.867,0.5133,49.974
Afternoon_Low,2020-01-07 13:42:00,0.017231,227.873,0.5407,49.982
Afternoon_Low,2020-01-07 13:45:00,0.021936,228.036,0.6204,49.98
Afternoon_Low,2020-01-07 13:48:00,0.024514,227.303,0.6445,49.971
Afternoon_Low,2020-01-07 13:51:00,0.014616,228.512,0.5235,49.983
Afternoon_Low,2020-01-07 13:54:00,0.023853,227.607,0.7301,49.97
Afternoon_Low,2020-01-07 13:57:00,0.015364,228.409,0.5166,49.98
Afternoon_Low,2020-01-07 14:00:00,0.022456,226.892,0.6704,49.97
Afternoon_Low,2020-01-07 14:03:00,0.017265,228.841,0.5008,49.994
Afternoon_Low,2020-01-07 14:06:00,0.025813,226.331,0.817,49.959
Afternoon_Low,2020-01-07 14:09:00,0.019482,227.602,0.5509,49.982
Afternoon_Low,2020-01-07 14:12:00,0.019602,228.125,0.6203,49.978
Afternoon_Low,2020-01-07 14:15:00,0.021769,226.129,0.6206,49.989
Afternoon_Low,2020-01-07 14:18:00,0.020404,228.269,0.6115,49.999
Afternoon_Low,2020-01-07 14:21:00,0.023612,225.626,0.7232,49.99
Afternoon_Low,2020-01-07 14:24:00,0.019274,228.385,0.5436,49.993
Afternoon_Low,2020-01-07 14:27:00,0.016826,227.681,0.5015,49.997
Afternoon_Low,2020-01-07 14:30:00,0.018882,228.696,0.597,50.015
Afternoon_Low,2020-01-07 14:33:00,0.019244,228.666,0.5719,49.988
Afternoon_Low,2020-01-07 14:36:00,0.012716,228.885,0.4556,49.984
Afternoon_Low,2020-01-07 14:39:00,0.01741,227.179,0.516,49.969
Afternoon_Low,2020-01-07 14:42:00,0.020788,227.926,0.5712,49.994
Afternoon_Low,2020-01-07 14:45:00,0.014558,230.399,0.5394,49.965
Afternoon_Low,2020-01-07 14:48:00,0.018402,227.81,0.6083,50.018
Afternoon_Low,2020-01-07 14:51:00,0.014982,227.93,0.5809,50.011
Afternoon_Low,2020-01-07 14:54:00,0.016604,228.91,0.5542,49.982
Afternoon_Low,2020-01-07 14:57:00,0.018218,227.639,0.6421,49.983
Afternoon_Low,2020-01-07 15:00:00,0.01427,230.104,0.426,49.979
Afternoon_Low,2020-01-07 15:03:00,0.019677,228.439,0.6339,49.987
Afternoon_Low,2020-01-07 15:06:00,0.015639,228.103,0.5341,49.987
Afternoon_Low,2020-01-07 15:09:00,0.008223,230.483,0.4343,50.008
Afternoon_Low,2020-01-07 15:12:00,0.021497,227.068,0.6407,49.983
Afternoon_Low,2020-01-07 15:15:00,0.019819,228.342,0.6237,49.986
Afternoon_Low,2020-01-07 15:18:00,0.019674,228.202,0.5638,49.963
Afternoon_Low,2020-01-07 15:21:00,0.021014,228.576,0.6681,49.988
Afternoon_Low,2020-01-07 15:24:00,0.014236,229.671,0.484,49.978
Afternoon_Low,2020-01-07 15:27:00,0.015181,230.024,0.4349,49.981
Afternoon_Low,2020-01-07 15:30:00,0.019842,228.552,0.546,49.974
Afternoon_Low,2020-01-07 15:33:00,0.01948,227.947,0.5912,49.982
Afternoon_Low,2020-01-07 15:36:00,0.014517,228.611,0.481,49.988
Afternoon_Low,2020-01-07 15:39:00,0.0151,228.381,0.6028,49.997
Afternoon_Low,2020-01-07 15:42:00,0.014472,228.304,0.4959,50.025
Afternoon_Low,2020-01-07 15:45:00,0.013236,230.29,0.5083,49.967
Afternoon_Low,2020-01-07 15:48:00,0.014396,227.271,0.5733,49.984
Afternoon_Low,2020-01-07 15:51:00,0.018597,228.14,0.6284,49.992
Afternoon_Low,2020-01-07 15:54:00,0.014749,228.495,0.5528,49.977
Afternoon_Low,2020-01-07 15:57:00,0.017315,228.124,0.58,49.975
Afternoon_Low,2020-01-07 16:00:00,0.013081,229.216,0.482,49.965
Afternoon_Low,2020-01-07 16:03:00,0.011132,228.957,0.3927,49.996
Afternoon_Low,2020-01-07 16:06:00,0.017043,228.659,0.5059,49.984
Afternoon_Low,2020-01-07 16:09:00,0.01635,228.198,0.5223,49.975
Afternoon_Low,2020-01-07 16:12:00,0.008895,231.582,0.4075,50.0
Afternoon_Low,2020-01-07 16:15:00,0.014378,227.056,0.4456,50.009
Afternoon_Low,2020-01-07 16:18:00,0.012741,231.605,0.4882,49.991
Afternoon_Low,2020-01-07 16:21:00,0.014299,227.104,0.4575,49.972
Afternoon_Low,2020-01-07 16:24:00,0.011202,229.488,0.4463,49.985
Afternoon_Low,2020-01-07 16:27:00,0.012107,231.444,0.4637,49.995
Afternoon_Low,2020-01-07 16:30:00,0.010028,230.874,0.5284,49.973
Afternoon_Low,2020-01-07 16:33:00,0.011403,230.07,0.4766,50.002
Afternoon_Low,2020-01-07 16:36:00,0.009972,229.389,0.3822,49.974
Afternoon_Low,2020-01-07 16:39:00,0.010195,230.192,0.4742,49.996
Afternoon_Low,2020-01-07 16:42:00,0.010786,231.518,0.4538,50.002
Afternoon_Low,2020-01-07 16:45:00,0.00969,229.486,0.3783,49.996
Afternoon_Low,2020-01-07 16:48:00,0.009493,229.442,0.383,49.98
Afternoon_Low,2020-01-07 16:51:00,0.005174,230.685,0.3632,50.005
Afternoon_Low,2020-01-07 16:54:00,0.009992,231.021,0.4379,49.994
Afternoon_Low,2020-01-07 16:57:00,0.01208,230.206,0.4655,49.969
Afternoon_Low,2020-01-07 17:00:00,0.008951,230.018,0.3595,50.001
Afternoon_Low,2020-01-07 17:03:00,0.005554,230.65,0.3617,50.003
Afternoon_Low,2020-01-07 17:06:00,0.009659,229.144,0.4267,49.981
Afternoon_Low,2020-01-07 17:09:00,0.010499,230.862,0.4524,49.987
Afternoon_Low,2020-01-07 17:12:00,0.008859,231.175,0.3059,49.981
Afternoon_Low,2020-01-07 17:15:00,0.009425,230.496,0.4052,50.0
Afternoon_Low,2020-01-07 17:18:00,0.010669,230.203,0.4424,50.007
Afternoon_Low,2020-01-07 17:21:00,0.0053,231.065,0.3119,49.993
Afternoon_Low,2020-01-07 17:24:00,0.008094,228.373,0.4018,49.981
Afternoon_Low,2020-01-07 17:27:00,0.009728,231.275,0.4133,50.005
Afternoon_Low,2020-01-07 17:30:00,0.00845,230.92,0.4006,49.99
Afternoon_Low,2020-01-07 17:33:00,0.008466,230.964,0.3868,50.005
Afternoon_Low,2020-01-07 17:36:00,0.006624,230.063,0.4257,49.992
Afternoon_Low,2020-01-07 17:39:00,0.007928,230.689,0.2964,49.994
Afternoon_Low,2020-01-07 17:42:00,0.006982,231.563,0.353,49.995
Afternoon_Low,2020-01-07 17:45:00,0.00537,231.237,0.3788,50.0
Afternoon_Low,2020-01-07 17:48:00,0.008311,230.586,0.4306,49.986
Afternoon_Low,2020-01-07 17:51:00,0.005801,231.822,0.3904,49.982
Afternoon_Low,2020-01-07 17:54:00,0.005283,230.934,0.3448,49.967
Afternoon_Low,2020-01-07 17:57:00,0.005845,232.144,0.335,49.977
Afternoon_Low,2020-01-07 18:00:00,0.005977,229.825,0.3336,49.976
Afternoon_Low,2020-01-07 18:03:00,0.00715,230.146,0.3982,50.004
Afternoon_Low,2020-01-07 18:06:00,0.00726,229.073,0.2879,50.005
Afternoon_Low,2020-01-07 18:09:00,0.005417,231.464,0.3214,49.987
Afternoon_Low,2020-01-07 18:12:00,0.006616,230.793,0.3379,49.962
Afternoon_Low,2020-01-07 18:15:00,0.005666,230.949,0.3731,49.995
Afternoon_Low,2020-01-07 18:18:00,0.006425,230.748,0.4419,50.009
Afternoon_Low,2020-01-07 18:21:00,0.00552,230.92,0.3103,49.999
Afternoon_Low,2020-01-07 18:24:00,0.0055,230.636,0.3063,49.999
Afternoon_Low,2020-01-07 18:27:00,0.004291,230.598,0.3371,50.002
Afternoon_Low,2020-01-07 18:30:00,0.005763,229.807,0.3574,50.006
Afternoon_Low,2020-01-07 18:33:00,0.004758,231.44,0.3379,49.983
Afternoon_Low,2020-01-07 18:36:00,0.006505,229.955,0.3972,49.982
Afternoon_Low,2020-01-07 18:39:00,0.005526,231.262,0.371,49.993
Afternoon_Low,2020-01-07 18:42:00,0.006831,229.615,0.4239,50.003
Afternoon_Low,2020-01-07 18:45:00,0.004657,230.197,0.3475,49.999
Afternoon_Low,2020-01-07 18:48:00,0.004334,230.98,0.3665,50.005
Afternoon_Low,2020-01-07 18:51:00,0.006341,230.564,0.3634,49.982
Afternoon_Low,2020-01-07 18:54:00,0.004719,231.441,0.2898,50.001
Afternoon_Low,2020-01-07 18:57:00,0.005867,231.426,0.3418,50.003
Afternoon_Low,2020-01-07 19:00:00,0.005317,231.35,0.3307,49.979
Afternoon_Low,2020-01-07 19:03:00,0.004915,230.833,0.3566,50.01
Afternoon_Low,2020-01-07 19:06:00,0.005581,230.789,0.3866,50.004
Afternoon_Low,2020-01-07 19:09:00,0.005675,231.25,0.3522,49.991
Afternoon_Low,2020-01-07 19:12:00,0.005381,231.069,0.3208,50.006
Afternoon_Low,2020-01-07 19:15:00,0.004354,231.859,0.3782,50.012
Afternoon_Low,2020-01-07 19:18:00,0.005623,230.77,0.3578,49.961
Afternoon_Low,2020-01-07 19:21:00,0.003436,230.032,0.2315,49.989
Afternoon_Low,2020-01-07 19:24:00,0.004653,231.666,0.2498,49.993
Afternoon_Low,2020-01-07 19:27:00,0.004954,230.549,0.3343,49.978
Afternoon_Low,2020-01-07 19:30:00,0.00347,231.216,0.3202,49.991
Afternoon_Low,2020-01-07 19:33:00,0.005582,232.143,0.3256,49.993
Afternoon_Low,2020-01-07 19:36:00,0.003648,232.096,0.3339,49.996
Afternoon_Low,2020-01-07 19:39:00,0.004324,231.495,0.314,49.994
Afternoon_Low,2020-01-07 19:42:00,0.005204,231.241,0.3808,49.986
Afternoon_Low,2020-01-07 19:45:00,0.005141,230.975,0.3329,50.016
Afternoon_Low,2020-01-07 19:48:00,0.005085,231.749,0.2857,49.995
Afternoon_Low,2020-01-07 19:51:00,0.002335,230.848,0.3232,49.985
Afternoon_Low,2020-01-07 19:54:00,0.004031,230.429,0.3522,50.008
Afternoon_Low,2020-01-07 19:57:00,0.005486,230.069,0.3501,49.987
Afternoon_Low,2020-01-07 20:00:00,0.005489,230.702,0.32,49.99
Afternoon_Low,2020-01-07 20:03:00,0.005326,230.336,0.3088,49.991
Afternoon_Low,2020-01-07 20:06:00,0.003933,232.926,0.3829,49.994
Afternoon_Low,2020-01-07 20:09:00,0.004591,232.233,0.33,49.998
Afternoon_Low,2020-01-07 20:12:00,0.005002,230.571,0.34,49.996
Afternoon_Low,2020-01-07 20:15:00,0.003548,231.867,0.2774,50.014
Afternoon_Low,2020-01-07 20:18:00,0.005254,231.13,0.3538,49.995
Afternoon_Low,2020-01-07 20:21:00,0.003837,231.374,0.2851,49.983
Afternoon_Low,2020-01-07 20:24:00,0.004515,233.441,0.3342,49.995
Afternoon_Low,2020-01-07 20:27:00,0.004542,231.456,0.3387,49.999
Afternoon_Low,2020-01-07 20:30:00,0.00507,232.166,0.3366,50.005
Afternoon_Low,2020-01-07 20:33:00,0.004155,231.149,0.3582,49.99
Afternoon_Low,2020-01-07 20:36:00,0.002706,231.773,0.2815,49.998
Afternoon_Low,2020-01-07 20:39:00,0.004204,230.269,0.3019,50.005
Afternoon_Low,2020-01-07 20:42:00,0.004513,230.599,0.3426,49.988
Afternoon_Low,2020-01-07 20:45:00,0.004111,230.199,0.2894,49.971
Afternoon_Low,2020-01-07 20:48:00,0.002121,230.631,0.266,50.013
Afternoon_Low,2020-01-07 20:51:00,0.003599,231.143,0.3489,49.983
Afternoon_Low,2020-01-07 20:54:00,0.004795,231.76,0.292,50.019
Afternoon_Low,2020-01-07 20:57:00,0.003816,231.499,0.3035,49.987
Afternoon_Low,2020-01-07 21:00:00,0.004573,230.575,0.3796,49.98
Afternoon_Low,2020-01-07 21:03:00,0.002538,231.0,0.2927,49.995
Afternoon_Low,2020-01-07 21:06:00,0.003945,229.685,0.3528,49.967
Afternoon_Low,2020-01-07 21:09:00,0.005775,230.85,0.3456,49.992
Afternoon_Low,2020-01-07 21:12:00,0.005053,230.98,0.3558,50.015
Afternoon_Low,2020-01-07 21:15:00,0.006713,231.407,0.3648,49.993
Afternoon_Low,2020-01-07 21:18:00,0.003384,232.562,0.3629,50.014
Afternoon_Low,2020-01-07 21:21:00,0.004002,232.041,0.3109,50.001
Afternoon_Low,2020-01-07 21:24:00,0.004594,231.537,0.3297,49.994
Afternoon_Low,2020-01-07 21:27:00,0.003867,231.345,0.3452,49.988
Afternoon_Low,2020-01-07 21:30:00,0.004419,231.859,0.3695,50.001
Afternoon_Low,2020-01-07 21:33:00,0.004319,231.512,0.2722,49.978
Afternoon_Low,2020-01-07 21:36:00,0.004225,230.952,0.3013,49.972
Afternoon_Low,2020-01-07 21:39:00,0.004622,231.816,0.2986,49.992
Afternoon_Low,2020-01-07 21:42:00,0.00401,231.588,0.3429,49.986
Afternoon_Low,2020-01-07 21:45:00,0.002382,231.804,0.327,49.991
Afternoon_Low,2020-01-07 21:48:00,0.005181,230.425,0.3328,50.0
Afternoon_Low,2020-01-07 21:51:00,0.004573,230.502,0.2945,49.991
Afternoon_Low,2020-01-07 21:54:00,0.004194,231.677,0.3319,49.993
Afternoon_Low,2020-01-07 21:57:00,0.003665,231.273,0.3553,49.997
Afternoon_Low,2020-01-07 22:00:00,0.004299,229.818,0.3013,49.991
Afternoon_Low,2020-01-07 22:03:00,0.004725,231.131,0.3021,49.985
Afternoon_Low,2020-01-07 22:06:00,0.006091,232.201,0.3493,49.983
Afternoon_Low,2020-01-07 22:09:00,0.003224,231.375,0.3087,49.994
Afternoon_Low,2020-01-07 22:12:00,0.004912,231.43,0.4085,49.996
Afternoon_Low,2020-01-07 22:15:00,0.003521,231.25,0.3386,50.006
Afternoon_Low,2020-01-07 22:18:00,0.005074,231.072,0.3319,50.002
Afternoon_Low,2020-01-07 22:21:00,0.004115,231.893,0.3298,49.997
Afternoon_Low,2020-01-07 22:24:00,0.004885,231.614,0.3316,49.986
Afternoon_Low,2020-01-07 22:27:00,0.00454,231.427,0.3681,50.01
Afternoon_Low,2020-01-07 22:30:00,0.004821,231.81,0.3178,50.017
Afternoon_Low,2020-01-07 22:33:00,0.004081,231.104,0.3553,49.964
Afternoon_Low,2020-01-07 22:36:00,0.003917,231.479,0.3974,49.987
Afternoon_Low,2020-01-07 22:39:00,0.005195,230.005,0.3316,49.979
Afternoon_Low,2020-01-07 22:42:00,0.00356,230.035,0.3773,50.009
Afternoon_Low,2020-01-07 22:45:00,0.004935,231.942,0.3266,49.994
Afternoon_Low,2020-01-07 22:48:00,0.005919,230.492,0.2984,49.987
Afternoon_Low,2020-01-07 22:51:00,0.003933,232.421,0.2926,49.995
Afternoon_Low,2020-01-07 22:54:00,0.004113,231.536,0.3296,49.976
Afternoon_Low,2020-01-07 22:57:00,0.003463,231.61,0.2386,50.0
Afternoon_Low,2020-01-07 23:00:00,0.005112,230.866,0.3379,49.992
Afternoon_Low,2020-01-07 23:03:00,0.005683,230.291,0.3588,50.011
Afternoon_Low,2020-01-07 23:06:00,0.004749,230.893,0.3097,49.995
Afternoon_Low,2020-01-07 23:09:00,0.004409,231.833,0.3454,50.013
Afternoon_Low,2020-01-07 23:12:00,0.0035,230.349,0.3683,50.001
Afternoon_Low,2020-01-07 23:15:00,0.003563,231.63,0.3143,50.003
Afternoon_Low,2020-01-07 23:18:00,0.003972,232.264,0.3717,50.006
Afternoon_Low,2020-01-07 23:21:00,0.004738,233.412,0.3681,49.984
Afternoon_Low,2020-01-07 23:24:00,0.003718,231.791,0.3447,49.994
Afternoon_Low,2020-01-07 23:27:00,0.005595,230.805,0.3028,50.003
Afternoon_Low,2020-01-07 23:30:00,0.004033,231.025,0.3788,49.984
Afternoon_Low,2020-01-07 23:33:00,0.004188,230.509,0.3124,49.977
Afternoon_Low,2020-01-07 23:36:00,0.00427,231.525,0.3052,49.993
Afternoon_Low,2020-01-07 23:39:00,0.004583,231.147,0.307,50.002
Afternoon_Low,2020-01-07 23:42:00,0.00487,231.195,0.4175,49.992
Afternoon_Low,2020-01-07 23:45:00,0.004549,231.121,0.344,49.992
Afternoon_Low,2020-01-07 23:48:00,0.003789,231.176,0.3571,49.992
Afternoon_Low,2020-01-07 23:51:00,0.006386,230.711,0.4163,49.987
Afternoon_Low,2020-01-07 23:54:00,0.002658,231.561,0.2541,50.006
Afternoon_Low,2020-01-07 23:57:00,0.004933,231.58,0.3563,50.009
Afternoon_Low,2020-01-08 00:00:00,0.003047,231.873,0.2925,49.982
Afternoon_Low,2020-01-08 00:03:00,0.004033,231.999,0.2907,49.981
Afternoon_Low,2020-01-08 00:06:00,0.004596,230.246,0.4103,50.001
Afternoon_Low,2020-01-08 00:09:00,0.004784,230.315,0.3571,49.981
Afternoon_Low,2020-01-08 00:12:00,0.004409,231.976,0.2984,49.99
Afternoon_Low,2020-01-08 00:15:00,0.003315,230.73,0.3048,50.011
Afternoon_Low,2020-01-08 00:18:00,0.002808,232.749,0.2591,49.989
Afternoon_Low,2020-01-08 00:21:00,0.005475,229.575,0.3432,49.992
Afternoon_Low,2020-01-08 00:24:00,0.005344,230.744,0.3807,49.989
Afternoon_Low,2020-01-08 00:27:00,0.003826,230.863,0.3117,49.998
Afternoon_Low,2020-01-08 00:30:00,0.004129,231.522,0.3249,49.978
Afternoon_Low,2020-01-08 00:33:00,0.004174,230.851,0.3114,49.993
Afternoon_Low,2020-01-08 00:36:00,0.004953,231.086,0.3407,50.009
Afternoon_Low,2020-01-08 00:39:00,0.005664,230.722,0.3047,50.011
Afternoon_Low,2020-01-08 00:42:00,0.004615,231.145,0.3076,49.99
Afternoon_Low,2020-01-08 00:45:00,0.003693,232.217,0.2637,49.996
Afternoon_Low,2020-01-08 00:48:00,0.00342,232.585,0.3128,49.981
Afternoon_Low,2020-01-08 00:51:00,0.004428,231.107,0.3235,49.997
Afternoon_Low,2020-01-08 00:54:00,0.003174,232.305,0.2446,50.001
Afternoon_Low,2020-01-08 00:57:00,0.004164,231.239,0.2611,50.005
Afternoon_Low,2020-01-08 01:00:00,0.004831,230.378,0.3675,49.992
Afternoon_Low,2020-01-08 01:03:00,0.004329,230.87,0.3614,49.999
Afternoon_Low,2020-01-08 01:06:00,0.003712,230.876,0.2919,49.998
Afternoon_Low,2020-01-08 01:09:00,0.004313,229.167,0.3748,49.995
Afternoon_Low,2020-01-08 01:12:00,0.005114,231.128,0.2628,50.01
Afternoon_Low,2020-01-08 01:15:00,0.004048,229.718,0.3161,50.017
Afternoon_Low,2020-01-08 01:18:00,0.004302,230.252,0.3507,50.008
Afternoon_Low,2020-01-08 01:21:00,0.002925,231.487,0.3484,50.001
Afternoon_Low,2020-01-08 01:24:00,0.002797,231.373,0.2867,50.008
Afternoon_Low,2020-01-08 01:27:00,0.006458,229.341,0.3309,49.993
Afternoon_Low,2020-01-08 01:30:00,0.003006,231.216,0.2805,50.004
Afternoon_Low,2020-01-08 01:33:00,0.004731,230.899,0.3252,49.986
Afternoon_Low,2020-01-08 01:36:00,0.005845,230.757,0.3399,49.993
Afternoon_Low,2020-01-08 01:39:00,0.003992,230.625,0.3133,50.019
Afternoon_Low,2020-01-08 01:42:00,0.004411,231.37,0.367,49.995
Afternoon_Low,2020-01-08 01:45:00,0.003322,231.566,0.3322,50.016
Afternoon_Low,2020-01-08 01:48:00,0.003881,231.249,0.3413,50.002
Afternoon_Low,2020-01-08 01:51:00,0.004882,230.52,0.3056,50.014
Afternoon_Low,2020-01-08 01:54:00,0.003229,232.053,0.3489,49.998
Afternoon_Low,2020-01-08 01:57:00,0.004395,230.528,0.3643,49.998
Afternoon_Low,2020-01-08 02:00:00,0.004705,231.731,0.372,49.985
Afternoon_Low,2020-01-08 02:03:00,0.003887,231.674,0.3105,49.996
Afternoon_Low,2020-01-08 02:06:00,0.003805,231.8,0.2723,49.982
Afternoon_Low,2020-01-08 02:09:00,0.004477,230.205,0.3409,50.004
Afternoon_Low,2020-01-08 02:12:00,0.00277,231.444,0.3577,49.979
Afternoon_Low,2020-01-08 02:15:00,0.004777,231.422,0.299,49.994
Afternoon_Low,2020-01-08 02:18:00,0.005037,231.422,0.3591,49.976
Afternoon_Low,2020-01-08 02:21:00,0.003801,232.25,0.3099,50.015
Afternoon_Low,2020-01-08 02:24:00,0.003511,229.948,0.3316,49.977
Afternoon_Low,2020-01-08 02:27:00,0.005587,231.005,0.2954,50.012
Afternoon_Low,2020-01-08 02:30:00,0.004862,231.455,0.3022,49.984
Afternoon_Low,2020-01-08 02:33:00,0.005734,230.549,0.3072,49.988
Afternoon_Low,2020-01-08 02:36:00,0.004389,230.998,0.3373,50.001
Afternoon_Low,2020-01-08 02:39:00,0.004945,230.868,0.2993,49.986
Afternoon_Low,2020-01-08 02:42:00,0.005108,231.137,0.2899,49.999
Afternoon_Low,2020-01-08 02:45:00,0.004356,230.536,0.3317,50.013
Afternoon_Low,2020-01-08 02:48:00,0.003687,231.581,0.2906,50.004
Afternoon_Low,2020-01-08 02:51:00,0.004936,230.472,0.3019,49.979
Afternoon_Low,2020-01-08 02:54:00,0.003391,230.135,0.304,49.995
Afternoon_Low,2020-01-08 02:57:00,0.004309,229.481,0.2771,49.992
Afternoon_Low,2020-01-08 03:00:00,0.004067,232.217,0.3397,49.995
Afternoon_Low,2020-01-08 03:03:00,0.004654,231.524,0.372,49.995
Afternoon_Low,2020-01-08 03:06:00,0.003452,230.776,0.333,50.004
Afternoon_Low,2020-01-08 03:09:00,0.003953,231.563,0.3538,49.997
Afternoon_Low,2020-01-08 03:12:00,0.005397,231.772,0.3193,49.982
Afternoon_Low,2020-01-08 03:15:00,0.004604,230.352,0.2824,50.005
Afternoon_Low,2020-01-08 03:18:00,0.00548,230.122,0.3279,50.009
Afternoon_Low,2020-01-08 03:21:00,0.005207,230.327,0.3619,49.987
Afternoon_Low,2020-01-08 03:24:00,0.003715,230.138,0.3191,50.002
Afternoon_Low,2020-01-08 03:27:00,0.003438,230.661,0.2954,50.02
Afternoon_Low,2020-01-08 03:30:00,0.005891,230.876,0.3981,50.016
Afternoon_Low,2020-01-08 03:33:00,0.003621,232.991,0.2629,49.994
Afternoon_Low,2020-01-08 03:36:00,0.003002,231.912,0.3691,50.012
Afternoon_Low,2020-01-08 03:39:00,0.004769,231.612,0.3476,49.985
Afternoon_Low,2020-01-08 03:42:00,0.004222,232.122,0.2691,49.98
Afternoon_Low,2020-01-08 03:45:00,0.003162,231.75,0.2324,49.995
Afternoon_Low,2020-01-08 03:48:00,0.005359,232.338,0.296,50.01
Afternoon_Low,2020-01-08 03:51:00,0.004543,231.566,0.3526,49.994
Afternoon_Low,2020-01-08 03:54:00,0.004501,231.765,0.3345,50.027
Afternoon_Low,2020-01-08 03:57:00,0.005261,231.741,0.3482,49.978
Afternoon_Low,2020-01-08 04:00:00,0.003743,231.409,0.3636,50.011
Afternoon_Low,2020-01-08 04:03:00,0.003326,230.628,0.2471,49.996
Afternoon_Low,2020-01-08 04:06:00,0.005082,230.647,0.3442,50.009
Afternoon_Low,2020-01-08 04:09:00,0.004915,230.837,0.3485,49.987
Afternoon_Low,2020-01-08 04:12:00,0.003335,229.909,0.2459,49.973
Afternoon_Low,2020-01-08 04:15:00,0.004386,230.761,0.2978,50.008
Afternoon_Low,2020-01-08 04:18:00,0.004682,230.253,0.3875,49.98
Afternoon_Low,2020-01-08 04:21:00,0.006278,231.33,0.3817,50.005
Afternoon_Low,2020-01-08 04:24:00,0.005313,230.533,0.2731,49.994
Afternoon_Low,2020-01-08 04:27:00,0.00401,231.979,0.3166,50.009
Afternoon_Low,2020-01-08 04:30:00,0.003929,230.512,0.3441,49.993
Afternoon_Low,2020-01-08 04:33:00,0.004749,230.269,0.3826,49.999
Afternoon_Low,2020-01-08 04:36:00,0.004213,231.952,0.2877,50.008
Afternoon_Low,2020-01-08 04:39:00,0.004906,231.25,0.3553,50.018
Afternoon_Low,2020-01-08 04:42:00,0.005821,231.23,0.3747,50.008
Afternoon_Low,2020-01-08 04:45:00,0.005649,232.973,0.3272,49.992
Afternoon_Low,2020-01-08 04:48:00,0.006587,230.155,0.338,50.007
Afternoon_Low,2020-01-08 04:51:00,0.003581,231.064,0.3677,49.995
Afternoon_Low,2020-01-08 04:54:00,0.004125,229.88,0.3327,50.013
Afternoon_Low,2020-01-08 04:57:00,0.005128,230.235,0.3199,50.0
Afternoon_Low,2020-01-08 05:00:00,0.004251,231.553,0.3655,49.996
Afternoon_Low,2020-01-08 05:03:00,0.004057,230.861,0.2866,50.004
Afternoon_Low,2020-01-08 05:06:00,0.004851,231.521,0.3249,50.012
Afternoon_Low,2020-01-08 05:09:00,0.005492,229.959,0.3501,49.99
Afternoon_Low,2020-01-08 05:12:00,0.004118,232.415,0.3172,49.999
Afternoon_Low,2020-01-08 05:15:00,0.005431,231.523,0.319,49.995
Afternoon_Low,2020-01-08 05:18:00,0.004339,231.407,0.2992,50.008
Afternoon_Low,2020-01-08 05:21:00,0.006411,230.373,0.3623,50.008
Afternoon_Low,2020-01-08 05:24:00,0.004326,231.271,0.2858,49.98
Afternoon_Low,2020-01-08 05:27:00,0.004442,230.621,0.2976,49.98
Afternoon_Low,2020-01-08 05:30:00,0.004972,231.121,0.2901,49.973
Afternoon_Low,2020-01-08 05:33:00,0.006037,231.759,0.2826,49.986
Afternoon_Low,2020-01-08 05:36:00,0.004243,231.416,0.3567,49.976
Afternoon_Low,2020-01-08 05:39:00,0.003848,231.946,0.3734,49.995
Afternoon_Low,2020-01-08 05:42:00,0.006056,230.348,0.3906,49.995
Afternoon_Low,2020-01-08 05:45:00,0.006651,229.904,0.2522,49.982
Afternoon_Low,2020-01-08 05:48:00,0.005931,230.307,0.3454,49.986
Afternoon_Low,2020-01-08 05:51:00,0.005583,230.345,0.3286,50.011
Afternoon_Low,2020-01-08 05:54:00,0.004694,230.376,0.3427,49.991
Afternoon_Low,2020-01-08 05:57:00,0.006221,229.29,0.4202,50.007
Afternoon_Low,2020-01-08 06:00:00,0.005122,229.594,0.3653,49.991
Afternoon_Low,2020-01-08 06:03:00,0.005296,230.638,0.3867,50.001
Afternoon_Low,2020-01-08 06:06:00,0.003647,231.144,0.2899,49.988
Afternoon_Low,2020-01-08 06:09:00,0.004693,231.78,0.3712,49.998
Afternoon_Low,2020-01-08 06:12:00,0.003327,231.328,0.3184,50.002
Afternoon_Low,2020-01-08 06:15:00,0.006074,230.626,0.3562,49.996
Afternoon_Low,2020-01-08 06:18:00,0.005055,232.099,0.3616,50.003
Afternoon_Low,2020-01-08 06:21:00,0.006101,230.56,0.3295,49.99
Afternoon_Low,2020-01-08 06:24:00,0.006242,229.994,0.3106,49.991
Afternoon_Low,2020-01-08 06:27:00,0.006863,230.938,0.3406,49.993
Afternoon_Low,2020-01-08 06:30:00,0.006591,229.881,0.439,50.001
Afternoon_Low,2020-01-08 06:33:00,0.005119,231.191,0.3166,49.996
Afternoon_Low,2020-01-08 06:36:00,0.004915,231.061,0.3468,50.012
Afternoon_Low,2020-01-08 06:39:00,0.005697,230.255,0.306,49.989
Afternoon_Low,2020-01-08 06:42:00,0.004203,232.736,0.3471,50.012
Afternoon_Low,2020-01-08 06:45:00,0.00555,231.313,0.3309,49.984
Afternoon_Low,2020-01-08 06:48:00,0.004582,230.768,0.3657,50.004
Afternoon_Low,2020-01-08 06:51:00,0.007406,228.739,0.3773,50.002
Afternoon_Low,2020-01-08 06:54:00,0.005072,231.45,0.3489,49.984
Afternoon_Low,2020-01-08 06:57:00,0.006654,230.552,0.3645,49.982
Afternoon_Low,2020-01-08 07:00:00,0.007336,231.084,0.4143,49.99
Afternoon_Low,2020-01-08 07:03:00,0.007314,230.164,0.3969,49.989
Afternoon_Low,2020-01-08 07:06:00,0.005732,229.221,0.3978,49.995
Afternoon_Low,2020-01-08 07:09:00,0.004019,229.24,0.2273,49.99
Afternoon_Low,2020-01-08 07:12:00,0.006175,230.947,0.2958,50.004
Afternoon_Low,2020-01-08 07:15:00,0.007805,229.436,0.4151,49.973
Afternoon_Low,2020-01-08 07:18:00,0.00605,230.423,0.319,50.002
Afternoon_Low,2020-01-08 07:21:00,0.005589,232.215,0.3763,49.992
Afternoon_Low,2020-01-08 07:24:00,0.007441,230.501,0.3948,49.995
Afternoon_Low,2020-01-08 07:27:00,0.005144,230.758,0.2923,49.971
Afternoon_Low,2020-01-08 07:30:00,0.003771,232.879,0.3176,50.007
Afternoon_Low,2020-01-08 07:33:00,0.006427,231.642,0.2646,49.98
Afternoon_Low,2020-01-08 07:36:00,0.003629,232.216,0.3167,49.979
Afternoon_Low,2020-01-08 07:39:00,0.004958,230.707,0.3287,49.983
Afternoon_Low,2020-01-08 07:42:00,0.008194,231.258,0.4351,49.975
Afternoon_Low,2020-01-08 07:45:00,0.007591,231.143,0.3712,50.025
Afternoon_Low,2020-01-08 07:48:00,0.005544,232.723,0.3898,50.001
Afternoon_Low,2020-01-08 07:51:00,0.006255,231.756,0.3702,50.022
Afternoon_Low,2020-01-08 07:54:00,0.006138,229.787,0.3498,49.976
Afternoon_Low,2020-01-08 07:57:00,0.006072,231.204,0.3528,49.987
Afternoon_Low,2020-01-08 08:00:00,0.007136,230.697,0.3493,49.976
Afternoon_Low,2020-01-08 08:03:00,0.005108,231.155,0.3128,50.003
Afternoon_Low,2020-01-08 08:06:00,0.006153,232.1,0.3952,49.981
Afternoon_Low,2020-01-08 08:09:00,0.005659,229.197,0.3374,50.012
Afternoon_Low,2020-01-08 08:12:00,0.005764,229.024,0.3711,49.995
Afternoon_Low,2020-01-08 08:15:00,0.004306,230.345,0.3533,50.006
Afternoon_Low,2020-01-08 08:18:00,0.006784,229.727,0.326,50.008
Afternoon_Low,2020-01-08 08:21:00,0.006616,230.521,0.3297,50.0
Afternoon_Low,2020-01-08 08:24:00,0.004655,230.106,0.4102,49.988
Afternoon_Low,2020-01-08 08:27:00,0.006258,230.486,0.2963,49.986
Afternoon_Low,2020-01-08 08:30:00,0.007719,230.63,0.3575,49.999
Afternoon_Low,2020-01-08 08:33:00,0.007125,230.165,0.3301,49.99
Afternoon_Low,2020-01-08 08:36:00,0.005541,231.546,0.3924,49.996
Afternoon_Low,2020-01-08 08:39:00,0.006857,227.852,0.3569,49.999
Afternoon_Low,2020-01-08 08:42:00,0.005768,230.985,0.3066,49.991
Afternoon_Low,2020-01-08 08:45:00,0.009157,228.93,0.4135,49.99
Afternoon_Low,2020-01-08 08:48:00,0.008966,229.977,0.3369,49.983
Afternoon_Low,2020-01-08 08:51:00,0.007258,230.865,0.3801,49.994
Afternoon_Low,2020-01-08 08:54:00,0.006792,231.614,0.4423,49.972
Afternoon_Low,2020-01-08 08:57:00,0.007053,231.035,0.3857,49.994
Afternoon_Low,2020-01-08 09:00:00,0.00438,231.153,0.3107,49.995
Afternoon_Low,2020-01-08 09:03:00,0.006478,231.887,0.2803,50.0
Afternoon_Low,2020-01-08 09:06:00,0.005909,230.723,0.3513,49.984
Afternoon_Low,2020-01-08 09:09:00,0.005656,230.487,0.3966,49.964
Afternoon_Low,2020-01-08 09:12:00,0.00793,231.195,0.363,49.99
Afternoon_Low,2020-01-08 09:15:00,0.006983,230.025,0.4279,49.987
Afternoon_Low,2020-01-08 09:18:00,0.005045,231.001,0.3794,50.012
Afternoon_Low,2020-01-08 09:21:00,0.006848,232.195,0.3626,49.99
Afternoon_Low,2020-01-08 09:24:00,0.009256,230.441,0.4001,49.992
Afternoon_Low,2020-01-08 09:27:00,0.008194,231.203,0.437,49.993
Afternoon_Low,2020-01-08 09:30:00,0.008701,230.636,0.3602,49.979
Afternoon_Low,2020-01-08 09:33:00,0.003303,231.016,0.3366,50.018
Afternoon_Low,2020-01-08 09:36:00,0.008217,230.044,0.4081,50.0
Afternoon_Low,2020-01-08 09:39:00,0.00777,230.284,0.4094,49.998
Afternoon_Low,2020-01-08 09:42:00,0.010748,228.652,0.4725,49.985
Afternoon_Low,2020-01-08 09:45:00,0.009689,230.535,0.3723,49.983
Afternoon_Low,2020-01-08 09:48:00,0.010674,228.483,0.5087,50.022
Afternoon_Low,2020-01-08 09:51:00,0.005083,231.057,0.3046,49.988
Afternoon_Low,2020-01-08 09:54:00,0.00791,231.977,0.3662,49.978
Afternoon_Low,2020-01-08 09:57:00,0.008723,230.513,0.3821,49.986
Afternoon_Low,2020-01-08 10:00:00,0.007253,230.458,0.3763,49.996
Afternoon_Low,2020-01-08 10:03:00,0.008344,229.402,0.427,49.981
Afternoon_Low,2020-01-08 10:06:00,0.008358,230.343,0.4342,49.995
Afternoon_Low,2020-01-08 10:09:00,0.009004,230.594,0.4372,49.985
Afternoon_Low,2020-01-08 10:12:00,0.008317,230.735,0.4352,49.994
Afternoon_Low,2020-01-08 10:15:00,0.009494,228.066,0.4015,49.997
Afternoon_Low,2020-01-08 10:18:00,0.009307,231.314,0.4044,49.982
Afternoon_Low,2020-01-08 10:21:00,0.009352,230.615,0.4397,49.997
Afternoon_Low,2020-01-08 10:24:00,0.006219,229.888,0.3639,50.002
Afternoon_Low,2020-01-08 10:27:00,0.012249,228.889,0.5059,49.985
Afternoon_Low,2020-01-08 10:30:00,0.010155,230.111,0.3856,49.994
Afternoon_Low,2020-01-08 10:33:00,0.010648,230.917,0.4455,49.969
Afternoon_Low,2020-01-08 10:36:00,0.011715,229.364,0.425,50.008
Afternoon_Low,2020-01-08 10:39:00,0.013628,229.414,0.4648,49.991
Afternoon_Low,2020-01-08 10:42:00,0.010799,229.502,0.4515,50.017
Afternoon_Low,2020-01-08 10:45:00,0.00641,229.829,0.377,49.987
Afternoon_Low,2020-01-08 10:48:00,0.006989,230.148,0.349,50.001
Afternoon_Low,2020-01-08 10:51:00,0.008235,229.843,0.4283,50.005
Afternoon_Low,2020-01-08 10:54:00,0.007936,231.402,0.4354,49.992
Afternoon_Low,2020-01-08 10:57:00,0.013155,227.386,0.467,49.97
Afternoon_Low,2020-01-08 11:00:00,0.009332,228.815,0.3938,49.97
Afternoon_Low,2020-01-08 11:03:00,0.008121,228.744,0.4387,50.01
Afternoon_Low,2020-01-08 11:06:00,0.012432,228.658,0.4714,49.991
Afternoon_Low,2020-01-08 11:09:00,0.009077,230.513,0.4814,49.984
Afternoon_Low,2020-01-08 11:12:00,0.008122,230.844,0.4004,49.971
Afternoon_Low,2020-01-08 11:15:00,0.012782,229.665,0.4638,49.983
Afternoon_Low,2020-01-08 11:18:00,0.009987,229.88,0.4161,49.999
Afternoon_Low,2020-01-08 11:21:00,0.01088,229.6,0.4238,49.983
Afternoon_Low,2020-01-08 11:24:00,0.008873,231.865,0.3528,49.984
Afternoon_Low,2020-01-08 11:27:00,0.013542,228.38,0.4895,49.963
Afternoon_Low,2020-01-08 11:30:00,0.013665,230.211,0.5303,49.985
Afternoon_Low,2020-01-08 11:33:00,0.014029,228.761,0.5264,50.017
Afternoon_Low,2020-01-08 11:36:00,0.013789,230.244,0.5476,49.971
Afternoon_Low,2020-01-08 11:39:00,0.009525,228.935,0.3984,49.991
Afternoon_Low,2020-01-08 11:42:00,0.01203,230.336,0.509,49.972
Afternoon_Low,2020-01-08 11:45:00,0.014057,229.512,0.5338,49.991
Afternoon_Low,2020-01-08 11:48:00,0.013467,229.285,0.4633,50.002
Afternoon_Low,2020-01-08 11:51:00,0.016616,229.056,0.5965,49.962
Afternoon_Low,2020-01-08 11:54:00,0.006754,230.319,0.3461,49.979
Afternoon_Low,2020-01-08 11:57:00,0.014177,229.258,0.522,49.983
Afternoon_Low,2020-01-08 12:00:00,0.022448,227.53,0.6489,49.961
Afternoon_Low,2020-01-08 12:03:00,0.012358,230.052,0.5508,49.972
Afternoon_Low,2020-01-08 12:06:00,0.01237,229.687,0.4782,49.993
Afternoon_Low,2020-01-08 12:09:00,0.016388,228.457,0.6037,49.986
Afternoon_Low,2020-01-08 12:12:00,0.011527,229.659,0.4533,50.007
Afternoon_Low,2020-01-08 12:15:00,0.015262,228.46,0.451,50.0
Afternoon_Low,2020-01-08 12:18:00,0.014564,228.179,0.5021,49.993
Afternoon_Low,2020-01-08 12:21:00,0.018895,227.742,0.5263,49.987
Afternoon_Low,2020-01-08 12:24:00,0.011646,229.87,0.5161,49.983
Afternoon_Low,2020-01-08 12:27:00,0.018796,228.063,0.635,49.992
Afternoon_Low,2020-01-08 12:30:00,0.017596,228.873,0.5245,49.993
Afternoon_Low,2020-01-08 12:33:00,0.015349,229.684,0.5202,49.982
Afternoon_Low,2020-01-08 12:36:00,0.016764,228.649,0.5552,49.981
Afternoon_Low,2020-01-08 12:39:00,0.010183,228.012,0.39,49.966
Afternoon_Low,2020-01-08 12:42:00,0.018751,226.355,0.6078,49.99
Afternoon_Low,2020-01-08 12:45:00,0.016973,228.599,0.5953,49.99
Afternoon_Low,2020-01-08 12:48:00,0.023517,227.716,0.6949,49.957
Afternoon_Low,2020-01-08 12:51:00,0.012892,230.414,0.4771,49.974
Afternoon_Low,2020-01-08 12:54:00,0.0159,228.906,0.5252,49.991
Afternoon_Low,2020-01-08 12:57:00,0.017853,228.048,0.5524,49.975
Afternoon_Low,2020-01-08 13:00:00,0.014056,229.935,0.4755,49.976
Afternoon_Low,2020-01-08 13:03:00,0.013992,228.552,0.5547,49.966
Afternoon_Low,2020-01-08 13:06:00,0.013905,229.512,0.5641,49.986
Afternoon_Low,2020-01-08 13:09:00,0.022037,227.879,0.6579,49.98
Afternoon_Low,2020-01-08 13:12:00,0.008744,229.817,0.4005,49.988
Afternoon_Low,2020-01-08 13:15:00,0.020313,226.239,0.61,49.983
Afternoon_Low,2020-01-08 13:18:00,0.018385,229.105,0.5554,49.997
Afternoon_Low,2020-01-08 13:21:00,0.02019,227.25,0.5906,49.98
Afternoon_Low,2020-01-08 13:24:00,0.018365,229.084,0.569,49.986
Afternoon_Low,2020-01-08 13:27:00,0.018943,227.495,0.6251,49.995
Afternoon_Low,2020-01-08 13:30:00,0.01783,227.818,0.5475,49.977
Afternoon_Low,2020-01-08 13:33:00,0.01795,226.936,0.665,49.967
Afternoon_Low,2020-01-08 13:36:00,0.014521,229.479,0.528,49.985
Afternoon_Low,2020-01-08 13:39:00,0.014091,229.263,0.5193,49.963
Afternoon_Low,2020-01-08 13:42:00,0.016495,229.832,0.5465,49.979
Afternoon_Low,2020-01-08 13:45:00,0.02373,226.151,0.672,49.969
Afternoon_Low,2020-01-08 13:48:00,0.018506,228.798,0.61,49.972
Afternoon_Low,2020-01-08 13:51:00,0.01761,229.09,0.5497,50.015
Afternoon_Low,2020-01-08 13:54:00,0.020475,228.924,0.6795,49.977
Afternoon_Low,2020-01-08 13:57:00,0.019794,228.587,0.628,50.001
Afternoon_Low,2020-01-08 14:00:00,0.011953,229.507,0.4863,49.983
Afternoon_Low,2020-01-08 14:03:00,0.016599,229.184,0.5589,49.973
Afternoon_Low,2020-01-08 14:06:00,0.022388,227.67,0.6775,49.962
Afternoon_Low,2020-01-08 14:09:00,0.019731,227.691,0.6324,49.976
Afternoon_Low,2020-01-08 14:12:00,0.0225,227.784,0.6121,49.997
Afternoon_Low,2020-01-08 14:15:00,0.021241,227.616,0.6596,49.983
Afternoon_Low,2020-01-08 14:18:00,0.028411,225.587,0.7538,49.97
Afternoon_Low,2020-01-08 14:21:00,0.022446,226.126,0.7011,49.979
Afternoon_Low,2020-01-08 14:24:00,0.017251,228.651,0.5368,49.976
Afternoon_Low,2020-01-08 14:27:00,0.01749,228.399,0.5425,49.953
Afternoon_Low,2020-01-08 14:30:00,0.016867,227.805,0.5543,50.018
Afternoon_Low,2020-01-08 14:33:00,0.021177,228.579,0.6333,49.98
Afternoon_Low,2020-01-08 14:36:00,0.019823,228.121,0.6095,49.978
Afternoon_Low,2020-01-08 14:39:00,0.012203,229.609,0.4949,49.974
Afternoon_Low,2020-01-08 14:42:00,0.019627,228.618,0.5675,49.963
Afternoon_Low,2020-01-08 14:45:00,0.020179,229.141,0.6372,49.968
Afternoon_Low,2020-01-08 14:48:00,0.023705,227.612,0.6905,49.988
Afternoon_Low,2020-01-08 14:51:00,0.01643,228.066,0.6171,49.994
Afternoon_Low,2020-01-08 14:54:00,0.017178,228.994,0.5463,50.003
Afternoon_Low,2020-01-08 14:57:00,0.018315,227.21,0.5347,49.978
Afternoon_Low,2020-01-08 15:00:00,0.018848,228.665,0.5843,49.982
Afternoon_Low,2020-01-08 15:03:00,0.013413,229.144,0.4858,49.998
Afternoon_Low,2020-01-08 15:06:00,0.008966,230.498,0.4473,49.996
Afternoon_Low,2020-01-08 15:09:00,0.022738,227.707,0.6239,49.989
Afternoon_Low,2020-01-08 15:12:00,0.008511,230.314,0.4226,49.981
Afternoon_Low,2020-01-08 15:15:00,0.015966,228.859,0.5231,49.966
Afternoon_Low,2020-01-08 15:18:00,0.015507,227.945,0.5433,49.987
Afternoon_Low,2020-01-08 15:21:00,0.009605,228.361,0.4566,49.991
Afternoon_Low,2020-01-08 15:24:00,0.014583,229.803,0.4955,49.991
Afternoon_Low,2020-01-08 15:27:00,0.01404,228.626,0.4564,49.996
Afternoon_Low,2020-01-08 15:30:00,0.015609,227.854,0.5512,49.994
Afternoon_Low,2020-01-08 15:33:00,0.017648,229.397,0.573,49.984
Afternoon_Low,2020-01-08 15:36:00,0.017981,228.635,0.5378,49.988
Afternoon_Low,2020-01-08 15:39:00,0.014701,229.389,0.4956,49.99
Afternoon_Low,2020-01-08 15:42:00,0.010903,229.475,0.4174,50.003
Afternoon_Low,2020-01-08 15:45:00,0.016625,228.647,0.5354,49.996
Afternoon_Low,2020-01-08 15:48:00,0.011765,230.812,0.4547,49.969
Afternoon_Low,2020-01-08 15:51:00,0.014673,230.058,0.4054,49.979
Afternoon_Low,2020-01-08 15:54:00,0.018003,229.253,0.5915,49.966
Afternoon_Low,2020-01-08 15:57:00,0.01655,228.251,0.571,49.97
Afternoon_Low,2020-01-08 16:00:00,0.01322,229.682,0.5031,49.989
Afternoon_Low,2020-01-08 16:03:00,0.015696,229.072,0.5609,49.977
Afternoon_Low,2020-01-08 16:06:00,0.009902,228.846,0.4202,49.978
Afternoon_Low,2020-01-08 16:09:00,0.014339,228.69,0.5476,49.99
Afternoon_Low,2020-01-08 16:12:00,0.012172,228.635,0.4565,49.981
Afternoon_Low,2020-01-08 16:15:00,0.011981,229.988,0.4761,49.989
Afternoon_Low,2020-01-08 16:18:00,0.011327,229.917,0.4533,49.989
Afternoon_Low,2020-01-08 16:21:00,0.013332,229.66,0.5056,49.998
Afternoon_Low,2020-01-08 16:24:00,0.007117,231.286,0.3747,49.991
Afternoon_Low,2020-01-08 16:27:00,0.014229,228.92,0.5104,49.989
Afternoon_Low,2020-01-08 16:30:00,0.014514,227.88,0.5519,49.985
Afternoon_Low,2020-01-08 16:33:00,0.011572,229.067,0.4278,49.992
Afternoon_Low,2020-01-08 16:36:00,0.009816,229.361,0.4187,49.977
Afternoon_Low,2020-01-08 16:39:00,0.013636,226.705,0.4435,49.968
Afternoon_Low,2020-01-08 16:42:00,0.009645,229.764,0.4896,49.996
Afternoon_Low,2020-01-08 16:45:00,0.010395,230.071,0.4336,49.99
Afternoon_Low,2020-01-08 16:48:00,0.011748,230.421,0.4786,49.986
Afternoon_Low,2020-01-08 16:51:00,0.009002,230.162,0.4305,49.994
Afternoon_Low,2020-01-08 16:54:00,0.009547,228.762,0.4613,49.984
Afternoon_Low,2020-01-08 16:57:00,0.010694,230.075,0.4154,49.991
Afternoon_Low,2020-01-08 17:00:00,0.008911,230.192,0.4633,49.967
Afternoon_Low,2020-01-08 17:03:00,0.008207,230.722,0.3687,49.985
Afternoon_Low,2020-01-08 17:06:00,0.006406,231.479,0.3522,49.979
Afternoon_Low,2020-01-08 17:09:00,0.011127,230.895,0.4057,49.987
Afternoon_Low,2020-01-08 17:12:00,0.00903,229.196,0.4042,49.985
Afternoon_Low,2020-01-08 17:15:00,0.008225,230.138,0.3693,49.973
Afternoon_Low,2020-01-08 17:18:00,0.00793,230.062,0.3716,50.005
Afternoon_Low,2020-01-08 17:21:00,0.005775,229.735,0.3518,50.002
Afternoon_Low,2020-01-08 17:24:00,0.010149,229.895,0.4436,50.013
Afternoon_Low,2020-01-08 17:27:00,0.006377,229.98,0.3483,49.991
Afternoon_Low,2020-01-08 17:30:00,0.010037,229.527,0.3581,49.996
Afternoon_Low,2020-01-08 17:33:00,0.007701,230.793,0.4137,49.976
Afternoon_Low,2020-01-08 17:36:00,0.008854,230.483,0.3773,50.009
Afternoon_Low,2020-01-08 17:39:00,0.004802,230.241,0.3498,49.991
Afternoon_Low,2020-01-08 17:42:00,0.010669,229.499,0.4219,50.004
Afternoon_Low,2020-01-08 17:45:00,0.006626,229.35,0.4167,49.988
Afternoon_Low,2020-01-08 17:48:00,0.007361,231.543,0.3043,49.986
Afternoon_Low,2020-01-08 17:51:00,0.005602,230.35,0.3649,49.994
Afternoon_Low,2020-01-08 17:54:00,0.008455,229.778,0.4074,50.003
Afternoon_Low,2020-01-08 17:57:00,0.007109,229.647,0.2981,49.994
Afternoon_Low,2020-01-08 18:00:00,0.007114,230.798,0.3989,49.997
Afternoon_Low,2020-01-08 18:03:00,0.008037,231.887,0.4368,49.999
Afternoon_Low,2020-01-08 18:06:00,0.007544,230.456,0.4279,49.999
Afternoon_Low,2020-01-08 18:09:00,0.007268,230.338,0.3438,49.998
Afternoon_Low,2020-01-08 18:12:00,0.006683,231.665,0.4148,50.005
Afternoon_Low,2020-01-08 18:15:00,0.005279,230.783,0.3356,49.985
Afternoon_Low,2020-01-08 18:18:00,0.00498,232.233,0.356,50.003
Afternoon_Low,2020-01-08 18:21:00,0.006068,231.791,0.3636,50.004
Afternoon_Low,2020-01-08 18:24:00,0.00522,230.998,0.361,49.983
Afternoon_Low,2020-01-08 18:27:00,0.008295,229.774,0.4064,49.99
Afternoon_Low,2020-01-08 18:30:00,0.006523,231.642,0.3597,49.978
Afternoon_Low,2020-01-08 18:33:00,0.007564,229.343,0.3581,49.978
Afternoon_Low,2020-01-08 18:36:00,0.006943,230.31,0.3973,49.991
Afternoon_Low,2020-01-08 18:39:00,0.008166,229.695,0.3997,49.997
Afternoon_Low,2020-01-08 18:42:00,0.006261,229.266,0.3671,50.003
Afternoon_Low,2020-01-08 18:45:00,0.005888,229.768,0.388,49.987
Afternoon_Low,2020-01-08 18:48:00,0.006399,230.436,0.3435,49.988
Afternoon_Low,2020-01-08 18:51:00,0.003993,231.809,0.3508,49.979
Afternoon_Low,2020-01-08 18:54:00,0.005932,230.024,0.3215,50.005
Afternoon_Low,2020-01-08 18:57:00,0.005229,231.218,0.3176,50.0
Afternoon_Low,2020-01-08 19:00:00,0.003892,232.014,0.2764,49.988
Afternoon_Low,2020-01-08 19:03:00,0.005349,229.853,0.346,49.986
Afternoon_Low,2020-01-08 19:06:00,0.004795,231.422,0.2487,50.021
Afternoon_Low,2020-01-08 19:09:00,0.002443,231.578,0.2012,50.001
Afternoon_Low,2020-01-08 19:12:00,0.004607,232.075,0.3314,49.998
Afternoon_Low,2020-01-08 19:15:00,0.004186,229.852,0.302,49.997
Afternoon_Low,2020-01-08 19:18:00,0.003554,231.014,0.3155,49.996
Afternoon_Low,2020-01-08 19:21:00,0.005447,229.803,0.4056,49.985
Afternoon_Low,2020-01-08 19:24:00,0.004952,232.14,0.3707,49.998
Afternoon_Low,2020-01-08 19:27:00,0.005258,231.003,0.3128,49.999
Afternoon_Low,2020-01-08 19:30:00,0.005382,231.519,0.3808,49.99
Afternoon_Low,2020-01-08 19:33:00,0.004965,231.103,0.4039,50.0
Afternoon_Low,2020-01-08 19:36:00,0.004674,228.823,0.2814,50.003
Afternoon_Low,2020-01-08 19:39:00,0.004581,231.694,0.3043,49.999
Afternoon_Low,2020-01-08 19:42:00,0.00559,230.414,0.3365,49.995
Afternoon_Low,2020-01-08 19:45:00,0.00493,231.634,0.271,50.0
Afternoon_Low,2020-01-08 19:48:00,0.004929,231.16,0.3183,50.0
Afternoon_Low,2020-01-08 19:51:00,0.004193,232.56,0.3428,50.011
Afternoon_Low,2020-01-08 19:54:00,0.004886,231.566,0.2527,49.996
Afternoon_Low,2020-01-08 19:57:00,0.004382,230.449,0.3365,49.983
Afternoon_Low,2020-01-08 20:00:00,0.003835,231.18,0.325,49.991
Afternoon_Low,2020-01-08 20:03:00,0.003716,231.416,0.3025,49.99
Afternoon_Low,2020-01-08 20:06:00,0.004093,232.183,0.302,50.024
Afternoon_Low,2020-01-08 20:09:00,0.004181,230.85,0.3436,49.995
Afternoon_Low,2020-01-08 20:12:00,0.003013,230.257,0.2924,49.982
Afternoon_Low,2020-01-08 20:15:00,0.003881,230.893,0.34,49.99
Afternoon_Low,2020-01-08 20:18:00,0.005579,230.408,0.4246,49.98
Afternoon_Low,2020-01-08 20:21:00,0.005444,229.204,0.2981,50.005
Afternoon_Low,2020-01-08 20:24:00,0.003763,230.986,0.2988,50.004
Afternoon_Low,2020-01-08 20:27:00,0.00307,230.74,0.3449,50.003
Afternoon_Low,2020-01-08 20:30:00,0.004265,232.121,0.3356,49.987
Afternoon_Low,2020-01-08 20:33:00,0.003428,231.178,0.3011,49.999
Afternoon_Low,2020-01-08 20:36:00,0.005032,232.405,0.4139,49.993
Afternoon_Low,2020-01-08 20:39:00,0.003729,230.984,0.3413,50.015
Afternoon_Low,2020-01-08 20:42:00,0.005624,231.154,0.323,49.971
Afternoon_Low,2020-01-08 20:45:00,0.004729,230.09,0.3103,50.006
Afternoon_Low,2020-01-08 20:48:00,0.005021,231.869,0.3756,49.979
Afternoon_Low,2020-01-08 20:51:00,0.004895,231.55,0.3267,50.0
Afternoon_Low,2020-01-08 20:54:00,0.004845,231.636,0.3781,50.016
Afternoon_Low,2020-01-08 20:57:00,0.004615,232.15,0.3086,50.001
Afternoon_Low,2020-01-08 21:00:00,0.005261,231.221,0.3359,50.003
Afternoon_Low,2020-01-08 21:03:00,0.005992,230.587,0.3161,50.003
Afternoon_Low,2020-01-08 21:06:00,0.004398,230.994,0.348,50.004
Afternoon_Low,2020-01-08 21:09:00,0.004757,229.193,0.3789,49.993
Afternoon_Low,2020-01-08 21:12:00,0.003408,231.107,0.3212,49.993
Afternoon_Low,2020-01-08 21:15:00,0.004546,230.795,0.3089,50.003
Afternoon_Low,2020-01-08 21:18:00,0.004712,230.758,0.3429,50.004
Afternoon_Low,2020-01-08 21:21:00,0.002902,232.114,0.302,50.0
Afternoon_Low,2020-01-08 21:24:00,0.004052,229.73,0.2623,50.003
Afternoon_Low,2020-01-08 21:27:00,0.004525,230.242,0.2762,50.015
Afternoon_Low,2020-01-08 21:30:00,0.003097,231.329,0.323,49.98
Afternoon_Low,2020-01-08 21:33:00,0.004713,229.132,0.3617,50.004
Afternoon_Low,2020-01-08 21:36:00,0.004483,233.654,0.2994,49.99
Afternoon_Low,2020-01-08 21:39:00,0.004566,231.718,0.3327,49.987
Afternoon_Low,2020-01-08 21:42:00,0.003485,231.785,0.3228,49.979
Afternoon_Low,2020-01-08 21:45:00,0.004433,230.064,0.3627,49.991
Afternoon_Low,2020-01-08 21:48:00,0.003615,232.074,0.3647,50.006
Afternoon_Low,2020-01-08 21:51:00,0.004542,231.309,0.2459,49.996
Afternoon_Low,2020-01-08 21:54:00,0.003752,230.699,0.3364,49.987
Afternoon_Low,2020-01-08 21:57:00,0.004526,233.459,0.3837,49.976
Afternoon_Low,2020-01-08 22:00:00,0.004282,230.756,0.3409,50.005
Afternoon_Low,2020-01-08 22:03:00,0.004309,230.728,0.3453,49.984
Afternoon_Low,2020-01-08 22:06:00,0.004926,231.764,0.3388,49.994
Afternoon_Low,2020-01-08 22:09:00,0.004227,229.966,0.3222,49.991
Afternoon_Low,2020-01-08 22:12:00,0.004822,231.259,0.3757,49.996
Afternoon_Low,2020-01-08 22:15:00,0.003329,231.688,0.3685,49.968
Afternoon_Low,2020-01-08 22:18:00,0.003538,230.691,0.3099,50.013
Afternoon_Low,2020-01-08 22:21:00,0.00453,230.634,0.3408,49.986
Afternoon_Low,2020-01-08 22:24:00,0.006078,232.051,0.4004,49.985
Afternoon_Low,2020-01-08 22:27:00,0.003766,230.8,0.3503,49.999
Afternoon_Low,2020-01-08 22:30:00,0.004117,232.558,0.2696,49.995
Afternoon_Low,2020-01-08 22:33:00,0.003425,230.415,0.3047,50.008
Afternoon_Low,2020-01-08 22:36:00,0.003776,231.503,0.2615,49.99
Afternoon_Low,2020-01-08 22:39:00,0.002532,231.844,0.2783,50.008
Afternoon_Low,2020-01-08 22:42:00,0.003663,231.104,0.3114,50.0
Afternoon_Low,2020-01-08 22:45:00,0.004855,233.753,0.3146,49.986
Afternoon_Low,2020-01-08 22:48:00,0.005197,231.279,0.3618,49.979
Afternoon_Low,2020-01-08 22:51:00,0.00423,231.942,0.3064,50.004
Afternoon_Low,2020-01-08 22:54:00,0.003859,230.66,0.2867,49.971
Afternoon_Low,2020-01-08 22:57:00,0.003912,231.294,0.317,50.006
Afternoon_Low,2020-01-08 23:00:00,0.004803,231.817,0.3241,49.981
Afternoon_Low,2020-01-08 23:03:00,0.003431,229.289,0.2745,50.011
Afternoon_Low,2020-01-08 23:06:00,0.002436,231.585,0.2946,49.995
Afternoon_Low,2020-01-08 23:09:00,0.003912,230.131,0.3113,50.011
Afternoon_Low,2020-01-08 23:12:00,0.003499,230.444,0.3068,49.984
Afternoon_Low,2020-01-08 23:15:00,0.005182,230.692,0.3304,49.953
Afternoon_Low,2020-01-08 23:18:00,0.003527,231.508,0.2941,49.975
Afternoon_Low,2020-01-08 23:21:00,0.004576,231.253,0.2967,49.989
Afternoon_Low,2020-01-08 23:24:00,0.003476,231.488,0.3063,49.977
Afternoon_Low,2020-01-08 23:27:00,0.004343,231.569,0.3585,50.012
Afternoon_Low,2020-01-08 23:30:00,0.004041,231.48,0.2699,49.991
Afternoon_Low,2020-01-08 23:33:00,0.006269,230.727,0.4115,50.01
Afternoon_Low,2020-01-08 23:36:00,0.004646,231.514,0.3551,49.999
Afternoon_Low,2020-01-08 23:39:00,0.003683,230.579,0.3611,49.999
Afternoon_Low,2020-01-08 23:42:00,0.00456,231.225,0.3993,50.014
Afternoon_Low,2020-01-08 23:45:00,0.003659,230.469,0.3732,50.004
Afternoon_Low,2020-01-08 23:48:00,0.003203,232.287,0.3378,50.0
Afternoon_Low,2020-01-08 23:51:00,0.004416,230.2,0.2743,49.992
Afternoon_Low,2020-01-08 23:54:00,0.005755,231.777,0.3306,49.978
Afternoon_Low,2020-01-08 23:57:00,0.003716,230.731,0.2969,49.984
Afternoon_Low,2020-01-09 00:00:00,0.005213,230.648,0.3223,49.999
Afternoon_Low,2020-01-09 00:03:00,0.005959,231.056,0.4009,49.961
Afternoon_Low,2020-01-09 00:06:00,0.005024,232.191,0.2728,49.982
Afternoon_Low,2020-01-09 00:09:00,0.003243,232.223,0.2219,50.01
Afternoon_Low,2020-01-09 00:12:00,0.003613,231.704,0.3029,49.997
Afternoon_Low,2020-01-09 00:15:00,0.00419,230.386,0.2841,49.991
Afternoon_Low,2020-01-09 00:18:00,0.004199,231.159,0.3119,49.979
Afternoon_Low,2020-01-09 00:21:00,0.003269,231.147,0.2441,49.998
Afternoon_Low,2020-01-09 00:24:00,0.004191,229.715,0.3659,49.992
Afternoon_Low,2020-01-09 00:27:00,0.005699,230.51,0.3039,49.99
Afternoon_Low,2020-01-09 00:30:00,0.004397,231.319,0.3368,49.978
Afternoon_Low,2020-01-09 00:33:00,0.004102,231.019,0.3608,49.984
Afternoon_Low,2020-01-09 00:36:00,0.003996,231.554,0.3595,50.007
Afternoon_Low,2020-01-09 00:39:00,0.003915,231.243,0.3152,49.983
Afternoon_Low,2020-01-09 00:42:00,0.003785,229.888,0.3433,49.988
Afternoon_Low,2020-01-09 00:45:00,0.003491,231.506,0.2933,49.998
Afternoon_Low,2020-01-09 00:48:00,0.003685,230.207,0.3491,49.983
Afternoon_Low,2020-01-09 00:51:00,0.004596,231.438,0.2883,50.008
Afternoon_Low,2020-01-09 00:54:00,0.002831,232.415,0.3273,49.983
Afternoon_Low,2020-01-09 00:57:00,0.003852,231.085,0.3115,49.987
Afternoon_Low,2020-01-09 01:00:00,0.00444,231.489,0.331,49.989
Afternoon_Low,2020-01-09 01:03:00,0.005262,231.152,0.3589,49.993
Afternoon_Low,2020-01-09 01:06:00,0.003847,230.454,0.3391,49.996
Afternoon_Low,2020-01-09 01:09:00,0.003304,230.421,0.2622,49.977
Afternoon_Low,2020-01-09 01:12:00,0.003235,230.19,0.2862,49.995
Afternoon_Low,2020-01-09 01:15:00,0.003457,231.814,0.2846,49.982
Afternoon_Low,2020-01-09 01:18:00,0.003468,230.854,0.3285,50.002
Afternoon_Low,2020-01-09 01:21:00,0.003626,230.341,0.3242,49.988
Afternoon_Low,2020-01-09 01:24:00,0.004128,231.519,0.3711,49.992
Afternoon_Low,2020-01-09 01:27:00,0.004291,232.002,0.3108,50.01
Afternoon_Low,2020-01-09 01:30:00,0.004315,231.178,0.3238,49.987
Afternoon_Low,2020-01-09 01:33:00,0.004081,231.409,0.3363,50.006
Afternoon_Low,2020-01-09 01:36:00,0.004024,230.784,0.2298,49.984
Afternoon_Low,2020-01-09 01:39:00,0.004324,230.744,0.2924,49.978
Afternoon_Low,2020-01-09 01:42:00,0.003474,231.278,0.3452,49.975
Afternoon_Low,2020-01-09 01:45:00,0.00369,230.992,0.2983,49.991
Afternoon_Low,2020-01-09 01:48:00,0.003919,230.413,0.2899,50.003
Afternoon_Low,2020-01-09 01:51:00,0.004838,231.154,0.342,49.995
Afternoon_Low,2020-01-09 01:54:00,0.003791,231.845,0.3529,49.989
Afternoon_Low,2020-01-09 01:57:00,0.001631,230.955,0.3148,50.015
Afternoon_Low,2020-01-09 02:00:00,0.005152,231.329,0.3527,49.999
Afternoon_Low,2020-01-09 02:03:00,0.003534,230.819,0.3084,49.988
Afternoon_Low,2020-01-09 02:06:00,0.004178,232.112,0.333,49.989
Afternoon_Low,2020-01-09 02:09:00,0.005242,230.813,0.3591,49.966
Afternoon_Low,2020-01-09 02:12:00,0.002699,231.662,0.3089,49.985
Afternoon_Low,2020-01-09 02:15:00,0.00378,230.641,0.3483,49.994
Afternoon_Low,2020-01-09 02:18:00,0.003084,231.828,0.2387,50.016
Afternoon_Low,2020-01-09 02:21:00,0.003766,232.99,0.3076,49.999
Afternoon_Low,2020-01-09 02:24:00,0.004754,231.319,0.3937,49.988
Afternoon_Low,2020-01-09 02:27:00,0.005637,231.651,0.345,50.0
Afternoon_Low,2020-01-09 02:30:00,0.00391,232.562,0.2668,49.99
Afternoon_Low,2020-01-09 02:33:00,0.004341,231.187,0.4438,49.987
Afternoon_Low,2020-01-09 02:36:00,0.00278,230.685,0.2678,50.002
Afternoon_Low,2020-01-09 02:39:00,0.004305,231.079,0.3859,49.976
Afternoon_Low,2020-01-09 02:42:00,0.004227,230.994,0.3747,49.996
Afternoon_Low,2020-01-09 02:45:00,0.003253,231.111,0.3097,49.983
Afternoon_Low,2020-01-09 02:48:00,0.004643,230.541,0.3054,50.017
Afternoon_Low,2020-01-09 02:51:00,0.003005,231.723,0.333,49.991
Afternoon_Low,2020-01-09 02:54:00,0.003809,231.091,0.3648,49.998
Afternoon_Low,2020-01-09 02:57:00,0.00421,232.11,0.3364,49.988
Afternoon_Low,2020-01-09 03:00:00,0.005081,230.972,0.3364,50.02
Afternoon_Low,2020-01-09 03:03:00,0.00406,231.555,0.3094,49.984
Afternoon_Low,2020-01-09 03:06:00,0.003951,230.391,0.3821,50.006
Afternoon_Low,2020-01-09 03:09:00,0.004368,231.091,0.3208,49.984
Afternoon_Low,2020-01-09 03:12:00,0.003542,232.173,0.2708,49.994
Afternoon_Low,2020-01-09 03:15:00,0.004133,230.493,0.3277,49.988
Afternoon_Low,2020-01-09 03:18:00,0.004891,230.614,0.2557,49.994
Afternoon_Low,2020-01-09 03:21:00,0.002056,232.099,0.3234,50.014
Afternoon_Low,2020-01-09 03:24:00,0.004249,232.54,0.3082,49.999
Afternoon_Low,2020-01-09 03:27:00,0.005398,230.279,0.344,49.985
Afternoon_Low,2020-01-09 03:30:00,0.003902,230.919,0.312,49.999
Afternoon_Low,2020-01-09 03:33:00,0.004808,232.813,0.2844,49.983
Afternoon_Low,2020-01-09 03:36:00,0.00334,230.921,0.2714,49.998
Afternoon_Low,2020-01-09 03:39:00,0.003673,230.695,0.3062,50.008
Afternoon_Low,2020-01-09 03:42:00,0.00453,231.069,0.2906,50.009
Afternoon_Low,2020-01-09 03:45:00,0.005921,231.207,0.3432,49.997
Afternoon_Low,2020-01-09 03:48:00,0.003606,231.783,0.2846,49.983
Afternoon_Low,2020-01-09 03:51:00,0.004705,230.98,0.3089,49.999
Afternoon_Low,2020-01-09 03:54:00,0.004276,230.624,0.3485,50.029
Afternoon_Low,2020-01-09 03:57:00,0.005992,231.844,0.3564,49.983
Afternoon_Low,2020-01-09 04:00:00,0.003869,230.787,0.2954,50.012
Afternoon_Low,2020-01-09 04:03:00,0.003064,231.342,0.2827,50.009
Afternoon_Low,2020-01-09 04:06:00,0.0048,232.479,0.3344,49.99
Afternoon_Low,2020-01-09 04:09:00,0.003259,230.492,0.3078,49.998
Afternoon_Low,2020-01-09 04:12:00,0.004345,231.175,0.3115,50.004
Afternoon_Low,2020-01-09 04:15:00,0.004209,231.997,0.3014,50.014
Afternoon_Low,2020-01-09 04:18:00,0.002229,230.345,0.309,50.015
Afternoon_Low,2020-01-09 04:21:00,0.003112,231.489,0.3159,49.998
Afternoon_Low,2020-01-09 04:24:00,0.005546,230.085,0.3935,50.005
Afternoon_Low,2020-01-09 04:27:00,0.005762,231.226,0.3489,49.979
Afternoon_Low,2020-01-09 04:30:00,0.005205,231.295,0.301,49.99
Afternoon_Low,2020-01-09 04:33:00,0.003997,230.496,0.3609,49.993
Afternoon_Low,2020-01-09 04:36:00,0.003546,231.7,0.3149,49.986
Afternoon_Low,2020-01-09 04:39:00,0.004831,231.606,0.3864,49.99
Afternoon_Low,2020-01-09 04:42:00,0.004239,233.133,0.2725,50.004
Afternoon_Low,2020-01-09 04:45:00,0.004709,231.664,0.3104,49.992
Afternoon_Low,2020-01-09 04:48:00,0.003726,231.389,0.3613,49.988
Afternoon_Low,2020-01-09 04:51:00,0.002783,231.511,0.2338,50.002
Afternoon_Low,2020-01-09 04:54:00,0.005923,231.69,0.399,49.975
Afternoon_Low,2020-01-09 04:57:00,0.006018,230.559,0.3077,49.992
Afternoon_Low,2020-01-09 05:00:00,0.005265,232.599,0.2731,49.989
Afternoon_Low,2020-01-09 05:03:00,0.004119,232.049,0.3738,49.978
Afternoon_Low,2020-01-09 05:06:00,0.004464,230.638,0.3242,49.984
Afternoon_Low,2020-01-09 05:09:00,0.004371,232.585,0.3711,50.008
Afternoon_Low,2020-01-09 05:12:00,0.004631,230.74,0.297,49.984
Afternoon_Low,2020-01-09 05:15:00,0.00616,229.893,0.3682,50.012
Afternoon_Low,2020-01-09 05:18:00,0.004863,230.409,0.3374,50.0
Afternoon_Low,2020-01-09 05:21:00,0.003129,231.268,0.2992,49.996
Afternoon_Low,2020-01-09 05:24:00,0.004514,231.327,0.3557,49.988
Afternoon_Low,2020-01-09 05:27:00,0.005418,231.609,0.3403,49.986
Afternoon_Low,2020-01-09 05:30:00,0.005357,230.946,0.3739,49.993
Afternoon_Low,2020-01-09 05:33:00,0.005965,229.18,0.3158,49.991
Afternoon_Low,2020-01-09 05:36:00,0.004048,231.352,0.3037,49.982
Afternoon_Low,2020-01-09 05:39:00,0.006931,230.714,0.3571,49.992
Afternoon_Low,2020-01-09 05:42:00,0.005971,230.754,0.4329,49.997
Afternoon_Low,2020-01-09 05:45:00,0.003974,231.882,0.3245,49.979
Afternoon_Low,2020-01-09 05:48:00,0.004642,230.672,0.3785,49.99
Afternoon_Low,2020-01-09 05:51:00,0.004516,230.081,0.3019,49.979
Afternoon_Low,2020-01-09 05:54:00,0.005388,231.03,0.3616,50.0
Afternoon_Low,2020-01-09 05:57:00,0.004786,231.143,0.3727,50.02
Afternoon_Low,2020-01-09 06:00:00,0.005779,230.276,0.2998,49.996
Afternoon_Low,2020-01-09 06:03:00,0.005394,229.801,0.2747,49.998
Afternoon_Low,2020-01-09 06:06:00,0.004958,229.898,0.3568,50.007
Afternoon_Low,2020-01-09 06:09:00,0.005789,231.463,0.3707,49.996
Afternoon_Low,2020-01-09 06:12:00,0.004944,230.53,0.3363,49.988
Afternoon_Low,2020-01-09 06:15:00,0.003953,231.248,0.3234,49.978
Afternoon_Low,2020-01-09 06:18:00,0.005634,231.758,0.3688,49.992
Afternoon_Low,2020-01-09 06:21:00,0.006191,230.744,0.3767,49.975
Afternoon_Low,2020-01-09 06:24:00,0.002644,231.784,0.3449,49.999
Afternoon_Low,2020-01-09 06:27:00,0.005197,231.1,0.3018,49.962
Afternoon_Low,2020-01-09 06:30:00,0.006,229.348,0.3664,49.989
Afternoon_Low,2020-01-09 06:33:00,0.005444,231.367,0.35,49.992
Afternoon_Low,2020-01-09 06:36:00,0.005022,230.843,0.3317,49.97
Afternoon_Low,2020-01-09 06:39:00,0.005931,229.994,0.3344,49.984
Afternoon_Low,2020-01-09 06:42:00,0.004932,230.1,0.2586,49.976
Afternoon_Low,2020-01-09 06:45:00,0.005624,229.865,0.3949,49.998
Afternoon_Low,2020-01-09 06:48:00,0.007462,230.438,0.3779,50.003
Afternoon_Low,2020-01-09 06:51:00,0.006482,229.881,0.3815,49.983
Afternoon_Low,2020-01-09 06:54:00,0.005016,231.914,0.3429,50.0
Afternoon_Low,2020-01-09 06:57:00,0.005211,230.64,0.3683,49.988
Afternoon_Low,2020-01-09 07:00:00,0.007252,230.92,0.3833,50.002
Afternoon_Low,2020-01-09 07:03:00,0.006487,229.845,0.3604,49.986
Afternoon_Low,2020-01-09 07:06:00,0.005602,230.826,0.4073,50.007
Afternoon_Low,2020-01-09 07:09:00,0.00426,230.747,0.4673,50.003
Afternoon_Low,2020-01-09 07:12:00,0.007627,230.97,0.3114,50.0
Afternoon_Low,2020-01-09 07:15:00,0.006062,230.63,0.2985,49.992
Afternoon_Low,2020-01-09 07:18:00,0.007051,229.893,0.3567,49.976
Afternoon_Low,2020-01-09 07:21:00,0.004616,231.885,0.3667,50.006
Afternoon_Low,2020-01-09 07:24:00,0.004327,232.112,0.3353,49.973
Afternoon_Low,2020-01-09 07:27:00,0.003389,232.148,0.3159,49.979
Afternoon_Low,2020-01-09 07:30:00,0.004078,231.339,0.3362,50.0
Afternoon_Low,2020-01-09 07:33:00,0.004961,231.379,0.3659,49.99
Afternoon_Low,2020-01-09 07:36:00,0.005759,230.877,0.3652,49.988
Afternoon_Low,2020-01-09 07:39:00,0.007088,230.905,0.4448,50.001
Afternoon_Low,2020-01-09 07:42:00,0.008473,231.137,0.471,50.006
Afternoon_Low,2020-01-09 07:45:00,0.005778,230.744,0.3617,49.993
Afternoon_Low,2020-01-09 07:48:00,0.005617,230.772,0.3412,49.998
Afternoon_Low,2020-01-09 07:51:00,0.005271,230.426,0.2817,49.996
Afternoon_Low,2020-01-09 07:54:00,0.007267,228.923,0.3981,50.019
Afternoon_Low,2020-01-09 07:57:00,0.004577,230.293,0.3291,50.001
Afternoon_Low,2020-01-09 08:00:00,0.006304,229.794,0.3747,50.016
Afternoon_Low,2020-01-09 08:03:00,0.005477,230.677,0.3417,50.012
Afternoon_Low,2020-01-09 08:06:00,0.007573,229.529,0.4196,49.997
Afternoon_Low,2020-01-09 08:09:00,0.006409,229.47,0.3644,50.028
Afternoon_Low,2020-01-09 08:12:00,0.006988,231.431,0.4259,49.999
Afternoon_Low,2020-01-09 08:15:00,0.007158,230.732,0.3455,50.007
Afternoon_Low,2020-01-09 08:18:00,0.00497,230.868,0.3284,49.996
Afternoon_Low,2020-01-09 08:21:00,0.006762,229.827,0.3782,50.0
Afternoon_Low,2020-01-09 08:24:00,0.004683,230.352,0.3008,49.987
Afternoon_Low,2020-01-09 08:27:00,0.008798,229.093,0.3872,49.982
Afternoon_Low,2020-01-09 08:30:00,0.008018,229.347,0.4032,50.007
Afternoon_Low,2020-01-09 08:33:00,0.005646,231.243,0.3772,49.99
Afternoon_Low,2020-01-09 08:36:00,0.007758,231.135,0.408,49.998
Afternoon_Low,2020-01-09 08:39:00,0.007692,229.802,0.3916,49.977
Afternoon_Low,2020-01-09 08:42:00,0.006595,230.38,0.3447,49.974
Afternoon_Low,2020-01-09 08:45:00,0.004348,230.863,0.3231,50.011
Afternoon_Low,2020-01-09 08:48:00,0.006947,230.702,0.4144,49.981
Afternoon_Low,2020-01-09 08:51:00,0.007873,231.018,0.3924,49.998
Afternoon_Low,2020-01-09 08:54:00,0.005812,230.94,0.3771,50.003
Afternoon_Low,2020-01-09 08:57:00,0.007805,230.932,0.4436,49.997
Afternoon_Low,2020-01-09 09:00:00,0.006005,231.32,0.3375,50.001
Afternoon_Low,2020-01-09 09:03:00,0.00664,230.88,0.3853,49.987
Afternoon_Low,2020-01-09 09:06:00,0.006429,231.264,0.3698,49.98
Afternoon_Low,2020-01-09 09:09:00,0.004947,231.014,0.2841,49.994
Afternoon_Low,2020-01-09 09:12:00,0.006802,230.064,0.4134,49.983
Afternoon_Low,2020-01-09 09:15:00,0.0065,230.535,0.3397,49.999
Afternoon_Low,2020-01-09 09:18:00,0.008294,228.729,0.432,49.996
Afternoon_Low,2020-01-09 09:21:00,0.007003,231.493,0.4144,50.001
Afternoon_Low,2020-01-09 09:24:00,0.006968,230.666,0.369,50.004
Afternoon_Low,2020-01-09 09:27:00,0.005533,230.924,0.3349,49.986
Afternoon_Low,2020-01-09 09:30:00,0.007131,229.928,0.3129,49.989
Afternoon_Low,2020-01-09 09:33:00,0.010247,229.449,0.4483,49.975
Afternoon_Low,2020-01-09 09:36:00,0.009395,230.633,0.4085,49.986
Afternoon_Low,2020-01-09 09:39:00,0.006589,230.163,0.4188,49.984
Afternoon_Low,2020-01-09 09:42:00,0.008475,228.768,0.4018,49.974
Afternoon_Low,2020-01-09 09:45:00,0.00783,230.08,0.4041,49.996
Afternoon_Low,2020-01-09 09:48:00,0.007454,231.035,0.3886,49.994
Afternoon_Low,2020-01-09 09:51:00,0.007455,230.837,0.3706,49.997
Afternoon_Low,2020-01-09 09:54:00,0.008632,231.34,0.4316,50.004
Afternoon_Low,2020-01-09 09:57:00,0.01093,228.245,0.42,49.995
Afternoon_Low,2020-01-09 10:00:00,0.006375,230.149,0.3568,50.001
Afternoon_Low,2020-01-09 10:03:00,0.00992,228.094,0.379,50.013
Afternoon_Low,2020-01-09 10:06:00,0.008602,230.29,0.4194,49.993
Afternoon_Low,2020-01-09 10:09:00,0.009106,231.143,0.4657,49.989
Afternoon_Low,2020-01-09 10:12:00,0.012006,231.142,0.4489,49.999
Afternoon_Low,2020-01-09 10:15:00,0.008045,229.838,0.4493,49.981
Afternoon_Low,2020-01-09 10:18:00,0.009236,231.285,0.4288,49.982
Afternoon_Low,2020-01-09 10:21:00,0.012127,230.58,0.4777,49.996
Afternoon_Low,2020-01-09 10:24:00,0.01132,229.761,0.5058,49.992
Afternoon_Low,2020-01-09 10:27:00,0.008544,230.951,0.3951,49.992
Afternoon_Low,2020-01-09 10:30:00,0.009907,228.902,0.4432,49.963
Afternoon_Low,2020-01-09 10:33:00,0.005968,230.382,0.3845,49.993
Afternoon_Low,2020-01-09 10:36:00,0.01139,229.29,0.4588,49.976
Afternoon_Low,2020-01-09 10:39:00,0.00941,231.295,0.4048,49.991
Afternoon_Low,2020-01-09 10:42:00,0.007741,232.092,0.359,49.997
Afternoon_Low,2020-01-09 10:45:00,0.005309,230.96,0.3429,49.967
Afternoon_Low,2020-01-09 10:48:00,0.009549,229.555,0.4161,49.991
Afternoon_Low,2020-01-09 10:51:00,0.011323,230.083,0.3936,49.986
Afternoon_Low,2020-01-09 10:54:00,0.010807,229.014,0.4239,49.998
Afternoon_Low,2020-01-09 10:57:00,0.011588,231.024,0.4438,49.962
Afternoon_Low,2020-01-09 11:00:00,0.00854,230.195,0.4269,49.999
Afternoon_Low,2020-01-09 11:03:00,0.015454,228.798,0.5763,49.991
Afternoon_Low,2020-01-09 11:06:00,0.011153,230.702,0.4432,49.974
Afternoon_Low,2020-01-09 11:09:00,0.01272,229.1,0.4862,49.985
Afternoon_Low,2020-01-09 11:12:00,0.010473,230.631,0.4167,49.981
Afternoon_Low,2020-01-09 11:15:00,0.010493,229.416,0.4556,50.001
Afternoon_Low,2020-01-09 11:18:00,0.013283,229.507,0.526,49.98
Afternoon_Low,2020-01-09 11:21:00,0.012601,228.487,0.4134,50.012
Afternoon_Low,2020-01-09 11:24:00,0.014381,229.416,0.5209,49.972
Afternoon_Low,2020-01-09 11:27:00,0.011094,229.811,0.4548,49.969
Afternoon_Low,2020-01-09 11:30:00,0.010553,229.309,0.4447,49.982
Afternoon_Low,2020-01-09 11:33:00,0.012841,229.983,0.4678,49.988
Afternoon_Low,2020-01-09 11:36:00,0.014381,228.525,0.4812,49.985
Afternoon_Low,2020-01-09 11:39:00,0.012242,230.112,0.4788,49.995
Afternoon_Low,2020-01-09 11:42:00,0.007327,231.116,0.3806,49.986
Afternoon_Low,2020-01-09 11:45:00,0.015299,228.232,0.5446,49.979
Afternoon_Low,2020-01-09 11:48:00,0.015085,226.708,0.4837,49.972
Afternoon_Low,2020-01-09 11:51:00,0.011172,228.569,0.4513,50.005
Afternoon_Low,2020-01-09 11:54:00,0.010757,229.806,0.3804,49.996
Afternoon_Low,2020-01-09 11:57:00,0.013454,229.408,0.4873,49.979
Afternoon_Low,2020-01-09 12:00:00,0.015094,228.365,0.5215,49.989
Afternoon_Low,2020-01-09 12:03:00,0.013509,230.47,0.5023,49.971
Afternoon_Low,2020-01-09 12:06:00,0.017901,228.325,0.5709,49.967
Afternoon_Low,2020-01-09 12:09:00,0.017377,228.715,0.5686,49.98
Afternoon_Low,2020-01-09 12:12:00,0.019089,227.142,0.5815,49.987
Afternoon_Low,2020-01-09 12:15:00,0.017355,228.158,0.5066,49.955
Afternoon_Low,2020-01-09 12:18:00,0.01419,230.038,0.5287,49.976
Afternoon_Low,2020-01-09 12:21:00,0.012532,227.496,0.4628,49.966
Afternoon_Low,2020-01-09 12:24:00,0.014836,228.24,0.5275,49.987
Afternoon_Low,2020-01-09 12:27:00,0.020369,228.474,0.6353,49.986
Afternoon_Low,2020-01-09 12:30:00,0.020653,228.241,0.6427,49.987
Afternoon_Low,2020-01-09 12:33:00,0.019131,227.851,0.5796,49.986
Afternoon_Low,2020-01-09 12:36:00,0.018669,228.197,0.6056,50.008
Afternoon_Low,2020-01-09 12:39:00,0.020147,226.167,0.6296,49.983
Afternoon_Low,2020-01-09 12:42:00,0.01528,228.264,0.4895,49.979
Afternoon_Low,2020-01-09 12:45:00,0.014736,228.502,0.5648,49.984
Afternoon_Low,2020-01-09 12:48:00,0.012591,229.666,0.4718,50.001
Afternoon_Low,2020-01-09 12:51:00,0.010976,229.862,0.3971,49.996
Afternoon_Low,2020-01-09 12:54:00,0.016357,228.417,0.5507,49.995
Afternoon_Low,2020-01-09 12:57:00,0.019288,227.793,0.6304,49.983
Afternoon_Low,2020-01-09 13:00:00,0.012048,227.695,0.4643,50.008
Afternoon_Low,2020-01-09 13:03:00,0.017036,228.554,0.5834,49.98
Afternoon_Low,2020-01-09 13:06:00,0.020785,227.124,0.6072,49.969
Afternoon_Low,2020-01-09 13:09:00,0.023693,226.955,0.6683,49.956
Afternoon_Low,2020-01-09 13:12:00,0.012373,229.735,0.4718,49.999
Afternoon_Low,2020-01-09 13:15:00,0.021819,227.955,0.6878,49.972
Afternoon_Low,2020-01-09 13:18:00,0.019605,227.669,0.5958,49.981
Afternoon_Low,2020-01-09 13:21:00,0.015325,229.647,0.5265,49.98
Afternoon_Low,2020-01-09 13:24:00,0.021009,228.921,0.5993,49.994
Afternoon_Low,2020-01-09 13:27:00,0.018527,229.283,0.5967,49.973
Afternoon_Low,2020-01-09 13:30:00,0.014677,230.698,0.499,49.991
Afternoon_Low,2020-01-09 13:33:00,0.013462,229.374,0.4913,49.998
Afternoon_Low,2020-01-09 13:36:00,0.011651,229.955,0.4229,49.993
Afternoon_Low,2020-01-09 13:39:00,0.014306,230.022,0.5545,49.99
Afternoon_Low,2020-01-09 13:42:00,0.017678,228.246,0.523,50.0
Afternoon_Low,2020-01-09 13:45:00,0.0159,229.421,0.5096,49.989
Afternoon_Low,2020-01-09 13:48:00,0.019835,228.557,0.5577,49.992
Afternoon_Low,2020-01-09 13:51:00,0.018005,228.845,0.5879,49.993
Afternoon_Low,2020-01-09 13:54:00,0.018213,228.204,0.5436,49.97
Afternoon_Low,2020-01-09 13:57:00,0.020618,228.968,0.6207,49.982
Afternoon_Low,2020-01-09 14:00:00,0.021301,227.726,0.6571,49.985
Afternoon_Low,2020-01-09 14:03:00,0.017349,228.594,0.547,49.966
Afternoon_Low,2020-01-09 14:06:00,0.0135,228.88,0.4971,49.993
Afternoon_Low,2020-01-09 14:09:00,0.015467,227.978,0.4842,49.972
Afternoon_Low,2020-01-09 14:12:00,0.023337,224.873,0.6372,49.998
Afternoon_Low,2020-01-09 14:15:00,0.014642,229.012,0.4691,49.996
Afternoon_Low,2020-01-09 14:18:00,0.016445,228.951,0.5567,49.974
Afternoon_Low,2020-01-09 14:21:00,0.021036,226.672,0.5966,49.981
Afternoon_Low,2020-01-09 14:24:00,0.020327,227.367,0.6051,49.958
Afternoon_Low,2020-01-09 14:27:00,0.014237,228.88,0.4873,49.989
Afternoon_Low,2020-01-09 14:30:00,0.014362,230.223,0.5218,49.992
Afternoon_Low,2020-01-09 14:33:00,0.015429,229.118,0.6097,49.977
Afternoon_Low,2020-01-09 14:36:00,0.017009,227.882,0.5225,49.993
Afternoon_Low,2020-01-09 14:39:00,0.015779,229.455,0.5576,49.969
Afternoon_Low,2020-01-09 14:42:00,0.021891,227.632,0.6464,49.985
Afternoon_Low,2020-01-09 14:45:00,0.016255,229.568,0.5389,49.997
Afternoon_Low,2020-01-09 14:48:00,0.017404,226.911,0.5854,49.985
Afternoon_Low,2020-01-09 14:51:00,0.018209,226.545,0.5665,50.001
Afternoon_Low,2020-01-09 14:54:00,0.017817,228.357,0.6309,49.97
Afternoon_Low,2020-01-09 14:57:00,0.018258,227.941,0.5694,49.982
Afternoon_Low,2020-01-09 15:00:00,0.022754,227.277,0.6443,49.973
Afternoon_Low,2020-01-09 15:03:00,0.011179,228.675,0.4235,49.973
Afternoon_Low,2020-01-09 15:06:00,0.018336,228.67,0.5504,49.994
Afternoon_Low,2020-01-09 15:09:00,0.013728,230.168,0.4885,49.981
Afternoon_Low,2020-01-09 15:12:00,0.022135,227.985,0.6552,49.969
Afternoon_Low,2020-01-09 15:15:00,0.017411,228.136,0.5886,49.969
Afternoon_Low,2020-01-09 15:18:00,0.01466,229.653,0.4943,49.982
Afternoon_Low,2020-01-09 15:21:00,0.017602,230.129,0.5555,49.992
Afternoon_Low,2020-01-09 15:24:00,0.013686,229.046,0.4307,49.992
Afternoon_Low,2020-01-09 15:27:00,0.018686,227.956,0.5455,49.971
Afternoon_Low,2020-01-09 15:30:00,0.01599,229.225,0.4863,49.976
Afternoon_Low,2020-01-09 15:33:00,0.010855,230.057,0.4869,49.983
Afternoon_Low,2020-01-09 15:36:00,0.015394,229.021,0.492,49.999
Afternoon_Low,2020-01-09 15:39:00,0.017318,227.359,0.5722,49.97
Afternoon_Low,2020-01-09 15:42:00,0.016387,227.423,0.5105,49.996
Afternoon_Low,2020-01-09 15:45:00,0.017756,228.069,0.5871,49.973
Afternoon_Low,2020-01-09 15:48:00,0.012138,230.051,0.5287,49.979
Afternoon_Low,2020-01-09 15:51:00,0.010822,230.221,0.413,49.998
Afternoon_Low,2020-01-09 15:54:00,0.012166,227.614,0.5177,49.986
Afternoon_Low,2020-01-09 15:57:00,0.013018,228.336,0.5174,49.986
Afternoon_Low,2020-01-09 16:00:00,0.012025,230.0,0.5308,49.998
Afternoon_Low,2020-01-09 16:03:00,0.010857,230.316,0.4238,49.992
Afternoon_Low,2020-01-09 16:06:00,0.012189,229.24,0.4773,49.978
Afternoon_Low,2020-01-09 16:09:00,0.012309,229.151,0.4305,50.003
Afternoon_Low,2020-01-09 16:12:00,0.012113,230.692,0.4101,49.988
Afternoon_Low,2020-01-09 16:15:00,0.012038,229.006,0.4964,49.987
Afternoon_Low,2020-01-09 16:18:00,0.014064,229.392,0.5203,49.996
Afternoon_Low,2020-01-09 16:21:00,0.013264,229.037,0.5391,49.981
Afternoon_Low,2020-01-09 16:24:00,0.013285,228.556,0.5075,50.012
Afternoon_Low,2020-01-09 16:27:00,0.011387,229.728,0.4721,49.983
Afternoon_Low,2020-01-09 16:30:00,0.009254,230.941,0.4145,49.996
Afternoon_Low,2020-01-09 16:33:00,0.013332,229.259,0.503,50.011
Afternoon_Low,2020-01-09 16:36:00,0.012661,229.166,0.5536,49.994
Afternoon_Low,2020-01-09 16:39:00,0.009034,229.911,0.3544,49.993
Afternoon_Low,2020-01-09 16:42:00,0.006925,230.103,0.3869,49.973
Afternoon_Low,2020-01-09 16:45:00,0.010704,230.216,0.4215,49.992
Afternoon_Low,2020-01-09 16:48:00,0.00886,229.802,0.4555,49.983
Afternoon_Low,2020-01-09 16:51:00,0.009016,232.236,0.4131,49.981
Afternoon_Low,2020-01-09 16:54:00,0.01036,230.224,0.4245,49.99
Afternoon_Low,2020-01-09 16:57:00,0.009585,231.366,0.4282,49.992
Afternoon_Low,2020-01-09 17:00:00,0.007842,230.185,0.382,49.982
Afternoon_Low,2020-01-09 17:03:00,0.007506,231.909,0.4108,49.994
Afternoon_Low,2020-01-09 17:06:00,0.01137,229.06,0.4953,49.983
Afternoon_Low,2020-01-09 17:09:00,0.006789,230.859,0.4062,49.994
Afternoon_Low,2020-01-09 17:12:00,0.008958,231.023,0.439,49.99
Afternoon_Low,2020-01-09 17:15:00,0.011691,229.726,0.4658,49.988
Afternoon_Low,2020-01-09 17:18:00,0.008365,232.198,0.3134,49.997
Afternoon_Low,2020-01-09 17:21:00,0.006562,230.151,0.3163,50.002
Afternoon_Low,2020-01-09 17:24:00,0.006559,229.216,0.3461,49.971
Afternoon_Low,2020-01-09 17:27:00,0.007098,229.83,0.3515,49.98
Afternoon_Low,2020-01-09 17:30:00,0.008379,230.3,0.3938,49.993
Afternoon_Low,2020-01-09 17:33:00,0.008241,229.25,0.4447,49.993
Afternoon_Low,2020-01-09 17:36:00,0.006188,231.884,0.3539,49.981
Afternoon_Low,2020-01-09 17:39:00,0.008492,230.601,0.4533,49.988
Afternoon_Low,2020-01-09 17:42:00,0.007217,231.019,0.3591,49.972
Afternoon_Low,2020-01-09 17:45:00,0.006012,230.179,0.4164,49.995
Afternoon_Low,2020-01-09 17:48:00,0.007511,230.581,0.4022,49.995
Afternoon_Low,2020-01-09 17:51:00,0.008169,229.76,0.433,50.013
Afternoon_Low,2020-01-09 17:54:00,0.0079,230.471,0.3834,49.995
Afternoon_Low,2020-01-09 17:57:00,0.007067,229.699,0.3867,49.991
Afternoon_Low,2020-01-09 18:00:00,0.006293,230.826,0.4298,49.983
Afternoon_Low,2020-01-09 18:03:00,0.008756,229.625,0.4185,50.007
Afternoon_Low,2020-01-09 18:06:00,0.004261,231.823,0.3071,49.988
Afternoon_Low,2020-01-09 18:09:00,0.005498,231.323,0.2532,49.978
Afternoon_Low,2020-01-09 18:12:00,0.005488,230.775,0.3821,50.011
Afternoon_Low,2020-01-09 18:15:00,0.007112,231.498,0.3465,49.978
Afternoon_Low,2020-01-09 18:18:00,0.004823,230.693,0.3377,50.009
Afternoon_Low,2020-01-09 18:21:00,0.006521,231.356,0.4038,49.996
Afternoon_Low,2020-01-09 18:24:00,0.007137,231.656,0.3415,50.011
Afternoon_Low,2020-01-09 18:27:00,0.006424,231.558,0.3567,49.975
Afternoon_Low,2020-01-09 18:30:00,0.007679,232.18,0.3607,49.985
Afternoon_Low,2020-01-09 18:33:00,0.009118,230.247,0.4035,49.994
Afternoon_Low,2020-01-09 18:36:00,0.006225,230.074,0.3106,49.992
Afternoon_Low,2020-01-09 18:39:00,0.006366,230.987,0.3963,49.983
Afternoon_Low,2020-01-09 18:42:00,0.006542,229.572,0.3795,50.006
Afternoon_Low,2020-01-09 18:45:00,0.006708,230.215,0.3349,50.006
Afternoon_Low,2020-01-09 18:48:00,0.004842,232.944,0.3168,50.004
Afternoon_Low,2020-01-09 18:51:00,0.00683,230.326,0.355,49.97
Afternoon_Low,2020-01-09 18:54:00,0.004458,233.396,0.3299,49.999
Afternoon_Low,2020-01-09 18:57:00,0.003134,231.512,0.297,49.991
Afternoon_Low,2020-01-09 19:00:00,0.004877,231.11,0.3062,50.009
Afternoon_Low,2020-01-09 19:03:00,0.004433,230.648,0.3445,49.984
Afternoon_Low,2020-01-09 19:06:00,0.006005,231.296,0.361,49.983
Afternoon_Low,2020-01-09 19:09:00,0.006477,232.468,0.3751,50.002
Afternoon_Low,2020-01-09 19:12:00,0.0053,230.819,0.3493,50.0
Afternoon_Low,2020-01-09 19:15:00,0.005686,231.529,0.3338,50.006
Afternoon_Low,2020-01-09 19:18:00,0.004111,232.054,0.3342,49.982
Afternoon_Low,2020-01-09 19:21:00,0.005447,232.719,0.3443,49.991
Afternoon_Low,2020-01-09 19:24:00,0.004009,230.866,0.2919,49.968
Afternoon_Low,2020-01-09 19:27:00,0.005638,229.804,0.3819,49.985
Afternoon_Low,2020-01-09 19:30:00,0.006547,230.892,0.3866,49.99
Afternoon_Low,2020-01-09 19:33:00,0.005213,229.811,0.3452,49.996
Afternoon_Low,2020-01-09 19:36:00,0.004745,231.218,0.3078,50.007
Afternoon_Low,2020-01-09 19:39:00,0.002617,233.335,0.3397,49.994
Afternoon_Low,2020-01-09 19:42:00,0.005388,231.489,0.3306,49.991
Afternoon_Low,2020-01-09 19:45:00,0.00499,231.537,0.3123,49.975
Afternoon_Low,2020-01-09 19:48:00,0.004212,230.607,0.2849,49.979
Afternoon_Low,2020-01-09 19:51:00,0.005226,231.674,0.3609,49.999
Afternoon_Low,2020-01-09 19:54:00,0.006154,231.333,0.3802,49.974
Afternoon_Low,2020-01-09 19:57:00,0.004919,230.109,0.3458,49.989
Afternoon_Low,2020-01-09 20:00:00,0.00299,231.81,0.3325,50.016
Afternoon_Low,2020-01-09 20:03:00,0.003317,232.735,0.2483,50.013
Afternoon_Low,2020-01-09 20:06:00,0.005021,231.764,0.3656,49.989
Afternoon_Low,2020-01-09 20:09:00,0.003754,230.981,0.2819,50.035
Afternoon_Low,2020-01-09 20:12:00,0.003721,231.675,0.262,49.992
Afternoon_Low,2020-01-09 20:15:00,0.004401,230.922,0.3201,49.979
Afternoon_Low,2020-01-09 20:18:00,0.004683,230.899,0.3458,49.999
Afternoon_Low,2020-01-09 20:21:00,0.004397,230.542,0.3508,50.004
Afternoon_Low,2020-01-09 20:24:00,0.005458,231.68,0.4217,50.001
Afternoon_Low,2020-01-09 20:27:00,0.005484,230.38,0.3297,49.999
Afternoon_Low,2020-01-09 20:30:00,0.004216,230.444,0.3346,50.02
Afternoon_Low,2020-01-09 20:33:00,0.004605,232.388,0.3891,49.986
Afternoon_Low,2020-01-09 20:36:00,0.005612,230.385,0.3773,50.0
Afternoon_Low,2020-01-09 20:39:00,0.004707,230.947,0.3283,49.999
Afternoon_Low,2020-01-09 20:42:00,0.004639,231.659,0.3297,49.994
Afternoon_Low,2020-01-09 20:45:00,0.006171,231.627,0.364,50.007
Afternoon_Low,2020-01-09 20:48:00,0.004073,231.552,0.3273,49.994
Afternoon_Low,2020-01-09 20:51:00,0.004643,230.952,0.3747,49.989
Afternoon_Low,2020-01-09 20:54:00,0.003559,231.639,0.2847,49.995
Afternoon_Low,2020-01-09 20:57:00,0.004882,231.707,0.3701,49.987
Afternoon_Low,2020-01-09 21:00:00,0.00353,230.824,0.3638,49.986
Afternoon_Low,2020-01-09 21:03:00,0.004375,232.848,0.258,50.004
Afternoon_Low,2020-01-09 21:06:00,0.004679,230.71,0.3473,50.003
Afternoon_Low,2020-01-09 21:09:00,0.003526,231.351,0.3107,50.016
Afternoon_Low,2020-01-09 21:12:00,0.005967,233.167,0.3319,49.995
Afternoon_Low,2020-01-09 21:15:00,0.00536,230.597,0.3372,50.013
Afternoon_Low,2020-01-09 21:18:00,0.004521,231.299,0.2728,50.022
Afternoon_Low,2020-01-09 21:21:00,0.004153,230.992,0.2792,50.004
Afternoon_Low,2020-01-09 21:24:00,0.004075,231.228,0.4002,50.013
Afternoon_Low,2020-01-09 21:27:00,0.005644,232.026,0.3139,49.994
Afternoon_Low,2020-01-09 21:30:00,0.004655,230.537,0.3187,49.993
Afternoon_Low,2020-01-09 21:33:00,0.003948,230.955,0.3784,49.986
Afternoon_Low,2020-01-09 21:36:00,0.004056,232.201,0.3772,50.02
Afternoon_Low,2020-01-09 21:39:00,0.006165,230.901,0.3097,50.0
Afternoon_Low,2020-01-09 21:42:00,0.002727,232.198,0.2522,49.992
Afternoon_Low,2020-01-09 21:45:00,0.004609,232.357,0.3721,50.0
Afternoon_Low,2020-01-09 21:48:00,0.005881,230.175,0.3064,49.987
Afternoon_Low,2020-01-09 21:51:00,0.002969,232.424,0.3284,49.996
Afternoon_Low,2020-01-09 21:54:00,0.005097,230.376,0.3568,49.998
Afternoon_Low,2020-01-09 21:57:00,0.005575,230.895,0.3945,49.999
Afternoon_Low,2020-01-09 22:00:00,0.004862,230.531,0.3895,49.998
Afternoon_Low,2020-01-09 22:03:00,0.003289,231.682,0.2844,50.008
Afternoon_Low,2020-01-09 22:06:00,0.004565,231.254,0.2915,50.007
Afternoon_Low,2020-01-09 22:09:00,0.004495,229.241,0.3431,50.019
Afternoon_Low,2020-01-09 22:12:00,0.003747,231.289,0.3556,49.991
Afternoon_Low,2020-01-09 22:15:00,0.002561,231.443,0.2866,50.009
Afternoon_Low,2020-01-09 22:18:00,0.004829,232.02,0.3124,49.972
Afternoon_Low,2020-01-09 22:21:00,0.00351,231.285,0.3608,50.004
Afternoon_Low,2020-01-09 22:24:00,0.002958,230.663,0.2735,49.995
Afternoon_Low,2020-01-09 22:27:00,0.004979,230.48,0.3474,49.962
Afternoon_Low,2020-01-09 22:30:00,0.003099,231.448,0.4017,49.995
Afternoon_Low,2020-01-09 22:33:00,0.003338,232.423,0.2722,49.995
Afternoon_Low,2020-01-09 22:36:00,0.004222,230.093,0.3535,49.98
Afternoon_Low,2020-01-09 22:39:00,0.004365,230.363,0.3143,49.998
Afternoon_Low,2020-01-09 22:42:00,0.00388,230.286,0.2932,49.993
Afternoon_Low,2020-01-09 22:45:00,0.005106,231.856,0.2906,49.974
Afternoon_Low,2020-01-09 22:48:00,0.003428,230.239,0.3036,49.983
Afternoon_Low,2020-01-09 22:51:00,0.005172,230.57,0.3583,49.974
Afternoon_Low,2020-01-09 22:54:00,0.004557,229.993,0.3133,49.996
Afternoon_Low,2020-01-09 22:57:00,0.005486,229.882,0.3543,50.014
Afternoon_Low,2020-01-09 23:00:00,0.003537,231.365,0.3201,50.013
Afternoon_Low,2020-01-09 23:03:00,0.003841,232.477,0.3629,50.015
Afternoon_Low,2020-01-09 23:06:00,0.003323,232.04,0.2473,49.997
Afternoon_Low,2020-01-09 23:09:00,0.003577,231.578,0.2722,49.98
Afternoon_Low,2020-01-09 23:12:00,0.002193,231.411,0.3401,50.0
Afternoon_Low,2020-01-09 23:15:00,0.003702,231.686,0.283,50.01
Afternoon_Low,2020-01-09 23:18:00,0.005606,230.923,0.3771,49.984
Afternoon_Low,2020-01-09 23:21:00,0.005147,230.276,0.3245,49.992
Afternoon_Low,2020-01-09 23:24:00,0.003977,231.412,0.2946,49.994
Afternoon_Low,2020-01-09 23:27:00,0.003378,231.068,0.2912,49.998
Afternoon_Low,2020-01-09 23:30:00,0.004821,232.61,0.3179,50.0
Afternoon_Low,2020-01-09 23:33:00,0.003991,230.935,0.3511,50.008
Afternoon_Low,2020-01-09 23:36:00,0.004112,232.286,0.3304,49.998
Afternoon_Low,2020-01-09 23:39:00,0.004331,232.059,0.2937,50.004
Afternoon_Low,2020-01-09 23:42:00,0.004252,230.767,0.2964,49.999
Afternoon_Low,2020-01-09 23:45:00,0.00327,232.146,0.3059,49.968
Afternoon_Low,2020-01-09 23:48:00,0.003413,231.608,0.2666,49.991
Afternoon_Low,2020-01-09 23:51:00,0.003972,230.386,0.3509,49.995
Afternoon_Low,2020-01-09 23:54:00,0.005033,229.236,0.3479,49.983
Afternoon_Low,2020-01-09 23:57:00,0.004046,230.726,0.3753,49.994
Afternoon_Low,2020-01-10 00:00:00,0.003464,231.699,0.3407,49.973
Afternoon_Low,2020-01-10 00:03:00,0.004643,231.978,0.3483,49.998
Afternoon_Low,2020-01-10 00:06:00,0.003203,230.693,0.2593,49.981
Afternoon_Low,2020-01-10 00:09:00,0.004793,230.353,0.3339,49.986
Afternoon_Low,2020-01-10 00:12:00,0.003595,232.756,0.2846,49.992
Afternoon_Low,2020-01-10 00:15:00,0.004333,230.231,0.3317,49.979
Afternoon_Low,2020-01-10 00:18:00,0.003237,231.029,0.3494,50.005
Afternoon_Low,2020-01-10 00:21:00,0.003196,230.944,0.282,49.972
Afternoon_Low,2020-01-10 00:24:00,0.004171,231.274,0.3692,50.007
Afternoon_Low,2020-01-10 00:27:00,0.003573,231.166,0.2948,50.004
Afternoon_Low,2020-01-10 00:30:00,0.003824,230.039,0.3061,49.986
Afternoon_Low,2020-01-10 00:33:00,0.002612,232.508,0.3136,49.99
Afternoon_Low,2020-01-10 00:36:00,0.002697,231.203,0.2463,50.009
Afternoon_Low,2020-01-10 00:39:00,0.003316,230.518,0.2955,50.006
Afternoon_Low,2020-01-10 00:42:00,0.004206,232.285,0.283,50.001
Afternoon_Low,2020-01-10 00:45:00,0.003174,230.773,0.3412,49.982
Afternoon_Low,2020-01-10 00:48:00,0.005298,231.778,0.3671,49.973
Afternoon_Low,2020-01-10 00:51:00,0.00427,230.196,0.2661,49.972
Afternoon_Low,2020-01-10 00:54:00,0.003681,231.841,0.3107,50.001
Afternoon_Low,2020-01-10 00:57:00,0.004312,231.142,0.3197,49.995
Afternoon_Low,2020-01-10 01:00:00,0.004955,231.43,0.3073,49.993
Afternoon_Low,2020-01-10 01:03:00,0.001617,231.497,0.2736,50.008
Afternoon_Low,2020-01-10 01:06:00,0.004364,231.104,0.3687,50.001
Afternoon_Low,2020-01-10 01:09:00,0.002603,232.107,0.2718,50.005
Afternoon_Low,2020-01-10 01:12:00,0.002865,232.65,0.2967,50.023
Afternoon_Low,2020-01-10 01:15:00,0.00392,230.117,0.3382,49.978
Afternoon_Low,2020-01-10 01:18:00,0.004634,230.549,0.2847,50.003
Afternoon_Low,2020-01-10 01:21:00,0.00468,230.184,0.2949,50.014
Afternoon_Low,2020-01-10 01:24:00,0.003171,230.738,0.2754,50.009
Afternoon_Low,2020-01-10 01:27:00,0.004966,229.873,0.3227,49.963
Afternoon_Low,2020-01-10 01:30:00,0.00454,230.919,0.2781,49.972
Afternoon_Low,2020-01-10 01:33:00,0.00363,230.096,0.293,50.008
Afternoon_Low,2020-01-10 01:36:00,0.003808,232.101,0.3776,49.985
Afternoon_Low,2020-01-10 01:39:00,0.005599,230.777,0.4026,50.0
Afternoon_Low,2020-01-10 01:42:00,0.00407,233.12,0.2644,49.982
Afternoon_Low,2020-01-10 01:45:00,0.004411,230.842,0.3111,49.997
Afternoon_Low,2020-01-10 01:48:00,0.004014,231.159,0.3685,49.993
Afternoon_Low,2020-01-10 01:51:00,0.004469,232.226,0.3928,49.995
Afternoon_Low,2020-01-10 01:54:00,0.003573,230.298,0.3748,49.978
Afternoon_Low,2020-01-10 01:57:00,0.005225,230.975,0.3348,49.99
Afternoon_Low,2020-01-10 02:00:00,0.005174,230.379,0.3258,50.022
Afternoon_Low,2020-01-10 02:03:00,0.003734,230.696,0.2949,49.994
Afternoon_Low,2020-01-10 02:06:00,0.004492,230.166,0.3197,50.012
Afternoon_Low,2020-01-10 02:09:00,0.003474,231.866,0.3389,50.003
Afternoon_Low,2020-01-10 02:12:00,0.002671,232.448,0.2616,49.993
Afternoon_Low,2020-01-10 02:15:00,0.004311,230.108,0.2973,50.011
Afternoon_Low,2020-01-10 02:18:00,0.00515,231.342,0.3982,49.992
Afternoon_Low,2020-01-10 02:21:00,0.004286,231.196,0.3417,49.985
Afternoon_Low,2020-01-10 02:24:00,0.002801,232.511,0.3301,49.986
Afternoon_Low,2020-01-10 02:27:00,0.003644,232.828,0.3146,49.996
Afternoon_Low,2020-01-10 02:30:00,0.003813,230.341,0.3157,49.98
Afternoon_Low,2020-01-10 02:33:00,0.003147,231.436,0.3,49.975
Afternoon_Low,2020-01-10 02:36:00,0.003739,231.15,0.2941,50.0
Afternoon_Low,2020-01-10 02:39:00,0.003767,231.033,0.3486,49.967
Afternoon_Low,2020-01-10 02:42:00,0.004758,230.188,0.325,49.997
Afternoon_Low,2020-01-10 02:45:00,0.003895,232.039,0.2527,49.984
Afternoon_Low,2020-01-10 02:48:00,0.005807,231.742,0.3276,49.986
Afternoon_Low,2020-01-10 02:51:00,0.004507,230.583,0.3139,49.978
Afternoon_Low,2020-01-10 02:54:00,0.003284,231.832,0.3394,49.98
Afternoon_Low,2020-01-10 02:57:00,0.004048,231.838,0.2584,49.989
Afternoon_Low,2020-01-10 03:00:00,0.002868,231.384,0.2723,49.997
Afternoon_Low,2020-01-10 03:03:00,0.003572,229.838,0.2771,49.99
Afternoon_Low,2020-01-10 03:06:00,0.003225,230.804,0.2775,50.0
Afternoon_Low,2020-01-10 03:09:00,0.004987,229.106,0.3288,49.978
Afternoon_Low,2020-01-10 03:12:00,0.005243,231.721,0.2961,49.991
Afternoon_Low,2020-01-10 03:15:00,0.005847,231.249,0.348,49.986
Afternoon_Low,2020-01-10 03:18:00,0.004264,232.448,0.3139,49.989
Afternoon_Low,2020-01-10 03:21:00,0.004219,230.785,0.3629,50.014
Afternoon_Low,2020-01-10 03:24:00,0.005296,230.442,0.3812,50.0
Afternoon_Low,2020-01-10 03:27:00,0.004494,230.632,0.3058,49.982
Afternoon_Low,2020-01-10 03:30:00,0.005169,231.902,0.3322,50.022
Afternoon_Low,2020-01-10 03:33:00,0.003303,232.399,0.3164,49.998
Afternoon_Low,2020-01-10 03:36:00,0.003849,231.024,0.321,49.995
Afternoon_Low,2020-01-10 03:39:00,0.003387,231.271,0.2537,49.985
Afternoon_Low,2020-01-10 03:42:00,0.004044,230.196,0.315,49.991
Afternoon_Low,2020-01-10 03:45:00,0.00413,230.681,0.3474,50.001
Afternoon_Low,2020-01-10 03:48:00,0.004644,231.766,0.3326,49.983
Afternoon_Low,2020-01-10 03:51:00,0.00317,230.242,0.2829,50.0
Afternoon_Low,2020-01-10 03:54:00,0.004611,229.275,0.3392,50.003
Afternoon_Low,2020-01-10 03:57:00,0.004304,231.594,0.3248,49.983
Afternoon_Low,2020-01-10 04:00:00,0.003344,231.709,0.258,50.01
Afternoon_Low,2020-01-10 04:03:00,0.003982,231.974,0.2842,50.02
Afternoon_Low,2020-01-10 04:06:00,0.004786,230.243,0.3262,50.011
Afternoon_Low,2020-01-10 04:09:00,0.003789,232.349,0.3311,49.995
Afternoon_Low,2020-01-10 04:12:00,0.004341,230.89,0.3877,50.009
Afternoon_Low,2020-01-10 04:15:00,0.004348,232.013,0.3254,49.989
Afternoon_Low,2020-01-10 04:18:00,0.005533,230.942,0.3405,50.013
Afternoon_Low,2020-01-10 04:21:00,0.006302,230.146,0.3506,49.98
Afternoon_Low,2020-01-10 04:24:00,0.003552,231.663,0.3601,49.984
Afternoon_Low,2020-01-10 04:27:00,0.004844,231.86,0.3362,49.985
Afternoon_Low,2020-01-10 04:30:00,0.003625,231.032,0.2622,49.971
Afternoon_Low,2020-01-10 04:33:00,0.004561,231.717,0.3128,50.034
Afternoon_Low,2020-01-10 04:36:00,0.005013,233.208,0.3627,49.991
Afternoon_Low,2020-01-10 04:39:00,0.003551,230.967,0.2708,50.002
Afternoon_Low,2020-01-10 04:42:00,0.006449,230.644,0.2902,49.99
Afternoon_Low,2020-01-10 04:45:00,0.005293,231.619,0.3292,50.004
Afternoon_Low,2020-01-10 04:48:00,0.004613,230.763,0.2991,50.008
Afternoon_Low,2020-01-10 04:51:00,0.00391,231.116,0.3154,50.003
Afternoon_Low,2020-01-10 04:54:00,0.005175,230.672,0.31,49.992
Afternoon_Low,2020-01-10 04:57:00,0.003439,231.639,0.3353,49.976
Afternoon_Low,2020-01-10 05:00:00,0.004405,231.155,0.3552,50.012
Afternoon_Low,2020-01-10 05:03:00,0.005774,230.199,0.3748,50.024
Afternoon_Low,2020-01-10 05:06:00,0.004305,230.886,0.2766,49.975
Afternoon_Low,2020-01-10 05:09:00,0.00468,231.634,0.362,50.002
Afternoon_Low,2020-01-10 05:12:00,0.004331,231.114,0.3175,49.982
Afternoon_Low,2020-01-10 05:15:00,0.003952,230.854,0.3234,49.982
Afternoon_Low,2020-01-10 05:18:00,0.005751,230.373,0.3847,49.996
Afternoon_Low,2020-01-10 05:21:00,0.006299,231.162,0.3742,50.004
Afternoon_Low,2020-01-10 05:24:00,0.002361,231.377,0.3112,49.985
Afternoon_Low,2020-01-10 05:27:00,0.003953,230.396,0.3333,49.986
Afternoon_Low,2020-01-10 05:30:00,0.003656,230.915,0.3084,50.017
Afternoon_Low,2020-01-10 05:33:00,0.006396,231.67,0.3079,49.984
Afternoon_Low,2020-01-10 05:36:00,0.004976,230.63,0.3331,49.988
Afternoon_Low,2020-01-10 05:39:00,0.004433,231.013,0.3161,50.012
Afternoon_Low,2020-01-10 05:42:00,0.004491,231.126,0.323,49.985
Afternoon_Low,2020-01-10 05:45:00,0.00633,230.604,0.3545,50.017
Afternoon_Low,2020-01-10 05:48:00,0.006384,230.5,0.3027,49.987
Afternoon_Low,2020-01-10 05:51:00,0.004192,231.596,0.3318,50.002
Afternoon_Low,2020-01-10 05:54:00,0.006844,230.581,0.4175,50.004
Afternoon_Low,2020-01-10 05:57:00,0.004859,230.066,0.3934,50.009
Afternoon_Low,2020-01-10 06:00:00,0.004398,230.298,0.2836,49.987
Afternoon_Low,2020-01-10 06:03:00,0.006402,230.795,0.3827,49.997
Afternoon_Low,2020-01-10 06:06:00,0.005505,230.79,0.3262,49.998
Afternoon_Low,2020-01-10 06:09:00,0.007229,231.657,0.4103,49.995
Afternoon_Low,2020-01-10 06:12:00,0.005297,230.209,0.3534,49.993
Afternoon_Low,2020-01-10 06:15:00,0.004983,232.199,0.3729,49.998
Afternoon_Low,2020-01-10 06:18:00,0.00445,230.039,0.2967,49.982
Afternoon_Low,2020-01-10 06:21:00,0.004255,231.003,0.3384,49.992
Afternoon_Low,2020-01-10 06:24:00,0.008797,229.887,0.5098,49.98
Afternoon_Low,2020-01-10 06:27:00,0.004668,229.855,0.281,49.984
Afternoon_Low,2020-01-10 06:30:00,0.005931,230.067,0.3716,49.979
Afternoon_Low,2020-01-10 06:33:00,0.003188,231.36,0.2518,49.992
Afternoon_Low,2020-01-10 06:36:00,0.006007,230.629,0.4093,49.988
Afternoon_Low,2020-01-10 06:39:00,0.005314,231.233,0.3232,49.98
Afternoon_Low,2020-01-10 06:42:00,0.006635,230.451,0.3482,50.01
Afternoon_Low,2020-01-10 06:45:00,0.005583,229.731,0.4152,49.963
Afternoon_Low,2020-01-10 06:48:00,0.006842,229.659,0.4167,49.975
Afternoon_Low,2020-01-10 06:51:00,0.00701,229.539,0.4087,49.996
Afternoon_Low,2020-01-10 06:54:00,0.005083,229.671,0.429,50.005
Afternoon_Low,2020-01-10 06:57:00,0.00388,230.713,0.3039,50.003
Afternoon_Low,2020-01-10 07:00:00,0.006238,230.493,0.3124,49.982
Afternoon_Low,2020-01-10 07:03:00,0.004017,230.861,0.2815,49.99
Afternoon_Low,2020-01-10 07:06:00,0.004748,231.545,0.3086,49.983
Afternoon_Low,2020-01-10 07:09:00,0.004422,230.911,0.3556,49.992
Afternoon_Low,2020-01-10 07:12:00,0.005971,230.631,0.3906,49.977
Afternoon_Low,2020-01-10 07:15:00,0.009349,230.569,0.4028,50.001
Afternoon_Low,2020-01-10 07:18:00,0.008072,231.84,0.3782,49.993
Afternoon_Low,2020-01-10 07:21:00,0.005831,231.386,0.3242,50.003
Afternoon_Low,2020-01-10 07:24:00,0.006743,231.125,0.441,49.997
Afternoon_Low,2020-01-10 07:27:00,0.005096,230.515,0.3535,50.001
Afternoon_Low,2020-01-10 07:30:00,0.008022,231.034,0.3677,49.99
Afternoon_Low,2020-01-10 07:33:00,0.004969,229.645,0.3569,49.985
Afternoon_Low,2020-01-10 07:36:00,0.005368,230.967,0.3409,50.022
Afternoon_Low,2020-01-10 07:39:00,0.005411,231.224,0.3671,50.01
Afternoon_Low,2020-01-10 07:42:00,0.00388,232.94,0.2943,49.997
Afternoon_Low,2020-01-10 07:45:00,0.005866,232.816,0.3179,50.017
Afternoon_Low,2020-01-10 07:48:00,0.007205,231.095,0.3595,50.001
Afternoon_Low,2020-01-10 07:51:00,0.006437,229.456,0.4011,49.978
Afternoon_Low,2020-01-10 07:54:00,0.00602,232.057,0.3457,50.004
Afternoon_Low,2020-01-10 07:57:00,0.007734,230.645,0.3901,49.998
Afternoon_Low,2020-01-10 08:00:00,0.004836,231.421,0.3492,50.006
Afternoon_Low,2020-01-10 08:03:00,0.008412,229.337,0.4042,49.981
Afternoon_Low,2020-01-10 08:06:00,0.007961,229.706,0.4469,49.999
Afternoon_Low,2020-01-10 08:09:00,0.005386,230.648,0.3663,49.982
Afternoon_Low,2020-01-10 08:12:00,0.006114,231.036,0.3706,49.979
Afternoon_Low,2020-01-10 08:15:00,0.006525,232.445,0.3542,50.004
Afternoon_Low,2020-01-10 08:18:00,0.004708,231.226,0.3255,49.985
Afternoon_Low,2020-01-10 08:21:00,0.004769,232.041,0.3127,49.999
Afternoon_Low,2020-01-10 08:24:00,0.009992,229.885,0.4964,49.981
Afternoon_Low,2020-01-10 08:27:00,0.005797,231.913,0.3821,49.994
Afternoon_Low,2020-01-10 08:30:00,0.008018,232.342,0.3439,49.99
Afternoon_Low,2020-01-10 08:33:00,0.007073,230.802,0.41,49.974
Afternoon_Low,2020-01-10 08:36:00,0.008201,229.794,0.437,49.977
Afternoon_Low,2020-01-10 08:39:00,0.007948,230.541,0.4126,49.976
Afternoon_Low,2020-01-10 08:42:00,0.007156,231.506,0.2819,50.022
Afternoon_Low,2020-01-10 08:45:00,0.007658,231.121,0.4498,49.996
Afternoon_Low,2020-01-10 08:48:00,0.00595,231.401,0.3641,49.997
Afternoon_Low,2020-01-10 08:51:00,0.005374,231.58,0.3391,50.0
Afternoon_Low,2020-01-10 08:54:00,0.008185,231.232,0.4436,49.979
Afternoon_Low,2020-01-10 08:57:00,0.006056,232.614,0.3807,49.994
Afternoon_Low,2020-01-10 09:00:00,0.006679,231.762,0.3732,49.99
Afternoon_Low,2020-01-10 09:03:00,0.006723,231.638,0.3653,49.987
Afternoon_Low,2020-01-10 09:06:00,0.006068,231.571,0.3438,49.983
Afternoon_Low,2020-01-10 09:09:00,0.005539,230.398,0.3573,49.971
Afternoon_Low,2020-01-10 09:12:00,0.006708,230.225,0.3535,49.993
Afternoon_Low,2020-01-10 09:15:00,0.005878,231.182,0.3146,49.992
Afternoon_Low,2020-01-10 09:18:00,0.008496,230.31,0.4114,49.986
Afternoon_Low,2020-01-10 09:21:00,0.006154,231.693,0.3217,49.998
Afternoon_Low,2020-01-10 09:24:00,0.009018,230.39,0.3539,49.996
Afternoon_Low,2020-01-10 09:27:00,0.004482,231.704,0.3415,49.986
Afternoon_Low,2020-01-10 09:30:00,0.007248,230.851,0.4349,49.991
Afternoon_Low,2020-01-10 09:33:00,0.008096,229.98,0.4328,49.985
Afternoon_Low,2020-01-10 09:36:00,0.009245,231.292,0.4215,49.986
Afternoon_Low,2020-01-10 09:39:00,0.007838,230.884,0.4299,49.999
Afternoon_Low,2020-01-10 09:42:00,0.0089,229.231,0.407,49.983
Afternoon_Low,2020-01-10 09:45:00,0.00969,230.746,0.491,50.016
Afternoon_Low,2020-01-10 09:48:00,0.007811,229.977,0.4494,49.996
Afternoon_Low,2020-01-10 09:51:00,0.006004,231.306,0.4135,49.992
Afternoon_Low,2020-01-10 09:54:00,0.00729,231.615,0.3164,49.993
Afternoon_Low,2020-01-10 09:57:00,0.008959,230.967,0.4619,50.0
Afternoon_Low,2020-01-10 10:00:00,0.007339,231.59,0.3941,50.012
Afternoon_Low,2020-01-10 10:03:00,0.008839,229.662,0.4383,49.993
Afternoon_Low,2020-01-10 10:06:00,0.007353,229.681,0.3948,50.002
Afternoon_Low,2020-01-10 10:09:00,0.003773,231.633,0.2435,49.957
Afternoon_Low,2020-01-10 10:12:00,0.007838,229.088,0.3499,49.98
Afternoon_Low,2020-01-10 10:15:00,0.009214,229.549,0.5097,50.008
Afternoon_Low,2020-01-10 10:18:00,0.008681,230.053,0.4489,49.993
Afternoon_Low,2020-01-10 10:21:00,0.008968,229.469,0.4033,50.015
Afternoon_Low,2020-01-10 10:24:00,0.009797,230.258,0.4009,49.981
Afternoon_Low,2020-01-10 10:27:00,0.008271,230.899,0.4071,49.982
Afternoon_Low,2020-01-10 10:30:00,0.009829,230.852,0.4252,49.993
Afternoon_Low,2020-01-10 10:33:00,0.013084,229.493,0.4976,49.975
Afternoon_Low,2020-01-10 10:36:00,0.004758,232.196,0.3102,49.982
Afternoon_Low,2020-01-10 10:39:00,0.01062,230.208,0.4446,49.991
Afternoon_Low,2020-01-10 10:42:00,0.007317,230.367,0.4164,50.01
Afternoon_Low,2020-01-10 10:45:00,0.00694,230.74,0.3895,49.984
Afternoon_Low,2020-01-10 10:48:00,0.008654,231.087,0.3806,49.975
Afternoon_Low,2020-01-10 10:51:00,0.010769,229.147,0.451,49.979
Afternoon_Low,2020-01-10 10:54:00,0.010763,228.987,0.4422,49.986
Afternoon_Low,2020-01-10 10:57:00,0.010892,229.993,0.4337,50.014
Afternoon_Low,2020-01-10 11:00:00,0.010202,230.922,0.4286,49.995
Afternoon_Low,2020-01-10 11:03:00,0.012172,228.409,0.5246,49.985
Afternoon_Low,2020-01-10 11:06:00,0.010738,229.667,0.3989,50.0
Afternoon_Low,2020-01-10 11:09:00,0.012926,229.188,0.4758,49.997
Afternoon_Low,2020-01-10 11:12:00,0.010271,229.806,0.4505,49.977
Afternoon_Low,2020-01-10 11:15:00,0.012228,228.971,0.5301,49.988
Afternoon_Low,2020-01-10 11:18:00,0.011696,229.543,0.5322,49.984
Afternoon_Low,2020-01-10 11:21:00,0.01132,228.816,0.4669,49.972
Afternoon_Low,2020-01-10 11:24:00,0.010976,230.71,0.4085,49.987
Afternoon_Low,2020-01-10 11:27:00,0.0141,227.867,0.4822,49.987
Afternoon_Low,2020-01-10 11:30:00,0.00687,231.873,0.3605,50.001
Afternoon_Low,2020-01-10 11:33:00,0.01139,229.389,0.5098,49.964
Afternoon_Low,2020-01-10 11:36:00,0.013108,228.902,0.428,49.977
Afternoon_Low,2020-01-10 11:39:00,0.012191,227.23,0.4412,49.991
Afternoon_Low,2020-01-10 11:42:00,0.013472,228.413,0.467,50.007
Afternoon_Low,2020-01-10 11:45:00,0.014082,228.853,0.5189,49.975
Afternoon_Low,2020-01-10 11:48:00,0.017472,228.687,0.5954,49.975
Afternoon_Low,2020-01-10 11:51:00,0.018141,228.697,0.5513,49.964
Afternoon_Low,2020-01-10 11:54:00,0.015495,228.818,0.5145,49.987
Afternoon_Low,2020-01-10 11:57:00,0.01677,228.843,0.5568,49.978
Afternoon_Low,2020-01-10 12:00:00,0.01503,228.571,0.518,49.99
Afternoon_Low,2020-01-10 12:03:00,0.014986,228.746,0.4605,49.973
Afternoon_Low,2020-01-10 12:06:00,0.02182,228.547,0.6763,49.979
Afternoon_Low,2020-01-10 12:09:00,0.021211,226.165,0.6231,49.952
Afternoon_Low,2020-01-10 12:12:00,0.008807,230.997,0.4114,49.981
Afternoon_Low,2020-01-10 12:15:00,0.017493,227.641,0.5474,49.998
Afternoon_Low,2020-01-10 12:18:00,0.012245,230.759,0.4691,50.0
Afternoon_Low,2020-01-10 12:21:00,0.016427,228.127,0.5527,49.985
Afternoon_Low,2020-01-10 12:24:00,0.017242,229.573,0.5696,49.965
Afternoon_Low,2020-01-10 12:27:00,0.020927,226.936,0.6514,49.966
Afternoon_Low,2020-01-10 12:30:00,0.013106,230.774,0.4897,49.974
Afternoon_Low,2020-01-10 12:33:00,0.018793,228.05,0.5543,49.985
Afternoon_Low,2020-01-10 12:36:00,0.014723,229.673,0.5051,49.989
Afternoon_Low,2020-01-10 12:39:00,0.016556,229.669,0.5621,49.989
Afternoon_Low,2020-01-10 12:42:00,0.016095,229.399,0.5369,49.971
Afternoon_Low,2020-01-10 12:45:00,0.012471,228.649,0.4491,49.993
Afternoon_Low,2020-01-10 12:48:00,0.009689,230.249,0.4074,49.982
Afternoon_Low,2020-01-10 12:51:00,0.021268,227.987,0.6484,49.954
Afternoon_Low,2020-01-10 12:54:00,0.021574,229.043,0.6546,49.977
Afternoon_Low,2020-01-10 12:57:00,0.02217,226.75,0.6083,49.971
Afternoon_Low,2020-01-10 13:00:00,0.019612,227.903,0.5946,49.982
Afternoon_Low,2020-01-10 13:03:00,0.018496,228.108,0.6315,49.975
Afternoon_Low,2020-01-10 13:06:00,0.016912,227.733,0.5537,50.011
Afternoon_Low,2020-01-10 13:09:00,0.008044,229.239,0.3563,49.995
Afternoon_Low,2020-01-10 13:12:00,0.023218,228.15,0.6964,49.967
Afternoon_Low,2020-01-10 13:15:00,0.020769,227.68,0.6013,49.992
Afternoon_Low,2020-01-10 13:18:00,0.023048,226.886,0.5727,49.98
Afternoon_Low,2020-01-10 13:21:00,0.01282,230.006,0.4856,50.01
Afternoon_Low,2020-01-10 13:24:00,0.027033,225.89,0.7444,49.984
Afternoon_Low,2020-01-10 13:27:00,0.01796,229.079,0.5814,49.98
Afternoon_Low,2020-01-10 13:30:00,0.018677,227.596,0.5816,50.0
Afternoon_Low,2020-01-10 13:33:00,0.02418,227.658,0.6245,49.975
Afternoon_Low,2020-01-10 13:36:00,0.02178,228.546,0.6805,49.985
Afternoon_Low,2020-01-10 13:39:00,0.015911,229.158,0.5419,49.957
Afternoon_Low,2020-01-10 13:42:00,0.019371,229.24,0.6044,49.977
Afternoon_Low,2020-01-10 13:45:00,0.020638,228.791,0.6408,49.982
Afternoon_Low,2020-01-10 13:48:00,0.018309,228.159,0.5838,49.958
Afternoon_Low,2020-01-10 13:51:00,0.016957,228.379,0.563,49.992
Afternoon_Low,2020-01-10 13:54:00,0.022908,226.642,0.6564,49.964
Afternoon_Low,2020-01-10 13:57:00,0.019928,227.28,0.6295,49.992
Afternoon_Low,2020-01-10 14:00:00,0.024397,227.359,0.6693,49.986
Afternoon_Low,2020-01-10 14:03:00,0.022927,227.603,0.6368,49.955
Afternoon_Low,2020-01-10 14:06:00,0.016421,228.224,0.5349,49.99
Afternoon_Low,2020-01-10 14:09:00,0.019049,227.059,0.6706,49.976
Afternoon_Low,2020-01-10 14:12:00,0.019041,227.342,0.5843,49.963
Afternoon_Low,2020-01-10 14:15:00,0.020002,227.994,0.6147,49.994
Afternoon_Low,2020-01-10 14:18:00,0.019417,227.41,0.5843,49.956
Afternoon_Low,2020-01-10 14:21:00,0.011264,229.862,0.4654,49.981
Afternoon_Low,2020-01-10 14:24:00,0.017366,229.715,0.585,49.98
Afternoon_Low,2020-01-10 14:27:00,0.024466,227.109,0.6486,49.989
Afternoon_Low,2020-01-10 14:30:00,0.018606,227.008,0.548,49.964
Afternoon_Low,2020-01-10 14:33:00,0.026109,227.724,0.7767,49.948
Afternoon_Low,2020-01-10 14:36:00,0.017959,228.608,0.6017,49.969
Afternoon_Low,2020-01-10 14:39:00,0.019431,227.981,0.6175,49.995
Afternoon_Low,2020-01-10 14:42:00,0.01075,228.35,0.4532,49.983
Afternoon_Low,2020-01-10 14:45:00,0.020539,228.232,0.6569,49.97
Afternoon_Low,2020-01-10 14:48:00,0.015726,228.513,0.5378,49.979
Afternoon_Low,2020-01-10 14:51:00,0.021425,227.307,0.7029,49.983
Afternoon_Low,2020-01-10 14:54:00,0.022924,229.267,0.7083,49.966
Afternoon_Low,2020-01-10 14:57:00,0.022214,227.841,0.6463,49.967
Afternoon_Low,2020-01-10 15:00:00,0.020947,226.96,0.6062,49.998
Afternoon_Low,2020-01-10 15:03:00,0.020627,227.476,0.5972,49.974
Afternoon_Low,2020-01-10 15:06:00,0.019618,228.513,0.6112,49.99
Afternoon_Low,2020-01-10 15:09:00,0.016366,229.543,0.5203,49.974
Afternoon_Low,2020-01-10 15:12:00,0.016958,228.704,0.5514,50.0
Afternoon_Low,2020-01-10 15:15:00,0.010838,229.183,0.5278,49.992
Afternoon_Low,2020-01-10 15:18:00,0.017954,226.688,0.5775,49.965
Afternoon_Low,2020-01-10 15:21:00,0.016998,228.932,0.6166,49.984
Afternoon_Low,2020-01-10 15:24:00,0.018127,228.336,0.5659,49.97
Afternoon_Low,2020-01-10 15:27:00,0.017135,229.191,0.5978,49.998
Afternoon_Low,2020-01-10 15:30:00,0.018975,228.256,0.5632,49.981
Afternoon_Low,2020-01-10 15:33:00,0.019181,228.267,0.6178,49.977
Afternoon_Low,2020-01-10 15:36:00,0.019116,227.333,0.6081,49.973
Afternoon_Low,2020-01-10 15:39:00,0.017234,228.996,0.575,49.991
Afternoon_Low,2020-01-10 15:42:00,0.017868,227.388,0.5937,49.97
Afternoon_Low,2020-01-10 15:45:00,0.009639,231.345,0.3946,50.006
Afternoon_Low,2020-01-10 15:48:00,0.013173,230.101,0.5221,49.997
Afternoon_Low,2020-01-10 15:51:00,0.014407,228.973,0.4562,50.006
Afternoon_Low,2020-01-10 15:54:00,0.020848,228.501,0.6528,50.004
Afternoon_Low,2020-01-10 15:57:00,0.019635,227.587,0.6148,49.999
Afternoon_Low,2020-01-10 16:00:00,0.011402,230.388,0.4859,49.992
Afternoon_Low,2020-01-10 16:03:00,0.014242,228.193,0.4297,50.013
Afternoon_Low,2020-01-10 16:06:00,0.018504,228.422,0.5158,49.973
Afternoon_Low,2020-01-10 16:09:00,0.016721,229.968,0.5789,49.987
Afternoon_Low,2020-01-10 16:12:00,0.01127,228.67,0.4781,49.979
Afternoon_Low,2020-01-10 16:15:00,0.019386,227.05,0.5711,49.98
Afternoon_Low,2020-01-10 16:18:00,0.011408,229.56,0.4547,49.992
Afternoon_Low,2020-01-10 16:21:00,0.012556,230.747,0.4366,49.981
Afternoon_Low,2020-01-10 16:24:00,0.009844,229.577,0.3926,49.989
Afternoon_Low,2020-01-10 16:27:00,0.014921,229.672,0.5153,49.982
Afternoon_Low,2020-01-10 16:30:00,0.008006,231.08,0.4146,50.013
Afternoon_Low,2020-01-10 16:33:00,0.010446,231.263,0.4246,49.979
Afternoon_Low,2020-01-10 16:36:00,0.010863,230.687,0.4251,49.98
Afternoon_Low,2020-01-10 16:39:00,0.012528,230.842,0.4948,49.982
Afternoon_Low,2020-01-10 16:42:00,0.011471,227.974,0.4057,49.987
Afternoon_Low,2020-01-10 16:45:00,0.010741,230.393,0.4481,49.992
Afternoon_Low,2020-01-10 16:48:00,0.010261,230.572,0.3995,49.984
Afternoon_Low,2020-01-10 16:51:00,0.010862,231.051,0.5078,50.008
Afternoon_Low,2020-01-10 16:54:00,0.008417,230.711,0.4379,49.996
Afternoon_Low,2020-01-10 16:57:00,0.010497,230.488,0.45,50.002
Afternoon_Low,2020-01-10 17:00:00,0.012053,229.622,0.4789,49.987
Afternoon_Low,2020-01-10 17:03:00,0.006337,231.066,0.3442,50.007
Afternoon_Low,2020-01-10 17:06:00,0.008311,231.822,0.4013,49.988
Afternoon_Low,2020-01-10 17:09:00,0.011206,230.538,0.453,50.005
Afternoon_Low,2020-01-10 17:12:00,0.009332,231.948,0.4447,49.978
Afternoon_Low,2020-01-10 17:15:00,0.005918,230.592,0.3797,49.995
Afternoon_Low,2020-01-10 17:18:00,0.007413,231.322,0.4205,49.978
Afternoon_Low,2020-01-10 17:21:00,0.009948,230.307,0.4022,50.004
Afternoon_Low,2020-01-10 17:24:00,0.009375,231.335,0.3926,49.996
Afternoon_Low,2020-01-10 17:27:00,0.007365,229.847,0.3106,50.02
Afternoon_Low,2020-01-10 17:30:00,0.006406,229.304,0.4004,49.987
Afternoon_Low,2020-01-10 17:33:00,0.007334,231.123,0.3942,49.993
Afternoon_Low,2020-01-10 17:36:00,0.009854,231.174,0.4416,49.983
Afternoon_Low,2020-01-10 17:39:00,0.007498,230.185,0.3026,49.983
Afternoon_Low,2020-01-10 17:42:00,0.006436,230.888,0.4277,49.966
Afternoon_Low,2020-01-10 17:45:00,0.010933,229.371,0.4669,50.008
Afternoon_Low,2020-01-10 17:48:00,0.007415,230.691,0.3999,49.998
Afternoon_Low,2020-01-10 17:51:00,0.008711,230.641,0.4574,49.983
Afternoon_Low,2020-01-10 17:54:00,0.009705,232.456,0.4182,49.98
Afternoon_Low,2020-01-10 17:57:00,0.008552,230.234,0.4595,49.99
Afternoon_Low,2020-01-10 18:00:00,0.007452,229.679,0.3959,49.98
Afternoon_Low,2020-01-10 18:03:00,0.010072,227.799,0.4555,49.996
Afternoon_Low,2020-01-10 18:06:00,0.008738,230.93,0.4444,49.988
Afternoon_Low,2020-01-10 18:09:00,0.006493,230.783,0.4176,49.981
Afternoon_Low,2020-01-10 18:12:00,0.007489,230.553,0.4064,50.001
Afternoon_Low,2020-01-10 18:15:00,0.004727,230.394,0.3088,49.982
Afternoon_Low,2020-01-10 18:18:00,0.007582,229.689,0.3747,49.985
Afternoon_Low,2020-01-10 18:21:00,0.006461,230.445,0.3842,49.964
Afternoon_Low,2020-01-10 18:24:00,0.006392,230.256,0.3641,49.995
Afternoon_Low,2020-01-10 18:27:00,0.005266,231.147,0.3432,49.979
Afternoon_Low,2020-01-10 18:30:00,0.006555,229.577,0.323,49.99
Afternoon_Low,2020-01-10 18:33:00,0.006449,230.301,0.3625,49.985
Afternoon_Low,2020-01-10 18:36:00,0.007076,230.116,0.3488,49.989
Afternoon_Low,2020-01-10 18:39:00,0.005884,231.65,0.365,50.006
Afternoon_Low,2020-01-10 18:42:00,0.005492,231.536,0.3612,49.992
Afternoon_Low,2020-01-10 18:45:00,0.004983,231.934,0.333,49.986
Afternoon_Low,2020-01-10 18:48:00,0.004368,230.005,0.3286,49.976
Afternoon_Low,2020-01-10 18:51:00,0.007134,229.535,0.3588,49.977
Afternoon_Low,2020-01-10 18:54:00,0.004664,231.123,0.3414,49.987
Afternoon_Low,2020-01-10 18:57:00,0.006158,230.809,0.31,50.005
Afternoon_Low,2020-01-10 19:00:00,0.00652,229.767,0.3791,50.003
Afternoon_Low,2020-01-10 19:03:00,0.004976,229.554,0.2959,50.003
Afternoon_Low,2020-01-10 19:06:00,0.004362,230.154,0.32,49.97
Afternoon_Low,2020-01-10 19:09:00,0.004196,231.389,0.3346,50.002
Afternoon_Low,2020-01-10 19:12:00,0.004316,230.507,0.3423,50.0
Afternoon_Low,2020-01-10 19:15:00,0.005245,230.584,0.3507,49.971
Afternoon_Low,2020-01-10 19:18:00,0.005565,229.854,0.3593,49.983
Afternoon_Low,2020-01-10 19:21:00,0.005375,230.797,0.3404,50.003
Afternoon_Low,2020-01-10 19:24:00,0.005568,230.952,0.3858,50.006
Afternoon_Low,2020-01-10 19:27:00,0.0051,230.534,0.2992,50.004
Afternoon_Low,2020-01-10 19:30:00,0.00382,232.978,0.2517,49.996
Afternoon_Low,2020-01-10 19:33:00,0.004922,230.825,0.376,50.002
Afternoon_Low,2020-01-10 19:36:00,0.00449,229.278,0.304,49.996
Afternoon_Low,2020-01-10 19:39:00,0.005718,231.116,0.3689,49.982
Afternoon_Low,2020-01-10 19:42:00,0.007656,229.91,0.3698,49.999
Afternoon_Low,2020-01-10 19:45:00,0.005552,230.133,0.3663,49.989
Afternoon_Low,2020-01-10 19:48:00,0.005888,230.701,0.2865,49.991
Afternoon_Low,2020-01-10 19:51:00,0.005104,230.323,0.2837,49.993
Afternoon_Low,2020-01-10 19:54:00,0.004786,233.077,0.2888,49.997
Afternoon_Low,2020-01-10 19:57:00,0.005205,232.294,0.3458,50.004
Afternoon_Low,2020-01-10 20:00:00,0.003834,230.342,0.2887,49.973
Afternoon_Low,2020-01-10 20:03:00,0.003337,231.443,0.3384,49.998
Afternoon_Low,2020-01-10 20:06:00,0.005342,231.373,0.3623,49.987
Afternoon_Low,2020-01-10 20:09:00,0.005096,229.816,0.3624,49.994
Afternoon_Low,2020-01-10 20:12:00,0.004058,230.78,0.3011,50.01
Afternoon_Low,2020-01-10 20:15:00,0.005293,229.827,0.3575,49.976
Afternoon_Low,2020-01-10 20:18:00,0.005337,231.089,0.363,49.972
Afternoon_Low,2020-01-10 20:21:00,0.00474,230.865,0.3565,49.997
Afternoon_Low,2020-01-10 20:24:00,0.004735,230.497,0.3375,50.001
Afternoon_Low,2020-01-10 20:27:00,0.005117,230.913,0.3095,49.981
Afternoon_Low,2020-01-10 20:30:00,0.00524,231.339,0.3283,49.975
Afternoon_Low,2020-01-10 20:33:00,0.003397,231.143,0.2646,50.004
Afternoon_Low,2020-01-10 20:36:00,0.003973,230.922,0.3384,49.988
Afternoon_Low,2020-01-10 20:39:00,0.003403,230.945,0.3163,49.995
Afternoon_Low,2020-01-10 20:42:00,0.004273,232.145,0.36,49.993
Afternoon_Low,2020-01-10 20:45:00,0.005547,230.792,0.3808,49.996
Afternoon_Low,2020-01-10 20:48:00,0.003726,232.433,0.2777,49.997
Afternoon_Low,2020-01-10 20:51:00,0.004279,231.15,0.299,49.986
Afternoon_Low,2020-01-10 20:54:00,0.00441,232.088,0.3349,50.014
Afternoon_Low,2020-01-10 20:57:00,0.004785,232.018,0.3031,50.003
Afternoon_Low,2020-01-10 21:00:00,0.004796,232.06,0.3534,49.975
Afternoon_Low,2020-01-10 21:03:00,0.004196,230.36,0.3345,49.984
Afternoon_Low,2020-01-10 21:06:00,0.004728,231.978,0.328,50.005
Afternoon_Low,2020-01-10 21:09:00,0.003847,231.258,0.3116,50.006
Afternoon_Low,2020-01-10 21:12:00,0.004301,231.039,0.3828,49.987
Afternoon_Low,2020-01-10 21:15:00,0.003515,231.501,0.309,50.0
Afternoon_Low,2020-01-10 21:18:00,0.00438,229.356,0.3284,50.014
Afternoon_Low,2020-01-10 21:21:00,0.003746,232.275,0.3216,49.983
Afternoon_Low,2020-01-10 21:24:00,0.004427,230.367,0.3341,49.993
Afternoon_Low,2020-01-10 21:27:00,0.003216,232.594,0.3062,49.984
Afternoon_Low,2020-01-10 21:30:00,0.00354,232.758,0.2368,49.991
Afternoon_Low,2020-01-10 21:33:00,0.003895,230.65,0.3889,49.992
Afternoon_Low,2020-01-10 21:36:00,0.004426,230.933,0.3024,50.005
Afternoon_Low,2020-01-10 21:39:00,0.004763,231.024,0.2501,50.008
Afternoon_Low,2020-01-10 21:42:00,0.003792,232.958,0.2858,49.986
Afternoon_Low,2020-01-10 21:45:00,0.003214,232.287,0.3126,50.0
Afternoon_Low,2020-01-10 21:48:00,0.003807,232.167,0.3408,49.985
Afternoon_Low,2020-01-10 21:51:00,0.004628,232.026,0.3043,49.993
Afternoon_Low,2020-01-10 21:54:00,0.005503,229.259,0.3891,50.001
Afternoon_Low,2020-01-10 21:57:00,0.004843,229.798,0.3664,50.009
Afternoon_Low,2020-01-10 22:00:00,0.002435,232.047,0.2905,49.995
Afternoon_Low,2020-01-10 22:03:00,0.003813,230.944,0.2785,49.997
Afternoon_Low,2020-01-10 22:06:00,0.00514,232.703,0.3001,50.022
Afternoon_Low,2020-01-10 22:09:00,0.003675,231.811,0.3041,49.981
Afternoon_Low,2020-01-10 22:12:00,0.004275,231.411,0.3406,49.992
Afternoon_Low,2020-01-10 22:15:00,0.002497,231.463,0.354,49.992
Afternoon_Low,2020-01-10 22:18:00,0.005809,231.334,0.3199,49.977
Afternoon_Low,2020-01-10 22:21:00,0.004118,231.578,0.3387,49.998
Afternoon_Low,2020-01-10 22:24:00,0.004202,232.793,0.3167,49.989
Afternoon_Low,2020-01-10 22:27:00,0.004176,231.144,0.3627,49.984
Afternoon_Low,2020-01-10 22:30:00,0.002894,231.194,0.3335,50.008
Afternoon_Low,2020-01-10 22:33:00,0.003973,230.525,0.2868,50.0
Afternoon_Low,2020-01-10 22:36:00,0.004172,231.005,0.2935,49.99
Afternoon_Low,2020-01-10 22:39:00,0.004606,229.394,0.395,49.973
Afternoon_Low,2020-01-10 22:42:00,0.005454,230.346,0.3998,49.985
Afternoon_Low,2020-01-10 22:45:00,0.003771,231.681,0.2762,50.007
Afternoon_Low,2020-01-10 22:48:00,0.003751,231.222,0.378,49.995
Afternoon_Low,2020-01-10 22:51:00,0.005318,230.709,0.3085,49.99
Afternoon_Low,2020-01-10 22:54:00,0.003696,230.994,0.3352,50.001
Afternoon_Low,2020-01-10 22:57:00,0.005325,231.748,0.3809,49.995
Afternoon_Low,2020-01-10 23:00:00,0.004933,230.264,0.3545,49.987
Afternoon_Low,2020-01-10 23:03:00,0.003372,231.351,0.3085,49.986
Afternoon_Low,2020-01-10 23:06:00,0.003502,230.844,0.2683,50.003
Afternoon_Low,2020-01-10 23:09:00,0.00314,231.518,0.2775,50.007
Afternoon_Low,2020-01-10 23:12:00,0.00291,231.454,0.2941,49.98
Afternoon_Low,2020-01-10 23:15:00,0.003636,231.791,0.2519,50.001
Afternoon_Low,2020-01-10 23:18:00,0.004276,231.129,0.3735,49.988
Afternoon_Low,2020-01-10 23:21:00,0.005488,231.754,0.3458,50.006
Afternoon_Low,2020-01-10 23:24:00,0.004748,230.048,0.3176,49.995
Afternoon_Low,2020-01-10 23:27:00,0.003274,231.221,0.3028,49.996
Afternoon_Low,2020-01-10 23:30:00,0.003739,231.662,0.3118,50.02
Afternoon_Low,2020-01-10 23:33:00,0.003612,231.072,0.3589,50.004
Afternoon_Low,2020-01-10 23:36:00,0.004169,228.944,0.3099,49.982
Afternoon_Low,2020-01-10 23:39:00,0.00318,231.648,0.3104,50.0
Afternoon_Low,2020-01-10 23:42:00,0.006965,230.294,0.3674,49.996
Afternoon_Low,2020-01-10 23:45:00,0.00569,230.139,0.333,49.993
Afternoon_Low,2020-01-10 23:48:00,0.00409,228.839,0.3464,50.004
Afternoon_Low,2020-01-10 23:51:00,0.004118,231.181,0.3769,50.012
Afternoon_Low,2020-01-10 23:54:00,0.004108,230.26,0.3701,50.02
Afternoon_Low,2020-01-10 23:57:00,0.004275,231.551,0.3138,49.974
Afternoon_Low,2020-01-11 00:00:00,0.005419,229.607,0.3261,49.979
Afternoon_Low,2020-01-11 00:03:00,0.004871,230.216,0.3172,50.005
Afternoon_Low,2020-01-11 00:06:00,0.004548,229.914,0.3569,49.996
Afternoon_Low,2020-01-11 00:09:00,0.004973,229.835,0.3019,49.989
Afternoon_Low,2020-01-11 00:12:00,0.004623,231.437,0.3791,50.032
Afternoon_Low,2020-01-11 00:15:00,0.004613,230.618,0.2498,50.026
Afternoon_Low,2020-01-11 00:18:00,0.003939,231.344,0.3896,49.991
Afternoon_Low,2020-01-11 00:21:00,0.002064,232.301,0.2501,50.014
Afternoon_Low,2020-01-11 00:24:00,0.004083,230.559,0.2331,49.991
Afternoon_Low,2020-01-11 00:27:00,0.003636,230.832,0.3745,50.012
Afternoon_Low,2020-01-11 00:30:00,0.006196,230.605,0.3459,50.0
Afternoon_Low,2020-01-11 00:33:00,0.004351,230.782,0.3645,49.976
Afternoon_Low,2020-01-11 00:36:00,0.004802,229.648,0.3371,49.984
Afternoon_Low,2020-01-11 00:39:00,0.004065,231.423,0.3231,50.025
Afternoon_Low,2020-01-11 00:42:00,0.003284,230.591,0.2816,50.004
Afternoon_Low,2020-01-11 00:45:00,0.004303,231.308,0.3442,49.984
Afternoon_Low,2020-01-11 00:48:00,0.00344,230.889,0.3174,49.986
Afternoon_Low,2020-01-11 00:51:00,0.003438,232.491,0.3233,50.014
Afternoon_Low,2020-01-11 00:54:00,0.00574,230.367,0.3051,49.984
Afternoon_Low,2020-01-11 00:57:00,0.005357,231.572,0.3266,49.987
Afternoon_Low,2020-01-11 01:00:00,0.004725,231.145,0.3432,49.996
Afternoon_Low,2020-01-11 01:03:00,0.003561,230.295,0.2812,49.98
Afternoon_Low,2020-01-11 01:06:00,0.003881,231.738,0.3265,50.013
Afternoon_Low,2020-01-11 01:09:00,0.005393,231.827,0.3832,50.001
Afternoon_Low,2020-01-11 01:12:00,0.004539,231.34,0.3484,49.997
Afternoon_Low,2020-01-11 01:15:00,0.003566,230.542,0.3256,50.009
Afternoon_Low,2020-01-11 01:18:00,0.004677,231.469,0.399,49.995
Afternoon_Low,2020-01-11 01:21:00,0.003965,231.895,0.3318,50.013
Afternoon_Low,2020-01-11 01:24:00,0.002662,231.905,0.269,50.0
Afternoon_Low,2020-01-11 01:27:00,0.006131,231.067,0.397,49.985
Afternoon_Low,2020-01-11 01:30:00,0.004438,230.657,0.325,49.973
Afternoon_Low,2020-01-11 01:33:00,0.00517,232.119,0.3225,49.996
Afternoon_Low,2020-01-11 01:36:00,0.003712,231.651,0.3367,49.986
Afternoon_Low,2020-01-11 01:39:00,0.004719,232.43,0.3319,49.999
Afternoon_Low,2020-01-11 01:42:00,0.005214,231.42,0.4071,49.983
Afternoon_Low,2020-01-11 01:45:00,0.003214,231.322,0.3039,50.028
Afternoon_Low,2020-01-11 01:48:00,0.003178,232.341,0.2961,50.018
Afternoon_Low,2020-01-11 01:51:00,0.004028,231.015,0.3195,49.975
Afternoon_Low,2020-01-11 01:54:00,0.004985,231.169,0.3386,49.991
Afternoon_Low,2020-01-11 01:57:00,0.005449,231.951,0.2902,49.995
Afternoon_Low,2020-01-11 02:00:00,0.005034,231.123,0.3668,49.995
Afternoon_Low,2020-01-11 02:03:00,0.00573,231.495,0.3247,49.979
Afternoon_Low,2020-01-11 02:06:00,0.004075,230.723,0.3094,50.003
Afternoon_Low,2020-01-11 02:09:00,0.004762,230.565,0.3517,50.005
Afternoon_Low,2020-01-11 02:12:00,0.005767,230.266,0.3753,50.023
Afternoon_Low,2020-01-11 02:15:00,0.004907,231.641,0.311,50.001
Afternoon_Low,2020-01-11 02:18:00,0.003413,231.681,0.3129,49.999
Afternoon_Low,2020-01-11 02:21:00,0.002373,231.045,0.3572,50.008
Afternoon_Low,2020-01-11 02:24:00,0.003456,230.401,0.3519,50.001
Afternoon_Low,2020-01-11 02:27:00,0.002961,232.416,0.3102,49.971
Afternoon_Low,2020-01-11 02:30:00,0.004567,230.789,0.3854,49.993
Afternoon_Low,2020-01-11 02:33:00,0.004058,230.926,0.3547,49.998
Afternoon_Low,2020-01-11 02:36:00,0.004245,232.561,0.3586,49.995
Afternoon_Low,2020-01-11 02:39:00,0.004255,230.707,0.3435,49.975
Afternoon_Low,2020-01-11 02:42:00,0.004363,229.983,0.327,50.0
Afternoon_Low,2020-01-11 02:45:00,0.002575,232.003,0.2943,49.986
Afternoon_Low,2020-01-11 02:48:00,0.003519,230.9,0.3511,49.99
Afternoon_Low,2020-01-11 02:51:00,0.003316,230.95,0.3193,49.995
Afternoon_Low,2020-01-11 02:54:00,0.003951,230.057,0.3318,50.001
Afternoon_Low,2020-01-11 02:57:00,0.005249,230.571,0.3901,49.98
Afternoon_Low,2020-01-11 03:00:00,0.003927,231.847,0.3019,49.988
Afternoon_Low,2020-01-11 03:03:00,0.004154,231.75,0.2648,49.99
Afternoon_Low,2020-01-11 03:06:00,0.004127,231.947,0.3593,49.989
Afternoon_Low,2020-01-11 03:09:00,0.004356,231.411,0.3094,50.006
Afternoon_Low,2020-01-11 03:12:00,0.004121,232.044,0.3328,49.997
Afternoon_Low,2020-01-11 03:15:00,0.003131,230.441,0.3504,49.986
Afternoon_Low,2020-01-11 03:18:00,0.003906,229.984,0.3228,50.01
Afternoon_Low,2020-01-11 03:21:00,0.004166,230.863,0.3448,49.987
Afternoon_Low,2020-01-11 03:24:00,0.003337,231.583,0.3413,50.003
Afternoon_Low,2020-01-11 03:27:00,0.004134,232.059,0.3231,50.02
Afternoon_Low,2020-01-11 03:30:00,0.003212,232.269,0.3397,50.003
Afternoon_Low,2020-01-11 03:33:00,0.003442,230.155,0.2805,49.999
Afternoon_Low,2020-01-11 03:36:00,0.00344,231.326,0.3151,50.023
Afternoon_Low,2020-01-11 03:39:00,0.002832,231.741,0.3045,49.999
Afternoon_Low,2020-01-11 03:42:00,0.002467,233.556,0.3163,50.0
Afternoon_Low,2020-01-11 03:45:00,0.005885,230.645,0.3074,50.0
Afternoon_Low,2020-01-11 03:48:00,0.004308,232.566,0.3307,50.022
Afternoon_Low,2020-01-11 03:51:00,0.00246,231.174,0.2638,50.011
Afternoon_Low,2020-01-11 03:54:00,0.004342,230.925,0.2904,49.984
Afternoon_Low,2020-01-11 03:57:00,0.005351,230.379,0.3729,50.011
Afternoon_Low,2020-01-11 04:00:00,0.005455,230.105,0.3386,49.992
Afternoon_Low,2020-01-11 04:03:00,0.005161,232.226,0.26,50.005
Afternoon_Low,2020-01-11 04:06:00,0.004015,232.52,0.4189,50.025
Afternoon_Low,2020-01-11 04:09:00,0.00337,230.858,0.2888,49.99
Afternoon_Low,2020-01-11 04:12:00,0.002893,232.651,0.3053,49.989
Afternoon_Low,2020-01-11 04:15:00,0.002898,231.137,0.2674,50.003
Afternoon_Low,2020-01-11 04:18:00,0.004271,230.79,0.3207,49.991
Afternoon_Low,2020-01-11 04:21:00,0.003183,230.454,0.2806,50.006
Afternoon_Low,2020-01-11 04:24:00,0.003608,231.023,0.2921,49.999
Afternoon_Low,2020-01-11 04:27:00,0.004309,231.299,0.3579,49.992
Afternoon_Low,2020-01-11 04:30:00,0.002878,231.077,0.2553,50.015
Afternoon_Low,2020-01-11 04:33:00,0.003203,231.459,0.3434,49.986
Afternoon_Low,2020-01-11 04:36:00,0.003694,230.338,0.2863,49.995
Afternoon_Low,2020-01-11 04:39:00,0.004423,231.603,0.3559,49.978
Afternoon_Low,2020-01-11 04:42:00,0.008116,230.265,0.4414,49.969
Afternoon_Low,2020-01-11 04:45:00,0.005852,229.678,0.3886,49.993
Afternoon_Low,2020-01-11 04:48:00,0.004409,231.036,0.3193,50.002
Afternoon_Low,2020-01-11 04:51:00,0.003912,231.931,0.2684,49.991
Afternoon_Low,2020-01-11 04:54:00,0.005671,232.093,0.3116,50.01
Afternoon_Low,2020-01-11 04:57:00,0.002833,231.227,0.2921,49.993
Afternoon_Low,2020-01-11 05:00:00,0.003735,231.496,0.2293,50.02
Afternoon_Low,2020-01-11 05:03:00,0.004102,230.929,0.3161,49.967
Afternoon_Low,2020-01-11 05:06:00,0.004791,231.657,0.3479,49.97
Afternoon_Low,2020-01-11 05:09:00,0.005091,230.766,0.286,50.008
Afternoon_Low,2020-01-11 05:12:00,0.004518,231.683,0.3528,49.995
Afternoon_Low,2020-01-11 05:15:00,0.004236,231.502,0.3558,50.001
Afternoon_Low,2020-01-11 05:18:00,0.005206,233.568,0.2731,50.024
Afternoon_Low,2020-01-11 05:21:00,0.003104,230.459,0.3549,49.985
Afternoon_Low,2020-01-11 05:24:00,0.005015,231.624,0.3139,49.992
Afternoon_Low,2020-01-11 05:27:00,0.004546,230.893,0.3242,50.002
Afternoon_Low,2020-01-11 05:30:00,0.005681,231.212,0.2947,50.012
Afternoon_Low,2020-01-11 05:33:00,0.004065,230.789,0.3537,49.996
Afternoon_Low,2020-01-11 05:36:00,0.005598,232.64,0.3743,49.983
Afternoon_Low,2020-01-11 05:39:00,0.004898,231.752,0.3659,50.005
Afternoon_Low,2020-01-11 05:42:00,0.005488,232.271,0.3726,49.992
Afternoon_Low,2020-01-11 05:45:00,0.003955,230.6,0.2548,49.992
Afternoon_Low,2020-01-11 05:48:00,0.003173,230.55,0.3473,49.994
Afternoon_Low,2020-01-11 05:51:00,0.006386,231.754,0.3012,50.0
Afternoon_Low,2020-01-11 05:54:00,0.004958,231.958,0.3682,49.998
Afternoon_Low,2020-01-11 05:57:00,0.006622,231.67,0.3585,50.013
Afternoon_Low,2020-01-11 06:00:00,0.004412,231.593,0.2957,50.019
Afternoon_Low,2020-01-11 06:03:00,0.004435,230.925,0.4005,50.008
Afternoon_Low,2020-01-11 06:06:00,0.003448,230.939,0.2907,49.995
Afternoon_Low,2020-01-11 06:09:00,0.004719,232.365,0.291,50.003
Afternoon_Low,2020-01-11 06:12:00,0.005146,231.337,0.3481,50.015
Afternoon_Low,2020-01-11 06:15:00,0.005222,231.044,0.3762,49.994
Afternoon_Low,2020-01-11 06:18:00,0.005823,230.697,0.3777,49.979
Afternoon_Low,2020-01-11 06:21:00,0.004708,232.165,0.4129,50.001
Afternoon_Low,2020-01-11 06:24:00,0.006877,230.62,0.3843,49.992
Afternoon_Low,2020-01-11 06:27:00,0.003043,230.317,0.32,50.0
Afternoon_Low,2020-01-11 06:30:00,0.006044,231.337,0.3646,49.988
Afternoon_Low,2020-01-11 06:33:00,0.005955,230.144,0.3078,49.973
Afternoon_Low,2020-01-11 06:36:00,0.003772,231.252,0.3221,49.987
Afternoon_Low,2020-01-11 06:39:00,0.004538,231.521,0.3129,49.987
Afternoon_Low,2020-01-11 06:42:00,0.006622,231.705,0.4462,49.991
Afternoon_Low,2020-01-11 06:45:00,0.006365,229.918,0.3436,49.99
Afternoon_Low,2020-01-11 06:48:00,0.00546,230.765,0.311,50.006
Afternoon_Low,2020-01-11 06:51:00,0.006797,230.637,0.397,49.984
Afternoon_Low,2020-01-11 06:54:00,0.00581,230.439,0.3374,49.989
Afternoon_Low,2020-01-11 06:57:00,0.004347,230.152,0.3072,49.985
Afternoon_Low,2020-01-11 07:00:00,0.005464,231.363,0.3396,49.986
Afternoon_Low,2020-01-11 07:03:00,0.006771,229.089,0.3588,49.982
Afternoon_Low,2020-01-11 07:06:00,0.003145,230.452,0.2873,49.995
Afternoon_Low,2020-01-11 07:09:00,0.004871,231.018,0.2945,49.974
Afternoon_Low,2020-01-11 07:12:00,0.00594,229.925,0.3584,50.002
Afternoon_Low,2020-01-11 07:15:00,0.006385,229.846,0.3242,49.998
Afternoon_Low,2020-01-11 07:18:00,0.008426,229.374,0.3989,49.978
Afternoon_Low,2020-01-11 07:21:00,0.005319,230.591,0.2746,49.981
Afternoon_Low,2020-01-11 07:24:00,0.005848,230.798,0.3306,50.002
Afternoon_Low,2020-01-11 07:27:00,0.006835,229.277,0.3664,50.01
Afternoon_Low,2020-01-11 07:30:00,0.005277,230.365,0.3342,50.008
Afternoon_Low,2020-01-11 07:33:00,0.007849,230.592,0.4377,50.004
Afternoon_Low,2020-01-11 07:36:00,0.005418,231.657,0.3313,49.989
Afternoon_Low,2020-01-11 07:39:00,0.004051,229.24,0.2884,49.99
Afternoon_Low,2020-01-11 07:42:00,0.005112,230.466,0.3131,49.987
Afternoon_Low,2020-01-11 07:45:00,0.006236,230.47,0.3937,49.99
Afternoon_Low,2020-01-11 07:48:00,0.008263,231.878,0.453,49.998
Afternoon_Low,2020-01-11 07:51:00,0.004036,231.857,0.2883,49.999
Afternoon_Low,2020-01-11 07:54:00,0.005502,229.557,0.3849,50.012
Afternoon_Low,2020-01-11 07:57:00,0.008933,231.728,0.4766,49.985
Afternoon_Low,2020-01-11 08:00:00,0.00821,230.871,0.3751,49.979
Afternoon_Low,2020-01-11 08:03:00,0.007538,230.373,0.3677,49.989
Afternoon_Low,2020-01-11 08:06:00,0.005102,230.03,0.3078,49.974
Afternoon_Low,2020-01-11 08:09:00,0.005132,230.687,0.3182,49.995
Afternoon_Low,2020-01-11 08:12:00,0.005928,230.441,0.3934,49.988
Afternoon_Low,2020-01-11 08:15:00,0.007976,230.397,0.4117,49.995
Afternoon_Low,2020-01-11 08:18:00,0.00536,231.574,0.3018,50.003
Afternoon_Low,2020-01-11 08:21:00,0.005457,231.304,0.325,49.975
Afternoon_Low,2020-01-11 08:24:00,0.007593,230.537,0.4055,49.996
Afternoon_Low,2020-01-11 08:27:00,0.00719,230.114,0.3903,49.991
Afternoon_Low,2020-01-11 08:30:00,0.008772,230.111,0.4247,50.005
Afternoon_Low,2020-01-11 08:33:00,0.004289,230.508,0.3536,49.996
Afternoon_Low,2020-01-11 08:36:00,0.007507,230.797,0.3259,49.986
Afternoon_Low,2020-01-11 08:39:00,0.00725,230.842,0.3799,49.992
Afternoon_Low,2020-01-11 08:42:00,0.007741,230.631,0.4,49.994
Afternoon_Low,2020-01-11 08:45:00,0.005485,230.868,0.3913,49.994
Afternoon_Low,2020-01-11 08:48:00,0.004065,231.748,0.282,49.993
Afternoon_Low,2020-01-11 08:51:00,0.004951,230.949,0.2928,49.997
Afternoon_Low,2020-01-11 08:54:00,0.004677,232.104,0.251,49.999
Afternoon_Low,2020-01-11 08:57:00,0.007845,232.01,0.4374,49.979
Afternoon_Low,2020-01-11 09:00:00,0.008081,231.463,0.4302,50.015
Afternoon_Low,2020-01-11 09:03:00,0.006647,230.411,0.4168,49.998
Afternoon_Low,2020-01-11 09:06:00,0.004674,233.087,0.3144,49.988
Afternoon_Low,2020-01-11 09:09:00,0.006299,230.172,0.3431,49.988
Afternoon_Low,2020-01-11 09:12:00,0.0085,231.01,0.3786,49.997
Afternoon_Low,2020-01-11 09:15:00,0.00848,229.582,0.4199,50.013
Afternoon_Low,2020-01-11 09:18:00,0.004596,230.465,0.2893,49.993
Afternoon_Low,2020-01-11 09:21:00,0.006039,230.919,0.3182,50.005
Afternoon_Low,2020-01-11 09:24:00,0.008485,230.58,0.3757,49.986
Afternoon_Low,2020-01-11 09:27:00,0.008418,229.858,0.3963,49.992
Afternoon_Low,2020-01-11 09:30:00,0.007633,229.938,0.4151,49.988
Afternoon_Low,2020-01-11 09:33:00,0.00695,231.125,0.3199,49.993
Afternoon_Low,2020-01-11 09:36:00,0.006864,229.887,0.3951,50.002
Afternoon_Low,2020-01-11 09:39:00,0.005916,231.833,0.3091,50.012
Afternoon_Low,2020-01-11 09:42:00,0.005855,229.63,0.3638,49.976
Afternoon_Low,2020-01-11 09:45:00,0.009256,229.747,0.4797,49.994
Afternoon_Low,2020-01-11 09:48:00,0.006917,230.542,0.3608,49.991
Afternoon_Low,2020-01-11 09:51:00,0.011945,230.389,0.4453,49.99
Afternoon_Low,2020-01-11 09:54:00,0.009788,229.669,0.4719,49.997
Afternoon_Low,2020-01-11 09:57:00,0.006749,230.702,0.3292,49.993
Afternoon_Low,2020-01-11 10:00:00,0.005376,230.832,0.2956,50.011
Afternoon_Low,2020-01-11 10:03:00,0.008884,231.119,0.401,49.99
Afternoon_Low,2020-01-11 10:06:00,0.008096,230.609,0.3625,49.977
Afternoon_Low,2020-01-11 10:09:00,0.009068,230.259,0.449,49.985
Afternoon_Low,2020-01-11 10:12:00,0.007598,230.076,0.4242,49.986
Afternoon_Low,2020-01-11 10:15:00,0.008866,231.067,0.4116,49.986
Afternoon_Low,2020-01-11 10:18:00,0.007163,229.047,0.4328,49.994
Afternoon_Low,2020-01-11 10:21:00,0.00837,230.649,0.4288,49.999
Afternoon_Low,2020-01-11 10:24:00,0.008592,230.567,0.3412,49.984
Afternoon_Low,2020-01-11 10:27:00,0.007916,230.134,0.3807,49.974
Afternoon_Low,2020-01-11 10:30:00,0.011184,228.327,0.4891,49.962
Afternoon_Low,2020-01-11 10:33:00,0.007716,232.512,0.3301,49.993
Afternoon_Low,2020-01-11 10:36:00,0.007439,229.354,0.4105,50.0
Afternoon_Low,2020-01-11 10:39:00,0.012471,229.815,0.4489,50.011
Afternoon_Low,2020-01-11 10:42:00,0.008232,228.918,0.3704,49.977
Afternoon_Low,2020-01-11 10:45:00,0.012285,230.524,0.4681,50.009
Afternoon_Low,2020-01-11 10:48:00,0.008368,230.067,0.4149,49.998
Afternoon_Low,2020-01-11 10:51:00,0.00781,229.591,0.383,49.986
Afternoon_Low,2020-01-11 10:54:00,0.011615,230.296,0.5148,49.989
Afternoon_Low,2020-01-11 10:57:00,0.014616,230.602,0.5171,49.994
Afternoon_Low,2020-01-11 11:00:00,0.012765,229.792,0.4118,50.001
Afternoon_Low,2020-01-11 11:03:00,0.012599,228.874,0.4766,49.989
Afternoon_Low,2020-01-11 11:06:00,0.013006,228.747,0.4677,49.991
Afternoon_Low,2020-01-11 11:09:00,0.011288,229.247,0.3772,49.987
Afternoon_Low,2020-01-11 11:12:00,0.010916,230.642,0.455,49.994
Afternoon_Low,2020-01-11 11:15:00,0.009335,230.46,0.426,50.001
Afternoon_Low,2020-01-11 11:18:00,0.010625,229.416,0.4374,49.999
Afternoon_Low,2020-01-11 11:21:00,0.015157,227.49,0.5208,49.994
Afternoon_Low,2020-01-11 11:24:00,0.010073,230.662,0.4123,49.978
Afternoon_Low,2020-01-11 11:27:00,0.013056,230.474,0.4963,49.998
Afternoon_Low,2020-01-11 11:30:00,0.010017,231.357,0.4114,49.993
Afternoon_Low,2020-01-11 11:33:00,0.013341,228.305,0.5406,49.997
Afternoon_Low,2020-01-11 11:36:00,0.016217,228.537,0.5606,49.991
Afternoon_Low,2020-01-11 11:39:00,0.008826,229.501,0.399,49.986
Afternoon_Low,2020-01-11 11:42:00,0.014627,229.473,0.5493,49.984
Afternoon_Low,2020-01-11 11:45:00,0.009571,229.684,0.4257,49.978
Afternoon_Low,2020-01-11 11:48:00,0.012353,229.16,0.491,49.975
Afternoon_Low,2020-01-11 11:51:00,0.014635,230.533,0.4914,50.011
Afternoon_Low,2020-01-11 11:54:00,0.011312,230.136,0.4333,49.986
Afternoon_Low,2020-01-11 11:57:00,0.014026,229.932,0.4791,49.983
Afternoon_Low,2020-01-11 12:00:00,0.015433,227.661,0.5013,49.986
Afternoon_Low,2020-01-11 12:03:00,0.017485,228.44,0.5761,49.971
Afternoon_Low,2020-01-11 12:06:00,0.013965,230.591,0.4923,50.012
Afternoon_Low,2020-01-11 12:09:00,0.011711,231.288,0.4749,49.987
Afternoon_Low,2020-01-11 12:12:00,0.016113,229.527,0.5881,49.984
Afternoon_Low,2020-01-11 12:15:00,0.014126,228.522,0.4606,50.0
Afternoon_Low,2020-01-11 12:18:00,0.016251,227.973,0.5188,49.973
Afternoon_Low,2020-01-11 12:21:00,0.01724,228.385,0.623,49.986
Afternoon_Low,2020-01-11 12:24:00,0.01322,229.616,0.523,49.999
Afternoon_Low,2020-01-11 12:27:00,0.015133,229.087,0.5185,49.993
Afternoon_Low,2020-01-11 12:30:00,0.018472,228.308,0.5821,50.007
Afternoon_Low,2020-01-11 12:33:00,0.01445,229.627,0.4926,49.973
Afternoon_Low,2020-01-11 12:36:00,0.013042,230.935,0.4889,50.003
Afternoon_Low,2020-01-11 12:39:00,0.019372,228.236,0.7004,49.978
Afternoon_Low,2020-01-11 12:42:00,0.009735,230.416,0.416,50.0
Afternoon_Low,2020-01-11 12:45:00,0.01877,230.045,0.5216,49.974
Afternoon_Low,2020-01-11 12:48:00,0.010219,230.348,0.4195,49.981
Afternoon_Low,2020-01-11 12:51:00,0.019252,228.336,0.6496,49.976
Afternoon_Low,2020-01-11 12:54:00,0.020877,227.799,0.6332,49.985
Afternoon_Low,2020-01-11 12:57:00,0.015646,228.814,0.5298,49.987
Afternoon_Low,2020-01-11 13:00:00,0.017981,228.953,0.5645,49.98
Afternoon_Low,2020-01-11 13:03:00,0.023112,226.822,0.6671,49.969
Afternoon_Low,2020-01-11 13:06:00,0.01556,227.123,0.5044,49.988
Afternoon_Low,2020-01-11 13:09:00,0.017136,228.852,0.6081,49.981
Afternoon_Low,2020-01-11 13:12:00,0.018082,229.557,0.5826,49.984
Afternoon_Low,2020-01-11 13:15:00,0.02381,226.613,0.6551,49.974
Afternoon_Low,2020-01-11 13:18:00,0.014605,229.04,0.5177,49.973
Afternoon_Low,2020-01-11 13:21:00,0.019169,229.124,0.6394,49.981
Afternoon_Low,2020-01-11 13:24:00,0.020087,226.176,0.5779,49.975
Afternoon_Low,2020-01-11 13:27:00,0.016572,228.575,0.5518,49.984
Afternoon_Low,2020-01-11 13:30:00,0.014893,229.409,0.5506,49.979
Afternoon_Low,2020-01-11 13:33:00,0.022825,227.786,0.6617,49.977
Afternoon_Low,2020-01-11 13:36:00,0.022328,226.921,0.6114,49.976
Afternoon_Low,2020-01-11 13:39:00,0.026575,227.171,0.6479,49.945
Afternoon_Low,2020-01-11 13:42:00,0.019844,226.916,0.6195,49.989
Afternoon_Low,2020-01-11 13:45:00,0.017318,228.202,0.5754,49.989
Afternoon_Low,2020-01-11 13:48:00,0.018754,228.199,0.577,49.961
Afternoon_Low,2020-01-11 13:51:00,0.013112,229.279,0.4834,49.977
Afternoon_Low,2020-01-11 13:54:00,0.013185,229.676,0.4958,49.988
Afternoon_Low,2020-01-11 13:57:00,0.019733,227.434,0.5892,49.968
Afternoon_Low,2020-01-11 14:00:00,0.01911,227.823,0.5841,49.969
Afternoon_Low,2020-01-11 14:03:00,0.017317,228.449,0.6098,49.974
Afternoon_Low,2020-01-11 14:06:00,0.020371,227.258,0.6213,49.96
Afternoon_Low,2020-01-11 14:09:00,0.019706,228.374,0.5974,49.975
Afternoon_Low,2020-01-11 14:12:00,0.012767,228.738,0.459,50.005
Afternoon_Low,2020-01-11 14:15:00,0.024902,228.128,0.7,49.972
Afternoon_Low,2020-01-11 14:18:00,0.023868,228.012,0.6445,49.981
Afternoon_Low,2020-01-11 14:21:00,0.021166,228.39,0.6338,49.992
Afternoon_Low,2020-01-11 14:24:00,0.015795,229.593,0.5075,49.991
Afternoon_Low,2020-01-11 14:27:00,0.018761,228.392,0.5695,49.993
Afternoon_Low,2020-01-11 14:30:00,0.027224,225.628,0.7851,49.987
Afternoon_Low,2020-01-11 14:33:00,0.01641,229.881,0.5167,49.974
Afternoon_Low,2020-01-11 14:36:00,0.022817,226.086,0.6322,49.961
Afternoon_Low,2020-01-11 14:39:00,0.016333,227.72,0.4996,49.973
Afternoon_Low,2020-01-11 14:42:00,0.017148,228.465,0.5448,49.961
Afternoon_Low,2020-01-11 14:45:00,0.010043,228.976,0.4639,49.995
Afternoon_Low,2020-01-11 14:48:00,0.013716,229.61,0.4706,49.985
Afternoon_Low,2020-01-11 14:51:00,0.020364,227.616,0.6928,49.964
Afternoon_Low,2020-01-11 14:54:00,0.016087,228.142,0.5735,49.985
Afternoon_Low,2020-01-11 14:57:00,0.018069,228.776,0.5684,49.982
Afternoon_Low,2020-01-11 15:00:00,0.016523,228.073,0.6021,49.968
Afternoon_Low,2020-01-11 15:03:00,0.019635,227.612,0.6265,49.953
Afternoon_Low,2020-01-11 15:06:00,0.013137,230.358,0.4632,49.973
Afternoon_Low,2020-01-11 15:09:00,0.017798,228.51,0.6308,49.998
Afternoon_Low,2020-01-11 15:12:00,0.01501,229.112,0.5359,49.977
Afternoon_Low,2020-01-11 15:15:00,0.013757,228.141,0.5032,49.97
Afternoon_Low,2020-01-11 15:18:00,0.017413,229.807,0.5695,49.965
Afternoon_Low,2020-01-11 15:21:00,0.020196,228.594,0.5927,49.988
Afternoon_Low,2020-01-11 15:24:00,0.019193,227.923,0.5448,50.001
Afternoon_Low,2020-01-11 15:27:00,0.015399,228.426,0.5059,49.986
Afternoon_Low,2020-01-11 15:30:00,0.017492,228.589,0.5973,49.976
Afternoon_Low,2020-01-11 15:33:00,0.022344,227.256,0.6438,49.986
Afternoon_Low,2020-01-11 15:36:00,0.014531,228.367,0.4156,49.981
Afternoon_Low,2020-01-11 15:39:00,0.01679,229.815,0.5265,49.974
Afternoon_Low,2020-01-11 15:42:00,0.010173,229.417,0.419,49.975
Afternoon_Low,2020-01-11 15:45:00,0.015798,228.804,0.5286,49.975
Afternoon_Low,2020-01-11 15:48:00,0.015188,229.249,0.5636,49.984
Afternoon_Low,2020-01-11 15:51:00,0.014238,230.536,0.4992,49.982
Afternoon_Low,2020-01-11 15:54:00,0.019149,227.932,0.619,49.965
Afternoon_Low,2020-01-11 15:57:00,0.016087,228.494,0.4893,49.991
Afternoon_Low,2020-01-11 16:00:00,0.015344,229.043,0.5241,49.997
Afternoon_Low,2020-01-11 16:03:00,0.013598,229.608,0.4805,49.993
Afternoon_Low,2020-01-11 16:06:00,0.014803,228.113,0.5828,49.99
Afternoon_Low,2020-01-11 16:09:00,0.015607,228.507,0.5589,49.978
Afternoon_Low,2020-01-11 16:12:00,0.011234,230.223,0.448,49.965
Afternoon_Low,2020-01-11 16:15:00,0.013076,228.847,0.4716,49.977
Afternoon_Low,2020-01-11 16:18:00,0.016268,228.546,0.565,49.967
Afternoon_Low,2020-01-11 16:21:00,0.013884,229.609,0.4907,49.989
Afternoon_Low,2020-01-11 16:24:00,0.012518,229.675,0.502,49.985
Afternoon_Low,2020-01-11 16:27:00,0.011132,228.359,0.4229,49.949
Afternoon_Low,2020-01-11 16:30:00,0.015262,230.029,0.4761,49.987
Afternoon_Low,2020-01-11 16:33:00,0.009842,229.561,0.3485,49.988
Afternoon_Low,2020-01-11 16:36:00,0.008866,230.272,0.3731,50.007
Afternoon_Low,2020-01-11 16:39:00,0.010597,230.699,0.4262,50.003
Afternoon_Low,2020-01-11 16:42:00,0.012966,228.321,0.4761,49.984
Afternoon_Low,2020-01-11 16:45:00,0.012243,229.781,0.475,49.986
Afternoon_Low,2020-01-11 16:48:00,0.011098,229.963,0.4929,49.987
Afternoon_Low,2020-01-11 16:51:00,0.008067,230.369,0.4283,49.995
Afternoon_Low,2020-01-11 16:54:00,0.010052,230.464,0.37,49.998
Afternoon_Low,2020-01-11 16:57:00,0.00883,230.476,0.4618,49.995
Afternoon_Low,2020-01-11 17:00:00,0.010073,229.816,0.4375,49.982
Afternoon_Low,2020-01-11 17:03:00,0.009277,229.86,0.4275,49.984
Afternoon_Low,2020-01-11 17:06:00,0.007579,229.816,0.3167,50.008
Afternoon_Low,2020-01-11 17:09:00,0.010589,229.378,0.4476,49.99
Afternoon_Low,2020-01-11 17:12:00,0.011195,230.061,0.5356,49.99
Afternoon_Low,2020-01-11 17:15:00,0.008778,229.842,0.4251,49.981
Afternoon_Low,2020-01-11 17:18:00,0.008724,231.896,0.388,49.961
Afternoon_Low,2020-01-11 17:21:00,0.009701,231.572,0.4022,50.018
Afternoon_Low,2020-01-11 17:24:00,0.011283,229.385,0.4847,49.986
Afternoon_Low,2020-01-11 17:27:00,0.009654,230.017,0.3872,49.941
Afternoon_Low,2020-01-11 17:30:00,0.008015,231.839,0.4008,49.994
Afternoon_Low,2020-01-11 17:33:00,0.006624,230.076,0.3577,50.007
Afternoon_Low,2020-01-11 17:36:00,0.008209,230.179,0.3788,49.997
Afternoon_Low,2020-01-11 17:39:00,0.008396,230.733,0.3693,49.976
Afternoon_Low,2020-01-11 17:42:00,0.009155,230.529,0.428,49.987
Afternoon_Low,2020-01-11 17:45:00,0.006692,229.759,0.3411,49.975
Afternoon_Low,2020-01-11 17:48:00,0.006757,231.279,0.4417,49.996
Afternoon_Low,2020-01-11 17:51:00,0.009048,229.025,0.3922,49.992
Afternoon_Low,2020-01-11 17:54:00,0.008047,229.326,0.4028,49.993
Afternoon_Low,2020-01-11 17:57:00,0.006385,230.309,0.436,49.979
Afternoon_Low,2020-01-11 18:00:00,0.00841,230.43,0.4197,49.991
Afternoon_Low,2020-01-11 18:03:00,0.004419,229.349,0.2998,49.985
Afternoon_Low,2020-01-11 18:06:00,0.00685,230.121,0.3576,49.993
Afternoon_Low,2020-01-11 18:09:00,0.006527,231.355,0.3178,49.982
Afternoon_Low,2020-01-11 18:12:00,0.004961,229.653,0.311,49.994
Afternoon_Low,2020-01-11 18:15:00,0.00571,231.683,0.2866,49.999
Afternoon_Low,2020-01-11 18:18:00,0.004082,231.358,0.2645,49.997
Afternoon_Low,2020-01-11 18:21:00,0.008182,231.213,0.4016,49.977
Afternoon_Low,2020-01-11 18:24:00,0.006052,232.299,0.3716,50.002
Afternoon_Low,2020-01-11 18:27:00,0.003941,230.764,0.3453,49.997
Afternoon_Low,2020-01-11 18:30:00,0.006902,231.596,0.3775,49.983
Afternoon_Low,2020-01-11 18:33:00,0.005601,231.858,0.3561,49.985
Afternoon_Low,2020-01-11 18:36:00,0.00686,230.833,0.3713,49.987
Afternoon_Low,2020-01-11 18:39:00,0.006108,231.026,0.2602,49.961
Afternoon_Low,2020-01-11 18:42:00,0.00527,229.587,0.3858,49.981
Afternoon_Low,2020-01-11 18:45:00,0.004427,231.354,0.3123,49.995
Afternoon_Low,2020-01-11 18:48:00,0.005922,230.344,0.3805,49.984
Afternoon_Low,2020-01-11 18:51:00,0.006054,230.059,0.3134,50.003
Afternoon_Low,2020-01-11 18:54:00,0.005228,230.459,0.3353,49.984
Afternoon_Low,2020-01-11 18:57:00,0.006185,231.129,0.3958,49.983
Afternoon_Low,2020-01-11 19:00:00,0.005749,230.006,0.3702,49.979
Afternoon_Low,2020-01-11 19:03:00,0.004255,231.767,0.3134,50.011
Afternoon_Low,2020-01-11 19:06:00,0.005116,230.407,0.2887,49.996
Afternoon_Low,2020-01-11 19:09:00,0.004182,231.757,0.3246,50.014
Afternoon_Low,2020-01-11 19:12:00,0.004486,231.951,0.3511,50.009
Afternoon_Low,2020-01-11 19:15:00,0.00213,231.151,0.2764,50.004
Afternoon_Low,2020-01-11 19:18:00,0.004902,231.916,0.3345,49.999
Afternoon_Low,2020-01-11 19:21:00,0.004116,232.096,0.3158,50.001
Afternoon_Low,2020-01-11 19:24:00,0.004371,230.771,0.3272,49.983
Afternoon_Low,2020-01-11 19:27:00,0.003668,231.544,0.325,49.992
Afternoon_Low,2020-01-11 19:30:00,0.004499,229.943,0.4382,50.006
Afternoon_Low,2020-01-11 19:33:00,0.002592,231.94,0.2825,50.012
Afternoon_Low,2020-01-11 19:36:00,0.004612,232.088,0.3494,50.01
Afternoon_Low,2020-01-11 19:39:00,0.006136,230.014,0.3566,49.983
Afternoon_Low,2020-01-11 19:42:00,0.002905,232.917,0.3496,50.001
Afternoon_Low,2020-01-11 19:45:00,0.004454,230.695,0.2794,49.99
Afternoon_Low,2020-01-11 19:48:00,0.005515,231.794,0.3469,50.012
Afternoon_Low,2020-01-11 19:51:00,0.005445,230.096,0.3367,49.993
Afternoon_Low,2020-01-11 19:54:00,0.005205,231.675,0.3483,50.001
Afternoon_Low,2020-01-11 19:57:00,0.006277,228.988,0.3617,50.004
Afternoon_Low,2020-01-11 20:00:00,0.004698,230.89,0.3584,49.998
Afternoon_Low,2020-01-11 20:03:00,0.004835,231.13,0.3845,49.997
Afternoon_Low,2020-01-11 20:06:00,0.003892,232.472,0.3897,49.983
Afternoon_Low,2020-01-11 20:09:00,0.003419,232.648,0.2832,50.0
Afternoon_Low,2020-01-11 20:12:00,0.006,230.746,0.3215,49.982
Afternoon_Low,2020-01-11 20:15:00,0.004604,231.739,0.301,49.995
Afternoon_Low,2020-01-11 20:18:00,0.003671,230.703,0.3943,50.015
Afternoon_Low,2020-01-11 20:21:00,0.004162,231.674,0.232,50.004
Afternoon_Low,2020-01-11 20:24:00,0.005907,230.248,0.4025,49.989
Afternoon_Low,2020-01-11 20:27:00,0.005609,230.77,0.4051,50.011
Afternoon_Low,2020-01-11 20:30:00,0.00502,231.352,0.3416,49.991
Afternoon_Low,2020-01-11 20:33:00,0.005426,232.122,0.2649,49.979
Afternoon_Low,2020-01-11 20:36:00,0.004426,231.555,0.34,49.994
Afternoon_Low,2020-01-11 20:39:00,0.004326,232.075,0.3006,49.995
Afternoon_Low,2020-01-11 20:42:00,0.0046,230.756,0.3033,49.968
Afternoon_Low,2020-01-11 20:45:00,0.005936,231.078,0.2989,50.016
Afternoon_Low,2020-01-11 20:48:00,0.005119,231.782,0.3034,50.017
Afternoon_Low,2020-01-11 20:51:00,0.003969,230.76,0.3135,49.992
Afternoon_Low,2020-01-11 20:54:00,0.004485,231.712,0.3198,50.002
Afternoon_Low,2020-01-11 20:57:00,0.003349,233.188,0.2964,49.985
Afternoon_Low,2020-01-11 21:00:00,0.004795,232.519,0.2934,49.974
Afternoon_Low,2020-01-11 21:03:00,0.004206,232.309,0.3799,50.009
Afternoon_Low,2020-01-11 21:06:00,0.00394,231.3,0.3366,50.002
Afternoon_Low,2020-01-11 21:09:00,0.003182,230.181,0.2947,49.971
Afternoon_Low,2020-01-11 21:12:00,0.005302,231.235,0.3854,50.013
Afternoon_Low,2020-01-11 21:15:00,0.0046,231.872,0.3199,49.989
Afternoon_Low,2020-01-11 21:18:00,0.003855,229.808,0.2991,49.987
Afternoon_Low,2020-01-11 21:21:00,0.004375,231.632,0.3398,49.995
Afternoon_Low,2020-01-11 21:24:00,0.004536,231.804,0.2876,49.996
Afternoon_Low,2020-01-11 21:27:00,0.00568,231.466,0.3471,49.983
Afternoon_Low,2020-01-11 21:30:00,0.003965,230.173,0.2701,50.01
Afternoon_Low,2020-01-11 21:33:00,0.004517,230.861,0.3325,49.992
Afternoon_Low,2020-01-11 21:36:00,0.004309,230.956,0.3472,50.005
Afternoon_Low,2020-01-11 21:39:00,0.00455,230.727,0.3122,49.976
Afternoon_Low,2020-01-11 21:42:00,0.003751,230.606,0.302,50.017
Afternoon_Low,2020-01-11 21:45:00,0.002915,231.898,0.2581,49.997
Afternoon_Low,2020-01-11 21:48:00,0.004019,232.207,0.3433,49.992
Afternoon_Low,2020-01-11 21:51:00,0.003919,230.449,0.333,49.998
Afternoon_Low,2020-01-11 21:54:00,0.00376,231.595,0.3278,49.997
Afternoon_Low,2020-01-11 21:57:00,0.004214,232.017,0.3237,50.003
Afternoon_Low,2020-01-11 22:00:00,0.004962,230.262,0.3744,49.978
Afternoon_Low,2020-01-11 22:03:00,0.003625,231.438,0.3661,49.989
Afternoon_Low,2020-01-11 22:06:00,0.005038,230.901,0.3646,50.005
Afternoon_Low,2020-01-11 22:09:00,0.00439,230.863,0.3714,49.992
Afternoon_Low,2020-01-11 22:12:00,0.003408,231.226,0.3374,50.003
Afternoon_Low,2020-01-11 22:15:00,0.003285,232.406,0.3143,50.021
Afternoon_Low,2020-01-11 22:18:00,0.003348,230.018,0.3006,49.99
Afternoon_Low,2020-01-11 22:21:00,0.003185,229.652,0.2423,49.99
Afternoon_Low,2020-01-11 22:24:00,0.005186,231.111,0.2969,49.98
Afternoon_Low,2020-01-11 22:27:00,0.004262,230.133,0.3443,49.984
Afternoon_Low,2020-01-11 22:30:00,0.005729,231.159,0.3478,50.001
Afternoon_Low,2020-01-11 22:33:00,0.003823,230.927,0.3601,49.998
Afternoon_Low,2020-01-11 22:36:00,0.004168,231.033,0.2596,50.003
Afternoon_Low,2020-01-11 22:39:00,0.005492,229.761,0.3811,49.994
Afternoon_Low,2020-01-11 22:42:00,0.003567,231.518,0.2988,50.007
Afternoon_Low,2020-01-11 22:45:00,0.004058,232.188,0.3553,49.987
Afternoon_Low,2020-01-11 22:48:00,0.004711,231.522,0.3378,49.991
Afternoon_Low,2020-01-11 22:51:00,0.002589,231.829,0.3105,49.996
Afternoon_Low,2020-01-11 22:54:00,0.003896,231.56,0.3345,49.999
Afternoon_Low,2020-01-11 22:57:00,0.004701,231.429,0.329,49.992
Afternoon_Low,2020-01-11 23:00:00,0.003746,231.106,0.3344,49.992
Afternoon_Low,2020-01-11 23:03:00,0.00358,230.386,0.3535,49.987
Afternoon_Low,2020-01-11 23:06:00,0.005042,230.412,0.2912,49.998
Afternoon_Low,2020-01-11 23:09:00,0.004142,232.364,0.3366,49.996
Afternoon_Low,2020-01-11 23:12:00,0.003053,230.597,0.3546,49.991
Afternoon_Low,2020-01-11 23:15:00,0.002567,232.764,0.2918,49.995
Afternoon_Low,2020-01-11 23:18:00,0.003311,231.346,0.2969,50.004
Afternoon_Low,2020-01-11 23:21:00,0.004334,230.879,0.3249,49.992
Afternoon_Low,2020-01-11 23:24:00,0.003457,232.34,0.3218,50.013
Afternoon_Low,2020-01-11 23:27:00,0.004828,232.074,0.3629,49.998
Afternoon_Low,2020-01-11 23:30:00,0.003403,230.745,0.2567,49.981
Afternoon_Low,2020-01-11 23:33:00,0.004966,231.961,0.3628,50.013
Afternoon_Low,2020-01-11 23:36:00,0.003318,230.293,0.3057,50.002
Afternoon_Low,2020-01-11 23:39:00,0.003293,229.206,0.3328,49.986
Afternoon_Low,2020-01-11 23:42:00,0.005397,231.312,0.3848,49.984
Afternoon_Low,2020-01-11 23:45:00,0.004548,230.941,0.3901,49.971
Afternoon_Low,2020-01-11 23:48:00,0.00383,232.333,0.3275,50.013
Afternoon_Low,2020-01-11 23:51:00,0.002743,230.767,0.2893,50.008
Afternoon_Low,2020-01-11 23:54:00,0.003123,232.0,0.3339,50.002
Afternoon_Low,2020-01-11 23:57:00,0.003858,230.953,0.267,50.007
Afternoon_Low,2020-01-12 00:00:00,0.004572,231.064,0.2961,49.961
Afternoon_Low,2020-01-12 00:03:00,0.003564,232.493,0.3897,49.977
Afternoon_Low,2020-01-12 00:06:00,0.003539,231.804,0.2551,49.974
Afternoon_Low,2020-01-12 00:09:00,0.00317,231.176,0.2783,50.001
Afternoon_Low,2020-01-12 00:12:00,0.004805,230.258,0.3591,49.994
Afternoon_Low,2020-01-12 00:15:00,0.003922,231.387,0.3543,50.004
Afternoon_Low,2020-01-12 00:18:00,0.003912,230.87,0.2825,50.014
Afternoon_Low,2020-01-12 00:21:00,0.003725,231.617,0.3637,49.972
Afternoon_Low,2020-01-12 00:24:00,0.004321,231.441,0.2968,49.982
Afternoon_Low,2020-01-12 00:27:00,0.005809,230.553,0.3751,49.992
Afternoon_Low,2020-01-12 00:30:00,0.004071,231.465,0.356,50.011
Afternoon_Low,2020-01-12 00:33:00,0.003963,229.957,0.2717,49.988
Afternoon_Low,2020-01-12 00:36:00,0.002952,230.478,0.3154,50.004
Afternoon_Low,2020-01-12 00:39:00,0.005931,231.237,0.3054,49.98
Afternoon_Low,2020-01-12 00:42:00,0.003111,230.64,0.3368,50.011
Afternoon_Low,2020-01-12 00:45:00,0.00487,231.272,0.3445,49.998
Afternoon_Low,2020-01-12 00:48:00,0.002049,231.892,0.3438,50.007
Afternoon_Low,2020-01-12 00:51:00,0.004448,230.198,0.3382,49.995
Afternoon_Low,2020-01-12 00:54:00,0.003503,232.59,0.3709,49.995
Afternoon_Low,2020-01-12 00:57:00,0.004158,230.333,0.3466,50.005
Afternoon_Low,2020-01-12 01:00:00,0.003368,231.546,0.3414,50.012
Afternoon_Low,2020-01-12 01:03:00,0.003615,232.536,0.283,50.007
Afternoon_Low,2020-01-12 01:06:00,0.004664,230.448,0.3789,50.01
Afternoon_Low,2020-01-12 01:09:00,0.004509,230.646,0.3737,49.999
Afternoon_Low,2020-01-12 01:12:00,0.003119,231.358,0.359,50.006
Afternoon_Low,2020-01-12 01:15:00,0.003998,232.513,0.3224,50.008
Afternoon_Low,2020-01-12 01:18:00,0.003901,230.486,0.3155,49.994
Afternoon_Low,2020-01-12 01:21:00,0.003551,233.211,0.27,50.008
Afternoon_Low,2020-01-12 01:24:00,0.004315,230.964,0.3444,50.004
Afternoon_Low,2020-01-12 01:27:00,0.004076,231.267,0.3453,50.005
Afternoon_Low,2020-01-12 01:30:00,0.00473,230.075,0.2941,50.001
Afternoon_Low,2020-01-12 01:33:00,0.003951,231.714,0.338,50.001
Afternoon_Low,2020-01-12 01:36:00,0.004624,231.245,0.3481,49.99
Afternoon_Low,2020-01-12 01:39:00,0.00519,230.854,0.3041,50.01
Afternoon_Low,2020-01-12 01:42:00,0.003542,230.746,0.3264,49.983
Afternoon_Low,2020-01-12 01:45:00,0.004299,231.294,0.3317,49.978
Afternoon_Low,2020-01-12 01:48:00,0.003101,230.997,0.2827,49.996
Afternoon_Low,2020-01-12 01:51:00,0.003654,231.625,0.2862,50.003
Afternoon_Low,2020-01-12 01:54:00,0.004082,231.682,0.3061,50.015
Afternoon_Low,2020-01-12 01:57:00,0.004917,231.659,0.3693,50.002
Afternoon_Low,2020-01-12 02:00:00,0.002733,230.948,0.2731,50.006
Afternoon_Low,2020-01-12 02:03:00,0.004492,229.768,0.3468,49.99
Afternoon_Low,2020-01-12 02:06:00,0.003923,230.224,0.316,50.002
Afternoon_Low,2020-01-12 02:09:00,0.002699,231.556,0.2757,50.015
Afternoon_Low,2020-01-12 02:12:00,0.00447,231.399,0.3599,50.01
Afternoon_Low,2020-01-12 02:15:00,0.005398,231.25,0.3715,49.992
Afternoon_Low,2020-01-12 02:18:00,0.004429,230.274,0.3344,49.995
Afternoon_Low,2020-01-12 02:21:00,0.002801,231.82,0.3134,49.987
Afternoon_Low,2020-01-12 02:24:00,0.00438,231.96,0.3358,49.995
Afternoon_Low,2020-01-12 02:27:00,0.004556,231.947,0.3585,49.993
Afternoon_Low,2020-01-12 02:30:00,0.003408,230.977,0.339,49.983
Afternoon_Low,2020-01-12 02:33:00,0.00265,231.665,0.3245,50.02
Afternoon_Low,2020-01-12 02:36:00,0.003683,230.352,0.3288,49.986
Afternoon_Low,2020-01-12 02:39:00,0.00226,232.679,0.2721,50.012
Afternoon_Low,2020-01-12 02:42:00,0.004603,232.024,0.2913,49.984
Afternoon_Low,2020-01-12 02:45:00,0.002824,231.525,0.2874,50.012
Afternoon_Low,2020-01-12 02:48:00,0.004921,231.169,0.3734,49.995
Afternoon_Low,2020-01-12 02:51:00,0.003027,233.261,0.3175,49.991
Afternoon_Low,2020-01-12 02:54:00,0.006057,230.79,0.385,50.007
Afternoon_Low,2020-01-12 02:57:00,0.004898,231.578,0.3877,49.99
Afternoon_Low,2020-01-12 03:00:00,0.00485,230.79,0.3746,49.986
Afternoon_Low,2020-01-12 03:03:00,0.003752,229.688,0.2582,49.986
Afternoon_Low,2020-01-12 03:06:00,0.005033,231.555,0.3367,50.012
Afternoon_Low,2020-01-12 03:09:00,0.005767,229.866,0.3102,49.998
Afternoon_Low,2020-01-12 03:12:00,0.003748,230.716,0.2798,49.987
Afternoon_Low,2020-01-12 03:15:00,0.003808,231.121,0.3155,50.009
Afternoon_Low,2020-01-12 03:18:00,0.004059,230.173,0.2502,49.99
Afternoon_Low,2020-01-12 03:21:00,0.004496,231.078,0.3602,49.998
Afternoon_Low,2020-01-12 03:24:00,0.004758,229.883,0.4029,49.982
Afternoon_Low,2020-01-12 03:27:00,0.005015,230.582,0.3123,49.983
Afternoon_Low,2020-01-12 03:30:00,0.004099,230.351,0.2949,49.984
Afternoon_Low,2020-01-12 03:33:00,0.005533,232.75,0.3748,49.983
Afternoon_Low,2020-01-12 03:36:00,0.004538,229.639,0.3357,49.986
Afternoon_Low,2020-01-12 03:39:00,0.004302,231.282,0.3228,50.022
Afternoon_Low,2020-01-12 03:42:00,0.006142,232.181,0.3932,49.998
Afternoon_Low,2020-01-12 03:45:00,0.003443,230.672,0.3202,49.991
Afternoon_Low,2020-01-12 03:48:00,0.003672,230.845,0.3991,50.001
Afternoon_Low,2020-01-12 03:51:00,0.006379,230.509,0.3566,49.971
Afternoon_Low,2020-01-12 03:54:00,0.003819,231.352,0.2887,49.98
Afternoon_Low,2020-01-12 03:57:00,0.003563,232.192,0.302,49.979
Afternoon_Low,2020-01-12 04:00:00,0.003417,230.646,0.3038,49.988
Afternoon_Low,2020-01-12 04:03:00,0.004642,230.57,0.3171,49.999
Afternoon_Low,2020-01-12 04:06:00,0.004601,231.941,0.3167,50.012
Afternoon_Low,2020-01-12 04:09:00,0.002743,231.475,0.2823,49.995
Afternoon_Low,2020-01-12 04:12:00,0.005075,230.281,0.3594,49.979
Afternoon_Low,2020-01-12 04:15:00,0.005501,230.089,0.3298,50.011
Afternoon_Low,2020-01-12 04:18:00,0.004724,230.584,0.278,50.013
Afternoon_Low,2020-01-12 04:21:00,0.005925,230.898,0.3172,49.984
Afternoon_Low,2020-01-12 04:24:00,0.003836,230.409,0.3472,49.978
Afternoon_Low,2020-01-12 04:27:00,0.005061,230.009,0.4267,49.991
Afternoon_Low,2020-01-12 04:30:00,0.004063,231.298,0.2988,50.004
Afternoon_Low,2020-01-12 04:33:00,0.003496,231.11,0.3252,49.986
Afternoon_Low,2020-01-12 04:36:00,0.00484,230.775,0.2934,50.013
Afternoon_Low,2020-01-12 04:39:00,0.004253,230.537,0.348,49.99
Afternoon_Low,2020-01-12 04:42:00,0.004577,230.85,0.3109,49.99
Afternoon_Low,2020-01-12 04:45:00,0.005919,231.197,0.3129,50.012
Afternoon_Low,2020-01-12 04:48:00,0.005879,231.397,0.4093,49.973
Afternoon_Low,2020-01-12 04:51:00,0.002689,231.429,0.2734,49.998
Afternoon_Low,2020-01-12 04:54:00,0.005794,231.904,0.3081,49.986
Afternoon_Low,2020-01-12 04:57:00,0.005839,229.536,0.3208,49.983
Afternoon_Low,2020-01-12 05:00:00,0.005219,230.592,0.3609,49.967
Afternoon_Low,2020-01-12 05:03:00,0.00508,230.945,0.3693,49.994
Afternoon_Low,2020-01-12 05:06:00,0.004785,229.043,0.3412,50.002
Afternoon_Low,2020-01-12 05:09:00,0.003325,230.774,0.326,50.018
Afternoon_Low,2020-01-12 05:12:00,0.007305,229.755,0.4255,49.989
Afternoon_Low,2020-01-12 05:15:00,0.004823,232.207,0.3948,49.988
Afternoon_Low,2020-01-12 05:18:00,0.004373,231.006,0.3467,49.993
Afternoon_Low,2020-01-12 05:21:00,0.005316,229.847,0.4201,50.018
Afternoon_Low,2020-01-12 05:24:00,0.005366,232.133,0.344,50.004
Afternoon_Low,2020-01-12 05:27:00,0.002705,230.833,0.3038,49.998
Afternoon_Low,2020-01-12 05:30:00,0.003464,231.341,0.305,49.996
Afternoon_Low,2020-01-12 05:33:00,0.005946,231.528,0.3254,49.979
Afternoon_Low,2020-01-12 05:36:00,0.005758,231.26,0.28,50.005
Afternoon_Low,2020-01-12 05:39:00,0.005118,230.528,0.3619,49.986
Afternoon_Low,2020-01-12 05:42:00,0.005335,230.956,0.3671,50.006
Afternoon_Low,2020-01-12 05:45:00,0.00558,231.409,0.3514,49.988
Afternoon_Low,2020-01-12 05:48:00,0.003864,231.561,0.337,49.991
Afternoon_Low,2020-01-12 05:51:00,0.004992,230.793,0.3025,49.99
Afternoon_Low,2020-01-12 05:54:00,0.00598,231.886,0.2884,49.988
Afternoon_Low,2020-01-12 05:57:00,0.006802,231.058,0.3427,50.01
Afternoon_Low,2020-01-12 06:00:00,0.00424,230.327,0.3252,50.007
Afternoon_Low,2020-01-12 06:03:00,0.005616,231.378,0.3714,50.025
Afternoon_Low,2020-01-12 06:06:00,0.005317,230.4,0.3787,50.001
Afternoon_Low,2020-01-12 06:09:00,0.005306,230.648,0.3788,49.994
Afternoon_Low,2020-01-12 06:12:00,0.006019,231.492,0.3102,50.01
Afternoon_Low,2020-01-12 06:15:00,0.004869,231.619,0.3759,49.975
Afternoon_Low,2020-01-12 06:18:00,0.006663,230.254,0.3769,49.987
Afternoon_Low,2020-01-12 06:21:00,0.005704,230.649,0.3416,50.011
Afternoon_Low,2020-01-12 06:24:00,0.005362,230.69,0.3732,50.005
Afternoon_Low,2020-01-12 06:27:00,0.008057,230.504,0.4007,49.973
Afternoon_Low,2020-01-12 06:30:00,0.007409,229.96,0.3833,50.0
Afternoon_Low,2020-01-12 06:33:00,0.005513,230.736,0.3564,50.008
Afternoon_Low,2020-01-12 06:36:00,0.006875,231.128,0.3065,49.99
Afternoon_Low,2020-01-12 06:39:00,0.004946,231.738,0.3958,49.99
Afternoon_Low,2020-01-12 06:42:00,0.003857,232.115,0.3162,49.986
Afternoon_Low,2020-01-12 06:45:00,0.003014,231.484,0.3387,49.991
Afternoon_Low,2020-01-12 06:48:00,0.00522,231.603,0.4145,50.009
Afternoon_Low,2020-01-12 06:51:00,0.006907,230.537,0.3298,50.001
Afternoon_Low,2020-01-12 06:54:00,0.006994,230.034,0.4097,50.001
Afternoon_Low,2020-01-12 06:57:00,0.004528,230.965,0.3394,49.978
Afternoon_Low,2020-01-12 07:00:00,0.004958,231.778,0.3073,49.975
Afternoon_Low,2020-01-12 07:03:00,0.003558,231.197,0.2521,50.004
Afternoon_Low,2020-01-12 07:06:00,0.006641,230.922,0.3753,49.998
Afternoon_Low,2020-01-12 07:09:00,0.004437,229.638,0.3564,50.015
Afternoon_Low,2020-01-12 07:12:00,0.003993,229.313,0.3217,50.009
Afternoon_Low,2020-01-12 07:15:00,0.004221,230.761,0.3506,50.014
Afternoon_Low,2020-01-12 07:18:00,0.00742,231.826,0.3473,49.988
Afternoon_Low,2020-01-12 07:21:00,0.005935,232.034,0.3245,50.002
Afternoon_Low,2020-01-12 07:24:00,0.005644,230.116,0.3481,49.989
Afternoon_Low,2020-01-12 07:27:00,0.008693,231.008,0.4121,50.004
Afternoon_Low,2020-01-12 07:30:00,0.007388,230.264,0.3478,50.009
Afternoon_Low,2020-01-12 07:33:00,0.00576,230.648,0.3238,50.004
Afternoon_Low,2020-01-12 07:36:00,0.008432,230.961,0.3889,49.983
Afternoon_Low,2020-01-12 07:39:00,0.003328,230.495,0.2917,49.984
Afternoon_Low,2020-01-12 07:42:00,0.007661,229.868,0.3719,50.012
Afternoon_Low,2020-01-12 07:45:00,0.008148,230.347,0.38,49.97
Afternoon_Low,2020-01-12 07:48:00,0.005751,231.52,0.3674,50.022
Afternoon_Low,2020-01-12 07:51:00,0.003774,231.285,0.326,50.006
Afternoon_Low,2020-01-12 07:54:00,0.005098,231.22,0.3936,50.009
Afternoon_Low,2020-01-12 07:57:00,0.007519,230.938,0.4134,50.009
Afternoon_Low,2020-01-12 08:00:00,0.005602,231.731,0.3053,50.005
Afternoon_Low,2020-01-12 08:03:00,0.008294,230.818,0.4907,49.993
Afternoon_Low,2020-01-12 08:06:00,0.006703,229.795,0.3972,49.987
Afternoon_Low,2020-01-12 08:09:00,0.00583,230.946,0.3776,49.977
Afternoon_Low,2020-01-12 08:12:00,0.004594,232.225,0.4059,49.991
Afternoon_Low,2020-01-12 08:15:00,0.00601,230.768,0.2852,49.968
Afternoon_Low,2020-01-12 08:18:00,0.007284,230.122,0.3317,49.975
Afternoon_Low,2020-01-12 08:21:00,0.006678,231.195,0.3733,49.986
Afternoon_Low,2020-01-12 08:24:00,0.005829,230.891,0.3785,49.98
Afternoon_Low,2020-01-12 08:27:00,0.005336,231.504,0.3258,49.971
Afternoon_Low,2020-01-12 08:30:00,0.005313,231.577,0.2898,49.988
Afternoon_Low,2020-01-12 08:33:00,0.007707,229.938,0.4778,49.999
Afternoon_Low,2020-01-12 08:36:00,0.007556,230.917,0.3715,49.993
Afternoon_Low,2020-01-12 08:39:00,0.008016,230.58,0.3966,49.984
Afternoon_Low,2020-01-12 08:42:00,0.008686,229.258,0.4558,49.989
Afternoon_Low,2020-01-12 08:45:00,0.008669,231.372,0.4442,49.999
Afternoon_Low,2020-01-12 08:48:00,0.00658,229.88,0.3417,49.981
Afternoon_Low,2020-01-12 08:51:00,0.009445,231.528,0.434,50.013
Afternoon_Low,2020-01-12 08:54:00,0.006852,229.958,0.4324,49.992
Afternoon_Low,2020-01-12 08:57:00,0.007209,229.834,0.4041,50.001
Afternoon_Low,2020-01-12 09:00:00,0.005925,228.078,0.3547,49.994
Afternoon_Low,2020-01-12 09:03:00,0.005408,230.9,0.3786,49.992
Afternoon_Low,2020-01-12 09:06:00,0.005561,232.134,0.3783,49.988
Afternoon_Low,2020-01-12 09:09:00,0.008847,230.483,0.3801,49.996
Afternoon_Low,2020-01-12 09:12:00,0.007276,231.548,0.4141,49.983
Afternoon_Low,2020-01-12 09:15:00,0.007926,230.592,0.4211,49.997
Afternoon_Low,2020-01-12 09:18:00,0.007524,230.423,0.3856,49.989
Afternoon_Low,2020-01-12 09:21:00,0.007416,231.187,0.4272,49.978
Afternoon_Low,2020-01-12 09:24:00,0.009357,230.111,0.4973,49.998
Afternoon_Low,2020-01-12 09:27:00,0.006891,230.126,0.3616,50.011
Afternoon_Low,2020-01-12 09:30:00,0.008273,228.97,0.4058,49.996
Afternoon_Low,2020-01-12 09:33:00,0.005748,230.885,0.4181,49.992
Afternoon_Low,2020-01-12 09:36:00,0.009488,229.896,0.4088,49.994
Afternoon_Low,2020-01-12 09:39:00,0.009293,230.025,0.3877,49.989
Afternoon_Low,2020-01-12 09:42:00,0.00753,230.363,0.2879,49.999
Afternoon_Low,2020-01-12 09:45:00,0.008964,230.719,0.4466,49.995
Afternoon_Low,2020-01-12 09:48:00,0.007098,229.56,0.4227,49.99
Afternoon_Low,2020-01-12 09:51:00,0.008977,230.303,0.4319,49.991
Afternoon_Low,2020-01-12 09:54:00,0.007539,231.263,0.3883,49.971
Afternoon_Low,2020-01-12 09:57:00,0.006318,230.476,0.381,50.017
Afternoon_Low,2020-01-12 10:00:00,0.008252,231.528,0.3901,49.98
Afternoon_Low,2020-01-12 10:03:00,0.008708,230.781,0.4201,49.982
Afternoon_Low,2020-01-12 10:06:00,0.007478,230.996,0.434,49.997
Afternoon_Low,2020-01-12 10:09:00,0.007798,228.925,0.3642,50.007
Afternoon_Low,2020-01-12 10:12:00,0.01094,230.012,0.466,49.991
Afternoon_Low,2020-01-12 10:15:00,0.010889,228.832,0.4752,49.997
Afternoon_Low,2020-01-12 10:18:00,0.007363,229.977,0.3532,49.989
Afternoon_Low,2020-01-12 10:21:00,0.007847,230.173,0.3669,49.994
Afternoon_Low,2020-01-12 10:24:00,0.006324,230.078,0.3434,49.966
Afternoon_Low,2020-01-12 10:27:00,0.008521,230.957,0.4317,49.964
Afternoon_Low,2020-01-12 10:30:00,0.009918,229.343,0.3764,49.997
Afternoon_Low,2020-01-12 10:33:00,0.008285,231.184,0.3502,49.999
Afternoon_Low,2020-01-12 10:36:00,0.010706,230.248,0.3915,49.984
Afternoon_Low,2020-01-12 10:39:00,0.01308,229.572,0.5486,49.984
Afternoon_Low,2020-01-12 10:42:00,0.011962,228.965,0.4704,49.979
Afternoon_Low,2020-01-12 10:45:00,0.010895,230.201,0.4256,50.001
Afternoon_Low,2020-01-12 10:48:00,0.007093,230.263,0.3934,49.973
Afternoon_Low,2020-01-12 10:51:00,0.01049,228.96,0.4333,49.988
Afternoon_Low,2020-01-12 10:54:00,0.008712,229.861,0.343,49.973
Afternoon_Low,2020-01-12 10:57:00,0.009421,231.179,0.3422,49.983
Afternoon_Low,2020-01-12 11:00:00,0.011476,231.155,0.4406,49.986
Afternoon_Low,2020-01-12 11:03:00,0.010277,230.179,0.4636,49.958
Afternoon_Low,2020-01-12 11:06:00,0.007987,229.379,0.4071,49.981
Afternoon_Low,2020-01-12 11:09:00,0.013261,228.389,0.4801,49.985
Afternoon_Low,2020-01-12 11:12:00,0.012076,229.781,0.4691,49.979
Afternoon_Low,2020-01-12 11:15:00,0.01317,228.775,0.4479,49.983
Afternoon_Low,2020-01-12 11:18:00,0.010781,229.264,0.4531,49.969
Afternoon_Low,2020-01-12 11:21:00,0.013711,229.021,0.5293,49.966
Afternoon_Low,2020-01-12 11:24:00,0.010297,230.46,0.4056,49.985
Afternoon_Low,2020-01-12 11:27:00,0.013196,229.314,0.5001,49.991
Afternoon_Low,2020-01-12 11:30:00,0.016262,228.71,0.5151,49.97
Afternoon_Low,2020-01-12 11:33:00,0.008422,228.379,0.4351,49.994
Afternoon_Low,2020-01-12 11:36:00,0.015885,230.816,0.5351,49.991
Afternoon_Low,2020-01-12 11:39:00,0.012651,230.396,0.5323,49.979
Afternoon_Low,2020-01-12 11:42:00,0.017794,228.492,0.5143,49.978
Afternoon_Low,2020-01-12 11:45:00,0.013744,228.833,0.5379,49.998
Afternoon_Low,2020-01-12 11:48:00,0.016654,229.141,0.5496,50.001
Afternoon_Low,2020-01-12 11:51:00,0.013522,228.939,0.5224,49.986
Afternoon_Low,2020-01-12 11:54:00,0.010611,230.013,0.4701,50.019
Afternoon_Low,2020-01-12 11:57:00,0.013255,230.301,0.4544,49.986
Afternoon_Low,2020-01-12 12:00:00,0.017205,229.138,0.5398,49.974
Afternoon_Low,2020-01-12 12:03:00,0.012763,229.576,0.4556,49.968
Afternoon_Low,2020-01-12 12:06:00,0.012288,230.738,0.4985,49.98
Afternoon_Low,2020-01-12 12:09:00,0.017844,227.435,0.5698,50.003
Afternoon_Low,2020-01-12 12:12:00,0.020223,227.494,0.6505,49.972
Afternoon_Low,2020-01-12 12:15:00,0.014028,228.619,0.4948,50.0
Afternoon_Low,2020-01-12 12:18:00,0.015858,228.318,0.5054,49.991
Afternoon_Low,2020-01-12 12:21:00,0.010115,230.158,0.4025,49.985
Afternoon_Low,2020-01-12 12:24:00,0.012012,230.386,0.4886,50.004
Afternoon_Low,2020-01-12 12:27:00,0.012706,229.169,0.5032,49.989
Afternoon_Low,2020-01-12 12:30:00,0.018537,228.193,0.6129,49.996
Afternoon_Low,2020-01-12 12:33:00,0.015107,229.51,0.5371,49.987
Afternoon_Low,2020-01-12 12:36:00,0.016569,228.39,0.5559,49.984
Afternoon_Low,2020-01-12 12:39:00,0.014203,229.741,0.4696,49.978
Afternoon_Low,2020-01-12 12:42:00,0.011997,229.234,0.4763,49.999
Afternoon_Low,2020-01-12 12:45:00,0.014785,229.31,0.5592,49.99
Afternoon_Low,2020-01-12 12:48:00,0.01784,228.198,0.5618,49.972
Afternoon_Low,2020-01-12 12:51:00,0.013437,228.625,0.4399,49.98
Afternoon_Low,2020-01-12 12:54:00,0.020449,228.704,0.6264,49.985
Afternoon_Low,2020-01-12 12:57:00,0.021672,227.125,0.6721,50.0
Afternoon_Low,2020-01-12 13:00:00,0.017261,228.785,0.5196,49.985
Afternoon_Low,2020-01-12 13:03:00,0.022885,227.65,0.655,49.967
Afternoon_Low,2020-01-12 13:06:00,0.022495,226.691,0.6515,49.983
Afternoon_Low,2020-01-12 13:09:00,0.020727,228.162,0.601,49.992
Afternoon_Low,2020-01-12 13:12:00,0.022801,227.868,0.6039,49.983
Afternoon_Low,2020-01-12 13:15:00,0.016809,228.526,0.5756,49.955
Afternoon_Low,2020-01-12 13:18:00,0.022809,226.598,0.6541,49.97
Afternoon_Low,2020-01-12 13:21:00,0.018183,229.19,0.5878,49.981
Afternoon_Low,2020-01-12 13:24:00,0.019402,228.564,0.6219,50.003
Afternoon_Low,2020-01-12 13:27:00,0.024928,226.688,0.7126,50.0
Afternoon_Low,2020-01-12 13:30:00,0.013834,228.916,0.5575,49.969
Afternoon_Low,2020-01-12 13:33:00,0.018063,228.092,0.542,49.987
Afternoon_Low,2020-01-12 13:36:00,0.023756,227.631,0.608,49.986
Afternoon_Low,2020-01-12 13:39:00,0.022504,226.546,0.6977,49.988
Afternoon_Low,2020-01-12 13:42:00,0.019271,228.264,0.5181,49.965
Afternoon_Low,2020-01-12 13:45:00,0.022869,226.423,0.7108,49.972
Afternoon_Low,2020-01-12 13:48:00,0.016461,228.48,0.551,49.989
Afternoon_Low,2020-01-12 13:51:00,0.019846,227.972,0.6445,49.991
Afternoon_Low,2020-01-12 13:54:00,0.016609,227.88,0.5854,49.976
Afternoon_Low,2020-01-12 13:57:00,0.021014,228.424,0.6733,49.971
Afternoon_Low,2020-01-12 14:00:00,0.013891,229.177,0.5396,49.986
Afternoon_Low,2020-01-12 14:03:00,0.023077,227.26,0.6787,49.953
Afternoon_Low,2020-01-12 14:06:00,0.015291,227.336,0.5469,49.982
Afternoon_Low,2020-01-12 14:09:00,0.021087,227.866,0.6617,49.985
Afternoon_Low,2020-01-12 14:12:00,0.023589,228.194,0.6502,49.994
Afternoon_Low,2020-01-12 14:15:00,0.01296,229.808,0.4374,49.998
Afternoon_Low,2020-01-12 14:18:00,0.014499,229.558,0.5515,49.995
Afternoon_Low,2020-01-12 14:21:00,0.022473,228.458,0.6135,49.983
Afternoon_Low,2020-01-12 14:24:00,0.0239,227.354,0.6988,49.956
Afternoon_Low,2020-01-12 14:27:00,0.021174,227.986,0.6337,49.982
Afternoon_Low,2020-01-12 14:30:00,0.023053,226.224,0.7269,49.973
Afternoon_Low,2020-01-12 14:33:00,0.015464,227.502,0.5726,49.987
Afternoon_Low,2020-01-12 14:36:00,0.01688,229.04,0.5422,49.979
Afternoon_Low,2020-01-12 14:39:00,0.022531,228.115,0.6899,49.987
Afternoon_Low,2020-01-12 14:42:00,0.010421,228.524,0.458,49.982
Afternoon_Low,2020-01-12 14:45:00,0.015956,228.593,0.557,50.0
Afternoon_Low,2020-01-12 14:48:00,0.021433,227.787,0.6341,49.997
Afternoon_Low,2020-01-12 14:51:00,0.016926,228.595,0.5508,49.984
Afternoon_Low,2020-01-12 14:54:00,0.02346,228.584,0.6927,49.983
Afternoon_Low,2020-01-12 14:57:00,0.014983,228.341,0.5565,49.989
Afternoon_Low,2020-01-12 15:00:00,0.016973,227.181,0.5199,49.966
Afternoon_Low,2020-01-12 15:03:00,0.015583,231.369,0.4806,50.0
Afternoon_Low,2020-01-12 15:06:00,0.016423,229.276,0.5151,49.976
Afternoon_Low,2020-01-12 15:09:00,0.023816,229.012,0.6918,49.994
Afternoon_Low,2020-01-12 15:12:00,0.025464,227.124,0.6304,49.958
Afternoon_Low,2020-01-12 15:15:00,0.012836,228.754,0.4343,49.981
Afternoon_Low,2020-01-12 15:18:00,0.013208,228.903,0.4493,49.968
Afternoon_Low,2020-01-12 15:21:00,0.01396,227.603,0.4552,50.015
Afternoon_Low,2020-01-12 15:24:00,0.01382,229.904,0.5223,49.978
Afternoon_Low,2020-01-12 15:27:00,0.021347,226.899,0.5938,49.98
Afternoon_Low,2020-01-12 15:30:00,0.018605,227.251,0.566,49.997
Afternoon_Low,2020-01-12 15:33:00,0.013618,228.411,0.4335,49.991
Afternoon_Low,2020-01-12 15:36:00,0.017129,229.819,0.5266,49.96
Afternoon_Low,2020-01-12 15:39:00,0.013785,229.78,0.4753,49.985
Afternoon_Low,2020-01-12 15:42:00,0.016878,228.916,0.5443,49.983
Afternoon_Low,2020-01-12 15:45:00,0.013608,228.15,0.5415,49.999
Afternoon_Low,2020-01-12 15:48:00,0.010263,230.655,0.3972,49.999
Afternoon_Low,2020-01-12 15:51:00,0.014827,230.249,0.5208,49.964
Afternoon_Low,2020-01-12 15:54:00,0.013075,229.204,0.4875,49.994
Afternoon_Low,2020-01-12 15:57:00,0.021022,228.544,0.6815,49.969
Afternoon_Low,2020-01-12 16:00:00,0.016739,228.34,0.4926,50.0
Afternoon_Low,2020-01-12 16:03:00,0.017385,227.814,0.5043,49.969
Afternoon_Low,2020-01-12 16:06:00,0.012185,230.319,0.4868,49.97
Afternoon_Low,2020-01-12 16:09:00,0.014553,229.631,0.4437,49.977
Afternoon_Low,2020-01-12 16:12:00,0.01228,228.913,0.4409,49.958
Afternoon_Low,2020-01-12 16:15:00,0.011134,230.237,0.4047,49.994
Afternoon_Low,2020-01-12 16:18:00,0.007788,229.836,0.3825,49.995
Afternoon_Low,2020-01-12 16:21:00,0.008114,230.763,0.315,50.014
Afternoon_Low,2020-01-12 16:24:00,0.011561,229.811,0.4531,49.989
Afternoon_Low,2020-01-12 16:27:00,0.011723,229.302,0.3816,49.973
Afternoon_Low,2020-01-12 16:30:00,0.012624,229.241,0.4226,50.005
Afternoon_Low,2020-01-12 16:33:00,0.016812,228.626,0.54,49.989
Afternoon_Low,2020-01-12 16:36:00,0.013402,229.829,0.5338,49.996
Afternoon_Low,2020-01-12 16:39:00,0.009968,228.765,0.4377,50.003
Afternoon_Low,2020-01-12 16:42:00,0.00938,229.847,0.4443,49.977
Afternoon_Low,2020-01-12 16:45:00,0.008846,228.923,0.3936,49.991
Afternoon_Low,2020-01-12 16:48:00,0.009986,228.697,0.4695,50.009
Afternoon_Low,2020-01-12 16:51:00,0.014098,228.622,0.5491,49.979
Afternoon_Low,2020-01-12 16:54:00,0.013276,229.25,0.4552,49.999
Afternoon_Low,2020-01-12 16:57:00,0.010983,229.307,0.46,49.975
Afternoon_Low,2020-01-12 17:00:00,0.011198,228.735,0.421,49.983
Afternoon_Low,2020-01-12 17:03:00,0.01003,229.575,0.4329,49.995
Afternoon_Low,2020-01-12 17:06:00,0.013875,230.195,0.5583,50.001
Afternoon_Low,2020-01-12 17:09:00,0.009249,230.21,0.4216,50.007
Afternoon_Low,2020-01-12 17:12:00,0.008902,228.978,0.4088,50.002
Afternoon_Low,2020-01-12 17:15:00,0.011386,230.75,0.4248,50.0
Afternoon_Low,2020-01-12 17:18:00,0.00842,229.682,0.3212,50.001
Afternoon_Low,2020-01-12 17:21:00,0.004774,231.516,0.3215,50.016
Afternoon_Low,2020-01-12 17:24:00,0.010717,229.37,0.4303,49.966
Afternoon_Low,2020-01-12 17:27:00,0.008953,229.201,0.3954,49.996
Afternoon_Low,2020-01-12 17:30:00,0.012739,230.218,0.5128,49.989
Afternoon_Low,2020-01-12 17:33:00,0.009952,228.789,0.4302,49.989
Afternoon_Low,2020-01-12 17:36:00,0.008719,229.674,0.4586,50.002
Afternoon_Low,2020-01-12 17:39:00,0.00953,229.747,0.4125,49.972
Afternoon_Low,2020-01-12 17:42:00,0.00976,229.102,0.4093,49.991
Afternoon_Low,2020-01-12 17:45:00,0.010625,229.639,0.4221,49.985
Afternoon_Low,2020-01-12 17:48:00,0.00653,231.585,0.3678,49.977
Afternoon_Low,2020-01-12 17:51:00,0.005272,231.6,0.357,50.001
Afternoon_Low,2020-01-12 17:54:00,0.009442,230.329,0.4141,49.98
Afternoon_Low,2020-01-12 17:57:00,0.007158,230.7,0.3626,49.986
Afternoon_Low,2020-01-12 18:00:00,0.00534,229.388,0.368,49.99
Afternoon_Low,2020-01-12 18:03:00,0.00749,231.045,0.4464,49.977
Afternoon_Low,2020-01-12 18:06:00,0.008401,231.333,0.3894,49.967
Afternoon_Low,2020-01-12 18:09:00,0.005315,230.64,0.3248,49.973
Afternoon_Low,2020-01-12 18:12:00,0.006496,230.478,0.4023,49.992
Afternoon_Low,2020-01-12 18:15:00,0.007053,230.133,0.3861,49.978
Afternoon_Low,2020-01-12 18:18:00,0.006943,230.114,0.3706,49.977
Afternoon_Low,2020-01-12 18:21:00,0.005802,231.463,0.3289,49.986
Afternoon_Low,2020-01-12 18:24:00,0.007495,229.796,0.4363,49.984
Afternoon_Low,2020-01-12 18:27:00,0.007736,230.345,0.3436,49.989
Afternoon_Low,2020-01-12 18:30:00,0.007336,231.358,0.4165,50.015
Afternoon_Low,2020-01-12 18:33:00,0.005173,230.982,0.3551,49.974
Afternoon_Low,2020-01-12 18:36:00,0.005569,230.202,0.3621,49.986
Afternoon_Low,2020-01-12 18:39:00,0.003871,231.766,0.2993,49.977
Afternoon_Low,2020-01-12 18:42:00,0.007788,229.814,0.3731,49.989
Afternoon_Low,2020-01-12 18:45:00,0.006247,230.389,0.4278,50.005
Afternoon_Low,2020-01-12 18:48:00,0.005183,230.101,0.3013,50.004
Afternoon_Low,2020-01-12 18:51:00,0.007032,230.454,0.3616,49.988
Afternoon_Low,2020-01-12 18:54:00,0.003622,232.107,0.3184,49.998
Afternoon_Low,2020-01-12 18:57:00,0.004618,230.575,0.2769,50.002
Afternoon_Low,2020-01-12 19:00:00,0.007241,231.196,0.3942,50.001
Afternoon_Low,2020-01-12 19:03:00,0.004411,230.433,0.2713,50.003
Afternoon_Low,2020-01-12 19:06:00,0.004789,232.088,0.2934,50.002
Afternoon_Low,2020-01-12 19:09:00,0.005566,230.727,0.2975,49.983
Afternoon_Low,2020-01-12 19:12:00,0.005317,231.923,0.3864,50.008
Afternoon_Low,2020-01-12 19:15:00,0.006787,231.586,0.335,49.99
Afternoon_Low,2020-01-12 19:18:00,0.004544,230.487,0.3808,49.995
Afternoon_Low,2020-01-12 19:21:00,0.005747,231.053,0.3431,49.979
Afternoon_Low,2020-01-12 19:24:00,0.003798,231.949,0.3914,50.0
Afternoon_Low,2020-01-12 19:27:00,0.005064,230.621,0.2788,49.985
Afternoon_Low,2020-01-12 19:30:00,0.005831,231.15,0.3757,49.99
Afternoon_Low,2020-01-12 19:33:00,0.003266,232.064,0.3081,50.003
Afternoon_Low,2020-01-12 19:36:00,0.006928,230.687,0.4161,49.99
Afternoon_Low,2020-01-12 19:39:00,0.00309,231.853,0.3097,50.017
Afternoon_Low,2020-01-12 19:42:00,0.005813,230.317,0.3142,49.993
Afternoon_Low,2020-01-12 19:45:00,0.006473,231.203,0.319,49.996
Afternoon_Low,2020-01-12 19:48:00,0.004433,231.441,0.4149,49.991
Afternoon_Low,2020-01-12 19:51:00,0.005578,231.859,0.3608,49.982
Afternoon_Low,2020-01-12 19:54:00,0.0041,231.504,0.2918,49.999
Afternoon_Low,2020-01-12 19:57:00,0.00611,229.674,0.3206,49.958
Afternoon_Low,2020-01-12 20:00:00,0.004219,232.364,0.3322,49.997
Afternoon_Low,2020-01-12 20:03:00,0.004271,231.083,0.3338,50.015
Afternoon_Low,2020-01-12 20:06:00,0.005161,231.174,0.3589,50.002
Afternoon_Low,2020-01-12 20:09:00,0.004297,231.532,0.3114,49.995
Afternoon_Low,2020-01-12 20:12:00,0.00708,230.23,0.366,50.013
Afternoon_Low,2020-01-12 20:15:00,0.003995,231.508,0.2854,50.014
Afternoon_Low,2020-01-12 20:18:00,0.00273,230.912,0.2425,50.0
Afternoon_Low,2020-01-12 20:21:00,0.005363,231.06,0.3741,49.984
Afternoon_Low,2020-01-12 20:24:00,0.005129,231.038,0.3271,50.006
Afternoon_Low,2020-01-12 20:27:00,0.003886,230.506,0.3753,49.993
Afternoon_Low,2020-01-12 20:30:00,0.005023,231.219,0.361,49.997
Afternoon_Low,2020-01-12 20:33:00,0.004223,230.799,0.3315,49.963
Afternoon_Low,2020-01-12 20:36:00,0.003694,229.772,0.3577,49.985
Afternoon_Low,2020-01-12 20:39:00,0.004798,231.572,0.3806,49.977
Afternoon_Low,2020-01-12 20:42:00,0.005159,230.172,0.3955,49.996
Afternoon_Low,2020-01-12 20:45:00,0.006119,231.497,0.3409,49.976
Afternoon_Low,2020-01-12 20:48:00,0.005357,230.946,0.3861,50.012
Afternoon_Low,2020-01-12 20:51:00,0.004414,231.677,0.3178,49.992
Afternoon_Low,2020-01-12 20:54:00,0.004912,230.788,0.3388,49.996
Afternoon_Low,2020-01-12 20:57:00,0.004564,231.128,0.3546,49.989
Afternoon_Low,2020-01-12 21:00:00,0.005169,232.417,0.3846,50.007
Afternoon_Low,2020-01-12 21:03:00,0.005137,231.244,0.3798,49.979
Afternoon_Low,2020-01-12 21:06:00,0.004053,231.176,0.3188,49.979
Afternoon_Low,2020-01-12 21:09:00,0.003884,232.238,0.36,49.99
Afternoon_Low,2020-01-12 21:12:00,0.005572,232.663,0.363,49.996
Afternoon_Low,2020-01-12 21:15:00,0.005599,230.885,0.3397,50.022
Afternoon_Low,2020-01-12 21:18:00,0.004756,230.766,0.3391,50.008
Afternoon_Low,2020-01-12 21:21:00,0.004841,230.38,0.3558,50.001
Afternoon_Low,2020-01-12 21:24:00,0.004801,231.553,0.381,49.985
Afternoon_Low,2020-01-12 21:27:00,0.0039,232.19,0.3163,49.998
Afternoon_Low,2020-01-12 21:30:00,0.006112,230.667,0.3198,49.992
Afternoon_Low,2020-01-12 21:33:00,0.004571,231.492,0.2848,49.982
Afternoon_Low,2020-01-12 21:36:00,0.003102,230.812,0.3797,49.993
Afternoon_Low,2020-01-12 21:39:00,0.003987,231.071,0.3295,49.988
Afternoon_Low,2020-01-12 21:42:00,0.003918,229.898,0.324,49.982
Afternoon_Low,2020-01-12 21:45:00,0.004187,230.727,0.3567,50.015
Afternoon_Low,2020-01-12 21:48:00,0.003855,230.833,0.3575,50.005
Afternoon_Low,2020-01-12 21:51:00,0.00487,230.828,0.3161,50.012
Afternoon_Low,2020-01-12 21:54:00,0.005224,229.526,0.3632,49.981
Afternoon_Low,2020-01-12 21:57:00,0.005171,230.917,0.392,49.983
Afternoon_Low,2020-01-12 22:00:00,0.004489,230.557,0.3597,49.98
Afternoon_Low,2020-01-12 22:03:00,0.004615,231.753,0.3598,49.984
Afternoon_Low,2020-01-12 22:06:00,0.003229,231.146,0.2184,49.995
Afternoon_Low,2020-01-12 22:09:00,0.005664,230.087,0.363,49.994
Afternoon_Low,2020-01-12 22:12:00,0.003922,231.638,0.2856,49.995
Afternoon_Low,2020-01-12 22:15:00,0.005552,231.714,0.3829,50.02
Afternoon_Low,2020-01-12 22:18:00,0.005469,229.306,0.2971,50.002
Afternoon_Low,2020-01-12 22:21:00,0.004247,230.155,0.2846,49.996
Afternoon_Low,2020-01-12 22:24:00,0.003996,231.164,0.323,49.989
Afternoon_Low,2020-01-12 22:27:00,0.003872,230.469,0.3552,49.987
Afternoon_Low,2020-01-12 22:30:00,0.003655,231.37,0.3136,49.995
Afternoon_Low,2020-01-12 22:33:00,0.004184,231.589,0.3284,49.992
Afternoon_Low,2020-01-12 22:36:00,0.001896,230.119,0.3148,50.01
Afternoon_Low,2020-01-12 22:39:00,0.005456,231.319,0.3235,50.006
Afternoon_Low,2020-01-12 22:42:00,0.004174,230.113,0.3699,50.004
Afternoon_Low,2020-01-12 22:45:00,0.003107,231.491,0.2196,49.994
Afternoon_Low,2020-01-12 22:48:00,0.004982,231.162,0.3312,49.98
Afternoon_Low,2020-01-12 22:51:00,0.003722,230.976,0.3186,49.991
Afternoon_Low,2020-01-12 22:54:00,0.003312,231.947,0.3311,49.993
Afternoon_Low,2020-01-12 22:57:00,0.004127,232.633,0.3176,49.978
Afternoon_Low,2020-01-12 23:00:00,0.005869,231.717,0.3807,49.992
Afternoon_Low,2020-01-12 23:03:00,0.003712,230.089,0.2403,49.996
Afternoon_Low,2020-01-12 23:06:00,0.005248,231.039,0.3454,50.001
Afternoon_Low,2020-01-12 23:09:00,0.003371,230.843,0.3547,49.976
Afternoon_Low,2020-01-12 23:12:00,0.003147,232.009,0.2337,49.99
Afternoon_Low,2020-01-12 23:15:00,0.003699,231.413,0.3187,50.012
Afternoon_Low,2020-01-12 23:18:00,0.002733,230.469,0.2722,50.004
Afternoon_Low,2020-01-12 23:21:00,0.005206,230.194,0.367,50.005
Afternoon_Low,2020-01-12 23:24:00,0.00322,232.575,0.3457,49.976
Afternoon_Low,2020-01-12 23:27:00,0.005594,231.564,0.3593,49.983
Afternoon_Low,2020-01-12 23:30:00,0.003794,230.712,0.3625,49.998
Afternoon_Low,2020-01-12 23:33:00,0.004217,231.506,0.3296,49.989
Afternoon_Low,2020-01-12 23:36:00,0.004946,232.099,0.3861,49.991
Afternoon_Low,2020-01-12 23:39:00,0.0025,231.478,0.2805,49.994
Afternoon_Low,2020-01-12 23:42:00,0.004479,232.581,0.335,50.027
Afternoon_Low,2020-01-12 23:45:00,0.004433,230.908,0.3108,49.985
Afternoon_Low,2020-01-12 23:48:00,0.003158,230.773,0.3103,49.995
Afternoon_Low,2020-01-12 23:51:00,0.005092,231.622,0.3589,49.997
Afternoon_Low,2020-01-12 23:54:00,0.003667,231.547,0.3194,50.003
Afternoon_Low,2020-01-12 23:57:00,0.004214,230.889,0.3257,49.977
Afternoon_Low,2020-01-13 00:00:00,0.00521,230.528,0.3763,49.964
Afternoon_Low,2020-01-13 00:03:00,0.003578,232.621,0.205,49.995
Afternoon_Low,2020-01-13 00:06:00,0.003722,230.531,0.2711,50.01
Afternoon_Low,2020-01-13 00:09:00,0.002983,230.977,0.2516,49.98
Afternoon_Low,2020-01-13 00:12:00,0.005276,229.326,0.3577,49.981
Afternoon_Low,2020-01-13 00:15:00,0.004788,230.756,0.3315,49.982
Afternoon_Low,2020-01-13 00:18:00,0.005361,231.481,0.3198,50.002
Afternoon_Low,2020-01-13 00:21:00,0.004252,230.75,0.3846,49.993
Afternoon_Low,2020-01-13 00:24:00,0.00572,231.591,0.319,49.992
Afternoon_Low,2020-01-13 00:27:00,0.002879,232.507,0.2931,49.984
Afternoon_Low,2020-01-13 00:30:00,0.003884,231.808,0.3431,50.001
Afternoon_Low,2020-01-13 00:33:00,0.005996,231.064,0.4049,49.996
Afternoon_Low,2020-01-13 00:36:00,0.003593,230.884,0.4113,50.008
Afternoon_Low,2020-01-13 00:39:00,0.00542,230.002,0.3269,49.966
Afternoon_Low,2020-01-13 00:42:00,0.004503,232.335,0.3047,49.99
Afternoon_Low,2020-01-13 00:45:00,0.00347,231.682,0.3163,50.01
Afternoon_Low,2020-01-13 00:48:00,0.003401,230.839,0.343,49.971
Afternoon_Low,2020-01-13 00:51:00,0.004365,230.175,0.2671,49.998
Afternoon_Low,2020-01-13 00:54:00,0.006187,230.335,0.433,50.011
Afternoon_Low,2020-01-13 00:57:00,0.004462,231.241,0.3674,50.005
Afternoon_Low,2020-01-13 01:00:00,0.005102,230.809,0.401,49.995
Afternoon_Low,2020-01-13 01:03:00,0.005702,231.707,0.3735,49.988
Afternoon_Low,2020-01-13 01:06:00,0.005979,230.934,0.341,49.998
Afternoon_Low,2020-01-13 01:09:00,0.005486,231.972,0.3402,49.997
Afternoon_Low,2020-01-13 01:12:00,0.004249,230.481,0.3359,50.005
Afternoon_Low,2020-01-13 01:15:00,0.006067,231.492,0.3411,49.986
Afternoon_Low,2020-01-13 01:18:00,0.005368,231.351,0.32,50.013
Afternoon_Low,2020-01-13 01:21:00,0.007073,229.91,0.3334,49.99
Afternoon_Low,2020-01-13 01:24:00,0.003404,230.693,0.318,49.999
Afternoon_Low,2020-01-13 01:27:00,0.004068,231.364,0.2978,50.023
Afternoon_Low,2020-01-13 01:30:00,0.006075,232.139,0.3637,50.005
Afternoon_Low,2020-01-13 01:33:00,0.004059,232.008,0.2962,49.982
Afternoon_Low,2020-01-13 01:36:00,0.004508,231.122,0.3772,49.996
Afternoon_Low,2020-01-13 01:39:00,0.005987,231.234,0.3284,49.998
Afternoon_Low,2020-01-13 01:42:00,0.00396,230.773,0.3611,50.013
Afternoon_Low,2020-01-13 01:45:00,0.004477,231.232,0.3239,50.005
Afternoon_Low,2020-01-13 01:48:00,0.00432,232.119,0.3379,50.006
Afternoon_Low,2020-01-13 01:51:00,0.004394,230.306,0.3272,49.99
Afternoon_Low,2020-01-13 01:54:00,0.003706,232.454,0.3437,49.987
Afternoon_Low,2020-01-13 01:57:00,0.004611,230.791,0.3207,50.0
Afternoon_Low,2020-01-13 02:00:00,0.006098,230.7,0.3259,49.991
Afternoon_Low,2020-01-13 02:03:00,0.004846,231.324,0.3159,50.0
Afternoon_Low,2020-01-13 02:06:00,0.005479,232.187,0.3203,49.995
Afternoon_Low,2020-01-13 02:09:00,0.004319,230.897,0.3335,50.003
Afternoon_Low,2020-01-13 02:12:00,0.005431,231.523,0.3195,49.981
Afternoon_Low,2020-01-13 02:15:00,0.002828,231.494,0.3373,49.988
Afternoon_Low,2020-01-13 02:18:00,0.004932,231.935,0.3561,50.023
Afternoon_Low,2020-01-13 02:21:00,0.005053,230.176,0.3501,50.006
Afternoon_Low,2020-01-13 02:24:00,0.003223,230.182,0.2631,49.982
Afternoon_Low,2020-01-13 02:27:00,0.004285,230.155,0.3103,49.985
Afternoon_Low,2020-01-13 02:30:00,0.003908,231.006,0.2903,50.014
Afternoon_Low,2020-01-13 02:33:00,0.00586,232.872,0.405,50.0
Afternoon_Low,2020-01-13 02:36:00,0.005899,229.544,0.3321,49.988
Afternoon_Low,2020-01-13 02:39:00,0.004868,230.703,0.3769,49.994
Afternoon_Low,2020-01-13 02:42:00,0.005084,230.447,0.3505,49.993
Afternoon_Low,2020-01-13 02:45:00,0.004995,231.847,0.3515,49.991
Afternoon_Low,2020-01-13 02:48:00,0.004119,231.398,0.2468,50.008
Afternoon_Low,2020-01-13 02:51:00,0.005659,230.988,0.3934,49.998
Afternoon_Low,2020-01-13 02:54:00,0.004747,230.54,0.3592,49.983
Afternoon_Low,2020-01-13 02:57:00,0.005311,230.614,0.3456,49.993
Afternoon_Low,2020-01-13 03:00:00,0.005604,231.779,0.3268,50.006
Afternoon_Low,2020-01-13 03:03:00,0.003268,231.015,0.3119,49.98
Afternoon_Low,2020-01-13 03:06:00,0.004824,231.193,0.3442,49.998
Afternoon_Low,2020-01-13 03:09:00,0.005617,230.671,0.3727,50.0
Afternoon_Low,2020-01-13 03:12:00,0.004972,230.64,0.3769,49.972
Afternoon_Low,2020-01-13 03:15:00,0.006339,230.342,0.3839,49.986
Afternoon_Low,2020-01-13 03:18:00,0.005508,230.039,0.3798,49.988
Afternoon_Low,2020-01-13 03:21:00,0.00614,230.652,0.3741,49.982
Afternoon_Low,2020-01-13 03:24:00,0.004225,230.874,0.3202,49.999
Afternoon_Low,2020-01-13 03:27:00,0.005082,230.874,0.333,49.987
Afternoon_Low,2020-01-13 03:30:00,0.005982,230.354,0.3931,49.987
Afternoon_Low,2020-01-13 03:33:00,0.004292,230.575,0.3476,49.996
Afternoon_Low,2020-01-13 03:36:00,0.003928,230.891,0.2799,50.003
Afternoon_Low,2020-01-13 03:39:00,0.006126,230.591,0.3405,49.992
Afternoon_Low,2020-01-13 03:42:00,0.003661,231.703,0.3257,49.995
Afternoon_Low,2020-01-13 03:45:00,0.003279,230.62,0.2988,50.019
Afternoon_Low,2020-01-13 03:48:00,0.003425,232.171,0.2685,49.991
Afternoon_Low,2020-01-13 03:51:00,0.005835,231.777,0.3283,49.988
Afternoon_Low,2020-01-13 03:54:00,0.006309,230.874,0.2881,50.016
Afternoon_Low,2020-01-13 03:57:00,0.003302,232.865,0.2894,50.008
Afternoon_Low,2020-01-13 04:00:00,0.005924,230.996,0.4428,49.972
Afternoon_Low,2020-01-13 04:03:00,0.006604,230.702,0.4355,49.99
Afternoon_Low,2020-01-13 04:06:00,0.003872,230.712,0.3496,50.002
Afternoon_Low,2020-01-13 04:09:00,0.004059,231.186,0.365,49.984
Afternoon_Low,2020-01-13 04:12:00,0.004722,232.228,0.2839,50.002
Afternoon_Low,2020-01-13 04:15:00,0.005616,230.434,0.2853,49.999
Afternoon_Low,2020-01-13 04:18:00,0.003529,232.073,0.3625,49.98
Afternoon_Low,2020-01-13 04:21:00,0.00482,231.08,0.255,49.994
Afternoon_Low,2020-01-13 04:24:00,0.004592,230.206,0.3863,50.01
Afternoon_Low,2020-01-13 04:27:00,0.005681,231.621,0.3855,50.007
Afternoon_Low,2020-01-13 04:30:00,0.003473,231.79,0.2477,49.991
Afternoon_Low,2020-01-13 04:33:00,0.003975,230.288,0.3417,49.991
Afternoon_Low,2020-01-13 04:36:00,0.004335,230.334,0.3539,49.996
Afternoon_Low,2020-01-13 04:39:00,0.005121,231.655,0.381,50.021
Afternoon_Low,2020-01-13 04:42:00,0.005306,230.485,0.3657,50.011
Afternoon_Low,2020-01-13 04:45:00,0.004618,231.295,0.3058,50.004
Afternoon_Low,2020-01-13 04:48:00,0.005726,229.733,0.3448,49.988
Afternoon_Low,2020-01-13 04:51:00,0.006446,231.724,0.3173,49.991
Afternoon_Low,2020-01-13 04:54:00,0.004386,230.962,0.2986,49.987
Afternoon_Low,2020-01-13 04:57:00,0.005252,231.238,0.3387,49.99
Afternoon_Low,2020-01-13 05:00:00,0.00452,230.216,0.3153,50.001
Afternoon_Low,2020-01-13 05:03:00,0.004355,231.577,0.331,49.998
Afternoon_Low,2020-01-13 05:06:00,0.004359,229.762,0.3439,49.972
Afternoon_Low,2020-01-13 05:09:00,0.006526,231.007,0.3962,49.999
Afternoon_Low,2020-01-13 05:12:00,0.005282,229.737,0.2923,49.995
Afternoon_Low,2020-01-13 05:15:00,0.005502,229.291,0.3347,49.972
Afternoon_Low,2020-01-13 05:18:00,0.006149,232.179,0.2805,50.001
Afternoon_Low,2020-01-13 05:21:00,0.004319,231.107,0.322,50.009
Afternoon_Low,2020-01-13 05:24:00,0.005932,231.562,0.3464,49.971
Afternoon_Low,2020-01-13 05:27:00,0.004379,230.824,0.2976,50.004
Afternoon_Low,2020-01-13 05:30:00,0.00524,230.423,0.4083,50.001
Afternoon_Low,2020-01-13 05:33:00,0.006766,229.778,0.4043,49.984
Afternoon_Low,2020-01-13 05:36:00,0.005517,229.666,0.3461,50.013
Afternoon_Low,2020-01-13 05:39:00,0.004912,231.331,0.3443,49.999
Afternoon_Low,2020-01-13 05:42:00,0.005843,231.922,0.3262,49.999
Afternoon_Low,2020-01-13 05:45:00,0.005822,229.925,0.303,49.993
Afternoon_Low,2020-01-13 05:48:00,0.005361,231.756,0.4062,49.995
Afternoon_Low,2020-01-13 05:51:00,0.005132,230.5,0.3528,50.007
Afternoon_Low,2020-01-13 05:54:00,0.003409,230.505,0.3676,49.997
Afternoon_Low,2020-01-13 05:57:00,0.006052,230.273,0.3512,50.028
Afternoon_Low,2020-01-13 06:00:00,0.006468,229.317,0.3076,49.981
Afternoon_Low,2020-01-13 06:03:00,0.00592,230.817,0.3693,49.997
Afternoon_Low,2020-01-13 06:06:00,0.005448,230.579,0.2787,50.003
Afternoon_Low,2020-01-13 06:09:00,0.005288,231.634,0.3186,50.003
Afternoon_Low,2020-01-13 06:12:00,0.005832,231.044,0.3082,49.985
Afternoon_Low,2020-01-13 06:15:00,0.004564,231.253,0.3827,50.005
Afternoon_Low,2020-01-13 06:18:00,0.005065,230.964,0.3068,49.979
Afternoon_Low,2020-01-13 06:21:00,0.00547,231.413,0.3734,49.999
Afternoon_Low,2020-01-13 06:24:00,0.006131,230.918,0.4077,49.987
Afternoon_Low,2020-01-13 06:27:00,0.005169,230.737,0.3765,49.999
Afternoon_Low,2020-01-13 06:30:00,0.005066,231.393,0.3389,49.995
Afternoon_Low,2020-01-13 06:33:00,0.005933,230.639,0.3676,49.99
Afternoon_Low,2020-01-13 06:36:00,0.008123,230.491,0.4316,49.997
Afternoon_Low,2020-01-13 06:39:00,0.005485,231.515,0.3364,50.006
Afternoon_Low,2020-01-13 06:42:00,0.008613,230.679,0.3796,49.978
Afternoon_Low,2020-01-13 06:45:00,0.008173,230.123,0.3968,49.989
Afternoon_Low,2020-01-13 06:48:00,0.00667,232.002,0.3343,50.01
Afternoon_Low,2020-01-13 06:51:00,0.006046,230.777,0.3654,49.992
Afternoon_Low,2020-01-13 06:54:00,0.006456,230.182,0.3799,50.004
Afternoon_Low,2020-01-13 06:57:00,0.007659,228.708,0.3821,49.979
Afternoon_Low,2020-01-13 07:00:00,0.007849,229.978,0.3194,49.982
Afternoon_Low,2020-01-13 07:03:00,0.005258,230.816,0.3744,49.994
Afternoon_Low,2020-01-13 07:06:00,0.005328,230.819,0.3159,49.994
Afternoon_Low,2020-01-13 07:09:00,0.007609,230.586,0.3665,49.991
Afternoon_Low,2020-01-13 07:12:00,0.006429,229.81,0.3386,49.987
Afternoon_Low,2020-01-13 07:15:00,0.006886,230.188,0.3929,49.998
Afternoon_Low,2020-01-13 07:18:00,0.008377,230.728,0.4071,49.978
Afternoon_Low,2020-01-13 07:21:00,0.005726,229.892,0.409,49.979
Afternoon_Low,2020-01-13 07:24:00,0.00717,229.548,0.3892,50.001
Afternoon_Low,2020-01-13 07:27:00,0.006576,231.848,0.4,50.002
Afternoon_Low,2020-01-13 07:30:00,0.006904,230.362,0.3353,49.972
Afternoon_Low,2020-01-13 07:33:00,0.007544,230.869,0.3115,49.982
Afternoon_Low,2020-01-13 07:36:00,0.006641,231.265,0.3675,50.004
Afternoon_Low,2020-01-13 07:39:00,0.007624,230.527,0.3504,49.993
Afternoon_Low,2020-01-13 07:42:00,0.00635,230.209,0.2988,49.984
Afternoon_Low,2020-01-13 07:45:00,0.008491,230.655,0.404,49.979
Afternoon_Low,2020-01-13 07:48:00,0.007267,231.342,0.3681,49.979
Afternoon_Low,2020-01-13 07:51:00,0.006518,230.709,0.4422,49.991
Afternoon_Low,2020-01-13 07:54:00,0.006843,230.078,0.4156,49.994
Afternoon_Low,2020-01-13 07:57:00,0.004717,231.497,0.3205,49.997
Afternoon_Low,2020-01-13 08:00:00,0.00551,230.217,0.3593,50.004
Afternoon_Low,2020-01-13 08:03:00,0.004018,231.423,0.3183,50.0
Afternoon_Low,2020-01-13 08:06:00,0.004464,231.43,0.337,49.983
Afternoon_Low,2020-01-13 08:09:00,0.005381,231.51,0.3199,49.992
Afternoon_Low,2020-01-13 08:12:00,0.004619,231.474,0.3105,49.967
Afternoon_Low,2020-01-13 08:15:00,0.00735,229.873,0.396,49.968
Afternoon_Low,2020-01-13 08:18:00,0.007656,229.293,0.4656,49.987
Afternoon_Low,2020-01-13 08:21:00,0.008554,230.224,0.404,49.986
Afternoon_Low,2020-01-13 08:24:00,0.005949,230.247,0.2749,49.984
Afternoon_Low,2020-01-13 08:27:00,0.008154,231.749,0.4528,49.989
Afternoon_Low,2020-01-13 08:30:00,0.007373,230.21,0.329,49.994
Afternoon_Low,2020-01-13 08:33:00,0.007631,230.504,0.4204,49.973
Afternoon_Low,2020-01-13 08:36:00,0.006236,231.392,0.3786,50.0
Afternoon_Low,2020-01-13 08:39:00,0.0078,229.784,0.3906,49.988
Afternoon_Low,2020-01-13 08:42:00,0.00784,231.423,0.4206,49.987
Afternoon_Low,2020-01-13 08:45:00,0.006331,230.932,0.3855,49.991
Afternoon_Low,2020-01-13 08:48:00,0.008068,230.482,0.408,49.987
Afternoon_Low,2020-01-13 08:51:00,0.00804,231.351,0.3748,49.986
Afternoon_Low,2020-01-13 08:54:00,0.006711,231.211,0.3275,50.0
Afternoon_Low,2020-01-13 08:57:00,0.007365,231.306,0.3292,50.005
Afternoon_Low,2020-01-13 09:00:00,0.006344,230.765,0.3531,49.992
Afternoon_Low,2020-01-13 09:03:00,0.006089,230.078,0.3868,49.999
Afternoon_Low,2020-01-13 09:06:00,0.009275,229.996,0.4564,50.009
Afternoon_Low,2020-01-13 09:09:00,0.008261,230.974,0.4114,49.987
Afternoon_Low,2020-01-13 09:12:00,0.005597,230.696,0.3737,49.998
Afternoon_Low,2020-01-13 09:15:00,0.003927,229.67,0.3511,49.989
Afternoon_Low,2020-01-13 09:18:00,0.00884,230.626,0.4493,49.98
Afternoon_Low,2020-01-13 09:21:00,0.005959,232.366,0.3614,50.004
Afternoon_Low,2020-01-13 09:24:00,0.007572,229.933,0.3671,49.98
Afternoon_Low,2020-01-13 09:27:00,0.008578,229.182,0.4363,50.002
Afternoon_Low,2020-01-13 09:30:00,0.007811,230.797,0.4079,49.999
Afternoon_Low,2020-01-13 09:33:00,0.005841,231.141,0.2632,50.004
Afternoon_Low,2020-01-13 09:36:00,0.008711,231.014,0.4625,50.006
Afternoon_Low,2020-01-13 09:39:00,0.011292,229.149,0.4504,49.963
Afternoon_Low,2020-01-13 09:42:00,0.006542,230.974,0.3984,49.992
Afternoon_Low,2020-01-13 09:45:00,0.01127,229.809,0.4411,49.996
Afternoon_Low,2020-01-13 09:48:00,0.007401,230.479,0.3749,49.986
Afternoon_Low,2020-01-13 09:51:00,0.006346,231.28,0.3887,50.009
Afternoon_Low,2020-01-13 09:54:00,0.008843,230.826,0.4565,49.98
Afternoon_Low,2020-01-13 09:57:00,0.008592,230.453,0.3913,50.012
Afternoon_Low,2020-01-13 10:00:00,0.007655,231.407,0.3226,50.012
Afternoon_Low,2020-01-13 10:03:00,0.00823,228.974,0.3218,49.984
Afternoon_Low,2020-01-13 10:06:00,0.008571,230.031,0.4107,49.977
Afternoon_Low,2020-01-13 10:09:00,0.0106,230.079,0.4877,49.974
Afternoon_Low,2020-01-13 10:12:00,0.0098,230.361,0.3859,50.005
Afternoon_Low,2020-01-13 10:15:00,0.009463,231.35,0.4766,49.978
Afternoon_Low,2020-01-13 10:18:00,0.009476,230.535,0.4774,49.974
Afternoon_Low,2020-01-13 10:21:00,0.012826,229.637,0.3935,49.987
Afternoon_Low,2020-01-13 10:24:00,0.011245,230.598,0.4352,49.994
Afternoon_Low,2020-01-13 10:27:00,0.005453,230.736,0.3998,50.002
Afternoon_Low,2020-01-13 10:30:00,0.008251,231.689,0.4291,49.963
Afternoon_Low,2020-01-13 10:33:00,0.010073,230.608,0.4293,49.994
Afternoon_Low,2020-01-13 10:36:00,0.009362,230.37,0.407,49.992
Afternoon_Low,2020-01-13 10:39:00,0.010201,230.727,0.4659,49.977
Afternoon_Low,2020-01-13 10:42:00,0.010487,229.763,0.4168,49.975
Afternoon_Low,2020-01-13 10:45:00,0.006557,231.099,0.3684,49.995
Afternoon_Low,2020-01-13 10:48:00,0.014152,228.454,0.471,49.978
Afternoon_Low,2020-01-13 10:51:00,0.011907,230.806,0.4399,49.994
Afternoon_Low,2020-01-13 10:54:00,0.015993,227.423,0.512,49.959
Afternoon_Low,2020-01-13 10:57:00,0.00932,231.351,0.4051,49.98
Afternoon_Low,2020-01-13 11:00:00,0.011695,228.581,0.3996,49.99
Afternoon_Low,2020-01-13 11:03:00,0.010308,230.027,0.4566,49.994
Afternoon_Low,2020-01-13 11:06:00,0.008497,229.614,0.4371,49.985
Afternoon_Low,2020-01-13 11:09:00,0.01222,229.776,0.4535,49.985
Afternoon_Low,2020-01-13 11:12:00,0.011931,229.095,0.4428,49.994
Afternoon_Low,2020-01-13 11:15:00,0.015829,229.336,0.5762,49.978
Afternoon_Low,2020-01-13 11:18:00,0.010399,229.203,0.4113,49.982
Afternoon_Low,2020-01-13 11:21:00,0.014109,230.418,0.3972,50.001
Afternoon_Low,2020-01-13 11:24:00,0.009865,230.789,0.4028,49.975
Afternoon_Low,2020-01-13 11:27:00,0.012784,231.846,0.4909,49.974
Afternoon_Low,2020-01-13 11:30:00,0.016673,229.868,0.5629,49.963
Afternoon_Low,2020-01-13 11:33:00,0.012595,229.335,0.4805,49.985
Afternoon_Low,2020-01-13 11:36:00,0.013829,229.88,0.4775,49.983
Afternoon_Low,2020-01-13 11:39:00,0.015588,228.659,0.4993,49.999
Afternoon_Low,2020-01-13 11:42:00,0.011894,230.16,0.4808,50.005
Afternoon_Low,2020-01-13 11:45:00,0.015079,228.534,0.5174,49.981
Afternoon_Low,2020-01-13 11:48:00,0.013449,228.367,0.5039,49.985
Afternoon_Low,2020-01-13 11:51:00,0.019591,229.142,0.5441,50.013
Afternoon_Low,2020-01-13 11:54:00,0.008913,230.161,0.3932,49.998
Afternoon_Low,2020-01-13 11:57:00,0.014228,228.237,0.5475,49.987
Afternoon_Low,2020-01-13 12:00:00,0.014078,230.175,0.5103,49.984
Afternoon_Low,2020-01-13 12:03:00,0.014022,229.982,0.4829,49.98
Afternoon_Low,2020-01-13 12:06:00,0.02086,228.647,0.6174,49.982
Afternoon_Low,2020-01-13 12:09:00,0.014423,229.8,0.5688,49.971
Afternoon_Low,2020-01-13 12:12:00,0.019283,228.852,0.5787,49.978
Afternoon_Low,2020-01-13 12:15:00,0.016706,227.639,0.5648,49.978
Afternoon_Low,2020-01-13 12:18:00,0.024645,227.024,0.6781,49.98
Afternoon_Low,2020-01-13 12:21:00,0.013507,228.593,0.4959,49.983
Afternoon_Low,2020-01-13 12:24:00,0.015409,229.679,0.5466,49.985
Afternoon_Low,2020-01-13 12:27:00,0.018538,228.66,0.5979,49.968
Afternoon_Low,2020-01-13 12:30:00,0.014491,230.268,0.5375,50.01
Afternoon_Low,2020-01-13 12:33:00,0.022631,227.172,0.6563,49.98
Afternoon_Low,2020-01-13 12:36:00,0.016732,229.672,0.5702,50.002
Afternoon_Low,2020-01-13 12:39:00,0.015189,228.473,0.5346,49.988
Afternoon_Low,2020-01-13 12:42:00,0.018877,229.357,0.6812,49.992
Afternoon_Low,2020-01-13 12:45:00,0.018545,228.978,0.6091,49.979
Afternoon_Low,2020-01-13 12:48:00,0.02235,226.0,0.6257,49.991
Afternoon_Low,2020-01-13 12:51:00,0.013071,229.95,0.5015,49.99
Afternoon_Low,2020-01-13 12:54:00,0.020773,227.2,0.5986,49.977
Afternoon_Low,2020-01-13 12:57:00,0.01792,229.082,0.5515,49.994
Afternoon_Low,2020-01-13 13:00:00,0.014679,229.558,0.5269,49.986
Afternoon_Low,2020-01-13 13:03:00,0.022434,226.151,0.6689,49.982
Afternoon_Low,2020-01-13 13:06:00,0.014478,229.163,0.5459,49.998
Afternoon_Low,2020-01-13 13:09:00,0.027115,226.63,0.7285,49.98
Afternoon_Low,2020-01-13 13:12:00,0.025149,226.974,0.7558,49.989
Afternoon_Low,2020-01-13 13:15:00,0.023623,227.179,0.6696,49.961
Afternoon_Low,2020-01-13 13:18:00,0.019115,228.442,0.6234,49.982
Afternoon_Low,2020-01-13 13:21:00,0.017496,228.4,0.5897,49.977
Afternoon_Low,2020-01-13 13:24:00,0.018412,228.671,0.5358,49.987
Afternoon_Low,2020-01-13 13:27:00,0.023264,227.092,0.7082,49.988
Afternoon_Low,2020-01-13 13:30:00,0.024226,226.344,0.676,49.98
Afternoon_Low,2020-01-13 13:33:00,0.014039,228.466,0.5344,49.983
Afternoon_Low,2020-01-13 13:36:00,0.024501,228.746,0.6509,49.959
Afternoon_Low,2020-01-13 13:39:00,0.019983,227.72,0.6029,49.97
Afternoon_Low,2020-01-13 13:42:00,0.027289,225.97,0.7743,49.992
Afternoon_Low,2020-01-13 13:45:00,0.025295,226.372,0.6752,49.971
Afternoon_Low,2020-01-13 13:48:00,0.017812,228.616,0.5392,49.997
Afternoon_Low,2020-01-13 13:51:00,0.021144,224.967,0.6665,49.986
Afternoon_Low,2020-01-13 13:54:00,0.025591,227.04,0.7055,49.982
Afternoon_Low,2020-01-13 13:57:00,0.027736,228.09,0.7307,49.958
Afternoon_Low,2020-01-13 14:00:00,0.019237,227.993,0.5988,49.972
Afternoon_Low,2020-01-13 14:03:00,0.027653,226.649,0.7126,49.991
Afternoon_Low,2020-01-13 14:06:00,0.034486,225.255,0.9146,49.958
Afternoon_Low,2020-01-13 14:09:00,0.022492,227.548,0.6036,49.989
Afternoon_Low,2020-01-13 14:12:00,0.020822,228.807,0.6214,49.989
Afternoon_Low,2020-01-13 14:15:00,0.027065,226.84,0.7138,49.967
Afternoon_Low,2020-01-13 14:18:00,0.019993,228.205,0.6086,49.97
Afternoon_Low,2020-01-13 14:21:00,0.023235,228.377,0.6648,49.968
Afternoon_Low,2020-01-13 14:24:00,0.016558,228.423,0.5648,49.987
Afternoon_Low,2020-01-13 14:27:00,0.026133,226.345,0.7466,49.968
Afternoon_Low,2020-01-13 14:30:00,0.031022,225.809,0.7848,49.961
Afternoon_Low,2020-01-13 14:33:00,0.018545,227.191,0.6707,49.989
Afternoon_Low,2020-01-13 14:36:00,0.022298,227.929,0.6996,49.956
Afternoon_Low,2020-01-13 14:39:00,0.02198,227.541,0.6,49.985
Afternoon_Low,2020-01-13 14:42:00,0.027284,227.701,0.6628,49.96
Afternoon_Low,2020-01-13 14:45:00,0.023054,227.186,0.7342,49.981
Afternoon_Low,2020-01-13 14:48:00,0.018871,228.41,0.5289,49.977
Afternoon_Low,2020-01-13 14:51:00,0.018989,227.943,0.5895,49.99
Afternoon_Low,2020-01-13 14:54:00,0.018967,228.411,0.5693,49.981
Afternoon_Low,2020-01-13 14:57:00,0.017197,229.056,0.6317,49.978
Afternoon_Low,2020-01-13 15:00:00,0.014174,228.206,0.4756,49.982
Afternoon_Low,2020-01-13 15:03:00,0.020313,227.642,0.5886,49.989
Afternoon_Low,2020-01-13 15:06:00,0.023034,225.131,0.6472,49.97
Afternoon_Low,2020-01-13 15:09:00,0.020597,227.374,0.612,49.973
Afternoon_Low,2020-01-13 15:12:00,0.014389,228.724,0.5238,49.956
Afternoon_Low,2020-01-13 15:15:00,0.02125,227.433,0.6617,49.981
Afternoon_Low,2020-01-13 15:18:00,0.026412,226.165,0.7593,49.971
Afternoon_Low,2020-01-13 15:21:00,0.020526,226.86,0.6051,49.983
Afternoon_Low,2020-01-13 15:24:00,0.019011,228.133,0.5315,50.004
Afternoon_Low,2020-01-13 15:27:00,0.015265,229.152,0.465,49.99
Afternoon_Low,2020-01-13 15:30:00,0.022016,227.332,0.6372,49.982
Afternoon_Low,2020-01-13 15:33:00,0.015652,228.946,0.5536,49.981
Afternoon_Low,2020-01-13 15:36:00,0.015089,228.005,0.5391,50.002
Afternoon_Low,2020-01-13 15:39:00,0.01646,229.939,0.5097,49.986
Afternoon_Low,2020-01-13 15:42:00,0.018153,229.086,0.5907,49.983
Afternoon_Low,2020-01-13 15:45:00,0.011606,230.867,0.5023,49.967
Afternoon_Low,2020-01-13 15:48:00,0.012903,230.208,0.4607,49.968
Afternoon_Low,2020-01-13 15:51:00,0.014735,228.453,0.5265,49.986
Afternoon_Low,2020-01-13 15:54:00,0.019024,228.82,0.5967,49.967
Afternoon_Low,2020-01-13 15:57:00,0.019305,227.365,0.6022,49.976
Afternoon_Low,2020-01-13 16:00:00,0.015767,227.273,0.546,49.991
Afternoon_Low,2020-01-13 16:03:00,0.017404,228.341,0.5081,49.985
Afternoon_Low,2020-01-13 16:06:00,0.017346,228.589,0.5243,50.002
Afternoon_Low,2020-01-13 16:09:00,0.019637,228.148,0.5548,49.975
Afternoon_Low,2020-01-13 16:12:00,0.017561,227.993,0.5852,49.967
Afternoon_Low,2020-01-13 16:15:00,0.01375,229.645,0.5332,49.978
Afternoon_Low,2020-01-13 16:18:00,0.0127,230.26,0.4217,50.01
Afternoon_Low,2020-01-13 16:21:00,0.011584,228.772,0.4664,49.988
Afternoon_Low,2020-01-13 16:24:00,0.011737,229.073,0.4818,49.986
Afternoon_Low,2020-01-13 16:27:00,0.011292,228.954,0.431,49.966
Afternoon_Low,2020-01-13 16:30:00,0.015097,228.076,0.5099,49.961
Afternoon_Low,2020-01-13 16:33:00,0.014788,228.776,0.5271,49.964
Afternoon_Low,2020-01-13 16:36:00,0.015632,229.002,0.5128,49.988
Afternoon_Low,2020-01-13 16:39:00,0.015042,229.198,0.526,49.994
Afternoon_Low,2020-01-13 16:42:00,0.010019,230.024,0.4453,49.997
Afternoon_Low,2020-01-13 16:45:00,0.009533,230.115,0.4086,49.993
Afternoon_Low,2020-01-13 16:48:00,0.00921,230.342,0.4503,49.975
Afternoon_Low,2020-01-13 16:51:00,0.012999,228.225,0.4839,49.973
Afternoon_Low,2020-01-13 16:54:00,0.018368,228.026,0.5589,49.971
Afternoon_Low,2020-01-13 16:57:00,0.008851,229.099,0.4928,50.004
Afternoon_Low,2020-01-13 17:00:00,0.013355,229.691,0.5193,49.981
Afternoon_Low,2020-01-13 17:03:00,0.010788,228.639,0.4503,49.999
Afternoon_Low,2020-01-13 17:06:00,0.013893,228.757,0.5281,49.999
Afternoon_Low,2020-01-13 17:09:00,0.010926,230.583,0.4063,49.996
Afternoon_Low,2020-01-13 17:12:00,0.010457,230.257,0.3599,49.984
Afternoon_Low,2020-01-13 17:15:00,0.007893,231.08,0.3754,49.977
Afternoon_Low,2020-01-13 17:18:00,0.011338,230.45,0.5217,49.965
Afternoon_Low,2020-01-13 17:21:00,0.006851,229.891,0.3055,49.977
Afternoon_Low,2020-01-13 17:24:00,0.007808,230.343,0.3638,49.981
Afternoon_Low,2020-01-13 17:27:00,0.009337,230.966,0.434,49.998
Afternoon_Low,2020-01-13 17:30:00,0.010294,230.458,0.4457,49.98
Afternoon_Low,2020-01-13 17:33:00,0.008367,231.391,0.4151,49.99
Afternoon_Low,2020-01-13 17:36:00,0.009992,230.572,0.42,49.997
Afternoon_Low,2020-01-13 17:39:00,0.008126,230.55,0.3844,50.004
Afternoon_Low,2020-01-13 17:42:00,0.007366,229.813,0.4708,50.004
Afternoon_Low,2020-01-13 17:45:00,0.009441,231.166,0.3414,49.992
Afternoon_Low,2020-01-13 17:48:00,0.007346,230.511,0.3534,49.974
Afternoon_Low,2020-01-13 17:51:00,0.007549,230.178,0.4075,49.999
Afternoon_Low,2020-01-13 17:54:00,0.010305,229.305,0.4405,49.98
Afternoon_Low,2020-01-13 17:57:00,0.010146,229.181,0.434,50.012
Afternoon_Low,2020-01-13 18:00:00,0.008628,229.792,0.4667,49.985
Afternoon_Low,2020-01-13 18:03:00,0.00487,230.512,0.3228,49.976
Afternoon_Low,2020-01-13 18:06:00,0.00946,229.928,0.4628,49.988
Afternoon_Low,2020-01-13 18:09:00,0.007501,230.969,0.4079,49.999
Afternoon_Low,2020-01-13 18:12:00,0.004483,230.895,0.3518,49.982
Afternoon_Low,2020-01-13 18:15:00,0.008226,230.731,0.3643,49.99
Afternoon_Low,2020-01-13 18:18:00,0.007074,230.906,0.3649,50.0
Afternoon_Low,2020-01-13 18:21:00,0.007112,229.996,0.3754,49.993
Afternoon_Low,2020-01-13 18:24:00,0.007348,229.697,0.4533,50.003
Afternoon_Low,2020-01-13 18:27:00,0.005706,230.598,0.3238,50.006
Afternoon_Low,2020-01-13 18:30:00,0.006889,231.818,0.3502,49.996
Afternoon_Low,2020-01-13 18:33:00,0.005738,230.726,0.409,49.996
Afternoon_Low,2020-01-13 18:36:00,0.007729,230.335,0.405,49.983
Afternoon_Low,2020-01-13 18:39:00,0.005086,231.633,0.3092,49.997
Afternoon_Low,2020-01-13 18:42:00,0.006301,231.091,0.4309,49.989
Afternoon_Low,2020-01-13 18:45:00,0.006407,229.838,0.3694,49.961
Afternoon_Low,2020-01-13 18:48:00,0.004859,230.425,0.3721,49.99
Afternoon_Low,2020-01-13 18:51:00,0.007482,230.188,0.3898,49.988
Afternoon_Low,2020-01-13 18:54:00,0.006495,231.246,0.3699,49.997
Afternoon_Low,2020-01-13 18:57:00,0.008235,230.811,0.4187,49.993
Afternoon_Low,2020-01-13 19:00:00,0.006131,231.156,0.3445,49.993
Afternoon_Low,2020-01-13 19:03:00,0.007178,229.878,0.3705,49.988
Afternoon_Low,2020-01-13 19:06:00,0.004601,231.267,0.3575,50.008
Afternoon_Low,2020-01-13 19:09:00,0.005141,231.859,0.3454,49.983
Afternoon_Low,2020-01-13 19:12:00,0.005968,230.944,0.4074,49.996
Afternoon_Low,2020-01-13 19:15:00,0.005658,231.262,0.4127,49.993
Afternoon_Low,2020-01-13 19:18:00,0.003395,232.141,0.3198,49.994
Afternoon_Low,2020-01-13 19:21:00,0.005225,231.091,0.3459,50.01
Afternoon_Low,2020-01-13 19:24:00,0.005331,230.71,0.3295,49.987
Afternoon_Low,2020-01-13 19:27:00,0.005676,231.337,0.3023,50.01
Afternoon_Low,2020-01-13 19:30:00,0.005226,231.753,0.3513,49.983
Afternoon_Low,2020-01-13 19:33:00,0.006512,229.2,0.4095,49.998
Afternoon_Low,2020-01-13 19:36:00,0.005608,230.855,0.3678,49.988
Afternoon_Low,2020-01-13 19:39:00,0.005526,230.074,0.3666,50.019
Afternoon_Low,2020-01-13 19:42:00,0.00337,230.875,0.332,50.01
Afternoon_Low,2020-01-13 19:45:00,0.00521,231.847,0.32,50.006
Afternoon_Low,2020-01-13 19:48:00,0.003047,230.622,0.3531,50.003
Afternoon_Low,2020-01-13 19:51:00,0.006158,231.42,0.331,50.0
Afternoon_Low,2020-01-13 19:54:00,0.004854,229.285,0.3478,50.009
Afternoon_Low,2020-01-13 19:57:00,0.00479,229.207,0.3891,49.995
Afternoon_Low,2020-01-13 20:00:00,0.005431,230.01,0.3161,50.014
Afternoon_Low,2020-01-13 20:03:00,0.006488,230.504,0.3421,49.989
Afternoon_Low,2020-01-13 20:06:00,0.005495,230.127,0.338,49.991
Afternoon_Low,2020-01-13 20:09:00,0.005202,231.466,0.3347,49.988
Afternoon_Low,2020-01-13 20:12:00,0.005224,231.184,0.3722,49.991
Afternoon_Low,2020-01-13 20:15:00,0.005981,231.446,0.3308,49.983
Afternoon_Low,2020-01-13 20:18:00,0.005115,232.182,0.3233,49.995
Afternoon_Low,2020-01-13 20:21:00,0.005323,232.043,0.3722,49.994
Afternoon_Low,2020-01-13 20:24:00,0.005,231.34,0.2647,49.996
Afternoon_Low,2020-01-13 20:27:00,0.005423,231.107,0.3426,49.995
Afternoon_Low,2020-01-13 20:30:00,0.004414,231.691,0.2701,50.015
Afternoon_Low,2020-01-13 20:33:00,0.006486,230.008,0.3244,50.003
Afternoon_Low,2020-01-13 20:36:00,0.005261,233.093,0.3917,49.996
Afternoon_Low,2020-01-13 20:39:00,0.005792,231.753,0.3328,49.993
Afternoon_Low,2020-01-13 20:42:00,0.004848,231.558,0.346,50.003
Afternoon_Low,2020-01-13 20:45:00,0.004628,232.685,0.3834,49.981
Afternoon_Low,2020-01-13 20:48:00,0.004152,231.432,0.3664,49.988
Afternoon_Low,2020-01-13 20:51:00,0.004333,231.307,0.325,49.983
Afternoon_Low,2020-01-13 20:54:00,0.005045,230.09,0.345,49.975
Afternoon_Low,2020-01-13 20:57:00,0.003906,231.724,0.291,49.962
Afternoon_Low,2020-01-13 21:00:00,0.004773,230.179,0.3029,49.991
Afternoon_Low,2020-01-13 21:03:00,0.005483,229.756,0.3321,49.994
Afternoon_Low,2020-01-13 21:06:00,0.004464,230.123,0.3521,49.992
Afternoon_Low,2020-01-13 21:09:00,0.006971,230.012,0.3919,49.997
Afternoon_Low,2020-01-13 21:12:00,0.0049,232.03,0.2973,49.974
Afternoon_Low,2020-01-13 21:15:00,0.004627,231.027,0.3223,49.986
Afternoon_Low,2020-01-13 21:18:00,0.006971,230.278,0.3463,49.991
Afternoon_Low,2020-01-13 21:21:00,0.00513,231.556,0.3468,50.006
Afternoon_Low,2020-01-13 21:24:00,0.005626,232.155,0.2849,50.017
Afternoon_Low,2020-01-13 21:27:00,0.003931,231.276,0.3667,49.985
Afternoon_Low,2020-01-13 21:30:00,0.005417,231.648,0.3425,49.997
Afternoon_Low,2020-01-13 21:33:00,0.005893,232.702,0.3366,49.987
Afternoon_Low,2020-01-13 21:36:00,0.003371,230.684,0.312,50.0
Afternoon_Low,2020-01-13 21:39:00,0.005143,231.752,0.2989,50.001
Afternoon_Low,2020-01-13 21:42:00,0.004732,230.703,0.3665,50.007
Afternoon_Low,2020-01-13 21:45:00,0.004359,230.676,0.4326,50.016
Afternoon_Low,2020-01-13 21:48:00,0.005906,229.742,0.2867,50.008
Afternoon_Low,2020-01-13 21:51:00,0.004009,230.008,0.377,49.995
Afternoon_Low,2020-01-13 21:54:00,0.003714,232.56,0.2417,49.996
Afternoon_Low,2020-01-13 21:57:00,0.006511,230.885,0.3474,50.004
Afternoon_Low,2020-01-13 22:00:00,0.004369,230.752,0.3173,50.012
Afternoon_Low,2020-01-13 22:03:00,0.004506,230.685,0.3057,49.989
Afternoon_Low,2020-01-13 22:06:00,0.003957,231.585,0.3581,50.0
Afternoon_Low,2020-01-13 22:09:00,0.006103,231.436,0.3725,49.996
Afternoon_Low,2020-01-13 22:12:00,0.005121,230.946,0.2952,49.992
Afternoon_Low,2020-01-13 22:15:00,0.002348,232.134,0.2306,50.009
Afternoon_Low,2020-01-13 22:18:00,0.005062,231.012,0.366,50.001
Afternoon_Low,2020-01-13 22:21:00,0.004141,231.334,0.2933,49.991
Afternoon_Low,2020-01-13 22:24:00,0.004642,232.559,0.2738,49.991
Afternoon_Low,2020-01-13 22:27:00,0.004644,231.736,0.3421,49.981
Afternoon_Low,2020-01-13 22:30:00,0.004921,230.171,0.3299,49.986
Afternoon_Low,2020-01-13 22:33:00,0.003875,231.936,0.3216,49.996
Afternoon_Low,2020-01-13 22:36:00,0.003744,231.681,0.3063,50.008
Afternoon_Low,2020-01-13 22:39:00,0.00578,231.928,0.3498,49.996
Afternoon_Low,2020-01-13 22:42:00,0.004827,230.905,0.386,49.984
Afternoon_Low,2020-01-13 22:45:00,0.004721,230.582,0.3432,49.991
Afternoon_Low,2020-01-13 22:48:00,0.007075,230.018,0.3679,49.994
Afternoon_Low,2020-01-13 22:51:00,0.003253,232.012,0.3005,50.003
Afternoon_Low,2020-01-13 22:54:00,0.005592,230.229,0.3038,49.999
Afternoon_Low,2020-01-13 22:57:00,0.004774,231.112,0.3084,49.99
Afternoon_Low,2020-01-13 23:00:00,0.004784,232.065,0.314,49.988
Afternoon_Low,2020-01-13 23:03:00,0.004107,230.317,0.2696,50.007
Afternoon_Low,2020-01-13 23:06:00,0.003603,231.305,0.2695,50.021
Afternoon_Low,2020-01-13 23:09:00,0.005684,231.886,0.3636,50.014
Afternoon_Low,2020-01-13 23:12:00,0.00484,230.307,0.3658,50.014
Afternoon_Low,2020-01-13 23:15:00,0.004358,231.563,0.2902,49.985
Afternoon_Low,2020-01-13 23:18:00,0.005654,229.991,0.3789,49.999
Afternoon_Low,2020-01-13 23:21:00,0.006227,230.626,0.4236,49.983
Afternoon_Low,2020-01-13 23:24:00,0.003373,231.442,0.3847,50.007
Afternoon_Low,2020-01-13 23:27:00,0.003903,231.288,0.2748,49.995
Afternoon_Low,2020-01-13 23:30:00,0.005439,231.262,0.2702,50.018
Afternoon_Low,2020-01-13 23:33:00,0.005229,232.366,0.3335,50.003
Afternoon_Low,2020-01-13 23:36:00,0.00397,231.987,0.2664,50.008
Afternoon_Low,2020-01-13 23:39:00,0.004621,233.34,0.335,49.998
Afternoon_Low,2020-01-13 23:42:00,0.003718,230.144,0.3606,49.984
Afternoon_Low,2020-01-13 23:45:00,0.002854,231.251,0.2235,49.996
Afternoon_Low,2020-01-13 23:48:00,0.004475,230.057,0.2441,49.99
Afternoon_Low,2020-01-13 23:51:00,0.004994,231.418,0.3195,49.979
Afternoon_Low,2020-01-13 23:54:00,0.004291,231.322,0.3275,49.962
Afternoon_Low,2020-01-13 23:57:00,0.0052,230.441,0.3658,49.985
Afternoon_Low,2020-01-14 00:00:00,0.005315,231.105,0.3831,50.001
Afternoon_Low,2020-01-14 00:03:00,0.004805,232.518,0.2519,50.007
Afternoon_Low,2020-01-14 00:06:00,0.005809,231.63,0.363,50.006
Afternoon_Low,2020-01-14 00:09:00,0.003987,231.184,0.3545,49.999
Afternoon_Low,2020-01-14 00:12:00,0.004548,231.819,0.3301,50.021
Afternoon_Low,2020-01-14 00:15:00,0.006175,229.813,0.3589,49.966
Afternoon_Low,2020-01-14 00:18:00,0.006332,231.078,0.3926,49.984
Afternoon_Low,2020-01-14 00:21:00,0.005446,230.092,0.3609,50.007
Afternoon_Low,2020-01-14 00:24:00,0.004314,230.731,0.3203,49.98
Afternoon_Low,2020-01-14 00:27:00,0.00428,230.365,0.3441,49.986
Afternoon_Low,2020-01-14 00:30:00,0.00521,230.458,0.3666,49.995
Afternoon_Low,2020-01-14 00:33:00,0.004293,232.043,0.3537,49.993
Afternoon_Low,2020-01-14 00:36:00,0.006931,231.842,0.3486,50.023
Afternoon_Low,2020-01-14 00:39:00,0.00613,230.527,0.3704,49.99
Afternoon_Low,2020-01-14 00:42:00,0.003851,230.332,0.3042,50.007
Afternoon_Low,2020-01-14 00:45:00,0.004769,231.804,0.3756,50.009
Afternoon_Low,2020-01-14 00:48:00,0.004461,231.496,0.3117,49.992
Afternoon_Low,2020-01-14 00:51:00,0.004256,233.927,0.3276,49.99
Afternoon_Low,2020-01-14 00:54:00,0.004961,231.638,0.3595,49.994
Afternoon_Low,2020-01-14 00:57:00,0.005678,230.32,0.3652,49.979
Afternoon_Low,2020-01-14 01:00:00,0.003573,231.138,0.3425,50.0
Afternoon_Low,2020-01-14 01:03:00,0.004513,231.97,0.308,49.982
Afternoon_Low,2020-01-14 01:06:00,0.00622,229.823,0.396,50.001
Afternoon_Low,2020-01-14 01:09:00,0.00511,230.112,0.3293,49.974
Afternoon_Low,2020-01-14 01:12:00,0.005589,231.437,0.3854,49.99
Afternoon_Low,2020-01-14 01:15:00,0.003932,231.345,0.4021,49.993
Afternoon_Low,2020-01-14 01:18:00,0.00538,230.764,0.3733,49.981
Afternoon_Low,2020-01-14 01:21:00,0.005895,229.976,0.3288,50.002
Afternoon_Low,2020-01-14 01:24:00,0.005882,231.595,0.4499,50.01
Afternoon_Low,2020-01-14 01:27:00,0.003329,232.273,0.2918,49.982
Afternoon_Low,2020-01-14 01:30:00,0.002643,230.178,0.2899,49.99
Afternoon_Low,2020-01-14 01:33:00,0.003634,231.758,0.2206,49.996
Afternoon_Low,2020-01-14 01:36:00,0.004183,231.908,0.3179,50.007
Afternoon_Low,2020-01-14 01:39:00,0.003767,231.689,0.3493,49.992
Afternoon_Low,2020-01-14 01:42:00,0.004912,231.401,0.3694,50.004
Afternoon_Low,2020-01-14 01:45:00,0.006705,229.906,0.3623,49.982
Afternoon_Low,2020-01-14 01:48:00,0.002894,230.29,0.3007,49.999
Afternoon_Low,2020-01-14 01:51:00,0.005508,231.142,0.295,49.992
Afternoon_Low,2020-01-14 01:54:00,0.005453,230.533,0.3287,49.999
Afternoon_Low,2020-01-14 01:57:00,0.004862,229.649,0.3362,49.985
Afternoon_Low,2020-01-14 02:00:00,0.004768,232.458,0.3645,50.004
Afternoon_Low,2020-01-14 02:03:00,0.003589,231.449,0.355,50.009
Afternoon_Low,2020-01-14 02:06:00,0.005113,230.803,0.2845,49.994
Afternoon_Low,2020-01-14 02:09:00,0.003558,231.924,0.2974,49.991
Afternoon_Low,2020-01-14 02:12:00,0.005417,231.902,0.3464,49.984
Afternoon_Low,2020-01-14 02:15:00,0.005195,230.202,0.3171,50.007
Afternoon_Low,2020-01-14 02:18:00,0.005424,229.589,0.3195,49.992
Afternoon_Low,2020-01-14 02:21:00,0.004873,230.63,0.3525,49.975
Afternoon_Low,2020-01-14 02:24:00,0.004807,231.054,0.3987,50.012
Afternoon_Low,2020-01-14 02:27:00,0.005672,230.065,0.3805,50.005
Afternoon_Low,2020-01-14 02:30:00,0.005874,231.246,0.3051,49.985
Afternoon_Low,2020-01-14 02:33:00,0.006296,230.163,0.3643,49.994
Afternoon_Low,2020-01-14 02:36:00,0.004446,231.01,0.3589,49.98
Afternoon_Low,2020-01-14 02:39:00,0.004619,230.178,0.3215,49.984
Afternoon_Low,2020-01-14 02:42:00,0.004562,230.371,0.3108,49.981
Afternoon_Low,2020-01-14 02:45:00,0.0068,230.749,0.2596,49.973
Afternoon_Low,2020-01-14 02:48:00,0.006294,231.259,0.3514,49.977
Afternoon_Low,2020-01-14 02:51:00,0.004239,232.053,0.3441,49.974
Afternoon_Low,2020-01-14 02:54:00,0.005543,230.774,0.321,49.999
Afternoon_Low,2020-01-14 02:57:00,0.005521,231.162,0.3323,49.998
Afternoon_Low,2020-01-14 03:00:00,0.005223,230.149,0.3238,49.998
Afternoon_Low,2020-01-14 03:03:00,0.004853,230.833,0.3146,49.994
Afternoon_Low,2020-01-14 03:06:00,0.004256,230.19,0.3131,50.01
Afternoon_Low,2020-01-14 03:09:00,0.004742,230.46,0.3551,50.008
Afternoon_Low,2020-01-14 03:12:00,0.004351,231.303,0.3378,49.976
Afternoon_Low,2020-01-14 03:15:00,0.005432,229.754,0.3664,50.007
Afternoon_Low,2020-01-14 03:18:00,0.006227,230.904,0.381,49.991
Afternoon_Low,2020-01-14 03:21:00,0.006453,229.741,0.384,49.982
Afternoon_Low,2020-01-14 03:24:00,0.004727,230.326,0.3443,49.986
Afternoon_Low,2020-01-14 03:27:00,0.005819,229.822,0.4099,49.994
Afternoon_Low,2020-01-14 03:30:00,0.004516,229.982,0.3318,50.005
Afternoon_Low,2020-01-14 03:33:00,0.003844,231.512,0.3364,50.003
Afternoon_Low,2020-01-14 03:36:00,0.004688,230.808,0.3222,49.997
Afternoon_Low,2020-01-14 03:39:00,0.005728,230.049,0.3548,49.98
Afternoon_Low,2020-01-14 03:42:00,0.005539,231.001,0.2994,49.997
Afternoon_Low,2020-01-14 03:45:00,0.003314,232.333,0.2648,50.003
Afternoon_Low,2020-01-14 03:48:00,0.005162,231.362,0.3487,49.979
Afternoon_Low,2020-01-14 03:51:00,0.006701,229.505,0.3594,50.001
Afternoon_Low,2020-01-14 03:54:00,0.004029,231.139,0.3432,49.971
Afternoon_Low,2020-01-14 03:57:00,0.00529,232.321,0.3248,50.005
Afternoon_Low,2020-01-14 04:00:00,0.004696,231.943,0.3093,50.0
Afternoon_Low,2020-01-14 04:03:00,0.004777,230.511,0.2951,50.002
Afternoon_Low,2020-01-14 04:06:00,0.005414,229.967,0.4246,50.002
Afternoon_Low,2020-01-14 04:09:00,0.004594,231.109,0.3248,49.993
Afternoon_Low,2020-01-14 04:12:00,0.005157,232.065,0.3717,49.975
Afternoon_Low,2020-01-14 04:15:00,0.00363,230.342,0.3259,49.985
Afternoon_Low,2020-01-14 04:18:00,0.00595,230.704,0.2708,49.996
Afternoon_Low,2020-01-14 04:21:00,0.006319,230.236,0.3288,49.991
Afternoon_Low,2020-01-14 04:24:00,0.005342,231.703,0.3184,49.981
Afternoon_Low,2020-01-14 04:27:00,0.005173,231.166,0.3219,49.989
Afternoon_Low,2020-01-14 04:30:00,0.003659,231.288,0.2876,50.002
Afternoon_Low,2020-01-14 04:33:00,0.004238,232.872,0.359,50.006
Afternoon_Low,2020-01-14 04:36:00,0.004479,230.137,0.3687,49.995
Afternoon_Low,2020-01-14 04:39:00,0.004103,229.72,0.3328,50.007
Afternoon_Low,2020-01-14 04:42:00,0.00573,231.381,0.3083,50.006
Afternoon_Low,2020-01-14 04:45:00,0.004073,232.711,0.3355,49.982
Afternoon_Low,2020-01-14 04:48:00,0.003621,230.74,0.3576,50.007
Afternoon_Low,2020-01-14 04:51:00,0.005427,231.266,0.3775,49.975
Afternoon_Low,2020-01-14 04:54:00,0.004808,229.67,0.3483,49.99
Afternoon_Low,2020-01-14 04:57:00,0.005876,231.089,0.381,49.987
Afternoon_Low,2020-01-14 05:00:00,0.005468,231.809,0.357,49.985
Afternoon_Low,2020-01-14 05:03:00,0.004479,232.273,0.325,49.984
Afternoon_Low,2020-01-14 05:06:00,0.005557,230.638,0.3481,49.996
Afternoon_Low,2020-01-14 05:09:00,0.006716,232.592,0.3218,50.014
Afternoon_Low,2020-01-14 05:12:00,0.005122,230.443,0.344,50.018
Afternoon_Low,2020-01-14 05:15:00,0.00578,231.875,0.3565,50.0
Afternoon_Low,2020-01-14 05:18:00,0.005719,230.082,0.3513,49.979
Afternoon_Low,2020-01-14 05:21:00,0.003425,232.575,0.3018,50.01
Afternoon_Low,2020-01-14 05:24:00,0.004064,230.671,0.2718,49.983
Afternoon_Low,2020-01-14 05:27:00,0.007066,229.334,0.3893,49.987
Afternoon_Low,2020-01-14 05:30:00,0.006563,229.777,0.3802,49.993
Afternoon_Low,2020-01-14 05:33:00,0.005077,230.802,0.2891,49.984
Afternoon_Low,2020-01-14 05:36:00,0.005252,230.856,0.3729,49.995
Afternoon_Low,2020-01-14 05:39:00,0.005801,231.079,0.3315,50.005
Afternoon_Low,2020-01-14 05:42:00,0.004988,230.161,0.3582,50.003
Afternoon_Low,2020-01-14 05:45:00,0.005496,230.962,0.3114,50.006
Afternoon_Low,2020-01-14 05:48:00,0.005753,230.996,0.3489,50.018
Afternoon_Low,2020-01-14 05:51:00,0.006232,230.804,0.3247,49.984
Afternoon_Low,2020-01-14 05:54:00,0.005388,230.616,0.3187,49.999
Afternoon_Low,2020-01-14 05:57:00,0.006941,230.754,0.421,49.987
Afternoon_Low,2020-01-14 06:00:00,0.005095,230.379,0.3265,50.004
Afternoon_Low,2020-01-14 06:03:00,0.006175,230.981,0.3388,49.995
Afternoon_Low,2020-01-14 06:06:00,0.006716,231.538,0.3387,49.977
Afternoon_Low,2020-01-14 06:09:00,0.004237,232.288,0.414,49.996
Afternoon_Low,2020-01-14 06:12:00,0.004657,231.791,0.3277,49.986
Afternoon_Low,2020-01-14 06:15:00,0.008877,229.9,0.4224,49.984
Afternoon_Low,2020-01-14 06:18:00,0.006483,231.594,0.3385,49.983
Afternoon_Low,2020-01-14 06:21:00,0.006085,233.119,0.3652,49.978
Afternoon_Low,2020-01-14 06:24:00,0.005917,228.976,0.3752,49.995
Afternoon_Low,2020-01-14 06:27:00,0.004644,231.249,0.3284,49.998
Afternoon_Low,2020-01-14 06:30:00,0.008446,229.285,0.3532,49.982
Afternoon_Low,2020-01-14 06:33:00,0.006105,230.096,0.3379,49.988
Afternoon_Low,2020-01-14 06:36:00,0.006662,230.826,0.341,49.992
Afternoon_Low,2020-01-14 06:39:00,0.006177,231.494,0.4098,49.977
Afternoon_Low,2020-01-14 06:42:00,0.00653,230.171,0.357,50.01
Afternoon_Low,2020-01-14 06:45:00,0.006599,229.136,0.3129,49.997
Afternoon_Low,2020-01-14 06:48:00,0.008719,230.154,0.3959,50.004
Afternoon_Low,2020-01-14 06:51:00,0.005326,232.212,0.3623,49.989
Afternoon_Low,2020-01-14 06:54:00,0.008154,228.941,0.4199,49.989
Afternoon_Low,2020-01-14 06:57:00,0.005836,229.335,0.3005,50.009
Afternoon_Low,2020-01-14 07:00:00,0.006826,230.277,0.4173,50.005
Afternoon_Low,2020-01-14 07:03:00,0.005722,232.016,0.377,50.006
Afternoon_Low,2020-01-14 07:06:00,0.004359,230.374,0.2724,49.984
Afternoon_Low,2020-01-14 07:09:00,0.007254,231.995,0.406,49.984
Afternoon_Low,2020-01-14 07:12:00,0.007455,231.592,0.2914,49.982
Afternoon_Low,2020-01-14 07:15:00,0.005329,231.823,0.3106,49.987
Afternoon_Low,2020-01-14 07:18:00,0.00613,230.272,0.3519,49.999
Afternoon_Low,2020-01-14 07:21:00,0.007605,230.649,0.3765,49.973
Afternoon_Low,2020-01-14 07:24:00,0.006771,231.37,0.3919,49.971
Afternoon_Low,2020-01-14 07:27:00,0.007461,230.249,0.4068,49.977
Afternoon_Low,2020-01-14 07:30:00,0.005971,230.871,0.3228,49.998
Afternoon_Low,2020-01-14 07:33:00,0.007332,229.648,0.4644,50.002
Afternoon_Low,2020-01-14 07:36:00,0.008036,229.702,0.3991,49.993
Afternoon_Low,2020-01-14 07:39:00,0.005522,232.223,0.3264,50.001
Afternoon_Low,2020-01-14 07:42:00,0.00656,229.572,0.4143,50.014
Afternoon_Low,2020-01-14 07:45:00,0.007781,231.084,0.4277,50.009
Afternoon_Low,2020-01-14 07:48:00,0.007199,230.89,0.3643,50.01
Afternoon_Low,2020-01-14 07:51:00,0.006318,230.98,0.3097,50.005
Afternoon_Low,2020-01-14 07:54:00,0.00686,230.415,0.4405,49.987
Afternoon_Low,2020-01-14 07:57:00,0.007726,230.766,0.3499,49.988
Afternoon_Low,2020-01-14 08:00:00,0.007592,229.44,0.4155,49.981
Afternoon_Low,2020-01-14 08:03:00,0.004186,230.514,0.3453,49.996
Afternoon_Low,2020-01-14 08:06:00,0.006557,229.546,0.3359,50.002
Afternoon_Low,2020-01-14 08:09:00,0.006684,231.208,0.3478,49.993
Afternoon_Low,2020-01-14 08:12:00,0.005679,230.573,0.3569,49.969
Afternoon_Low,2020-01-14 08:15:00,0.007254,230.945,0.3601,49.989
Afternoon_Low,2020-01-14 08:18:00,0.008091,230.87,0.3707,49.979
Afternoon_Low,2020-01-14 08:21:00,0.007388,231.423,0.3751,49.999
Afternoon_Low,2020-01-14 08:24:00,0.005975,228.521,0.3907,49.983
Afternoon_Low,2020-01-14 08:27:00,0.008338,231.512,0.3998,49.984
Afternoon_Low,2020-01-14 08:30:00,0.007526,228.784,0.3234,49.978
Afternoon_Low,2020-01-14 08:33:00,0.009533,229.82,0.4913,50.008
Afternoon_Low,2020-01-14 08:36:00,0.009228,229.352,0.4477,49.985
Afternoon_Low,2020-01-14 08:39:00,0.010015,231.311,0.4475,50.011
Afternoon_Low,2020-01-14 08:42:00,0.007869,230.937,0.3393,50.012
Afternoon_Low,2020-01-14 08:45:00,0.008928,231.958,0.4241,49.988
Afternoon_Low,2020-01-14 08:48:00,0.006452,232.292,0.3644,49.986
Afternoon_Low,2020-01-14 08:51:00,0.00948,230.228,0.5067,49.991
Afternoon_Low,2020-01-14 08:54:00,0.010256,229.615,0.4621,49.997
Afternoon_Low,2020-01-14 08:57:00,0.009764,228.899,0.4223,49.993
Afternoon_Low,2020-01-14 09:00:00,0.008093,231.216,0.3934,49.991
Afternoon_Low,2020-01-14 09:03:00,0.007081,229.414,0.3136,49.99
Afternoon_Low,2020-01-14 09:06:00,0.005538,231.388,0.3145,49.985
Afternoon_Low,2020-01-14 09:09:00,0.005732,230.892,0.3582,49.989
Afternoon_Low,2020-01-14 09:12:00,0.007065,229.968,0.3442,49.974
Afternoon_Low,2020-01-14 09:15:00,0.007891,230.511,0.3805,50.015
Afternoon_Low,2020-01-14 09:18:00,0.008059,229.117,0.3671,49.995
Afternoon_Low,2020-01-14 09:21:00,0.006689,230.175,0.3723,49.998
Afternoon_Low,2020-01-14 09:24:00,0.006132,230.682,0.3178,49.973
Afternoon_Low,2020-01-14 09:27:00,0.010437,229.511,0.357,49.992
Afternoon_Low,2020-01-14 09:30:00,0.006422,229.295,0.381,49.977
Afternoon_Low,2020-01-14 09:33:00,0.007948,230.266,0.3748,49.993
Afternoon_Low,2020-01-14 09:36:00,0.008883,229.551,0.3861,50.005
Afternoon_Low,2020-01-14 09:39:00,0.009953,230.952,0.4373,49.988
Afternoon_Low,2020-01-14 09:42:00,0.009409,230.737,0.364,49.997
Afternoon_Low,2020-01-14 09:45:00,0.008115,230.236,0.3883,50.0
Afternoon_Low,2020-01-14 09:48:00,0.00855,230.399,0.4207,50.009
Afternoon_Low,2020-01-14 09:51:00,0.007766,229.132,0.4122,49.981
Afternoon_Low,2020-01-14 09:54:00,0.008023,231.287,0.4263,49.995
Afternoon_Low,2020-01-14 09:57:00,0.007011,230.938,0.4081,49.985
Afternoon_Low,2020-01-14 10:00:00,0.008395,231.054,0.4013,50.001
Afternoon_Low,2020-01-14 10:03:00,0.014612,229.843,0.5481,49.995
Afternoon_Low,2020-01-14 10:06:00,0.009489,231.091,0.3667,49.981
Afternoon_Low,2020-01-14 10:09:00,0.008437,230.582,0.4123,49.995
Afternoon_Low,2020-01-14 10:12:00,0.008566,229.805,0.3905,49.998
Afternoon_Low,2020-01-14 10:15:00,0.010706,230.1,0.4236,49.987
Afternoon_Low,2020-01-14 10:18:00,0.012603,229.875,0.4794,50.015
Afternoon_Low,2020-01-14 10:21:00,0.010428,228.879,0.4521,49.983
Afternoon_Low,2020-01-14 10:24:00,0.008069,230.777,0.3873,49.984
Afternoon_Low,2020-01-14 10:27:00,0.011585,229.046,0.4007,49.979
Afternoon_Low,2020-01-14 10:30:00,0.010641,229.183,0.4543,49.989
Afternoon_Low,2020-01-14 10:33:00,0.010943,230.425,0.4571,49.996
Afternoon_Low,2020-01-14 10:36:00,0.010004,230.211,0.3999,49.979
Afternoon_Low,2020-01-14 10:39:00,0.010266,229.514,0.4364,49.983
Afternoon_Low,2020-01-14 10:42:00,0.011866,228.491,0.4591,49.976
Afternoon_Low,2020-01-14 10:45:00,0.014802,229.02,0.5161,49.981
Afternoon_Low,2020-01-14 10:48:00,0.009057,229.7,0.4579,49.988
Afternoon_Low,2020-01-14 10:51:00,0.013041,229.078,0.491,49.976
Afternoon_Low,2020-01-14 10:54:00,0.009533,228.827,0.4189,49.994
Afternoon_Low,2020-01-14 10:57:00,0.009934,229.327,0.4641,49.999
Afternoon_Low,2020-01-14 11:00:00,0.012774,229.568,0.4435,49.983
Afternoon_Low,2020-01-14 11:03:00,0.010005,230.097,0.3684,49.996
Afternoon_Low,2020-01-14 11:06:00,0.014603,229.389,0.517,50.012
Afternoon_Low,2020-01-14 11:09:00,0.011729,231.073,0.4458,50.0
Afternoon_Low,2020-01-14 11:12:00,0.015184,230.041,0.5664,49.99
Afternoon_Low,2020-01-14 11:15:00,0.011868,230.328,0.4913,49.997
Afternoon_Low,2020-01-14 11:18:00,0.010514,229.98,0.3926,49.987
Afternoon_Low,2020-01-14 11:21:00,0.011205,228.104,0.4393,49.969
Afternoon_Low,2020-01-14 11:24:00,0.010944,229.95,0.4086,49.995
Afternoon_Low,2020-01-14 11:27:00,0.011569,229.454,0.457,49.99
Afternoon_Low,2020-01-14 11:30:00,0.013405,228.483,0.497,49.981
Afternoon_Low,2020-01-14 11:33:00,0.019861,229.107,0.6481,49.99
Afternoon_Low,2020-01-14 11:36:00,0.011793,230.092,0.4653,49.997
Afternoon_Low,2020-01-14 11:39:00,0.019609,228.107,0.656,49.986
Afternoon_Low,2020-01-14 11:42:00,0.015235,229.348,0.5592,49.982
Afternoon_Low,2020-01-14 11:45:00,0.009384,229.78,0.4591,49.994
Afternoon_Low,2020-01-14 11:48:00,0.013444,229.279,0.5017,49.979
Afternoon_Low,2020-01-14 11:51:00,0.021355,226.852,0.6183,49.979
Afternoon_Low,2020-01-14 11:54:00,0.020797,227.65,0.6845,49.979
Afternoon_Low,2020-01-14 11:57:00,0.021192,228.26,0.6456,49.974
Afternoon_Low,2020-01-14 12:00:00,0.021382,228.5,0.6511,49.963
Afternoon_Low,2020-01-14 12:03:00,0.018416,227.637,0.561,49.968
Afternoon_Low,2020-01-14 12:06:00,0.017944,227.275,0.5914,49.981
Afternoon_Low,2020-01-14 12:09:00,0.021464,226.685,0.6975,49.991
Afternoon_Low,2020-01-14 12:12:00,0.01862,228.537,0.5116,49.978
Afternoon_Low,2020-01-14 12:15:00,0.018664,228.417,0.6291,49.983
Afternoon_Low,2020-01-14 12:18:00,0.01844,229.45,0.5675,49.988
Afternoon_Low,2020-01-14 12:21:00,0.02493,224.973,0.6997,49.973
Afternoon_Low,2020-01-14 12:24:00,0.019878,228.044,0.6121,49.977
Afternoon_Low,2020-01-14 12:27:00,0.018258,228.45,0.5531,49.982
Afternoon_Low,2020-01-14 12:30:00,0.022588,227.245,0.6799,49.988
Afternoon_Low,2020-01-14 12:33:00,0.01991,227.463,0.6254,49.979
Afternoon_Low,2020-01-14 12:36:00,0.020412,227.68,0.6714,49.967
Afternoon_Low,2020-01-14 12:39:00,0.019132,229.268,0.5647,49.975
Afternoon_Low,2020-01-14 12:42:00,0.018852,228.254,0.54,50.003
Afternoon_Low,2020-01-14 12:45:00,0.01925,227.717,0.625,49.981
Afternoon_Low,2020-01-14 12:48:00,0.012283,228.29,0.4193,49.985
Afternoon_Low,2020-01-14 12:51:00,0.020881,228.358,0.6938,49.988
Afternoon_Low,2020-01-14 12:54:00,0.023928,227.449,0.6896,49.985
Afternoon_Low,2020-01-14 12:57:00,0.024091,226.936,0.6564,49.963
Afternoon_Low,2020-01-14 13:00:00,0.017613,228.783,0.5387,49.976
Afternoon_Low,2020-01-14 13:03:00,0.014055,229.696,0.4783,49.988
Afternoon_Low,2020-01-14 13:06:00,0.014016,229.086,0.5314,49.975
Afternoon_Low,2020-01-14 13:09:00,0.024499,228.425,0.6987,49.972
Afternoon_Low,2020-01-14 13:12:00,0.01874,229.043,0.5614,49.988
Afternoon_Low,2020-01-14 13:15:00,0.017819,228.419,0.6483,49.974
Afternoon_Low,2020-01-14 13:18:00,0.024245,227.55,0.6839,50.0
Afternoon_Low,2020-01-14 13:21:00,0.025284,227.148,0.6644,49.968
Afternoon_Low,2020-01-14 13:24:00,0.022399,228.86,0.6346,49.989
Afternoon_Low,2020-01-14 13:27:00,0.026767,227.377,0.7327,49.966
Afternoon_Low,2020-01-14 13:30:00,0.024646,226.928,0.708,49.974
Afternoon_Low,2020-01-14 13:33:00,0.023496,227.323,0.7239,49.983
Afternoon_Low,2020-01-14 13:36:00,0.020018,227.6,0.5986,49.992
Afternoon_Low,2020-01-14 13:39:00,0.029995,225.878,0.824,49.937
Afternoon_Low,2020-01-14 13:42:00,0.021682,228.04,0.6752,49.975
Afternoon_Low,2020-01-14 13:45:00,0.027474,227.21,0.6934,49.983
Afternoon_Low,2020-01-14 13:48:00,0.023919,228.213,0.7165,49.968
Afternoon_Low,2020-01-14 13:51:00,0.01907,228.745,0.5788,49.968
Afternoon_Low,2020-01-14 13:54:00,0.028126,226.941,0.7673,49.969
Afternoon_Low,2020-01-14 13:57:00,0.024863,226.191,0.6767,49.972
Afternoon_Low,2020-01-14 14:00:00,0.018427,228.537,0.5666,49.982
Afternoon_Low,2020-01-14 14:03:00,0.020468,228.449,0.6153,49.973
Afternoon_Low,2020-01-14 14:06:00,0.024013,226.584,0.6805,49.976
Afternoon_Low,2020-01-14 14:09:00,0.028827,226.924,0.8301,49.965
Afternoon_Low,2020-01-14 14:12:00,0.018436,227.431,0.5856,49.973
Afternoon_Low,2020-01-14 14:15:00,0.02845,226.516,0.7647,49.97
Afternoon_Low,2020-01-14 14:18:00,0.015282,228.123,0.5788,49.984
Afternoon_Low,2020-01-14 14:21:00,0.020056,228.134,0.6408,49.985
Afternoon_Low,2020-01-14 14:24:00,0.029856,225.154,0.7821,49.991
Afternoon_Low,2020-01-14 14:27:00,0.016739,227.731,0.5473,49.973
Afternoon_Low,2020-01-14 14:30:00,0.017441,229.458,0.5706,49.984
Afternoon_Low,2020-01-14 14:33:00,0.022461,227.109,0.6906,49.971
Afternoon_Low,2020-01-14 14:36:00,0.018431,227.266,0.6053,49.995
Afternoon_Low,2020-01-14 14:39:00,0.020513,227.893,0.6549,49.982
Afternoon_Low,2020-01-14 14:42:00,0.01797,228.911,0.5624,49.97
Afternoon_Low,2020-01-14 14:45:00,0.01909,228.054,0.5546,49.998
Afternoon_Low,2020-01-14 14:48:00,0.018676,228.728,0.5373,49.984
Afternoon_Low,2020-01-14 14:51:00,0.017418,227.807,0.5859,49.987
Afternoon_Low,2020-01-14 14:54:00,0.022313,226.482,0.672,49.97
Afternoon_Low,2020-01-14 14:57:00,0.023854,227.926,0.715,49.975
Afternoon_Low,2020-01-14 15:00:00,0.022239,228.057,0.6177,49.988
Afternoon_Low,2020-01-14 15:03:00,0.019737,226.902,0.6234,49.966
Afternoon_Low,2020-01-14 15:06:00,0.010358,231.228,0.4265,49.998
Afternoon_Low,2020-01-14 15:09:00,0.019067,227.454,0.5847,49.978
Afternoon_Low,2020-01-14 15:12:00,0.019156,229.339,0.5825,49.976
Afternoon_Low,2020-01-14 15:15:00,0.020976,227.706,0.6255,49.984
Afternoon_Low,2020-01-14 15:18:00,0.018852,227.706,0.5583,49.977
Afternoon_Low,2020-01-14 15:21:00,0.023125,226.02,0.6329,49.995
Afternoon_Low,2020-01-14 15:24:00,0.024071,226.423,0.6913,49.978
Afternoon_Low,2020-01-14 15:27:00,0.014697,228.915,0.5403,49.975
Afternoon_Low,2020-01-14 15:30:00,0.018143,229.481,0.5799,49.99
Afternoon_Low,2020-01-14 15:33:00,0.015906,227.348,0.6041,49.963
Afternoon_Low,2020-01-14 15:36:00,0.013218,230.229,0.4851,49.978
Afternoon_Low,2020-01-14 15:39:00,0.018312,228.166,0.56,49.976
Afternoon_Low,2020-01-14 15:42:00,0.01921,227.294,0.6358,49.971
Afternoon_Low,2020-01-14 15:45:00,0.010483,228.983,0.504,49.966
Afternoon_Low,2020-01-14 15:48:00,0.021134,228.529,0.5548,49.979
Afternoon_Low,2020-01-14 15:51:00,0.013412,228.942,0.5106,50.011
Afternoon_Low,2020-01-14 15:54:00,0.020012,228.994,0.574,49.986
Afternoon_Low,2020-01-14 15:57:00,0.01299,229.478,0.4435,49.998
Afternoon_Low,2020-01-14 16:00:00,0.011202,228.734,0.4141,49.99
Afternoon_Low,2020-01-14 16:03:00,0.019879,228.223,0.6354,49.976
Afternoon_Low,2020-01-14 16:06:00,0.016769,229.368,0.5711,49.973
Afternoon_Low,2020-01-14 16:09:00,0.0081,229.322,0.4661,49.998
Afternoon_Low,2020-01-14 16:12:00,0.014781,228.838,0.5122,49.993
Afternoon_Low,2020-01-14 16:15:00,0.017597,228.916,0.5254,49.988
Afternoon_Low,2020-01-14 16:18:00,0.020056,227.206,0.625,49.959
Afternoon_Low,2020-01-14 16:21:00,0.015055,228.961,0.4916,49.976
Afternoon_Low,2020-01-14 16:24:00,0.012272,230.506,0.4989,49.974
Afternoon_Low,2020-01-14 16:27:00,0.015491,228.721,0.5112,49.976
Afternoon_Low,2020-01-14 16:30:00,0.010422,230.016,0.4354,49.995
Afternoon_Low,2020-01-14 16:33:00,0.016284,229.272,0.5674,50.007
Afternoon_Low,2020-01-14 16:36:00,0.012062,229.948,0.4965,49.986
Afternoon_Low,2020-01-14 16:39:00,0.013318,229.357,0.4086,49.989
Afternoon_Low,2020-01-14 16:42:00,0.016024,229.194,0.5713,50.001
Afternoon_Low,2020-01-14 16:45:00,0.009737,229.96,0.4002,49.989
Afternoon_Low,2020-01-14 16:48:00,0.011783,228.966,0.4882,49.984
Afternoon_Low,2020-01-14 16:51:00,0.015909,228.375,0.5592,49.982
Afternoon_Low,2020-01-14 16:54:00,0.01144,230.671,0.4725,50.006
Afternoon_Low,2020-01-14 16:57:00,0.007728,231.079,0.3655,49.985
Afternoon_Low,2020-01-14 17:00:00,0.012646,228.981,0.4692,49.994
Afternoon_Low,2020-01-14 17:03:00,0.014173,229.533,0.4764,49.996
Afternoon_Low,2020-01-14 17:06:00,0.008635,229.82,0.3931,49.988
Afternoon_Low,2020-01-14 17:09:00,0.009663,230.031,0.4269,49.966
Afternoon_Low,2020-01-14 17:12:00,0.007917,230.352,0.4185,50.0
Afternoon_Low,2020-01-14 17:15:00,0.008583,229.007,0.3536,49.966
Afternoon_Low,2020-01-14 17:18:00,0.012343,230.508,0.4804,49.991
Afternoon_Low,2020-01-14 17:21:00,0.007463,231.528,0.3362,50.014
Afternoon_Low,2020-01-14 17:24:00,0.011988,228.909,0.4718,49.986
Afternoon_Low,2020-01-14 17:27:00,0.008925,230.109,0.3998,49.979
Afternoon_Low,2020-01-14 17:30:00,0.006701,230.712,0.3431,49.982
Afternoon_Low,2020-01-14 17:33:00,0.010862,229.236,0.4779,49.987
Afternoon_Low,2020-01-14 17:36:00,0.012872,229.436,0.4302,50.0
Afternoon_Low,2020-01-14 17:39:00,0.009975,230.887,0.4571,50.001
Afternoon_Low,2020-01-14 17:42:00,0.00697,231.028,0.4342,49.975
Afternoon_Low,2020-01-14 17:45:00,0.011326,230.372,0.4812,49.989
Afternoon_Low,2020-01-14 17:48:00,0.007154,231.594,0.4096,49.995
Afternoon_Low,2020-01-14 17:51:00,0.007307,230.31,0.3989,49.972
Afternoon_Low,2020-01-14 17:54:00,0.009962,229.396,0.3804,49.995
Afternoon_Low,2020-01-14 17:57:00,0.007223,228.894,0.3702,49.981
Afternoon_Low,2020-01-14 18:00:00,0.00826,230.2,0.4227,49.966
Afternoon_Low,2020-01-14 18:03:00,0.007355,231.174,0.4107,49.986
Afternoon_Low,2020-01-14 18:06:00,0.006343,230.769,0.3972,49.994
Afternoon_Low,2020-01-14 18:09:00,0.010227,230.77,0.4064,49.979
Afternoon_Low,2020-01-14 18:12:00,0.006351,231.033,0.3619,49.979
Afternoon_Low,2020-01-14 18:15:00,0.007078,229.128,0.3726,49.994
Afternoon_Low,2020-01-14 18:18:00,0.008789,230.04,0.4545,50.003
Afternoon_Low,2020-01-14 18:21:00,0.007072,230.249,0.3205,50.001
Afternoon_Low,2020-01-14 18:24:00,0.006419,230.56,0.3117,49.982
Afternoon_Low,2020-01-14 18:27:00,0.011192,231.353,0.4728,49.969
Afternoon_Low,2020-01-14 18:30:00,0.006055,230.756,0.3337,49.992
Afternoon_Low,2020-01-14 18:33:00,0.006608,230.916,0.3888,49.986
Afternoon_Low,2020-01-14 18:36:00,0.005956,230.463,0.3154,50.007
Afternoon_Low,2020-01-14 18:39:00,0.00696,230.904,0.4165,49.986
Afternoon_Low,2020-01-14 18:42:00,0.006744,228.364,0.3752,49.997
Afternoon_Low,2020-01-14 18:45:00,0.005755,230.894,0.3551,50.019
Afternoon_Low,2020-01-14 18:48:00,0.006023,230.18,0.3522,49.991
Afternoon_Low,2020-01-14 18:51:00,0.006506,230.422,0.4005,49.995
Afternoon_Low,2020-01-14 18:54:00,0.005809,229.595,0.3106,50.01
Afternoon_Low,2020-01-14 18:57:00,0.006308,231.383,0.3166,49.985
Afternoon_Low,2020-01-14 19:00:00,0.006144,231.034,0.3181,50.005
Afternoon_Low,2020-01-14 19:03:00,0.007794,230.646,0.3941,49.994
Afternoon_Low,2020-01-14 19:06:00,0.004354,232.068,0.2896,50.001
Afternoon_Low,2020-01-14 19:09:00,0.005754,229.827,0.364,49.976
Afternoon_Low,2020-01-14 19:12:00,0.005994,230.646,0.3767,50.004
Afternoon_Low,2020-01-14 19:15:00,0.005844,231.536,0.3628,49.991
Afternoon_Low,2020-01-14 19:18:00,0.006529,230.863,0.3544,49.996
Afternoon_Low,2020-01-14 19:21:00,0.006355,230.306,0.4203,49.968
Afternoon_Low,2020-01-14 19:24:00,0.005618,232.494,0.2787,49.993
Afternoon_Low,2020-01-14 19:27:00,0.004751,232.117,0.3746,49.998
Afternoon_Low,2020-01-14 19:30:00,0.005667,231.861,0.3081,49.995
Afternoon_Low,2020-01-14 19:33:00,0.005081,232.59,0.3277,49.993
Afternoon_Low,2020-01-14 19:36:00,0.00633,230.294,0.3518,50.005
Afternoon_Low,2020-01-14 19:39:00,0.005094,230.061,0.2657,50.02
Afternoon_Low,2020-01-14 19:42:00,0.00629,229.545,0.4102,50.003
Afternoon_Low,2020-01-14 19:45:00,0.005404,231.351,0.354,49.994
Afternoon_Low,2020-01-14 19:48:00,0.005404,231.387,0.3361,49.997
Afternoon_Low,2020-01-14 19:51:00,0.005948,232.116,0.3478,50.011
Afternoon_Low,2020-01-14 19:54:00,0.004093,229.906,0.3605,49.991
Afternoon_Low,2020-01-14 19:57:00,0.005627,231.453,0.3518,49.968
Afternoon_Low,2020-01-14 20:00:00,0.002806,230.728,0.2507,50.003
Afternoon_Low,2020-01-14 20:03:00,0.007008,229.939,0.3615,50.0
Afternoon_Low,2020-01-14 20:06:00,0.005185,231.187,0.3198,49.985
Afternoon_Low,2020-01-14 20:09:00,0.003686,230.309,0.2935,50.005
Afternoon_Low,2020-01-14 20:12:00,0.003839,231.201,0.2916,49.999
Afternoon_Low,2020-01-14 20:15:00,0.004337,231.515,0.3122,50.013
Afternoon_Low,2020-01-14 20:18:00,0.005827,230.463,0.3837,49.995
Afternoon_Low,2020-01-14 20:21:00,0.005721,230.853,0.3519,49.98
Afternoon_Low,2020-01-14 20:24:00,0.004232,230.824,0.3281,49.988
Afternoon_Low,2020-01-14 20:27:00,0.006181,231.235,0.348,49.983
Afternoon_Low,2020-01-14 20:30:00,0.005002,231.802,0.3384,49.999
Afternoon_Low,2020-01-14 20:33:00,0.005688,230.688,0.3177,49.996
Afternoon_Low,2020-01-14 20:36:00,0.005052,231.761,0.3125,49.98
Afternoon_Low,2020-01-14 20:39:00,0.005494,231.416,0.3322,49.992
Afternoon_Low,2020-01-14 20:42:00,0.00533,230.408,0.3275,49.976
Afternoon_Low,2020-01-14 20:45:00,0.006761,230.78,0.3883,49.991
Afternoon_Low,2020-01-14 20:48:00,0.003832,231.234,0.3043,49.976
Afternoon_Low,2020-01-14 20:51:00,0.00427,232.233,0.3654,50.003
Afternoon_Low,2020-01-14 20:54:00,0.004204,231.029,0.3968,49.992
Afternoon_Low,2020-01-14 20:57:00,0.005338,231.63,0.356,49.99
Afternoon_Low,2020-01-14 21:00:00,0.004858,232.407,0.3112,49.991
Afternoon_Low,2020-01-14 21:03:00,0.005121,229.833,0.4169,50.021
Afternoon_Low,2020-01-14 21:06:00,0.006013,230.895,0.3404,49.999
Afternoon_Low,2020-01-14 21:09:00,0.005361,231.02,0.3173,49.978
Afternoon_Low,2020-01-14 21:12:00,0.005938,229.747,0.3753,49.983
Afternoon_Low,2020-01-14 21:15:00,0.005169,231.135,0.3999,49.977
Afternoon_Low,2020-01-14 21:18:00,0.005589,229.352,0.3448,49.988
Afternoon_Low,2020-01-14 21:21:00,0.006269,230.253,0.3448,49.996
Afternoon_Low,2020-01-14 21:24:00,0.004948,231.614,0.318,50.029
Afternoon_Low,2020-01-14 21:27:00,0.004668,229.865,0.3264,50.011
Afternoon_Low,2020-01-14 21:30:00,0.005131,231.295,0.291,49.988
Afternoon_Low,2020-01-14 21:33:00,0.005826,230.948,0.2777,49.986
Afternoon_Low,2020-01-14 21:36:00,0.004952,231.829,0.4208,50.0
Afternoon_Low,2020-01-14 21:39:00,0.004915,231.631,0.3911,49.989
Afternoon_Low,2020-01-14 21:42:00,0.005963,232.103,0.3598,50.002
Afternoon_Low,2020-01-14 21:45:00,0.004166,230.774,0.3261,49.99
Afternoon_Low,2020-01-14 21:48:00,0.005129,228.972,0.3172,50.003
Afternoon_Low,2020-01-14 21:51:00,0.004929,231.187,0.2852,49.96
Afternoon_Low,2020-01-14 21:54:00,0.003197,230.405,0.3356,50.002
Afternoon_Low,2020-01-14 21:57:00,0.005253,231.206,0.3763,50.006
Afternoon_Low,2020-01-14 22:00:00,0.004238,231.306,0.3517,49.987
Afternoon_Low,2020-01-14 22:03:00,0.003113,232.129,0.3119,49.983
Afternoon_Low,2020-01-14 22:06:00,0.003796,230.965,0.339,50.013
Afternoon_Low,2020-01-14 22:09:00,0.004749,231.078,0.3237,49.988
Afternoon_Low,2020-01-14 22:12:00,0.00457,231.401,0.3198,49.985
Afternoon_Low,2020-01-14 22:15:00,0.003942,232.022,0.2949,50.001
Afternoon_Low,2020-01-14 22:18:00,0.005842,230.206,0.3656,49.993
Afternoon_Low,2020-01-14 22:21:00,0.006053,229.8,0.346,49.998
Afternoon_Low,2020-01-14 22:24:00,0.006373,232.097,0.3687,49.996
Afternoon_Low,2020-01-14 22:27:00,0.004071,230.941,0.2557,50.001
Afternoon_Low,2020-01-14 22:30:00,0.005409,230.828,0.359,49.983
Afternoon_Low,2020-01-14 22:33:00,0.003795,231.977,0.2661,50.01
Afternoon_Low,2020-01-14 22:36:00,0.00527,232.828,0.4213,50.002
Afternoon_Low,2020-01-14 22:39:00,0.003774,232.471,0.2913,49.974
Afternoon_Low,2020-01-14 22:42:00,0.00467,231.838,0.3535,49.989
Afternoon_Low,2020-01-14 22:45:00,0.005325,229.531,0.3743,50.005
Afternoon_Low,2020-01-14 22:48:00,0.004786,230.503,0.3497,50.001
Afternoon_Low,2020-01-14 22:51:00,0.003066,230.374,0.3137,50.008
Afternoon_Low,2020-01-14 22:54:00,0.004587,230.805,0.3055,50.004
Afternoon_Low,2020-01-14 22:57:00,0.005127,231.591,0.3444,49.978
Afternoon_Low,2020-01-14 23:00:00,0.004988,230.612,0.2818,49.976
Afternoon_Low,2020-01-14 23:03:00,0.005461,230.754,0.32,49.988
Afternoon_Low,2020-01-14 23:06:00,0.004029,231.906,0.276,50.016
Afternoon_Low,2020-01-14 23:09:00,0.00494,231.933,0.3519,49.987
Afternoon_Low,2020-01-14 23:12:00,0.004039,230.357,0.3357,49.991
Afternoon_Low,2020-01-14 23:15:00,0.004828,231.056,0.3112,49.987
Afternoon_Low,2020-01-14 23:18:00,0.003857,230.227,0.2761,49.995
Afternoon_Low,2020-01-14 23:21:00,0.005811,230.636,0.3775,49.989
Afternoon_Low,2020-01-14 23:24:00,0.004721,232.855,0.3975,49.997
Afternoon_Low,2020-01-14 23:27:00,0.004808,231.776,0.3225,49.999
Afternoon_Low,2020-01-14 23:30:00,0.003215,232.397,0.3235,50.01
Afternoon_Low,2020-01-14 23:33:00,0.005292,230.768,0.3351,49.983
Afternoon_Low,2020-01-14 23:36:00,0.007037,230.188,0.4201,49.984
Afternoon_Low,2020-01-14 23:39:00,0.006199,229.776,0.3876,49.985
Afternoon_Low,2020-01-14 23:42:00,0.004644,229.895,0.3422,50.001
Afternoon_Low,2020-01-14 23:45:00,0.005951,231.958,0.4409,49.976
Afternoon_Low,2020-01-14 23:48:00,0.005514,229.929,0.3591,49.979
Afternoon_Low,2020-01-14 23:51:00,0.003111,231.807,0.2833,49.992
Afternoon_Low,2020-01-14 23:54:00,0.003008,229.562,0.3504,49.987
Afternoon_Low,2020-01-14 23:57:00,0.003508,231.234,0.2419,49.998
