meter,x_Timestamp,t_kWh,z_Avg Voltage (Volt),z_Avg Current (Amp),y_Freq (Hz)
Balanced,2020-01-01 00:00:00,0.018816,229.989,0.5014,49.971
Balanced,2020-01-01 00:03:00,0.017948,227.882,0.6455,49.992
Balanced,2020-01-01 00:06:00,0.017683,228.615,0.5668,49.966
Balanced,2020-01-01 00:09:00,0.016682,229.765,0.6099,49.972
Balanced,2020-01-01 00:12:00,0.013156,229.504,0.5173,49.976
Balanced,2020-01-01 00:15:00,0.016917,229.289,0.5272,49.965
Balanced,2020-01-01 00:18:00,0.019623,229.049,0.5826,49.972
Balanced,2020-01-01 00:21:00,0.019473,229.127,0.6283,49.98
Balanced,2020-01-01 00:24:00,0.014542,227.772,0.5213,50.006
Balanced,2020-01-01 00:27:00,0.015951,228.827,0.5309,49.989
Balanced,2020-01-01 00:30:00,0.020866,227.965,0.6376,49.987
Balanced,2020-01-01 00:33:00,0.020037,228.401,0.5779,49.983
Balanced,2020-01-01 00:36:00,0.017023,228.558,0.518,49.995
Balanced,2020-01-01 00:39:00,0.017343,228.46,0.4886,49.99
Balanced,2020-01-01 00:42:00,0.015834,229.208,0.5268,50.001
Balanced,2020-01-01 00:45:00,0.012813,230.041,0.4398,49.978
Balanced,2020-01-01 00:48:00,0.018309,227.592,0.5655,49.988
Balanced,2020-01-01 00:51:00,0.022843,227.798,0.6721,49.962
Balanced,2020-01-01 00:54:00,0.020112,226.785,0.6157,49.968
Balanced,2020-01-01 00:57:00,0.013926,229.539,0.4261,49.99
Balanced,2020-01-01 01:00:00,0.017159,229.201,0.6037,49.996
Balanced,2020-01-01 01:03:00,0.0201,226.621,0.5548,49.984
Balanced,2020-01-01 01:06:00,0.017736,228.783,0.5264,49.967
Balanced,2020-01-01 01:09:00,0.018019,228.765,0.5985,49.978
Balanced,2020-01-01 01:12:00,0.01518,229.013,0.4684,49.989
Balanced,2020-01-01 01:15:00,0.018501,229.491,0.6274,49.996
Balanced,2020-01-01 01:18:00,0.015314,229.396,0.5846,49.961
Balanced,2020-01-01 01:21:00,0.019612,228.466,0.6484,49.997
Balanced,2020-01-01 01:24:00,0.018163,228.645,0.5849,49.979
Balanced,2020-01-01 01:27:00,0.013777,229.41,0.4916,49.986
Balanced,2020-01-01 01:30:00,0.014324,229.541,0.5105,49.993
Balanced,2020-01-01 01:33:00,0.015524,227.74,0.448,49.996
Balanced,2020-01-01 01:36:00,0.015079,228.245,0.5384,50.005
Balanced,2020-01-01 01:39:00,0.019196,228.499,0.5394,49.966
Balanced,2020-01-01 01:42:00,0.015616,229.54,0.4359,49.993
Balanced,2020-01-01 01:45:00,0.017767,229.156,0.557,49.967
Balanced,2020-01-01 01:48:00,0.023577,228.44,0.7067,49.958
Balanced,2020-01-01 01:51:00,0.015288,228.12,0.5623,50.006
Balanced,2020-01-01 01:54:00,0.019539,228.049,0.6092,49.996
Balanced,2020-01-01 01:57:00,0.022227,227.274,0.7199,49.956
Balanced,2020-01-01 02:00:00,0.019438,228.808,0.5683,49.982
Balanced,2020-01-01 02:03:00,0.016719,229.008,0.5386,49.997
Balanced,2020-01-01 02:06:00,0.019282,229.382,0.6125,49.965
Balanced,2020-01-01 02:09:00,0.017063,230.097,0.578,49.978
Balanced,2020-01-01 02:12:00,0.017204,229.367,0.5936,49.987
Balanced,2020-01-01 02:15:00,0.017768,228.535,0.5547,49.996
Balanced,2020-01-01 02:18:00,0.014233,229.32,0.5613,49.973
Balanced,2020-01-01 02:21:00,0.017811,227.054,0.5655,49.983
Balanced,2020-01-01 02:24:00,0.015017,228.979,0.5116,49.966
Balanced,2020-01-01 02:27:00,0.015852,228.664,0.5131,49.983
Balanced,2020-01-01 02:30:00,0.016182,229.644,0.5194,49.992
Balanced,2020-01-01 02:33:00,0.020055,228.209,0.6032,49.979
Balanced,2020-01-01 02:36:00,0.016154,228.973,0.5713,49.976
Balanced,2020-01-01 02:39:00,0.019534,228.596,0.5717,49.991
Balanced,2020-01-01 02:42:00,0.014289,229.042,0.4535,49.984
Balanced,2020-01-01 02:45:00,0.015721,228.669,0.4785,49.976
Balanced,2020-01-01 02:48:00,0.019285,228.301,0.6165,49.981
Balanced,2020-01-01 02:51:00,0.012503,229.757,0.5123,49.987
Balanced,2020-01-01 02:54:00,0.015433,230.391,0.5577,49.967
Balanced,2020-01-01 02:57:00,0.01784,227.715,0.5518,50.002
Balanced,2020-01-01 03:00:00,0.017161,229.566,0.5983,49.991
Balanced,2020-01-01 03:03:00,0.019301,227.374,0.6044,49.988
Balanced,2020-01-01 03:06:00,0.015754,227.56,0.5303,49.986
Balanced,2020-01-01 03:09:00,0.015377,230.707,0.5139,49.991
Balanced,2020-01-01 03:12:00,0.015147,229.411,0.5169,49.974
Balanced,2020-01-01 03:15:00,0.012545,231.756,0.477,50.002
Balanced,2020-01-01 03:18:00,0.014124,229.784,0.5038,50.003
Balanced,2020-01-01 03:21:00,0.015345,228.715,0.5013,50.0
Balanced,2020-01-01 03:24:00,0.016227,227.8,0.5553,49.983
Balanced,2020-01-01 03:27:00,0.016614,227.201,0.5363,49.99
Balanced,2020-01-01 03:30:00,0.012384,228.75,0.4566,49.971
Balanced,2020-01-01 03:33:00,0.01232,229.45,0.4759,49.978
Balanced,2020-01-01 03:36:00,0.018024,227.874,0.6549,49.986
Balanced,2020-01-01 03:39:00,0.017467,229.793,0.6055,49.995
Balanced,2020-01-01 03:42:00,0.015347,230.142,0.5383,49.999
Balanced,2020-01-01 03:45:00,0.012912,229.717,0.5116,49.969
Balanced,2020-01-01 03:48:00,0.015674,229.415,0.5316,49.987
Balanced,2020-01-01 03:51:00,0.019265,229.04,0.6689,49.972
Balanced,2020-01-01 03:54:00,0.016545,229.643,0.4517,49.985
Balanced,2020-01-01 03:57:00,0.015106,229.274,0.5043,49.985
Balanced,2020-01-01 04:00:00,0.016119,228.659,0.568,49.99
Balanced,2020-01-01 04:03:00,0.019,229.162,0.6309,49.977
Balanced,2020-01-01 04:06:00,0.016807,229.222,0.4803,49.987
Balanced,2020-01-01 04:09:00,0.017036,229.54,0.5352,49.989
Balanced,2020-01-01 04:12:00,0.018222,228.999,0.5895,49.986
Balanced,2020-01-01 04:15:00,0.015822,229.509,0.5351,49.964
Balanced,2020-01-01 04:18:00,0.018303,228.668,0.5997,49.979
Balanced,2020-01-01 04:21:00,0.015152,229.324,0.5504,49.958
Balanced,2020-01-01 04:24:00,0.015552,229.285,0.5171,49.975
Balanced,2020-01-01 04:27:00,0.016583,228.136,0.5936,49.979
Balanced,2020-01-01 04:30:00,0.015101,229.128,0.4906,49.983
Balanced,2020-01-01 04:33:00,0.014382,229.252,0.5212,49.976
Balanced,2020-01-01 04:36:00,0.015941,229.753,0.5197,50.003
Balanced,2020-01-01 04:39:00,0.016946,228.934,0.5883,49.976
Balanced,2020-01-01 04:42:00,0.015343,229.303,0.4989,49.986
Balanced,2020-01-01 04:45:00,0.01159,230.316,0.4759,49.987
Balanced,2020-01-01 04:48:00,0.01768,227.928,0.5117,49.95
Balanced,2020-01-01 04:51:00,0.016956,229.463,0.5363,49.995
Balanced,2020-01-01 04:54:00,0.016033,229.688,0.4516,49.986
Balanced,2020-01-01 04:57:00,0.019616,227.234,0.5661,49.986
Balanced,2020-01-01 05:00:00,0.016377,229.076,0.5957,50.005
Balanced,2020-01-01 05:03:00,0.016332,230.727,0.5714,49.993
Balanced,2020-01-01 05:06:00,0.017262,229.619,0.5565,50.005
Balanced,2020-01-01 05:09:00,0.012816,229.674,0.5089,50.003
Balanced,2020-01-01 05:12:00,0.01465,229.627,0.4936,49.993
Balanced,2020-01-01 05:15:00,0.01446,228.398,0.5216,49.958
Balanced,2020-01-01 05:18:00,0.016028,229.814,0.483,49.985
Balanced,2020-01-01 05:21:00,0.016817,228.975,0.5371,49.991
Balanced,2020-01-01 05:24:00,0.010791,229.473,0.4951,50.003
Balanced,2020-01-01 05:27:00,0.01763,228.831,0.5492,49.98
Balanced,2020-01-01 05:30:00,0.015899,229.174,0.5218,49.994
Balanced,2020-01-01 05:33:00,0.016115,230.841,0.5364,49.978
Balanced,2020-01-01 05:36:00,0.01627,229.419,0.5735,49.999
Balanced,2020-01-01 05:39:00,0.010827,231.998,0.418,50.01
Balanced,2020-01-01 05:42:00,0.019319,230.05,0.5999,49.97
Balanced,2020-01-01 05:45:00,0.013497,229.767,0.471,49.987
Balanced,2020-01-01 05:48:00,0.025806,226.852,0.7717,49.965
Balanced,2020-01-01 05:51:00,0.010628,230.715,0.3998,49.97
Balanced,2020-01-01 05:54:00,0.018884,229.246,0.6304,49.982
Balanced,2020-01-01 05:57:00,0.01373,230.808,0.5207,49.996
Balanced,2020-01-01 06:00:00,0.012913,229.673,0.4276,50.013
Balanced,2020-01-01 06:03:00,0.018056,228.91,0.577,49.989
Balanced,2020-01-01 06:06:00,0.018044,229.222,0.5634,49.974
Balanced,2020-01-01 06:09:00,0.018337,229.123,0.5694,49.998
Balanced,2020-01-01 06:12:00,0.01636,230.04,0.5592,49.986
Balanced,2020-01-01 06:15:00,0.014956,229.295,0.4872,49.971
Balanced,2020-01-01 06:18:00,0.01691,228.773,0.541,49.971
Balanced,2020-01-01 06:21:00,0.023272,225.559,0.5924,49.986
Balanced,2020-01-01 06:24:00,0.019784,229.313,0.6184,49.979
Balanced,2020-01-01 06:27:00,0.018384,228.301,0.6174,49.983
Balanced,2020-01-01 06:30:00,0.020385,227.476,0.6568,50.0
Balanced,2020-01-01 06:33:00,0.018381,229.471,0.5785,49.985
Balanced,2020-01-01 06:36:00,0.019596,228.901,0.6882,49.976
Balanced,2020-01-01 06:39:00,0.016402,228.257,0.5671,49.971
Balanced,2020-01-01 06:42:00,0.014596,229.03,0.4713,49.995
Balanced,2020-01-01 06:45:00,0.019449,228.03,0.6373,49.979
Balanced,2020-01-01 06:48:00,0.017815,228.833,0.5863,49.979
Balanced,2020-01-01 06:51:00,0.019106,227.784,0.6279,49.985
Balanced,2020-01-01 06:54:00,0.023634,228.018,0.6252,49.987
Balanced,2020-01-01 06:57:00,0.019778,227.448,0.6439,49.975
Balanced,2020-01-01 07:00:00,0.021591,228.263,0.6726,49.992
Balanced,2020-01-01 07:03:00,0.024089,226.997,0.6842,49.979
Balanced,2020-01-01 07:06:00,0.022157,227.84,0.683,49.977
Balanced,2020-01-01 07:09:00,0.022817,229.158,0.6602,49.98
Balanced,2020-01-01 07:12:00,0.020135,227.752,0.5855,49.975
Balanced,2020-01-01 07:15:00,0.018301,228.87,0.5627,49.991
Balanced,2020-01-01 07:18:00,0.021757,227.683,0.6725,49.988
Balanced,2020-01-01 07:21:00,0.018976,228.708,0.5952,49.986
Balanced,2020-01-01 07:24:00,0.020425,227.596,0.5928,49.979
Balanced,2020-01-01 07:27:00,0.020842,228.791,0.6307,49.975
Balanced,2020-01-01 07:30:00,0.030045,225.692,0.773,49.984
Balanced,2020-01-01 07:33:00,0.017348,227.809,0.5272,49.963
Balanced,2020-01-01 07:36:00,0.017935,229.916,0.613,49.988
Balanced,2020-01-01 07:39:00,0.027145,227.224,0.6914,49.968
Balanced,2020-01-01 07:42:00,0.025003,227.793,0.6712,49.981
Balanced,2020-01-01 07:45:00,0.016817,227.415,0.5325,49.989
Balanced,2020-01-01 07:48:00,0.025668,227.586,0.7244,49.993
Balanced,2020-01-01 07:51:00,0.030694,225.466,0.7697,49.97
Balanced,2020-01-01 07:54:00,0.015836,229.21,0.4544,49.976
Balanced,2020-01-01 07:57:00,0.020531,229.023,0.6271,49.97
Balanced,2020-01-01 08:00:00,0.017484,228.746,0.5204,49.98
Balanced,2020-01-01 08:03:00,0.01377,229.165,0.44,49.99
Balanced,2020-01-01 08:06:00,0.021348,228.854,0.5385,49.972
Balanced,2020-01-01 08:09:00,0.024332,227.834,0.6877,49.988
Balanced,2020-01-01 08:12:00,0.020793,228.261,0.6136,49.967
Balanced,2020-01-01 08:15:00,0.022489,227.206,0.6855,49.98
Balanced,2020-01-01 08:18:00,0.020168,228.032,0.6254,50.002
Balanced,2020-01-01 08:21:00,0.018258,228.201,0.5045,49.995
Balanced,2020-01-01 08:24:00,0.019908,228.952,0.6433,50.002
Balanced,2020-01-01 08:27:00,0.023389,227.02,0.601,49.972
Balanced,2020-01-01 08:30:00,0.017536,229.621,0.4888,49.977
Balanced,2020-01-01 08:33:00,0.022476,227.405,0.6712,49.969
Balanced,2020-01-01 08:36:00,0.016239,229.972,0.5628,50.008
Balanced,2020-01-01 08:39:00,0.019889,229.426,0.5787,49.986
Balanced,2020-01-01 08:42:00,0.015783,228.723,0.5094,49.993
Balanced,2020-01-01 08:45:00,0.016294,228.492,0.5594,49.996
Balanced,2020-01-01 08:48:00,0.02315,227.769,0.7161,49.97
Balanced,2020-01-01 08:51:00,0.016333,229.353,0.5003,49.973
Balanced,2020-01-01 08:54:00,0.021003,228.127,0.6377,49.982
Balanced,2020-01-01 08:57:00,0.021114,227.79,0.6439,49.976
Balanced,2020-01-01 09:00:00,0.021413,228.286,0.6392,49.998
Balanced,2020-01-01 09:03:00,0.014692,228.976,0.5,49.963
Balanced,2020-01-01 09:06:00,0.019422,229.369,0.6665,49.993
Balanced,2020-01-01 09:09:00,0.017781,228.844,0.6112,49.979
Balanced,2020-01-01 09:12:00,0.014068,228.661,0.5222,49.984
Balanced,2020-01-01 09:15:00,0.022207,228.32,0.6376,49.974
Balanced,2020-01-01 09:18:00,0.021213,229.027,0.5838,49.973
Balanced,2020-01-01 09:21:00,0.02173,228.204,0.6196,49.986
Balanced,2020-01-01 09:24:00,0.019375,228.993,0.6469,49.981
Balanced,2020-01-01 09:27:00,0.018099,227.847,0.6195,49.989
Balanced,2020-01-01 09:30:00,0.019212,227.411,0.5809,49.998
Balanced,2020-01-01 09:33:00,0.018234,228.749,0.5881,50.004
Balanced,2020-01-01 09:36:00,0.02527,229.395,0.7394,49.957
Balanced,2020-01-01 09:39:00,0.017588,228.593,0.5935,49.958
Balanced,2020-01-01 09:42:00,0.018189,229.446,0.6037,49.979
Balanced,2020-01-01 09:45:00,0.023478,227.731,0.6815,49.987
Balanced,2020-01-01 09:48:00,0.016476,228.606,0.6122,49.971
Balanced,2020-01-01 09:51:00,0.015715,228.443,0.549,49.996
Balanced,2020-01-01 09:54:00,0.018118,228.894,0.6168,49.984
Balanced,2020-01-01 09:57:00,0.01626,229.732,0.558,50.011
Balanced,2020-01-01 10:00:00,0.018095,227.946,0.5853,49.991
Balanced,2020-01-01 10:03:00,0.016592,230.086,0.4353,50.01
Balanced,2020-01-01 10:06:00,0.018371,227.708,0.5916,49.997
Balanced,2020-01-01 10:09:00,0.019225,227.171,0.5685,49.965
Balanced,2020-01-01 10:12:00,0.01809,227.54,0.5755,49.988
Balanced,2020-01-01 10:15:00,0.016281,229.482,0.5045,49.996
Balanced,2020-01-01 10:18:00,0.018604,227.792,0.6002,49.989
Balanced,2020-01-01 10:21:00,0.021123,227.863,0.6623,49.963
Balanced,2020-01-01 10:24:00,0.018387,229.088,0.5821,49.999
Balanced,2020-01-01 10:27:00,0.017849,228.113,0.5467,49.988
Balanced,2020-01-01 10:30:00,0.016624,229.023,0.5021,49.998
Balanced,2020-01-01 10:33:00,0.015902,228.392,0.5602,49.996
Balanced,2020-01-01 10:36:00,0.022907,227.535,0.6513,49.977
Balanced,2020-01-01 10:39:00,0.019605,228.894,0.6105,49.998
Balanced,2020-01-01 10:42:00,0.016715,228.097,0.5413,49.989
Balanced,2020-01-01 10:45:00,0.014458,228.123,0.4919,49.983
Balanced,2020-01-01 10:48:00,0.019762,227.379,0.5927,49.969
Balanced,2020-01-01 10:51:00,0.009901,230.082,0.424,49.996
Balanced,2020-01-01 10:54:00,0.015223,229.994,0.5716,49.998
Balanced,2020-01-01 10:57:00,0.016239,230.326,0.5403,49.985
Balanced,2020-01-01 11:00:00,0.017976,229.288,0.5496,49.995
Balanced,2020-01-01 11:03:00,0.017958,229.708,0.4632,50.001
Balanced,2020-01-01 11:06:00,0.015292,229.786,0.5192,49.983
Balanced,2020-01-01 11:09:00,0.015326,228.865,0.5514,49.997
Balanced,2020-01-01 11:12:00,0.015012,230.933,0.5101,49.995
Balanced,2020-01-01 11:15:00,0.021628,227.193,0.6445,49.969
Balanced,2020-01-01 11:18:00,0.020515,228.029,0.5889,49.979
Balanced,2020-01-01 11:21:00,0.017792,228.966,0.5416,49.969
Balanced,2020-01-01 11:24:00,0.015417,227.621,0.5485,50.005
Balanced,2020-01-01 11:27:00,0.019354,228.381,0.6,49.985
Balanced,2020-01-01 11:30:00,0.015544,230.23,0.532,49.968
Balanced,2020-01-01 11:33:00,0.013772,230.164,0.4645,49.999
Balanced,2020-01-01 11:36:00,0.017309,229.32,0.6092,49.962
Balanced,2020-01-01 11:39:00,0.021097,229.63,0.6688,49.993
Balanced,2020-01-01 11:42:00,0.023117,227.602,0.6254,50.003
Balanced,2020-01-01 11:45:00,0.012482,229.328,0.488,49.982
Balanced,2020-01-01 11:48:00,0.015764,228.216,0.5651,49.984
Balanced,2020-01-01 11:51:00,0.015329,229.129,0.5741,49.98
Balanced,2020-01-01 11:54:00,0.015526,228.878,0.5365,49.985
Balanced,2020-01-01 11:57:00,0.01627,228.035,0.5971,50.001
Balanced,2020-01-01 12:00:00,0.020604,228.512,0.6196,49.975
Balanced,2020-01-01 12:03:00,0.018559,227.898,0.6043,49.988
Balanced,2020-01-01 12:06:00,0.015662,229.512,0.5202,49.994
Balanced,2020-01-01 12:09:00,0.018305,227.712,0.5942,49.977
Balanced,2020-01-01 12:12:00,0.022513,227.014,0.6538,49.997
Balanced,2020-01-01 12:15:00,0.014764,229.625,0.5152,49.996
Balanced,2020-01-01 12:18:00,0.018538,228.811,0.5593,49.975
Balanced,2020-01-01 12:21:00,0.022089,228.057,0.6428,49.982
Balanced,2020-01-01 12:24:00,0.020623,227.133,0.6559,49.978
Balanced,2020-01-01 12:27:00,0.017599,229.424,0.5965,49.979
Balanced,2020-01-01 12:30:00,0.02424,227.111,0.6766,49.981
Balanced,2020-01-01 12:33:00,0.017915,228.241,0.5121,49.965
Balanced,2020-01-01 12:36:00,0.018855,229.278,0.5985,50.003
Balanced,2020-01-01 12:39:00,0.016667,227.67,0.5582,49.971
Balanced,2020-01-01 12:42:00,0.015058,229.532,0.5313,49.982
Balanced,2020-01-01 12:45:00,0.026885,226.535,0.7336,49.983
Balanced,2020-01-01 12:48:00,0.013551,227.738,0.4486,49.997
Balanced,2020-01-01 12:51:00,0.018091,228.19,0.6245,49.978
Balanced,2020-01-01 12:54:00,0.020279,227.874,0.6496,49.984
Balanced,2020-01-01 12:57:00,0.026095,225.594,0.7287,49.988
Balanced,2020-01-01 13:00:00,0.015833,229.324,0.4708,49.958
Balanced,2020-01-01 13:03:00,0.015139,228.824,0.5594,49.99
Balanced,2020-01-01 13:06:00,0.020437,228.273,0.5242,49.999
Balanced,2020-01-01 13:09:00,0.016687,229.851,0.5688,49.98
Balanced,2020-01-01 13:12:00,0.016923,227.71,0.5776,49.986
Balanced,2020-01-01 13:15:00,0.020563,228.905,0.6108,49.975
Balanced,2020-01-01 13:18:00,0.026638,226.475,0.6974,49.959
Balanced,2020-01-01 13:21:00,0.015378,229.188,0.5245,49.97
Balanced,2020-01-01 13:24:00,0.027742,226.531,0.772,49.979
Balanced,2020-01-01 13:27:00,0.020567,228.081,0.6576,49.972
Balanced,2020-01-01 13:30:00,0.015479,228.975,0.4887,49.995
Balanced,2020-01-01 13:33:00,0.020474,227.882,0.6606,49.992
Balanced,2020-01-01 13:36:00,0.018576,228.695,0.6175,49.999
Balanced,2020-01-01 13:39:00,0.019143,227.177,0.5769,49.982
Balanced,2020-01-01 13:42:00,0.020673,227.725,0.6309,49.995
Balanced,2020-01-01 13:45:00,0.017393,229.567,0.607,49.98
Balanced,2020-01-01 13:48:00,0.022873,228.471,0.6355,49.98
Balanced,2020-01-01 13:51:00,0.017337,229.914,0.5024,50.003
Balanced,2020-01-01 13:54:00,0.017132,228.925,0.5945,49.971
Balanced,2020-01-01 13:57:00,0.016112,227.869,0.5792,49.979
Balanced,2020-01-01 14:00:00,0.020692,227.539,0.6486,49.99
Balanced,2020-01-01 14:03:00,0.021586,227.678,0.6043,50.001
Balanced,2020-01-01 14:06:00,0.019331,228.114,0.6087,49.974
Balanced,2020-01-01 14:09:00,0.023523,227.537,0.5885,49.975
Balanced,2020-01-01 14:12:00,0.021623,229.623,0.6451,49.977
Balanced,2020-01-01 14:15:00,0.02276,229.043,0.6699,49.983
Balanced,2020-01-01 14:18:00,0.026703,226.173,0.7885,49.98
Balanced,2020-01-01 14:21:00,0.020282,228.808,0.6063,50.003
Balanced,2020-01-01 14:24:00,0.017922,228.532,0.6104,49.978
Balanced,2020-01-01 14:27:00,0.018466,227.832,0.5101,49.976
Balanced,2020-01-01 14:30:00,0.021787,228.239,0.6733,49.979
Balanced,2020-01-01 14:33:00,0.013998,228.591,0.4915,49.994
Balanced,2020-01-01 14:36:00,0.025339,227.021,0.7017,49.974
Balanced,2020-01-01 14:39:00,0.01812,229.086,0.6056,49.972
Balanced,2020-01-01 14:42:00,0.017012,228.172,0.5141,49.99
Balanced,2020-01-01 14:45:00,0.01758,228.842,0.5654,49.962
Balanced,2020-01-01 14:48:00,0.020391,227.547,0.6671,49.994
Balanced,2020-01-01 14:51:00,0.023131,226.988,0.6173,49.973
Balanced,2020-01-01 14:54:00,0.016946,229.228,0.5127,49.988
Balanced,2020-01-01 14:57:00,0.020877,228.185,0.6179,49.988
Balanced,2020-01-01 15:00:00,0.019516,228.737,0.562,49.968
Balanced,2020-01-01 15:03:00,0.020502,228.711,0.5659,49.982
Balanced,2020-01-01 15:06:00,0.019371,227.687,0.5353,49.988
Balanced,2020-01-01 15:09:00,0.019136,228.073,0.6062,49.984
Balanced,2020-01-01 15:12:00,0.020299,228.334,0.5589,49.974
Balanced,2020-01-01 15:15:00,0.021428,228.194,0.619,49.97
Balanced,2020-01-01 15:18:00,0.020766,227.601,0.6059,49.977
Balanced,2020-01-01 15:21:00,0.01856,230.047,0.5994,49.98
Balanced,2020-01-01 15:24:00,0.021665,228.73,0.6721,49.963
Balanced,2020-01-01 15:27:00,0.022102,228.563,0.6458,49.988
Balanced,2020-01-01 15:30:00,0.020745,227.782,0.613,49.974
Balanced,2020-01-01 15:33:00,0.018538,229.568,0.5218,49.977
Balanced,2020-01-01 15:36:00,0.013334,230.388,0.5108,50.005
Balanced,2020-01-01 15:39:00,0.016223,229.483,0.5534,49.966
Balanced,2020-01-01 15:42:00,0.019181,229.164,0.6132,49.983
Balanced,2020-01-01 15:45:00,0.024812,227.804,0.6934,49.978
Balanced,2020-01-01 15:48:00,0.021052,229.102,0.5714,49.992
Balanced,2020-01-01 15:51:00,0.014033,229.977,0.5041,49.977
Balanced,2020-01-01 15:54:00,0.017893,229.727,0.6039,49.996
Balanced,2020-01-01 15:57:00,0.020542,227.009,0.5993,49.975
Balanced,2020-01-01 16:00:00,0.017017,228.711,0.5878,49.985
Balanced,2020-01-01 16:03:00,0.022358,227.849,0.6405,49.989
Balanced,2020-01-01 16:06:00,0.022679,226.387,0.6181,49.984
Balanced,2020-01-01 16:09:00,0.024366,228.312,0.7493,49.979
Balanced,2020-01-01 16:12:00,0.017,229.198,0.5533,49.979
Balanced,2020-01-01 16:15:00,0.015805,228.684,0.532,49.975
Balanced,2020-01-01 16:18:00,0.014141,228.76,0.5091,49.972
Balanced,2020-01-01 16:21:00,0.017306,230.172,0.5529,49.99
Balanced,2020-01-01 16:24:00,0.01456,228.911,0.5138,49.991
Balanced,2020-01-01 16:27:00,0.017474,230.928,0.539,49.984
Balanced,2020-01-01 16:30:00,0.018699,229.064,0.6103,49.999
Balanced,2020-01-01 16:33:00,0.021408,229.082,0.6437,49.97
Balanced,2020-01-01 16:36:00,0.020307,230.02,0.6119,49.997
Balanced,2020-01-01 16:39:00,0.013233,228.961,0.5001,49.993
Balanced,2020-01-01 16:42:00,0.019198,228.248,0.6194,49.978
Balanced,2020-01-01 16:45:00,0.017773,227.72,0.5207,49.973
Balanced,2020-01-01 16:48:00,0.015571,229.064,0.5401,49.996
Balanced,2020-01-01 16:51:00,0.015173,230.168,0.5318,49.989
Balanced,2020-01-01 16:54:00,0.019254,228.188,0.6058,49.982
Balanced,2020-01-01 16:57:00,0.018798,228.162,0.6013,50.004
Balanced,2020-01-01 17:00:00,0.016627,228.316,0.603,49.983
Balanced,2020-01-01 17:03:00,0.016721,228.089,0.6113,49.972
Balanced,2020-01-01 17:06:00,0.01342,228.85,0.4833,49.985
Balanced,2020-01-01 17:09:00,0.020355,228.075,0.66,49.989
Balanced,2020-01-01 17:12:00,0.018972,226.846,0.6537,49.976
Balanced,2020-01-01 17:15:00,0.016562,228.361,0.5926,49.981
Balanced,2020-01-01 17:18:00,0.016783,228.768,0.5939,49.989
Balanced,2020-01-01 17:21:00,0.015951,229.058,0.571,49.99
Balanced,2020-01-01 17:24:00,0.019732,227.238,0.5865,49.96
Balanced,2020-01-01 17:27:00,0.019946,228.391,0.5527,49.98
Balanced,2020-01-01 17:30:00,0.019328,227.861,0.5571,49.989
Balanced,2020-01-01 17:33:00,0.015399,229.367,0.5032,49.969
Balanced,2020-01-01 17:36:00,0.015347,228.987,0.5145,49.978
Balanced,2020-01-01 17:39:00,0.021252,227.055,0.6376,50.0
Balanced,2020-01-01 17:42:00,0.018297,229.867,0.5576,49.974
Balanced,2020-01-01 17:45:00,0.022028,228.169,0.667,49.988
Balanced,2020-01-01 17:48:00,0.018617,228.664,0.5943,49.971
Balanced,2020-01-01 17:51:00,0.018126,229.744,0.5934,49.999
Balanced,2020-01-01 17:54:00,0.02187,227.681,0.6833,49.993
Balanced,2020-01-01 17:57:00,0.023636,227.645,0.7024,49.968
Balanced,2020-01-01 18:00:00,0.021465,227.773,0.6659,49.984
Balanced,2020-01-01 18:03:00,0.023486,227.691,0.6645,49.977
Balanced,2020-01-01 18:06:00,0.023647,227.475,0.655,49.966
Balanced,2020-01-01 18:09:00,0.021837,227.095,0.6483,49.983
Balanced,2020-01-01 18:12:00,0.018795,227.816,0.5745,49.979
Balanced,2020-01-01 18:15:00,0.017388,229.358,0.5842,49.981
Balanced,2020-01-01 18:18:00,0.022951,225.483,0.644,49.974
Balanced,2020-01-01 18:21:00,0.026293,225.769,0.6707,49.967
Balanced,2020-01-01 18:24:00,0.02266,226.818,0.624,49.97
Balanced,2020-01-01 18:27:00,0.026605,228.415,0.7464,49.983
Balanced,2020-01-01 18:30:00,0.020992,228.627,0.6328,49.965
Balanced,2020-01-01 18:33:00,0.022347,229.2,0.6093,49.979
Balanced,2020-01-01 18:36:00,0.019243,228.348,0.5623,49.99
Balanced,2020-01-01 18:39:00,0.019837,227.53,0.5836,49.994
Balanced,2020-01-01 18:42:00,0.014573,228.301,0.5825,49.988
Balanced,2020-01-01 18:45:00,0.018966,227.089,0.5117,49.978
Balanced,2020-01-01 18:48:00,0.018714,227.38,0.5909,49.987
Balanced,2020-01-01 18:51:00,0.017753,228.977,0.5568,49.986
Balanced,2020-01-01 18:54:00,0.021973,229.855,0.6857,49.976
Balanced,2020-01-01 18:57:00,0.020609,228.975,0.6308,49.973
Balanced,2020-01-01 19:00:00,0.016958,228.191,0.4729,50.006
Balanced,2020-01-01 19:03:00,0.023593,228.586,0.6623,49.966
Balanced,2020-01-01 19:06:00,0.024587,228.452,0.6467,49.971
Balanced,2020-01-01 19:09:00,0.023989,227.207,0.6661,49.979
Balanced,2020-01-01 19:12:00,0.018045,229.422,0.6194,49.974
Balanced,2020-01-01 19:15:00,0.01888,228.362,0.5593,49.969
Balanced,2020-01-01 19:18:00,0.02787,226.91,0.7106,49.98
Balanced,2020-01-01 19:21:00,0.019407,228.966,0.6268,49.979
Balanced,2020-01-01 19:24:00,0.024156,227.51,0.7069,49.977
Balanced,2020-01-01 19:27:00,0.021236,228.096,0.6809,49.973
Balanced,2020-01-01 19:30:00,0.018202,229.104,0.6174,49.984
Balanced,2020-01-01 19:33:00,0.024767,226.803,0.6269,49.972
Balanced,2020-01-01 19:36:00,0.027876,225.152,0.7645,49.967
Balanced,2020-01-01 19:39:00,0.027763,228.218,0.7575,49.984
Balanced,2020-01-01 19:42:00,0.021498,228.641,0.5659,49.996
Balanced,2020-01-01 19:45:00,0.016728,229.324,0.5182,49.964
Balanced,2020-01-01 19:48:00,0.027533,227.317,0.7522,49.99
Balanced,2020-01-01 19:51:00,0.016818,228.682,0.568,49.971
Balanced,2020-01-01 19:54:00,0.028435,227.975,0.6855,49.98
Balanced,2020-01-01 19:57:00,0.022959,228.341,0.6506,49.974
Balanced,2020-01-01 20:00:00,0.0254,225.747,0.688,49.984
Balanced,2020-01-01 20:03:00,0.027727,227.68,0.7579,49.972
Balanced,2020-01-01 20:06:00,0.019535,227.819,0.6436,49.967
Balanced,2020-01-01 20:09:00,0.028426,227.229,0.7122,49.998
Balanced,2020-01-01 20:12:00,0.024131,227.27,0.6798,49.976
Balanced,2020-01-01 20:15:00,0.023594,227.82,0.6442,49.983
Balanced,2020-01-01 20:18:00,0.015848,227.985,0.5588,49.995
Balanced,2020-01-01 20:21:00,0.018854,228.265,0.5996,49.99
Balanced,2020-01-01 20:24:00,0.026833,227.428,0.7911,49.979
Balanced,2020-01-01 20:27:00,0.025897,225.965,0.7383,49.985
Balanced,2020-01-01 20:30:00,0.028098,226.627,0.7419,49.977
Balanced,2020-01-01 20:33:00,0.025955,227.974,0.75,49.979
Balanced,2020-01-01 20:36:00,0.025042,228.034,0.6486,49.997
Balanced,2020-01-01 20:39:00,0.018118,228.627,0.64,49.982
Balanced,2020-01-01 20:42:00,0.025643,227.179,0.6835,49.99
Balanced,2020-01-01 20:45:00,0.025423,227.986,0.7095,49.986
Balanced,2020-01-01 20:48:00,0.029945,227.221,0.7674,49.955
Balanced,2020-01-01 20:51:00,0.02092,228.352,0.6366,49.986
Balanced,2020-01-01 20:54:00,0.022142,228.868,0.6123,49.977
Balanced,2020-01-01 20:57:00,0.022636,226.988,0.6568,49.987
Balanced,2020-01-01 21:00:00,0.022318,227.384,0.5767,49.987
Balanced,2020-01-01 21:03:00,0.017488,227.933,0.5524,49.982
Balanced,2020-01-01 21:06:00,0.024738,227.344,0.711,49.98
Balanced,2020-01-01 21:09:00,0.025175,227.371,0.6898,49.962
Balanced,2020-01-01 21:12:00,0.025941,227.482,0.646,50.008
Balanced,2020-01-01 21:15:00,0.017199,229.022,0.4915,49.982
Balanced,2020-01-01 21:18:00,0.023709,228.027,0.6773,49.97
Balanced,2020-01-01 21:21:00,0.02359,228.82,0.6846,49.985
Balanced,2020-01-01 21:24:00,0.02714,226.827,0.7293,49.962
Balanced,2020-01-01 21:27:00,0.024527,225.273,0.7008,49.971
Balanced,2020-01-01 21:30:00,0.015875,229.598,0.5289,49.99
Balanced,2020-01-01 21:33:00,0.019529,230.015,0.6003,49.979
Balanced,2020-01-01 21:36:00,0.017873,229.379,0.5197,49.989
Balanced,2020-01-01 21:39:00,0.019001,228.62,0.5963,49.973
Balanced,2020-01-01 21:42:00,0.020426,227.393,0.5868,49.98
Balanced,2020-01-01 21:45:00,0.017715,228.713,0.6061,49.971
Balanced,2020-01-01 21:48:00,0.023503,228.674,0.6753,49.963
Balanced,2020-01-01 21:51:00,0.021318,226.73,0.5772,49.954
Balanced,2020-01-01 21:54:00,0.016609,228.213,0.5471,50.013
Balanced,2020-01-01 21:57:00,0.024978,228.139,0.6972,49.982
Balanced,2020-01-01 22:00:00,0.022568,228.705,0.6858,49.978
Balanced,2020-01-01 22:03:00,0.021515,227.038,0.5976,49.974
Balanced,2020-01-01 22:06:00,0.019607,227.894,0.6098,49.998
Balanced,2020-01-01 22:09:00,0.024321,227.744,0.6475,49.965
Balanced,2020-01-01 22:12:00,0.019084,228.225,0.5924,49.99
Balanced,2020-01-01 22:15:00,0.019537,227.838,0.6241,49.994
Balanced,2020-01-01 22:18:00,0.018502,228.696,0.5944,49.997
Balanced,2020-01-01 22:21:00,0.02047,227.098,0.6269,49.988
Balanced,2020-01-01 22:24:00,0.016327,229.662,0.5891,49.998
Balanced,2020-01-01 22:27:00,0.02148,228.622,0.5996,49.975
Balanced,2020-01-01 22:30:00,0.022601,229.028,0.6435,49.979
Balanced,2020-01-01 22:33:00,0.017554,229.677,0.6387,49.985
Balanced,2020-01-01 22:36:00,0.021101,227.578,0.5641,49.981
Balanced,2020-01-01 22:39:00,0.02019,229.293,0.5738,49.998
Balanced,2020-01-01 22:42:00,0.017935,228.997,0.483,49.992
Balanced,2020-01-01 22:45:00,0.021454,227.242,0.6686,49.954
Balanced,2020-01-01 22:48:00,0.021583,227.404,0.6331,49.98
Balanced,2020-01-01 22:51:00,0.019968,228.23,0.592,49.971
Balanced,2020-01-01 22:54:00,0.017559,227.864,0.561,49.991
Balanced,2020-01-01 22:57:00,0.018665,228.632,0.552,49.98
Balanced,2020-01-01 23:00:00,0.016681,228.666,0.6026,49.984
Balanced,2020-01-01 23:03:00,0.022103,227.957,0.5951,49.987
Balanced,2020-01-01 23:06:00,0.022658,227.845,0.6762,49.976
Balanced,2020-01-01 23:09:00,0.013763,229.183,0.4449,49.988
Balanced,2020-01-01 23:12:00,0.019352,227.412,0.6177,49.958
Balanced,2020-01-01 23:15:00,0.018564,227.615,0.6178,49.964
Balanced,2020-01-01 23:18:00,0.014554,228.99,0.5173,49.988
Balanced,2020-01-01 23:21:00,0.020779,229.393,0.6041,49.949
Balanced,2020-01-01 23:24:00,0.015881,229.453,0.5269,49.996
Balanced,2020-01-01 23:27:00,0.017667,229.304,0.5377,49.984
Balanced,2020-01-01 23:30:00,0.019054,228.792,0.6427,49.979
Balanced,2020-01-01 23:33:00,0.014985,229.677,0.5302,49.99
Balanced,2020-01-01 23:36:00,0.021351,229.08,0.6272,49.97
Balanced,2020-01-01 23:39:00,0.020603,229.155,0.5892,49.969
Balanced,2020-01-01 23:42:00,0.01789,227.982,0.631,49.974
Balanced,2020-01-01 23:45:00,0.012539,231.299,0.4853,49.992
Balanced,2020-01-01 23:48:00,0.017644,228.244,0.5879,49.977
Balanced,2020-01-01 23:51:00,0.019685,228.983,0.6185,50.002
Balanced,2020-01-01 23:54:00,0.014978,228.209,0.5258,50.005
Balanced,2020-01-01 23:57:00,0.011348,228.993,0.4854,49.989
Balanced,2020-01-02 00:00:00,0.01518,228.59,0.4993,49.969
Balanced,2020-01-02 00:03:00,0.022707,228.182,0.655,49.965
Balanced,2020-01-02 00:06:00,0.016605,228.968,0.5691,50.005
Balanced,2020-01-02 00:09:00,0.016971,228.762,0.5806,49.986
Balanced,2020-01-02 00:12:00,0.019197,228.934,0.5877,49.962
Balanced,2020-01-02 00:15:00,0.017646,229.881,0.5683,49.982
Balanced,2020-01-02 00:18:00,0.025625,227.407,0.7158,49.97
Balanced,2020-01-02 00:21:00,0.014567,228.344,0.5142,49.995
Balanced,2020-01-02 00:24:00,0.015226,228.113,0.5479,49.997
Balanced,2020-01-02 00:27:00,0.020919,229.892,0.6628,49.995
Balanced,2020-01-02 00:30:00,0.015298,228.695,0.5772,49.999
Balanced,2020-01-02 00:33:00,0.016717,228.507,0.6002,49.987
Balanced,2020-01-02 00:36:00,0.015637,227.308,0.5913,49.988
Balanced,2020-01-02 00:39:00,0.022777,227.375,0.7093,49.986
Balanced,2020-01-02 00:42:00,0.018586,228.453,0.6384,49.983
Balanced,2020-01-02 00:45:00,0.023823,227.755,0.644,49.997
Balanced,2020-01-02 00:48:00,0.014964,229.066,0.5215,49.962
Balanced,2020-01-02 00:51:00,0.017257,228.809,0.5337,50.001
Balanced,2020-01-02 00:54:00,0.017897,228.977,0.5255,49.995
Balanced,2020-01-02 00:57:00,0.018829,227.374,0.6052,49.984
Balanced,2020-01-02 01:00:00,0.017881,227.467,0.5616,49.986
Balanced,2020-01-02 01:03:00,0.016539,229.738,0.5517,49.988
Balanced,2020-01-02 01:06:00,0.021631,227.358,0.6448,49.986
Balanced,2020-01-02 01:09:00,0.013222,229.255,0.4859,49.96
Balanced,2020-01-02 01:12:00,0.017472,228.202,0.5946,49.979
Balanced,2020-01-02 01:15:00,0.017737,228.658,0.5391,49.985
Balanced,2020-01-02 01:18:00,0.018037,228.039,0.6001,49.975
Balanced,2020-01-02 01:21:00,0.013848,230.693,0.5079,49.984
Balanced,2020-01-02 01:24:00,0.01319,228.74,0.5162,49.995
Balanced,2020-01-02 01:27:00,0.015974,229.166,0.4554,49.987
Balanced,2020-01-02 01:30:00,0.018053,227.458,0.61,49.989
Balanced,2020-01-02 01:33:00,0.023085,227.092,0.6238,49.962
Balanced,2020-01-02 01:36:00,0.011823,229.885,0.4396,49.988
Balanced,2020-01-02 01:39:00,0.020628,229.473,0.6363,49.973
Balanced,2020-01-02 01:42:00,0.018776,227.195,0.532,49.979
Balanced,2020-01-02 01:45:00,0.014595,229.179,0.5028,49.989
Balanced,2020-01-02 01:48:00,0.020561,229.579,0.5928,49.976
Balanced,2020-01-02 01:51:00,0.016016,228.301,0.5705,49.985
Balanced,2020-01-02 01:54:00,0.015778,229.63,0.6172,49.998
Balanced,2020-01-02 01:57:00,0.01873,228.962,0.579,49.987
Balanced,2020-01-02 02:00:00,0.016093,228.744,0.5297,49.96
Balanced,2020-01-02 02:03:00,0.01359,229.079,0.4772,50.004
Balanced,2020-01-02 02:06:00,0.016483,228.188,0.5541,49.973
Balanced,2020-01-02 02:09:00,0.018531,229.077,0.5525,49.98
Balanced,2020-01-02 02:12:00,0.014162,229.07,0.5094,49.972
Balanced,2020-01-02 02:15:00,0.017036,229.566,0.5754,49.996
Balanced,2020-01-02 02:18:00,0.010072,231.132,0.4329,49.978
Balanced,2020-01-02 02:21:00,0.01881,229.614,0.5758,49.983
Balanced,2020-01-02 02:24:00,0.016016,229.696,0.5005,49.98
Balanced,2020-01-02 02:27:00,0.017326,228.362,0.5294,49.983
Balanced,2020-01-02 02:30:00,0.018747,227.19,0.5538,49.992
Balanced,2020-01-02 02:33:00,0.013527,229.078,0.5353,49.992
Balanced,2020-01-02 02:36:00,0.015709,229.002,0.514,50.005
Balanced,2020-01-02 02:39:00,0.014549,229.862,0.5035,50.002
Balanced,2020-01-02 02:42:00,0.011587,229.341,0.4155,50.012
Balanced,2020-01-02 02:45:00,0.013718,229.095,0.5094,49.975
Balanced,2020-01-02 02:48:00,0.012216,230.398,0.4351,50.02
Balanced,2020-01-02 02:51:00,0.014031,229.976,0.5519,49.965
Balanced,2020-01-02 02:54:00,0.016101,228.972,0.5817,49.996
Balanced,2020-01-02 02:57:00,0.018564,227.881,0.5643,50.007
Balanced,2020-01-02 03:00:00,0.010837,229.482,0.444,49.987
Balanced,2020-01-02 03:03:00,0.013122,229.591,0.4967,49.993
Balanced,2020-01-02 03:06:00,0.01497,229.444,0.5213,49.983
Balanced,2020-01-02 03:09:00,0.013026,230.798,0.4317,49.982
Balanced,2020-01-02 03:12:00,0.012687,229.173,0.4512,49.977
Balanced,2020-01-02 03:15:00,0.019681,228.977,0.6517,49.971
Balanced,2020-01-02 03:18:00,0.013874,228.958,0.4934,49.975
Balanced,2020-01-02 03:21:00,0.015526,228.042,0.5643,49.999
Balanced,2020-01-02 03:24:00,0.016368,229.032,0.5055,49.989
Balanced,2020-01-02 03:27:00,0.018025,228.983,0.5846,49.983
Balanced,2020-01-02 03:30:00,0.018079,229.116,0.5671,49.979
Balanced,2020-01-02 03:33:00,0.014931,229.774,0.5269,49.981
Balanced,2020-01-02 03:36:00,0.015785,228.132,0.5359,49.985
Balanced,2020-01-02 03:39:00,0.01514,228.555,0.5491,49.977
Balanced,2020-01-02 03:42:00,0.017189,229.531,0.5406,49.966
Balanced,2020-01-02 03:45:00,0.013273,230.192,0.5163,49.975
Balanced,2020-01-02 03:48:00,0.012315,229.671,0.5137,49.995
Balanced,2020-01-02 03:51:00,0.014505,227.921,0.4984,49.993
Balanced,2020-01-02 03:54:00,0.01657,227.875,0.5945,50.014
Balanced,2020-01-02 03:57:00,0.017283,228.445,0.5344,49.98
Balanced,2020-01-02 04:00:00,0.02202,228.375,0.5919,49.965
Balanced,2020-01-02 04:03:00,0.011937,230.602,0.5035,49.987
Balanced,2020-01-02 04:06:00,0.01686,229.647,0.5599,49.946
Balanced,2020-01-02 04:09:00,0.010334,231.493,0.3978,49.991
Balanced,2020-01-02 04:12:00,0.01684,229.126,0.557,49.975
Balanced,2020-01-02 04:15:00,0.012503,229.308,0.4765,50.001
Balanced,2020-01-02 04:18:00,0.012456,229.546,0.5003,49.991
Balanced,2020-01-02 04:21:00,0.015557,228.362,0.5463,49.986
Balanced,2020-01-02 04:24:00,0.021397,229.318,0.6171,49.978
Balanced,2020-01-02 04:27:00,0.015378,229.407,0.5247,49.966
Balanced,2020-01-02 04:30:00,0.016138,228.558,0.4722,49.987
Balanced,2020-01-02 04:33:00,0.014231,229.759,0.4591,49.997
Balanced,2020-01-02 04:36:00,0.012835,229.987,0.4737,49.975
Balanced,2020-01-02 04:39:00,0.013561,230.679,0.4874,49.985
Balanced,2020-01-02 04:42:00,0.015087,229.774,0.4706,49.974
Balanced,2020-01-02 04:45:00,0.017696,228.207,0.5846,49.971
Balanced,2020-01-02 04:48:00,0.014804,230.019,0.4915,49.982
Balanced,2020-01-02 04:51:00,0.013098,229.718,0.4569,49.979
Balanced,2020-01-02 04:54:00,0.011059,230.52,0.453,50.01
Balanced,2020-01-02 04:57:00,0.00863,231.475,0.3987,50.005
Balanced,2020-01-02 05:00:00,0.011204,229.504,0.4419,49.987
Balanced,2020-01-02 05:03:00,0.013668,229.82,0.5025,49.99
Balanced,2020-01-02 05:06:00,0.014806,229.13,0.5605,49.984
Balanced,2020-01-02 05:09:00,0.017689,229.447,0.5379,50.017
Balanced,2020-01-02 05:12:00,0.010706,229.996,0.3459,49.992
Balanced,2020-01-02 05:15:00,0.015822,228.922,0.5386,49.973
Balanced,2020-01-02 05:18:00,0.01385,228.261,0.4373,49.991
Balanced,2020-01-02 05:21:00,0.016178,230.305,0.5485,49.988
Balanced,2020-01-02 05:24:00,0.019011,229.631,0.5696,49.982
Balanced,2020-01-02 05:27:00,0.014498,229.867,0.5566,49.982
Balanced,2020-01-02 05:30:00,0.013489,228.957,0.4636,49.976
Balanced,2020-01-02 05:33:00,0.015223,227.83,0.5136,50.021
Balanced,2020-01-02 05:36:00,0.019749,227.889,0.6537,49.97
Balanced,2020-01-02 05:39:00,0.017174,228.347,0.5779,49.98
Balanced,2020-01-02 05:42:00,0.016395,228.897,0.5735,50.003
Balanced,2020-01-02 05:45:00,0.015198,228.733,0.4782,49.981
Balanced,2020-01-02 05:48:00,0.014029,230.241,0.4698,49.997
Balanced,2020-01-02 05:51:00,0.011652,230.045,0.4232,49.992
Balanced,2020-01-02 05:54:00,0.018282,229.657,0.6113,49.973
Balanced,2020-01-02 05:57:00,0.014307,229.722,0.4831,49.997
Balanced,2020-01-02 06:00:00,0.014565,228.476,0.4983,49.992
Balanced,2020-01-02 06:03:00,0.014268,230.148,0.5321,49.991
Balanced,2020-01-02 06:06:00,0.014149,228.483,0.5228,49.976
Balanced,2020-01-02 06:09:00,0.014743,229.484,0.5156,49.98
Balanced,2020-01-02 06:12:00,0.015397,229.293,0.5055,49.987
Balanced,2020-01-02 06:15:00,0.018941,228.404,0.6266,49.974
Balanced,2020-01-02 06:18:00,0.02522,227.709,0.7711,49.983
Balanced,2020-01-02 06:21:00,0.019406,227.839,0.5479,49.967
Balanced,2020-01-02 06:24:00,0.020405,226.854,0.6217,49.986
Balanced,2020-01-02 06:27:00,0.014072,228.289,0.4991,49.989
Balanced,2020-01-02 06:30:00,0.018293,227.837,0.6098,49.974
Balanced,2020-01-02 06:33:00,0.028307,227.871,0.8002,49.967
Balanced,2020-01-02 06:36:00,0.017554,230.052,0.5581,50.011
Balanced,2020-01-02 06:39:00,0.017599,228.063,0.517,49.99
Balanced,2020-01-02 06:42:00,0.019654,227.844,0.5575,49.983
Balanced,2020-01-02 06:45:00,0.016831,228.498,0.5736,50.001
Balanced,2020-01-02 06:48:00,0.015432,229.932,0.4947,50.002
Balanced,2020-01-02 06:51:00,0.017803,228.468,0.5246,49.989
Balanced,2020-01-02 06:54:00,0.020932,228.01,0.654,49.993
Balanced,2020-01-02 06:57:00,0.017441,229.346,0.5889,49.994
Balanced,2020-01-02 07:00:00,0.02331,228.354,0.6644,50.018
Balanced,2020-01-02 07:03:00,0.016505,228.322,0.4734,49.998
Balanced,2020-01-02 07:06:00,0.016184,229.009,0.5102,49.974
Balanced,2020-01-02 07:09:00,0.017888,228.112,0.5876,50.001
Balanced,2020-01-02 07:12:00,0.019073,227.798,0.601,49.977
Balanced,2020-01-02 07:15:00,0.024218,227.467,0.6342,49.986
Balanced,2020-01-02 07:18:00,0.017903,228.728,0.5593,49.989
Balanced,2020-01-02 07:21:00,0.023074,226.383,0.6838,49.978
Balanced,2020-01-02 07:24:00,0.021535,227.93,0.6285,49.992
Balanced,2020-01-02 07:27:00,0.022017,228.373,0.6741,49.976
Balanced,2020-01-02 07:30:00,0.023292,228.718,0.7043,49.968
Balanced,2020-01-02 07:33:00,0.022289,227.038,0.6596,49.968
Balanced,2020-01-02 07:36:00,0.017677,228.397,0.579,49.982
Balanced,2020-01-02 07:39:00,0.021836,227.5,0.6482,49.963
Balanced,2020-01-02 07:42:00,0.021422,229.363,0.5456,49.981
Balanced,2020-01-02 07:45:00,0.026887,228.602,0.7109,49.993
Balanced,2020-01-02 07:48:00,0.021729,227.353,0.5742,49.99
Balanced,2020-01-02 07:51:00,0.020488,227.299,0.611,49.976
Balanced,2020-01-02 07:54:00,0.017276,228.201,0.5524,49.998
Balanced,2020-01-02 07:57:00,0.018911,228.649,0.6413,49.982
Balanced,2020-01-02 08:00:00,0.022661,227.268,0.6443,49.967
Balanced,2020-01-02 08:03:00,0.024915,227.438,0.6786,49.987
Balanced,2020-01-02 08:06:00,0.015497,229.519,0.6171,49.985
Balanced,2020-01-02 08:09:00,0.021118,227.975,0.6347,49.995
Balanced,2020-01-02 08:12:00,0.014047,229.543,0.4927,49.978
Balanced,2020-01-02 08:15:00,0.019844,230.276,0.5895,49.982
Balanced,2020-01-02 08:18:00,0.025078,227.194,0.7123,49.972
Balanced,2020-01-02 08:21:00,0.01501,229.393,0.5721,49.981
Balanced,2020-01-02 08:24:00,0.019649,229.593,0.6724,49.987
Balanced,2020-01-02 08:27:00,0.022028,227.482,0.6105,49.97
Balanced,2020-01-02 08:30:00,0.017938,228.133,0.5491,49.975
Balanced,2020-01-02 08:33:00,0.020708,228.763,0.5549,49.967
Balanced,2020-01-02 08:36:00,0.01454,228.333,0.48,49.992
Balanced,2020-01-02 08:39:00,0.023313,228.476,0.6149,49.967
Balanced,2020-01-02 08:42:00,0.020962,228.352,0.6123,49.974
Balanced,2020-01-02 08:45:00,0.021902,227.967,0.6501,49.987
Balanced,2020-01-02 08:48:00,0.02,226.378,0.6846,49.969
Balanced,2020-01-02 08:51:00,0.02035,228.139,0.6132,49.957
Balanced,2020-01-02 08:54:00,0.018631,229.217,0.5681,49.995
Balanced,2020-01-02 08:57:00,0.018195,228.451,0.622,49.985
Balanced,2020-01-02 09:00:00,0.019253,230.214,0.6264,49.981
Balanced,2020-01-02 09:03:00,0.025122,228.016,0.6356,49.975
Balanced,2020-01-02 09:06:00,0.017822,228.367,0.593,49.967
Balanced,2020-01-02 09:09:00,0.020734,226.992,0.6691,50.0
Balanced,2020-01-02 09:12:00,0.013742,227.94,0.5221,49.983
Balanced,2020-01-02 09:15:00,0.015179,229.488,0.5462,49.991
Balanced,2020-01-02 09:18:00,0.017437,228.391,0.5853,49.985
Balanced,2020-01-02 09:21:00,0.020292,225.823,0.6648,49.998
Balanced,2020-01-02 09:24:00,0.018128,230.237,0.5908,49.978
Balanced,2020-01-02 09:27:00,0.020151,226.577,0.6696,49.995
Balanced,2020-01-02 09:30:00,0.018799,229.402,0.592,49.983
Balanced,2020-01-02 09:33:00,0.012661,229.808,0.5001,49.986
Balanced,2020-01-02 09:36:00,0.017163,228.122,0.6713,49.979
Balanced,2020-01-02 09:39:00,0.017706,228.532,0.5577,49.978
Balanced,2020-01-02 09:42:00,0.015934,230.094,0.5042,49.978
Balanced,2020-01-02 09:45:00,0.018519,228.826,0.559,49.973
Balanced,2020-01-02 09:48:00,0.015061,228.144,0.4949,49.991
Balanced,2020-01-02 09:51:00,0.016233,229.406,0.6185,49.989
Balanced,2020-01-02 09:54:00,0.01294,230.931,0.4391,49.987
Balanced,2020-01-02 09:57:00,0.016872,228.935,0.5057,49.978
Balanced,2020-01-02 10:00:00,0.015416,229.331,0.5859,49.989
Balanced,2020-01-02 10:03:00,0.012892,229.504,0.4565,49.991
Balanced,2020-01-02 10:06:00,0.019381,229.041,0.588,49.948
Balanced,2020-01-02 10:09:00,0.016796,229.47,0.5906,50.024
Balanced,2020-01-02 10:12:00,0.014355,229.224,0.4401,49.994
Balanced,2020-01-02 10:15:00,0.010491,230.27,0.4296,49.998
Balanced,2020-01-02 10:18:00,0.018264,227.338,0.5581,49.992
Balanced,2020-01-02 10:21:00,0.012975,229.17,0.4768,49.975
Balanced,2020-01-02 10:24:00,0.017764,228.254,0.5857,49.983
Balanced,2020-01-02 10:27:00,0.015001,229.153,0.5268,49.993
Balanced,2020-01-02 10:30:00,0.019004,227.342,0.5827,49.982
Balanced,2020-01-02 10:33:00,0.018648,228.782,0.5722,49.967
Balanced,2020-01-02 10:36:00,0.017829,229.395,0.5922,49.974
Balanced,2020-01-02 10:39:00,0.018052,228.755,0.5632,49.978
Balanced,2020-01-02 10:42:00,0.01656,230.619,0.5698,49.979
Balanced,2020-01-02 10:45:00,0.017451,228.485,0.5937,49.995
Balanced,2020-01-02 10:48:00,0.01426,228.622,0.5691,49.974
Balanced,2020-01-02 10:51:00,0.017095,229.383,0.5306,49.99
Balanced,2020-01-02 10:54:00,0.017211,227.194,0.5948,49.995
Balanced,2020-01-02 10:57:00,0.019764,228.053,0.5813,49.973
Balanced,2020-01-02 11:00:00,0.016428,229.814,0.5371,49.986
Balanced,2020-01-02 11:03:00,0.022955,227.477,0.6135,49.966
Balanced,2020-01-02 11:06:00,0.01672,228.6,0.6225,49.982
Balanced,2020-01-02 11:09:00,0.017084,229.831,0.5873,49.992
Balanced,2020-01-02 11:12:00,0.014845,230.638,0.4652,49.98
Balanced,2020-01-02 11:15:00,0.01547,229.66,0.5598,49.996
Balanced,2020-01-02 11:18:00,0.02349,228.995,0.6675,49.968
Balanced,2020-01-02 11:21:00,0.01133,230.991,0.4437,49.994
Balanced,2020-01-02 11:24:00,0.011184,230.95,0.4592,49.973
Balanced,2020-01-02 11:27:00,0.015226,229.064,0.5139,49.973
Balanced,2020-01-02 11:30:00,0.011552,230.34,0.4946,49.974
Balanced,2020-01-02 11:33:00,0.019041,227.255,0.6033,49.954
Balanced,2020-01-02 11:36:00,0.01782,231.156,0.5451,50.003
Balanced,2020-01-02 11:39:00,0.021006,228.15,0.6346,49.972
Balanced,2020-01-02 11:42:00,0.017371,229.347,0.5044,49.996
Balanced,2020-01-02 11:45:00,0.01695,229.264,0.4847,49.989
Balanced,2020-01-02 11:48:00,0.012376,229.146,0.4778,49.987
Balanced,2020-01-02 11:51:00,0.016895,229.519,0.5463,49.985
Balanced,2020-01-02 11:54:00,0.02076,228.154,0.6089,49.982
Balanced,2020-01-02 11:57:00,0.016359,227.856,0.6206,49.98
Balanced,2020-01-02 12:00:00,0.014486,230.005,0.5953,49.985
Balanced,2020-01-02 12:03:00,0.017599,228.766,0.6032,49.968
Balanced,2020-01-02 12:06:00,0.019793,228.466,0.6194,49.967
Balanced,2020-01-02 12:09:00,0.021449,227.433,0.5802,49.983
Balanced,2020-01-02 12:12:00,0.020149,227.164,0.5739,49.969
Balanced,2020-01-02 12:15:00,0.01939,228.616,0.6069,49.973
Balanced,2020-01-02 12:18:00,0.01783,229.192,0.5831,49.99
Balanced,2020-01-02 12:21:00,0.021834,227.433,0.6772,49.969
Balanced,2020-01-02 12:24:00,0.012527,230.895,0.4857,50.014
Balanced,2020-01-02 12:27:00,0.017834,229.604,0.5805,49.998
Balanced,2020-01-02 12:30:00,0.020463,228.949,0.6593,49.98
Balanced,2020-01-02 12:33:00,0.021552,228.844,0.6095,49.97
Balanced,2020-01-02 12:36:00,0.019967,228.105,0.6204,49.968
Balanced,2020-01-02 12:39:00,0.018251,227.967,0.6084,50.015
Balanced,2020-01-02 12:42:00,0.018608,229.052,0.5301,49.985
Balanced,2020-01-02 12:45:00,0.021043,229.122,0.6353,49.996
Balanced,2020-01-02 12:48:00,0.019126,229.85,0.5353,49.967
Balanced,2020-01-02 12:51:00,0.016137,228.046,0.5191,49.963
Balanced,2020-01-02 12:54:00,0.018533,228.654,0.6298,49.96
Balanced,2020-01-02 12:57:00,0.017042,227.356,0.5526,49.982
Balanced,2020-01-02 13:00:00,0.01351,229.444,0.4984,49.986
Balanced,2020-01-02 13:03:00,0.021939,228.776,0.6761,49.983
Balanced,2020-01-02 13:06:00,0.016135,229.284,0.5583,49.987
Balanced,2020-01-02 13:09:00,0.018575,228.64,0.5868,50.004
Balanced,2020-01-02 13:12:00,0.017445,230.357,0.5244,49.985
Balanced,2020-01-02 13:15:00,0.017964,228.118,0.5569,49.972
Balanced,2020-01-02 13:18:00,0.020852,227.647,0.63,49.983
Balanced,2020-01-02 13:21:00,0.019415,227.933,0.5525,50.002
Balanced,2020-01-02 13:24:00,0.0198,227.141,0.6285,49.983
Balanced,2020-01-02 13:27:00,0.024412,228.049,0.6749,49.972
Balanced,2020-01-02 13:30:00,0.025211,227.751,0.6618,49.978
Balanced,2020-01-02 13:33:00,0.021488,229.349,0.5821,49.978
Balanced,2020-01-02 13:36:00,0.020135,227.444,0.5601,49.986
Balanced,2020-01-02 13:39:00,0.017689,227.807,0.5442,50.003
Balanced,2020-01-02 13:42:00,0.017958,229.817,0.5616,49.976
Balanced,2020-01-02 13:45:00,0.023486,227.787,0.696,50.007
Balanced,2020-01-02 13:48:00,0.023341,227.88,0.6641,49.974
Balanced,2020-01-02 13:51:00,0.021248,228.146,0.6967,49.986
Balanced,2020-01-02 13:54:00,0.023461,228.149,0.6497,49.99
Balanced,2020-01-02 13:57:00,0.018349,230.214,0.6112,49.976
Balanced,2020-01-02 14:00:00,0.016746,229.256,0.5836,49.974
Balanced,2020-01-02 14:03:00,0.020982,230.184,0.6151,49.986
Balanced,2020-01-02 14:06:00,0.020058,228.463,0.5506,49.981
Balanced,2020-01-02 14:09:00,0.021672,228.77,0.6795,49.979
Balanced,2020-01-02 14:12:00,0.022984,228.046,0.6815,49.953
Balanced,2020-01-02 14:15:00,0.013317,229.55,0.4599,49.985
Balanced,2020-01-02 14:18:00,0.017624,228.35,0.5766,49.982
Balanced,2020-01-02 14:21:00,0.021644,229.328,0.659,49.966
Balanced,2020-01-02 14:24:00,0.016939,230.302,0.4832,49.992
Balanced,2020-01-02 14:27:00,0.022909,228.106,0.6935,49.966
Balanced,2020-01-02 14:30:00,0.021989,227.601,0.7509,49.966
Balanced,2020-01-02 14:33:00,0.018712,227.927,0.5583,49.996
Balanced,2020-01-02 14:36:00,0.024336,226.562,0.6992,49.969
Balanced,2020-01-02 14:39:00,0.018,227.608,0.617,49.972
Balanced,2020-01-02 14:42:00,0.014713,229.029,0.5001,49.999
Balanced,2020-01-02 14:45:00,0.020113,227.625,0.6694,49.975
Balanced,2020-01-02 14:48:00,0.020104,227.745,0.5976,49.993
Balanced,2020-01-02 14:51:00,0.018358,227.852,0.5833,49.984
Balanced,2020-01-02 14:54:00,0.023731,226.904,0.733,49.969
Balanced,2020-01-02 14:57:00,0.017361,228.532,0.552,50.0
Balanced,2020-01-02 15:00:00,0.01945,228.688,0.5746,50.001
Balanced,2020-01-02 15:03:00,0.018066,227.674,0.5706,49.981
Balanced,2020-01-02 15:06:00,0.016517,228.418,0.551,49.999
Balanced,2020-01-02 15:09:00,0.020395,228.965,0.6119,49.983
Balanced,2020-01-02 15:12:00,0.015569,227.978,0.5232,49.98
Balanced,2020-01-02 15:15:00,0.020434,227.681,0.6346,49.994
Balanced,2020-01-02 15:18:00,0.015577,228.659,0.5359,49.988
Balanced,2020-01-02 15:21:00,0.024621,227.461,0.6649,49.968
Balanced,2020-01-02 15:24:00,0.020784,228.191,0.6313,49.978
Balanced,2020-01-02 15:27:00,0.021458,228.875,0.6665,49.984
Balanced,2020-01-02 15:30:00,0.015191,229.427,0.5249,49.975
Balanced,2020-01-02 15:33:00,0.024415,228.125,0.6996,49.965
Balanced,2020-01-02 15:36:00,0.016207,229.211,0.5378,49.962
Balanced,2020-01-02 15:39:00,0.0192,228.957,0.6477,49.965
Balanced,2020-01-02 15:42:00,0.01968,228.091,0.646,49.984
Balanced,2020-01-02 15:45:00,0.01757,229.887,0.5719,49.978
Balanced,2020-01-02 15:48:00,0.019792,227.633,0.6371,49.979
Balanced,2020-01-02 15:51:00,0.015483,228.522,0.584,49.989
Balanced,2020-01-02 15:54:00,0.01418,229.254,0.4636,49.984
Balanced,2020-01-02 15:57:00,0.023318,227.714,0.6962,49.995
Balanced,2020-01-02 16:00:00,0.017781,227.744,0.612,49.982
Balanced,2020-01-02 16:03:00,0.018487,228.221,0.625,49.991
Balanced,2020-01-02 16:06:00,0.017587,228.852,0.5639,49.984
Balanced,2020-01-02 16:09:00,0.020648,227.903,0.5998,49.974
Balanced,2020-01-02 16:12:00,0.021642,228.142,0.6623,49.976
Balanced,2020-01-02 16:15:00,0.016046,229.636,0.5318,49.98
Balanced,2020-01-02 16:18:00,0.015327,229.394,0.5195,49.97
Balanced,2020-01-02 16:21:00,0.018311,229.528,0.5516,49.954
Balanced,2020-01-02 16:24:00,0.017908,227.52,0.5586,49.993
Balanced,2020-01-02 16:27:00,0.023549,228.16,0.6661,49.961
Balanced,2020-01-02 16:30:00,0.020397,226.859,0.624,49.986
Balanced,2020-01-02 16:33:00,0.017994,228.951,0.5327,49.983
Balanced,2020-01-02 16:36:00,0.013919,228.795,0.4882,49.965
Balanced,2020-01-02 16:39:00,0.021504,227.985,0.6357,49.983
Balanced,2020-01-02 16:42:00,0.018414,227.423,0.5993,49.974
Balanced,2020-01-02 16:45:00,0.015301,229.058,0.5242,50.002
Balanced,2020-01-02 16:48:00,0.016103,228.669,0.5099,49.978
Balanced,2020-01-02 16:51:00,0.021985,227.774,0.6448,49.995
Balanced,2020-01-02 16:54:00,0.023754,227.48,0.6242,49.98
Balanced,2020-01-02 16:57:00,0.018961,229.361,0.6067,49.977
Balanced,2020-01-02 17:00:00,0.022196,227.49,0.6835,49.979
Balanced,2020-01-02 17:03:00,0.020184,227.444,0.6411,49.982
Balanced,2020-01-02 17:06:00,0.016013,227.971,0.5422,49.992
Balanced,2020-01-02 17:09:00,0.016048,229.37,0.5831,49.99
Balanced,2020-01-02 17:12:00,0.00869,230.38,0.4365,49.985
Balanced,2020-01-02 17:15:00,0.016233,228.428,0.5166,49.982
Balanced,2020-01-02 17:18:00,0.015284,228.97,0.5015,49.987
Balanced,2020-01-02 17:21:00,0.015381,229.433,0.5181,49.987
Balanced,2020-01-02 17:24:00,0.012164,229.099,0.5188,49.988
Balanced,2020-01-02 17:27:00,0.01785,228.359,0.5332,49.983
Balanced,2020-01-02 17:30:00,0.021981,228.636,0.6789,49.981
Balanced,2020-01-02 17:33:00,0.018794,228.593,0.5924,49.989
Balanced,2020-01-02 17:36:00,0.015357,228.322,0.5596,49.992
Balanced,2020-01-02 17:39:00,0.020983,228.094,0.636,49.959
Balanced,2020-01-02 17:42:00,0.017039,229.091,0.5688,49.984
Balanced,2020-01-02 17:45:00,0.016768,226.666,0.5627,49.979
Balanced,2020-01-02 17:48:00,0.017683,227.776,0.5548,49.995
Balanced,2020-01-02 17:51:00,0.015203,229.899,0.5058,49.976
Balanced,2020-01-02 17:54:00,0.020135,227.641,0.5859,49.983
Balanced,2020-01-02 17:57:00,0.01814,229.123,0.6102,49.996
Balanced,2020-01-02 18:00:00,0.016671,228.296,0.5811,49.989
Balanced,2020-01-02 18:03:00,0.016399,228.333,0.4948,49.994
Balanced,2020-01-02 18:06:00,0.017128,227.811,0.6078,49.987
Balanced,2020-01-02 18:09:00,0.020687,227.293,0.6163,49.972
Balanced,2020-01-02 18:12:00,0.021168,227.257,0.6531,49.99
Balanced,2020-01-02 18:15:00,0.021219,228.071,0.6158,49.984
Balanced,2020-01-02 18:18:00,0.015573,229.397,0.4949,49.965
Balanced,2020-01-02 18:21:00,0.016851,228.965,0.521,49.998
Balanced,2020-01-02 18:24:00,0.013773,229.745,0.5228,49.966
Balanced,2020-01-02 18:27:00,0.02447,227.236,0.7277,49.972
Balanced,2020-01-02 18:30:00,0.019209,228.317,0.5795,49.994
Balanced,2020-01-02 18:33:00,0.015172,228.916,0.5547,50.0
Balanced,2020-01-02 18:36:00,0.016783,228.853,0.5657,49.986
Balanced,2020-01-02 18:39:00,0.021075,228.008,0.5839,49.996
Balanced,2020-01-02 18:42:00,0.018783,229.299,0.5785,49.974
Balanced,2020-01-02 18:45:00,0.023231,228.036,0.6909,49.978
Balanced,2020-01-02 18:48:00,0.021543,227.902,0.652,49.988
Balanced,2020-01-02 18:51:00,0.02196,227.73,0.6198,49.994
Balanced,2020-01-02 18:54:00,0.013135,228.563,0.5229,49.989
Balanced,2020-01-02 18:57:00,0.021164,229.376,0.5874,49.989
Balanced,2020-01-02 19:00:00,0.022065,227.755,0.6369,49.979
Balanced,2020-01-02 19:03:00,0.021368,229.596,0.6386,49.984
Balanced,2020-01-02 19:06:00,0.022791,226.426,0.5712,49.968
Balanced,2020-01-02 19:09:00,0.020685,227.798,0.6744,50.001
Balanced,2020-01-02 19:12:00,0.028197,227.759,0.7319,49.973
Balanced,2020-01-02 19:15:00,0.024527,227.3,0.6384,49.98
Balanced,2020-01-02 19:18:00,0.014745,228.731,0.5164,49.986
Balanced,2020-01-02 19:21:00,0.02709,227.599,0.7491,49.995
Balanced,2020-01-02 19:24:00,0.021755,228.445,0.6495,49.975
Balanced,2020-01-02 19:27:00,0.021056,226.245,0.6512,49.967
Balanced,2020-01-02 19:30:00,0.023751,226.629,0.7159,49.98
Balanced,2020-01-02 19:33:00,0.019475,228.152,0.588,49.987
Balanced,2020-01-02 19:36:00,0.018293,229.166,0.5937,49.973
Balanced,2020-01-02 19:39:00,0.02024,227.73,0.6626,49.957
Balanced,2020-01-02 19:42:00,0.022195,228.615,0.6848,49.949
Balanced,2020-01-02 19:45:00,0.020337,228.299,0.5799,49.984
Balanced,2020-01-02 19:48:00,0.022839,230.926,0.7058,49.97
Balanced,2020-01-02 19:51:00,0.023942,228.908,0.6967,49.988
Balanced,2020-01-02 19:54:00,0.020251,229.389,0.6084,49.992
Balanced,2020-01-02 19:57:00,0.021482,227.039,0.6773,49.96
Balanced,2020-01-02 20:00:00,0.020748,228.344,0.6605,50.005
Balanced,2020-01-02 20:03:00,0.02953,227.484,0.7666,49.947
Balanced,2020-01-02 20:06:00,0.029196,225.227,0.7724,49.967
Balanced,2020-01-02 20:09:00,0.023078,227.948,0.6853,49.984
Balanced,2020-01-02 20:12:00,0.020712,227.52,0.5881,49.99
Balanced,2020-01-02 20:15:00,0.02311,228.406,0.6316,49.951
Balanced,2020-01-02 20:18:00,0.02665,226.781,0.7539,49.972
Balanced,2020-01-02 20:21:00,0.02044,229.062,0.6397,49.972
Balanced,2020-01-02 20:24:00,0.02451,226.817,0.6319,49.988
Balanced,2020-01-02 20:27:00,0.016794,230.885,0.5607,49.997
Balanced,2020-01-02 20:30:00,0.026485,226.973,0.6825,49.973
Balanced,2020-01-02 20:33:00,0.023788,228.247,0.6866,49.979
Balanced,2020-01-02 20:36:00,0.022226,228.679,0.6571,49.968
Balanced,2020-01-02 20:39:00,0.022935,226.845,0.7082,49.967
Balanced,2020-01-02 20:42:00,0.019811,227.866,0.613,49.969
Balanced,2020-01-02 20:45:00,0.01762,229.201,0.6025,49.985
Balanced,2020-01-02 20:48:00,0.023207,228.699,0.6358,49.985
Balanced,2020-01-02 20:51:00,0.023218,227.86,0.6998,49.958
Balanced,2020-01-02 20:54:00,0.020226,226.918,0.6514,49.989
Balanced,2020-01-02 20:57:00,0.022391,226.558,0.7477,49.975
Balanced,2020-01-02 21:00:00,0.022077,229.152,0.643,49.979
Balanced,2020-01-02 21:03:00,0.024439,227.677,0.7019,49.971
Balanced,2020-01-02 21:06:00,0.025233,226.668,0.6964,49.966
Balanced,2020-01-02 21:09:00,0.022287,228.015,0.6966,49.977
Balanced,2020-01-02 21:12:00,0.025628,227.635,0.7613,49.969
Balanced,2020-01-02 21:15:00,0.017114,228.452,0.5613,49.973
Balanced,2020-01-02 21:18:00,0.017711,228.028,0.5788,49.971
Balanced,2020-01-02 21:21:00,0.02185,227.218,0.6268,49.989
Balanced,2020-01-02 21:24:00,0.018811,229.002,0.6263,49.993
Balanced,2020-01-02 21:27:00,0.023951,226.428,0.7086,49.986
Balanced,2020-01-02 21:30:00,0.022533,228.689,0.6171,49.976
Balanced,2020-01-02 21:33:00,0.018516,229.605,0.5402,49.982
Balanced,2020-01-02 21:36:00,0.018342,228.152,0.5795,49.973
Balanced,2020-01-02 21:39:00,0.02375,227.885,0.7003,49.983
Balanced,2020-01-02 21:42:00,0.01607,227.543,0.574,49.995
Balanced,2020-01-02 21:45:00,0.021214,229.043,0.6457,49.988
Balanced,2020-01-02 21:48:00,0.0123,228.352,0.4995,49.986
Balanced,2020-01-02 21:51:00,0.026054,227.075,0.6722,49.976
Balanced,2020-01-02 21:54:00,0.021088,227.145,0.6686,49.991
Balanced,2020-01-02 21:57:00,0.017856,228.893,0.6199,49.995
Balanced,2020-01-02 22:00:00,0.017181,227.596,0.5609,49.98
Balanced,2020-01-02 22:03:00,0.015854,229.202,0.5421,49.963
Balanced,2020-01-02 22:06:00,0.01722,228.841,0.5369,49.956
Balanced,2020-01-02 22:09:00,0.021021,228.669,0.6064,50.007
Balanced,2020-01-02 22:12:00,0.020381,229.253,0.6159,49.987
Balanced,2020-01-02 22:15:00,0.022811,227.883,0.712,49.98
Balanced,2020-01-02 22:18:00,0.022562,226.968,0.6167,49.975
Balanced,2020-01-02 22:21:00,0.018148,229.163,0.5784,49.966
Balanced,2020-01-02 22:24:00,0.020632,230.255,0.6665,49.994
Balanced,2020-01-02 22:27:00,0.019356,228.112,0.5445,49.983
Balanced,2020-01-02 22:30:00,0.01484,228.135,0.5623,50.005
Balanced,2020-01-02 22:33:00,0.022951,229.323,0.6893,49.965
Balanced,2020-01-02 22:36:00,0.02271,227.414,0.6486,49.98
Balanced,2020-01-02 22:39:00,0.019505,227.838,0.6389,49.976
Balanced,2020-01-02 22:42:00,0.014527,229.877,0.5472,49.975
Balanced,2020-01-02 22:45:00,0.011918,229.686,0.45,49.997
Balanced,2020-01-02 22:48:00,0.015238,228.025,0.5452,49.994
Balanced,2020-01-02 22:51:00,0.023714,226.44,0.6532,49.981
Balanced,2020-01-02 22:54:00,0.015778,229.446,0.5448,49.989
Balanced,2020-01-02 22:57:00,0.016945,229.479,0.5368,49.967
Balanced,2020-01-02 23:00:00,0.019736,228.758,0.6345,50.018
Balanced,2020-01-02 23:03:00,0.017139,228.546,0.6031,49.976
Balanced,2020-01-02 23:06:00,0.01792,227.991,0.5965,49.979
Balanced,2020-01-02 23:09:00,0.017345,228.478,0.5695,49.977
Balanced,2020-01-02 23:12:00,0.022723,227.624,0.6297,49.96
Balanced,2020-01-02 23:15:00,0.02169,228.99,0.6713,49.966
Balanced,2020-01-02 23:18:00,0.018095,229.398,0.5752,49.974
Balanced,2020-01-02 23:21:00,0.018234,228.703,0.5666,49.962
Balanced,2020-01-02 23:24:00,0.010541,228.155,0.4774,49.988
Balanced,2020-01-02 23:27:00,0.019357,229.486,0.5369,49.993
Balanced,2020-01-02 23:30:00,0.014577,229.436,0.4644,49.989
Balanced,2020-01-02 23:33:00,0.020837,227.932,0.6861,49.976
Balanced,2020-01-02 23:36:00,0.015935,229.514,0.6101,49.987
Balanced,2020-01-02 23:39:00,0.022212,228.605,0.5753,49.974
Balanced,2020-01-02 23:42:00,0.019317,228.789,0.6008,49.986
Balanced,2020-01-02 23:45:00,0.017731,229.041,0.5928,49.998
Balanced,2020-01-02 23:48:00,0.013293,229.255,0.4782,49.98
Balanced,2020-01-02 23:51:00,0.019423,228.646,0.6074,49.996
Balanced,2020-01-02 23:54:00,0.011522,228.558,0.4304,50.003
Balanced,2020-01-02 23:57:00,0.013418,229.833,0.4693,49.985
Balanced,2020-01-03 00:00:00,0.013034,230.445,0.5201,49.994
Balanced,2020-01-03 00:03:00,0.014742,228.777,0.578,49.976
Balanced,2020-01-03 00:06:00,0.018075,229.891,0.5249,49.982
Balanced,2020-01-03 00:09:00,0.014459,228.949,0.4911,49.995
Balanced,2020-01-03 00:12:00,0.01585,229.668,0.5876,49.985
Balanced,2020-01-03 00:15:00,0.014461,229.091,0.5115,49.974
Balanced,2020-01-03 00:18:00,0.014695,229.204,0.4503,50.01
Balanced,2020-01-03 00:21:00,0.020039,228.851,0.5809,49.991
Balanced,2020-01-03 00:24:00,0.021086,228.147,0.6371,49.99
Balanced,2020-01-03 00:27:00,0.015434,228.674,0.5123,49.975
Balanced,2020-01-03 00:30:00,0.019481,229.055,0.5725,49.989
Balanced,2020-01-03 00:33:00,0.015093,228.726,0.5648,49.981
Balanced,2020-01-03 00:36:00,0.015948,229.341,0.4936,49.979
Balanced,2020-01-03 00:39:00,0.012912,229.041,0.5087,49.999
Balanced,2020-01-03 00:42:00,0.016172,229.53,0.5958,49.985
Balanced,2020-01-03 00:45:00,0.018247,228.176,0.6017,49.99
Balanced,2020-01-03 00:48:00,0.018323,229.799,0.5741,49.984
Balanced,2020-01-03 00:51:00,0.020585,228.744,0.58,49.991
Balanced,2020-01-03 00:54:00,0.019649,227.859,0.5797,49.969
Balanced,2020-01-03 00:57:00,0.021983,228.792,0.6279,49.977
Balanced,2020-01-03 01:00:00,0.017704,230.343,0.5974,49.995
Balanced,2020-01-03 01:03:00,0.021669,227.735,0.582,49.975
Balanced,2020-01-03 01:06:00,0.015608,228.749,0.5128,49.982
Balanced,2020-01-03 01:09:00,0.018016,228.939,0.5421,49.988
Balanced,2020-01-03 01:12:00,0.016301,228.991,0.47,49.98
Balanced,2020-01-03 01:15:00,0.022965,226.471,0.5532,49.97
Balanced,2020-01-03 01:18:00,0.019785,228.726,0.6396,49.973
Balanced,2020-01-03 01:21:00,0.015978,230.238,0.5341,49.982
Balanced,2020-01-03 01:24:00,0.016961,227.767,0.5598,49.985
Balanced,2020-01-03 01:27:00,0.020436,227.659,0.6211,49.988
Balanced,2020-01-03 01:30:00,0.016649,228.632,0.5109,49.982
Balanced,2020-01-03 01:33:00,0.021512,229.822,0.6149,49.988
Balanced,2020-01-03 01:36:00,0.014604,230.388,0.5242,49.999
Balanced,2020-01-03 01:39:00,0.011064,231.192,0.4578,49.993
Balanced,2020-01-03 01:42:00,0.017628,229.585,0.6017,49.979
Balanced,2020-01-03 01:45:00,0.014514,229.361,0.4898,49.974
Balanced,2020-01-03 01:48:00,0.014313,229.882,0.4851,49.979
Balanced,2020-01-03 01:51:00,0.013566,230.537,0.4489,49.976
Balanced,2020-01-03 01:54:00,0.015435,230.446,0.6131,49.986
Balanced,2020-01-03 01:57:00,0.015762,229.443,0.4891,50.003
Balanced,2020-01-03 02:00:00,0.01582,229.215,0.5377,49.975
Balanced,2020-01-03 02:03:00,0.014996,229.093,0.5262,49.997
Balanced,2020-01-03 02:06:00,0.022612,228.015,0.6858,49.978
Balanced,2020-01-03 02:09:00,0.014685,228.714,0.5177,50.007
Balanced,2020-01-03 02:12:00,0.018366,228.063,0.5644,49.975
Balanced,2020-01-03 02:15:00,0.017568,229.569,0.5176,49.969
Balanced,2020-01-03 02:18:00,0.012313,230.707,0.4843,49.987
Balanced,2020-01-03 02:21:00,0.016488,229.081,0.5252,49.983
Balanced,2020-01-03 02:24:00,0.012331,229.494,0.4816,49.992
Balanced,2020-01-03 02:27:00,0.019046,228.169,0.5917,49.976
Balanced,2020-01-03 02:30:00,0.01462,228.486,0.5139,49.993
Balanced,2020-01-03 02:33:00,0.015461,227.862,0.4931,49.989
Balanced,2020-01-03 02:36:00,0.012975,230.946,0.4372,49.973
Balanced,2020-01-03 02:39:00,0.017472,229.253,0.6025,49.976
Balanced,2020-01-03 02:42:00,0.022808,228.485,0.6729,49.991
Balanced,2020-01-03 02:45:00,0.017015,228.703,0.5845,49.999
Balanced,2020-01-03 02:48:00,0.016847,228.433,0.5703,49.995
Balanced,2020-01-03 02:51:00,0.017803,228.28,0.5718,49.987
Balanced,2020-01-03 02:54:00,0.015056,228.463,0.5954,49.999
Balanced,2020-01-03 02:57:00,0.013501,229.306,0.4719,49.982
Balanced,2020-01-03 03:00:00,0.021029,229.394,0.6787,49.966
Balanced,2020-01-03 03:03:00,0.018827,228.176,0.6253,49.997
Balanced,2020-01-03 03:06:00,0.016338,228.513,0.5722,49.967
Balanced,2020-01-03 03:09:00,0.014354,229.828,0.5206,49.983
Balanced,2020-01-03 03:12:00,0.018652,228.437,0.5404,49.995
Balanced,2020-01-03 03:15:00,0.014119,228.684,0.5597,49.974
Balanced,2020-01-03 03:18:00,0.01361,228.468,0.497,50.013
Balanced,2020-01-03 03:21:00,0.015691,229.447,0.538,50.009
Balanced,2020-01-03 03:24:00,0.019437,228.662,0.5902,49.985
Balanced,2020-01-03 03:27:00,0.014757,229.056,0.4729,49.987
Balanced,2020-01-03 03:30:00,0.020304,228.659,0.5845,49.991
Balanced,2020-01-03 03:33:00,0.021232,228.396,0.663,49.98
Balanced,2020-01-03 03:36:00,0.012246,229.616,0.4247,49.974
Balanced,2020-01-03 03:39:00,0.013454,228.945,0.5632,49.97
Balanced,2020-01-03 03:42:00,0.02001,229.066,0.6194,49.97
Balanced,2020-01-03 03:45:00,0.017766,228.561,0.576,50.009
Balanced,2020-01-03 03:48:00,0.012459,230.459,0.5042,49.993
Balanced,2020-01-03 03:51:00,0.011338,229.472,0.504,49.98
Balanced,2020-01-03 03:54:00,0.0152,229.163,0.5826,50.006
Balanced,2020-01-03 03:57:00,0.014457,230.242,0.5111,49.997
Balanced,2020-01-03 04:00:00,0.014898,229.859,0.4763,49.991
Balanced,2020-01-03 04:03:00,0.011981,229.581,0.456,49.978
Balanced,2020-01-03 04:06:00,0.01356,229.048,0.4883,49.986
Balanced,2020-01-03 04:09:00,0.01137,230.284,0.463,49.999
Balanced,2020-01-03 04:12:00,0.017085,229.49,0.5319,49.997
Balanced,2020-01-03 04:15:00,0.010217,230.754,0.4041,49.991
Balanced,2020-01-03 04:18:00,0.014036,228.04,0.4874,50.0
Balanced,2020-01-03 04:21:00,0.014324,230.172,0.5469,49.955
Balanced,2020-01-03 04:24:00,0.016756,226.253,0.5817,49.975
Balanced,2020-01-03 04:27:00,0.013007,229.978,0.5107,49.997
Balanced,2020-01-03 04:30:00,0.016867,230.105,0.5525,49.997
Balanced,2020-01-03 04:33:00,0.014143,230.554,0.5292,49.984
Balanced,2020-01-03 04:36:00,0.017985,227.37,0.504,49.995
Balanced,2020-01-03 04:39:00,0.011945,229.146,0.5122,49.981
Balanced,2020-01-03 04:42:00,0.012183,229.082,0.4765,49.963
Balanced,2020-01-03 04:45:00,0.011104,231.236,0.46,50.002
Balanced,2020-01-03 04:48:00,0.011453,231.093,0.4408,49.977
Balanced,2020-01-03 04:51:00,0.012351,229.094,0.4603,49.984
Balanced,2020-01-03 04:54:00,0.015238,229.105,0.5287,50.013
Balanced,2020-01-03 04:57:00,0.018432,227.655,0.5668,49.996
Balanced,2020-01-03 05:00:00,0.012811,229.952,0.4301,49.983
Balanced,2020-01-03 05:03:00,0.015988,229.264,0.5583,49.988
Balanced,2020-01-03 05:06:00,0.01781,228.7,0.5668,49.985
Balanced,2020-01-03 05:09:00,0.012516,227.912,0.4253,49.97
Balanced,2020-01-03 05:12:00,0.016182,228.475,0.5233,49.986
Balanced,2020-01-03 05:15:00,0.021208,228.514,0.5997,49.971
Balanced,2020-01-03 05:18:00,0.019043,228.875,0.5676,49.956
Balanced,2020-01-03 05:21:00,0.013284,228.608,0.4877,49.987
Balanced,2020-01-03 05:24:00,0.012972,229.801,0.4732,49.973
Balanced,2020-01-03 05:27:00,0.018487,229.488,0.6078,49.993
Balanced,2020-01-03 05:30:00,0.013848,229.31,0.5124,49.974
Balanced,2020-01-03 05:33:00,0.021402,227.446,0.6208,49.99
Balanced,2020-01-03 05:36:00,0.01441,229.899,0.5109,49.993
Balanced,2020-01-03 05:39:00,0.014395,229.125,0.491,49.988
Balanced,2020-01-03 05:42:00,0.014959,228.638,0.5188,49.982
Balanced,2020-01-03 05:45:00,0.015327,229.52,0.4625,49.988
Balanced,2020-01-03 05:48:00,0.018524,227.658,0.6143,50.0
Balanced,2020-01-03 05:51:00,0.012128,229.942,0.4794,49.985
Balanced,2020-01-03 05:54:00,0.017819,228.45,0.5836,49.995
Balanced,2020-01-03 05:57:00,0.017004,229.792,0.516,49.965
Balanced,2020-01-03 06:00:00,0.020298,228.026,0.5871,49.992
Balanced,2020-01-03 06:03:00,0.022378,228.433,0.7036,49.982
Balanced,2020-01-03 06:06:00,0.013983,228.955,0.4945,49.981
Balanced,2020-01-03 06:09:00,0.016807,230.476,0.5466,49.997
Balanced,2020-01-03 06:12:00,0.017734,228.192,0.6468,49.988
Balanced,2020-01-03 06:15:00,0.018791,227.737,0.6106,49.983
Balanced,2020-01-03 06:18:00,0.018321,230.022,0.5645,49.96
Balanced,2020-01-03 06:21:00,0.022458,228.841,0.6391,49.983
Balanced,2020-01-03 06:24:00,0.016332,230.196,0.5322,49.962
Balanced,2020-01-03 06:27:00,0.015906,230.111,0.5502,49.999
Balanced,2020-01-03 06:30:00,0.016556,228.8,0.5322,49.991
Balanced,2020-01-03 06:33:00,0.01266,229.657,0.4809,49.986
Balanced,2020-01-03 06:36:00,0.015425,228.385,0.4927,49.991
Balanced,2020-01-03 06:39:00,0.023353,227.177,0.7008,49.977
Balanced,2020-01-03 06:42:00,0.019127,228.359,0.5732,50.011
Balanced,2020-01-03 06:45:00,0.01784,228.013,0.5953,49.975
Balanced,2020-01-03 06:48:00,0.016712,228.322,0.5217,49.971
Balanced,2020-01-03 06:51:00,0.010508,229.601,0.4734,50.007
Balanced,2020-01-03 06:54:00,0.021481,227.751,0.6578,49.996
Balanced,2020-01-03 06:57:00,0.016663,228.6,0.5782,49.988
Balanced,2020-01-03 07:00:00,0.022752,226.345,0.7017,49.992
Balanced,2020-01-03 07:03:00,0.021665,227.87,0.6271,49.961
Balanced,2020-01-03 07:06:00,0.023115,228.609,0.6519,49.959
Balanced,2020-01-03 07:09:00,0.017128,230.392,0.6281,49.991
Balanced,2020-01-03 07:12:00,0.020866,228.258,0.6,49.989
Balanced,2020-01-03 07:15:00,0.015794,228.479,0.5756,49.99
Balanced,2020-01-03 07:18:00,0.026526,226.917,0.6981,49.993
Balanced,2020-01-03 07:21:00,0.01743,228.896,0.549,49.996
Balanced,2020-01-03 07:24:00,0.026076,227.689,0.6782,49.996
Balanced,2020-01-03 07:27:00,0.016507,228.465,0.5248,49.955
Balanced,2020-01-03 07:30:00,0.020072,227.741,0.5888,49.957
Balanced,2020-01-03 07:33:00,0.02094,228.412,0.6367,50.002
Balanced,2020-01-03 07:36:00,0.017379,229.834,0.5862,49.991
Balanced,2020-01-03 07:39:00,0.023004,229.25,0.6423,49.989
Balanced,2020-01-03 07:42:00,0.01872,228.807,0.6148,49.983
Balanced,2020-01-03 07:45:00,0.025758,228.116,0.7156,49.967
Balanced,2020-01-03 07:48:00,0.02721,227.696,0.7592,49.98
Balanced,2020-01-03 07:51:00,0.024925,228.084,0.6969,49.977
Balanced,2020-01-03 07:54:00,0.020213,227.663,0.6501,49.96
Balanced,2020-01-03 07:57:00,0.015501,228.389,0.6001,49.974
Balanced,2020-01-03 08:00:00,0.023603,226.366,0.6445,49.969
Balanced,2020-01-03 08:03:00,0.022554,228.368,0.6379,49.965
Balanced,2020-01-03 08:06:00,0.016387,228.161,0.6066,49.989
Balanced,2020-01-03 08:09:00,0.017928,229.075,0.5265,49.984
Balanced,2020-01-03 08:12:00,0.020647,227.217,0.6075,49.987
Balanced,2020-01-03 08:15:00,0.026954,227.022,0.6724,49.972
Balanced,2020-01-03 08:18:00,0.024741,226.867,0.7447,49.993
Balanced,2020-01-03 08:21:00,0.015154,230.307,0.606,49.989
Balanced,2020-01-03 08:24:00,0.016997,229.171,0.5627,49.98
Balanced,2020-01-03 08:27:00,0.015588,229.028,0.5489,49.993
Balanced,2020-01-03 08:30:00,0.021991,228.637,0.7134,49.989
Balanced,2020-01-03 08:33:00,0.022799,228.595,0.6581,49.98
Balanced,2020-01-03 08:36:00,0.022819,228.355,0.6724,49.967
Balanced,2020-01-03 08:39:00,0.021809,228.494,0.6019,49.977
Balanced,2020-01-03 08:42:00,0.016688,227.632,0.5677,49.985
Balanced,2020-01-03 08:45:00,0.018686,228.19,0.5285,50.01
Balanced,2020-01-03 08:48:00,0.016835,230.196,0.5619,49.987
Balanced,2020-01-03 08:51:00,0.017389,228.535,0.5413,49.998
Balanced,2020-01-03 08:54:00,0.021032,228.832,0.6432,49.966
Balanced,2020-01-03 08:57:00,0.023071,227.9,0.6322,50.001
Balanced,2020-01-03 09:00:00,0.01707,228.041,0.5419,49.986
Balanced,2020-01-03 09:03:00,0.017891,229.175,0.5711,49.993
Balanced,2020-01-03 09:06:00,0.012611,229.343,0.486,49.98
Balanced,2020-01-03 09:09:00,0.018513,229.702,0.574,49.97
Balanced,2020-01-03 09:12:00,0.024373,226.89,0.7205,49.986
Balanced,2020-01-03 09:15:00,0.022807,227.678,0.6837,49.989
Balanced,2020-01-03 09:18:00,0.020157,227.743,0.6115,49.963
Balanced,2020-01-03 09:21:00,0.016824,229.551,0.5703,49.985
Balanced,2020-01-03 09:24:00,0.015456,231.505,0.4725,50.003
Balanced,2020-01-03 09:27:00,0.014633,229.149,0.5427,49.968
Balanced,2020-01-03 09:30:00,0.015583,230.042,0.5027,49.986
Balanced,2020-01-03 09:33:00,0.024097,227.087,0.6922,49.982
Balanced,2020-01-03 09:36:00,0.014885,229.244,0.5133,49.991
Balanced,2020-01-03 09:39:00,0.023034,228.517,0.6682,49.997
Balanced,2020-01-03 09:42:00,0.013955,229.343,0.4382,49.996
Balanced,2020-01-03 09:45:00,0.018757,229.148,0.6018,49.997
Balanced,2020-01-03 09:48:00,0.018805,228.061,0.5612,49.993
Balanced,2020-01-03 09:51:00,0.016016,228.108,0.5497,49.991
Balanced,2020-01-03 09:54:00,0.017506,229.817,0.5089,50.007
Balanced,2020-01-03 09:57:00,0.020612,228.188,0.6544,49.976
Balanced,2020-01-03 10:00:00,0.015662,228.085,0.542,50.0
Balanced,2020-01-03 10:03:00,0.016574,228.731,0.4936,50.001
Balanced,2020-01-03 10:06:00,0.015578,229.099,0.5741,49.982
Balanced,2020-01-03 10:09:00,0.022444,228.395,0.6585,49.981
Balanced,2020-01-03 10:12:00,0.012281,230.555,0.4832,49.988
Balanced,2020-01-03 10:15:00,0.018016,228.094,0.5366,49.993
Balanced,2020-01-03 10:18:00,0.018914,227.593,0.5652,49.975
Balanced,2020-01-03 10:21:00,0.015732,227.829,0.5137,49.995
Balanced,2020-01-03 10:24:00,0.021147,227.643,0.6908,49.961
Balanced,2020-01-03 10:27:00,0.017114,230.695,0.566,49.984
Balanced,2020-01-03 10:30:00,0.012795,229.581,0.4501,50.003
Balanced,2020-01-03 10:33:00,0.012564,231.21,0.5676,49.993
Balanced,2020-01-03 10:36:00,0.01995,228.603,0.6201,49.981
Balanced,2020-01-03 10:39:00,0.01682,228.05,0.5137,49.977
Balanced,2020-01-03 10:42:00,0.01739,227.931,0.5562,49.991
Balanced,2020-01-03 10:45:00,0.016331,229.812,0.5583,50.0
Balanced,2020-01-03 10:48:00,0.02041,228.295,0.6134,49.977
Balanced,2020-01-03 10:51:00,0.013511,230.29,0.4634,49.973
Balanced,2020-01-03 10:54:00,0.015794,229.201,0.5522,49.985
Balanced,2020-01-03 10:57:00,0.018108,229.082,0.5477,49.991
Balanced,2020-01-03 11:00:00,0.017024,230.137,0.5741,49.979
Balanced,2020-01-03 11:03:00,0.018297,229.293,0.6158,49.972
Balanced,2020-01-03 11:06:00,0.020904,228.635,0.652,49.987
Balanced,2020-01-03 11:09:00,0.012939,229.085,0.4388,49.988
Balanced,2020-01-03 11:12:00,0.020698,229.052,0.5675,49.969
Balanced,2020-01-03 11:15:00,0.019852,228.474,0.5925,49.985
Balanced,2020-01-03 11:18:00,0.0215,227.278,0.6293,49.959
Balanced,2020-01-03 11:21:00,0.016353,231.806,0.5255,50.007
Balanced,2020-01-03 11:24:00,0.012692,229.958,0.5325,49.984
Balanced,2020-01-03 11:27:00,0.019642,226.26,0.6347,49.988
Balanced,2020-01-03 11:30:00,0.018968,226.733,0.6134,49.97
Balanced,2020-01-03 11:33:00,0.018489,228.574,0.5634,49.994
Balanced,2020-01-03 11:36:00,0.015871,229.742,0.4962,49.999
Balanced,2020-01-03 11:39:00,0.018474,228.196,0.5618,49.984
Balanced,2020-01-03 11:42:00,0.018193,230.001,0.6217,49.992
Balanced,2020-01-03 11:45:00,0.016624,228.415,0.5288,49.991
Balanced,2020-01-03 11:48:00,0.019656,228.352,0.6523,49.972
Balanced,2020-01-03 11:51:00,0.01945,228.979,0.6544,49.976
Balanced,2020-01-03 11:54:00,0.02016,226.789,0.6261,49.989
Balanced,2020-01-03 11:57:00,0.012494,231.183,0.4857,49.977
Balanced,2020-01-03 12:00:00,0.020934,228.302,0.6204,49.99
Balanced,2020-01-03 12:03:00,0.017245,230.037,0.53,49.985
Balanced,2020-01-03 12:06:00,0.015829,229.513,0.4911,49.985
Balanced,2020-01-03 12:09:00,0.018539,229.354,0.6203,49.981
Balanced,2020-01-03 12:12:00,0.017256,228.935,0.5829,49.986
Balanced,2020-01-03 12:15:00,0.019304,227.913,0.5863,49.988
Balanced,2020-01-03 12:18:00,0.013328,230.2,0.4559,49.973
Balanced,2020-01-03 12:21:00,0.019414,227.865,0.5647,49.985
Balanced,2020-01-03 12:24:00,0.016458,229.838,0.5277,49.993
Balanced,2020-01-03 12:27:00,0.018658,227.992,0.6181,49.971
Balanced,2020-01-03 12:30:00,0.02062,228.135,0.62,49.964
Balanced,2020-01-03 12:33:00,0.019509,229.098,0.581,49.975
Balanced,2020-01-03 12:36:00,0.014839,226.87,0.5225,49.994
Balanced,2020-01-03 12:39:00,0.010949,228.494,0.4439,49.988
Balanced,2020-01-03 12:42:00,0.017404,228.033,0.5278,49.949
Balanced,2020-01-03 12:45:00,0.018875,228.109,0.5593,49.99
Balanced,2020-01-03 12:48:00,0.016051,229.818,0.5322,49.986
Balanced,2020-01-03 12:51:00,0.022104,227.904,0.6159,49.992
Balanced,2020-01-03 12:54:00,0.024456,227.728,0.706,49.992
Balanced,2020-01-03 12:57:00,0.019352,228.261,0.6763,50.01
Balanced,2020-01-03 13:00:00,0.020446,228.256,0.5982,50.001
Balanced,2020-01-03 13:03:00,0.022472,226.599,0.6519,49.995
Balanced,2020-01-03 13:06:00,0.021182,229.542,0.6839,49.982
Balanced,2020-01-03 13:09:00,0.01919,227.345,0.6233,49.977
Balanced,2020-01-03 13:12:00,0.01511,229.34,0.5361,50.019
Balanced,2020-01-03 13:15:00,0.020441,228.94,0.6881,49.97
Balanced,2020-01-03 13:18:00,0.014451,229.271,0.4856,49.987
Balanced,2020-01-03 13:21:00,0.016254,230.034,0.5037,50.001
Balanced,2020-01-03 13:24:00,0.021651,228.506,0.6127,49.976
Balanced,2020-01-03 13:27:00,0.02024,228.305,0.6275,49.973
Balanced,2020-01-03 13:30:00,0.018007,229.156,0.5614,49.999
Balanced,2020-01-03 13:33:00,0.018059,227.583,0.5159,49.965
Balanced,2020-01-03 13:36:00,0.01516,228.54,0.4812,49.991
Balanced,2020-01-03 13:39:00,0.021021,227.646,0.6826,49.97
Balanced,2020-01-03 13:42:00,0.023862,227.531,0.6927,49.988
Balanced,2020-01-03 13:45:00,0.016909,229.947,0.5014,49.978
Balanced,2020-01-03 13:48:00,0.023871,228.981,0.6721,49.988
Balanced,2020-01-03 13:51:00,0.024858,227.643,0.6572,49.989
Balanced,2020-01-03 13:54:00,0.019326,227.47,0.656,49.985
Balanced,2020-01-03 13:57:00,0.014996,228.651,0.54,49.974
Balanced,2020-01-03 14:00:00,0.020165,228.733,0.594,49.965
Balanced,2020-01-03 14:03:00,0.017213,229.044,0.5067,49.979
Balanced,2020-01-03 14:06:00,0.020625,227.439,0.6812,50.0
Balanced,2020-01-03 14:09:00,0.016766,228.239,0.5284,49.977
Balanced,2020-01-03 14:12:00,0.020115,227.824,0.5804,49.99
Balanced,2020-01-03 14:15:00,0.012439,228.941,0.4434,50.001
Balanced,2020-01-03 14:18:00,0.021548,229.821,0.6682,49.988
Balanced,2020-01-03 14:21:00,0.019556,228.711,0.5957,49.979
Balanced,2020-01-03 14:24:00,0.01968,228.391,0.645,50.005
Balanced,2020-01-03 14:27:00,0.020543,228.21,0.6292,49.982
Balanced,2020-01-03 14:30:00,0.020954,229.45,0.6713,49.989
Balanced,2020-01-03 14:33:00,0.016919,228.793,0.5305,50.009
Balanced,2020-01-03 14:36:00,0.019846,228.437,0.6227,49.981
Balanced,2020-01-03 14:39:00,0.021194,229.442,0.6483,49.998
Balanced,2020-01-03 14:42:00,0.020209,229.007,0.6459,49.993
Balanced,2020-01-03 14:45:00,0.018751,228.969,0.5472,49.988
Balanced,2020-01-03 14:48:00,0.021659,228.532,0.6756,49.993
Balanced,2020-01-03 14:51:00,0.017938,229.079,0.5813,49.992
Balanced,2020-01-03 14:54:00,0.020063,229.157,0.6353,49.967
Balanced,2020-01-03 14:57:00,0.014895,229.939,0.5541,49.979
Balanced,2020-01-03 15:00:00,0.019861,228.288,0.6623,49.974
Balanced,2020-01-03 15:03:00,0.022908,229.164,0.6672,49.993
Balanced,2020-01-03 15:06:00,0.020475,227.697,0.6253,49.995
Balanced,2020-01-03 15:09:00,0.017038,229.651,0.5744,49.987
Balanced,2020-01-03 15:12:00,0.017249,229.08,0.5492,49.987
Balanced,2020-01-03 15:15:00,0.017971,228.294,0.5591,49.999
Balanced,2020-01-03 15:18:00,0.018075,228.852,0.5941,49.985
Balanced,2020-01-03 15:21:00,0.017296,229.232,0.5601,49.981
Balanced,2020-01-03 15:24:00,0.016691,229.364,0.5748,49.997
Balanced,2020-01-03 15:27:00,0.017765,227.371,0.5461,49.96
Balanced,2020-01-03 15:30:00,0.016355,229.5,0.4896,49.978
Balanced,2020-01-03 15:33:00,0.020369,228.044,0.6212,49.963
Balanced,2020-01-03 15:36:00,0.016222,227.898,0.5521,49.99
Balanced,2020-01-03 15:39:00,0.021847,227.113,0.6855,49.973
Balanced,2020-01-03 15:42:00,0.013272,229.225,0.4493,49.991
Balanced,2020-01-03 15:45:00,0.015,228.8,0.5166,50.009
Balanced,2020-01-03 15:48:00,0.019689,228.265,0.6499,49.973
Balanced,2020-01-03 15:51:00,0.019255,228.225,0.573,49.976
Balanced,2020-01-03 15:54:00,0.021492,227.475,0.6674,49.997
Balanced,2020-01-03 15:57:00,0.014896,228.77,0.5269,49.983
Balanced,2020-01-03 16:00:00,0.018393,229.729,0.5908,49.967
Balanced,2020-01-03 16:03:00,0.015964,227.897,0.5291,49.971
Balanced,2020-01-03 16:06:00,0.02178,227.532,0.6981,49.991
Balanced,2020-01-03 16:09:00,0.016544,227.442,0.5428,49.998
Balanced,2020-01-03 16:12:00,0.01982,227.345,0.5908,49.962
Balanced,2020-01-03 16:15:00,0.018255,228.321,0.5679,49.985
Balanced,2020-01-03 16:18:00,0.017653,228.117,0.5921,49.968
Balanced,2020-01-03 16:21:00,0.014135,229.464,0.4823,49.977
Balanced,2020-01-03 16:24:00,0.021029,227.524,0.5879,49.968
Balanced,2020-01-03 16:27:00,0.020834,227.91,0.6098,49.994
Balanced,2020-01-03 16:30:00,0.016759,228.86,0.5779,49.984
Balanced,2020-01-03 16:33:00,0.018539,228.743,0.5657,49.982
Balanced,2020-01-03 16:36:00,0.015655,229.086,0.4842,49.978
Balanced,2020-01-03 16:39:00,0.016638,228.189,0.5463,49.977
Balanced,2020-01-03 16:42:00,0.015745,229.682,0.5525,49.982
Balanced,2020-01-03 16:45:00,0.019334,228.608,0.6006,49.986
Balanced,2020-01-03 16:48:00,0.018868,228.005,0.5501,50.014
Balanced,2020-01-03 16:51:00,0.014715,229.81,0.4818,49.993
Balanced,2020-01-03 16:54:00,0.019124,228.411,0.5739,49.992
Balanced,2020-01-03 16:57:00,0.016847,229.13,0.5414,50.012
Balanced,2020-01-03 17:00:00,0.018211,227.903,0.5419,50.029
Balanced,2020-01-03 17:03:00,0.017265,228.967,0.5447,49.98
Balanced,2020-01-03 17:06:00,0.020575,229.887,0.7141,49.994
Balanced,2020-01-03 17:09:00,0.022087,226.932,0.706,49.969
Balanced,2020-01-03 17:12:00,0.02034,228.333,0.6449,49.968
Balanced,2020-01-03 17:15:00,0.022462,228.304,0.6365,49.974
Balanced,2020-01-03 17:18:00,0.014829,229.672,0.517,49.972
Balanced,2020-01-03 17:21:00,0.015797,228.437,0.5893,50.002
Balanced,2020-01-03 17:24:00,0.023432,226.536,0.6364,49.983
Balanced,2020-01-03 17:27:00,0.021507,227.996,0.6422,49.963
Balanced,2020-01-03 17:30:00,0.019531,228.172,0.654,49.986
Balanced,2020-01-03 17:33:00,0.015174,228.659,0.5235,49.984
Balanced,2020-01-03 17:36:00,0.013934,230.013,0.5114,49.994
Balanced,2020-01-03 17:39:00,0.019782,227.952,0.6456,49.984
Balanced,2020-01-03 17:42:00,0.012487,230.916,0.4594,49.981
Balanced,2020-01-03 17:45:00,0.020653,228.313,0.6533,49.984
Balanced,2020-01-03 17:48:00,0.014094,227.092,0.5323,49.966
Balanced,2020-01-03 17:51:00,0.013339,228.569,0.4916,49.976
Balanced,2020-01-03 17:54:00,0.019228,228.515,0.6207,49.983
Balanced,2020-01-03 17:57:00,0.017334,229.124,0.5911,49.988
Balanced,2020-01-03 18:00:00,0.019169,228.252,0.5868,49.971
Balanced,2020-01-03 18:03:00,0.018632,228.961,0.5472,49.951
Balanced,2020-01-03 18:06:00,0.017079,226.998,0.6211,49.993
Balanced,2020-01-03 18:09:00,0.01761,228.415,0.5373,49.992
Balanced,2020-01-03 18:12:00,0.020216,229.441,0.6146,49.964
Balanced,2020-01-03 18:15:00,0.017889,228.183,0.5848,49.992
Balanced,2020-01-03 18:18:00,0.017007,229.041,0.5585,49.991
Balanced,2020-01-03 18:21:00,0.019277,228.586,0.6025,49.984
Balanced,2020-01-03 18:24:00,0.017417,228.296,0.5883,49.981
Balanced,2020-01-03 18:27:00,0.019556,229.139,0.6138,49.972
Balanced,2020-01-03 18:30:00,0.014656,229.375,0.4689,49.996
Balanced,2020-01-03 18:33:00,0.017195,230.014,0.5563,49.979
Balanced,2020-01-03 18:36:00,0.018688,227.473,0.614,49.98
Balanced,2020-01-03 18:39:00,0.024951,226.158,0.6922,49.976
Balanced,2020-01-03 18:42:00,0.019789,228.916,0.5806,49.988
Balanced,2020-01-03 18:45:00,0.017968,227.68,0.5497,49.993
Balanced,2020-01-03 18:48:00,0.021666,227.732,0.6439,49.978
Balanced,2020-01-03 18:51:00,0.02325,227.274,0.7297,49.983
Balanced,2020-01-03 18:54:00,0.023038,227.89,0.6515,49.963
Balanced,2020-01-03 18:57:00,0.020553,227.434,0.5834,49.997
Balanced,2020-01-03 19:00:00,0.023458,227.902,0.624,49.986
Balanced,2020-01-03 19:03:00,0.020083,227.384,0.6193,49.959
Balanced,2020-01-03 19:06:00,0.018303,229.515,0.5902,49.981
Balanced,2020-01-03 19:09:00,0.025984,227.14,0.7416,49.991
Balanced,2020-01-03 19:12:00,0.019284,227.61,0.5996,49.981
Balanced,2020-01-03 19:15:00,0.019556,228.196,0.5259,49.993
Balanced,2020-01-03 19:18:00,0.021617,227.55,0.6246,49.986
Balanced,2020-01-03 19:21:00,0.018787,227.879,0.606,49.972
Balanced,2020-01-03 19:24:00,0.022466,228.0,0.6131,49.981
Balanced,2020-01-03 19:27:00,0.021638,228.609,0.6484,49.991
Balanced,2020-01-03 19:30:00,0.021343,228.494,0.6283,49.972
Balanced,2020-01-03 19:33:00,0.0239,228.201,0.6521,49.997
Balanced,2020-01-03 19:36:00,0.024387,226.544,0.7196,49.988
Balanced,2020-01-03 19:39:00,0.025045,228.634,0.6635,50.004
Balanced,2020-01-03 19:42:00,0.01799,229.465,0.5374,49.98
Balanced,2020-01-03 19:45:00,0.020468,228.594,0.6169,50.001
Balanced,2020-01-03 19:48:00,0.020731,227.26,0.6595,49.99
Balanced,2020-01-03 19:51:00,0.023767,227.466,0.631,49.952
Balanced,2020-01-03 19:54:00,0.021458,227.644,0.5704,49.992
Balanced,2020-01-03 19:57:00,0.020935,228.778,0.589,49.992
Balanced,2020-01-03 20:00:00,0.019254,228.033,0.6207,49.995
Balanced,2020-01-03 20:03:00,0.031197,226.951,0.8552,49.968
Balanced,2020-01-03 20:06:00,0.020618,227.549,0.5968,49.972
Balanced,2020-01-03 20:09:00,0.027716,226.769,0.7859,49.997
Balanced,2020-01-03 20:12:00,0.01768,229.268,0.5532,49.985
Balanced,2020-01-03 20:15:00,0.030373,226.656,0.8786,49.995
Balanced,2020-01-03 20:18:00,0.02809,227.331,0.7697,49.988
Balanced,2020-01-03 20:21:00,0.019984,228.63,0.5966,49.989
Balanced,2020-01-03 20:24:00,0.018867,228.395,0.5446,49.989
Balanced,2020-01-03 20:27:00,0.026238,226.747,0.6772,49.99
Balanced,2020-01-03 20:30:00,0.021071,228.206,0.6442,49.987
Balanced,2020-01-03 20:33:00,0.020943,227.232,0.6284,49.973
Balanced,2020-01-03 20:36:00,0.025754,226.884,0.7353,49.977
Balanced,2020-01-03 20:39:00,0.022556,226.977,0.7017,49.972
Balanced,2020-01-03 20:42:00,0.0292,227.162,0.7859,49.959
Balanced,2020-01-03 20:45:00,0.023925,227.497,0.6739,49.968
Balanced,2020-01-03 20:48:00,0.022244,227.775,0.6483,49.981
Balanced,2020-01-03 20:51:00,0.025315,226.693,0.7701,49.973
Balanced,2020-01-03 20:54:00,0.021688,226.585,0.6619,49.958
Balanced,2020-01-03 20:57:00,0.019271,228.291,0.6013,49.979
Balanced,2020-01-03 21:00:00,0.025707,228.237,0.7292,49.96
Balanced,2020-01-03 21:03:00,0.019489,228.466,0.5945,49.954
Balanced,2020-01-03 21:06:00,0.01274,230.611,0.4778,49.983
Balanced,2020-01-03 21:09:00,0.020861,227.56,0.6422,49.986
Balanced,2020-01-03 21:12:00,0.026876,228.452,0.6796,49.984
Balanced,2020-01-03 21:15:00,0.019443,228.609,0.6407,50.0
Balanced,2020-01-03 21:18:00,0.02108,228.353,0.6555,49.967
Balanced,2020-01-03 21:21:00,0.024973,227.458,0.6855,49.975
Balanced,2020-01-03 21:24:00,0.022261,227.868,0.6537,49.992
Balanced,2020-01-03 21:27:00,0.016887,227.767,0.5604,49.989
Balanced,2020-01-03 21:30:00,0.022443,228.248,0.6462,49.992
Balanced,2020-01-03 21:33:00,0.020303,227.337,0.607,49.98
Balanced,2020-01-03 21:36:00,0.019389,227.91,0.5705,49.989
Balanced,2020-01-03 21:39:00,0.021503,227.435,0.6519,49.977
Balanced,2020-01-03 21:42:00,0.024456,227.291,0.6562,49.954
Balanced,2020-01-03 21:45:00,0.022922,227.161,0.6083,49.985
Balanced,2020-01-03 21:48:00,0.020733,227.386,0.6165,49.995
Balanced,2020-01-03 21:51:00,0.017339,229.413,0.601,49.991
Balanced,2020-01-03 21:54:00,0.016136,228.118,0.5539,49.993
Balanced,2020-01-03 21:57:00,0.025486,226.441,0.7181,49.949
Balanced,2020-01-03 22:00:00,0.025861,227.614,0.6976,49.981
Balanced,2020-01-03 22:03:00,0.0174,228.023,0.5928,50.003
Balanced,2020-01-03 22:06:00,0.024609,225.742,0.6955,49.982
Balanced,2020-01-03 22:09:00,0.019659,229.197,0.5913,50.007
Balanced,2020-01-03 22:12:00,0.020894,227.722,0.5701,49.975
Balanced,2020-01-03 22:15:00,0.019802,230.156,0.6108,49.989
Balanced,2020-01-03 22:18:00,0.02155,228.842,0.6745,49.972
Balanced,2020-01-03 22:21:00,0.023377,226.16,0.6283,49.987
Balanced,2020-01-03 22:24:00,0.019951,229.122,0.5374,49.995
Balanced,2020-01-03 22:27:00,0.01675,228.342,0.5306,49.973
Balanced,2020-01-03 22:30:00,0.018199,228.902,0.5079,49.979
Balanced,2020-01-03 22:33:00,0.014482,230.911,0.4634,49.997
Balanced,2020-01-03 22:36:00,0.017058,228.224,0.5553,49.99
Balanced,2020-01-03 22:39:00,0.020428,227.988,0.6503,49.982
Balanced,2020-01-03 22:42:00,0.017869,229.285,0.5491,49.98
Balanced,2020-01-03 22:45:00,0.020603,228.97,0.6635,49.997
Balanced,2020-01-03 22:48:00,0.023541,227.615,0.7286,49.986
Balanced,2020-01-03 22:51:00,0.020439,229.143,0.6194,49.984
Balanced,2020-01-03 22:54:00,0.020624,226.253,0.6433,49.969
Balanced,2020-01-03 22:57:00,0.018118,228.042,0.558,49.998
Balanced,2020-01-03 23:00:00,0.021375,228.94,0.6093,49.969
Balanced,2020-01-03 23:03:00,0.01558,228.415,0.5472,49.974
Balanced,2020-01-03 23:06:00,0.021431,228.265,0.6346,49.984
Balanced,2020-01-03 23:09:00,0.014392,228.616,0.4979,49.993
Balanced,2020-01-03 23:12:00,0.01594,229.137,0.5304,50.0
Balanced,2020-01-03 23:15:00,0.017596,227.408,0.5314,49.982
Balanced,2020-01-03 23:18:00,0.019113,229.001,0.5882,49.97
Balanced,2020-01-03 23:21:00,0.019866,228.644,0.6491,49.966
Balanced,2020-01-03 23:24:00,0.020679,228.826,0.6205,49.958
Balanced,2020-01-03 23:27:00,0.017907,228.705,0.5796,49.977
Balanced,2020-01-03 23:30:00,0.020113,228.332,0.6198,49.975
Balanced,2020-01-03 23:33:00,0.015891,228.61,0.5526,49.978
Balanced,2020-01-03 23:36:00,0.02013,226.912,0.6013,49.964
Balanced,2020-01-03 23:39:00,0.014396,231.289,0.5369,50.0
Balanced,2020-01-03 23:42:00,0.015213,228.435,0.5141,49.981
Balanced,2020-01-03 23:45:00,0.014261,230.026,0.5117,50.0
Balanced,2020-01-03 23:48:00,0.014053,229.762,0.4989,49.973
Balanced,2020-01-03 23:51:00,0.014523,229.566,0.4959,49.985
Balanced,2020-01-03 23:54:00,0.018185,229.607,0.6122,49.978
Balanced,2020-01-03 23:57:00,0.014444,229.77,0.4656,50.004
Balanced,2020-01-04 00:00:00,0.015066,230.289,0.5357,49.989
Balanced,2020-01-04 00:03:00,0.01818,227.767,0.6087,49.988
Balanced,2020-01-04 00:06:00,0.021406,228.389,0.615,49.968
Balanced,2020-01-04 00:09:00,0.017195,228.766,0.5566,49.98
Balanced,2020-01-04 00:12:00,0.020012,229.797,0.5988,49.994
Balanced,2020-01-04 00:15:00,0.017214,229.002,0.5877,49.99
Balanced,2020-01-04 00:18:00,0.014374,229.825,0.5665,49.979
Balanced,2020-01-04 00:21:00,0.020798,226.309,0.6264,49.992
Balanced,2020-01-04 00:24:00,0.01517,228.901,0.5143,49.997
Balanced,2020-01-04 00:27:00,0.016551,228.364,0.6098,49.985
Balanced,2020-01-04 00:30:00,0.017998,229.618,0.5925,49.98
Balanced,2020-01-04 00:33:00,0.020559,228.496,0.5889,49.993
Balanced,2020-01-04 00:36:00,0.01843,229.843,0.5892,49.998
Balanced,2020-01-04 00:39:00,0.022701,227.865,0.7232,49.996
Balanced,2020-01-04 00:42:00,0.020272,227.282,0.61,49.975
Balanced,2020-01-04 00:45:00,0.016846,229.389,0.5695,49.988
Balanced,2020-01-04 00:48:00,0.018119,228.731,0.6017,49.978
Balanced,2020-01-04 00:51:00,0.020689,228.672,0.6309,49.994
Balanced,2020-01-04 00:54:00,0.01752,227.266,0.5649,49.97
Balanced,2020-01-04 00:57:00,0.019699,228.488,0.5789,49.993
Balanced,2020-01-04 01:00:00,0.016216,229.381,0.5574,49.995
Balanced,2020-01-04 01:03:00,0.015055,229.514,0.4592,49.995
Balanced,2020-01-04 01:06:00,0.014753,228.836,0.4706,50.003
Balanced,2020-01-04 01:09:00,0.016325,228.619,0.5089,49.988
Balanced,2020-01-04 01:12:00,0.016653,230.231,0.5403,49.962
Balanced,2020-01-04 01:15:00,0.016864,228.954,0.5441,49.982
Balanced,2020-01-04 01:18:00,0.020351,227.165,0.5571,49.967
Balanced,2020-01-04 01:21:00,0.021267,229.114,0.6044,50.011
Balanced,2020-01-04 01:24:00,0.008884,230.346,0.4426,49.978
Balanced,2020-01-04 01:27:00,0.022502,227.263,0.6827,49.959
Balanced,2020-01-04 01:30:00,0.016902,230.314,0.5887,49.992
Balanced,2020-01-04 01:33:00,0.017558,230.753,0.5744,49.99
Balanced,2020-01-04 01:36:00,0.012574,229.975,0.5082,50.005
Balanced,2020-01-04 01:39:00,0.016964,228.337,0.535,49.973
Balanced,2020-01-04 01:42:00,0.016232,228.31,0.6035,49.99
Balanced,2020-01-04 01:45:00,0.013186,229.486,0.4899,49.98
Balanced,2020-01-04 01:48:00,0.01842,227.468,0.5756,49.984
Balanced,2020-01-04 01:51:00,0.018605,227.663,0.5905,49.974
Balanced,2020-01-04 01:54:00,0.017538,227.27,0.5753,49.987
Balanced,2020-01-04 01:57:00,0.017004,230.017,0.5432,49.993
Balanced,2020-01-04 02:00:00,0.017621,229.301,0.5269,49.986
Balanced,2020-01-04 02:03:00,0.021192,228.902,0.6268,49.99
Balanced,2020-01-04 02:06:00,0.013755,228.257,0.5374,49.991
Balanced,2020-01-04 02:09:00,0.019996,227.821,0.6145,49.976
Balanced,2020-01-04 02:12:00,0.017862,228.567,0.5882,49.988
Balanced,2020-01-04 02:15:00,0.014515,229.793,0.4903,49.974
Balanced,2020-01-04 02:18:00,0.018437,227.856,0.6004,49.983
Balanced,2020-01-04 02:21:00,0.013581,228.793,0.395,49.962
Balanced,2020-01-04 02:24:00,0.016125,228.263,0.5874,49.99
Balanced,2020-01-04 02:27:00,0.01218,229.727,0.4897,49.977
Balanced,2020-01-04 02:30:00,0.016803,228.088,0.573,49.987
Balanced,2020-01-04 02:33:00,0.016267,229.266,0.5824,49.998
Balanced,2020-01-04 02:36:00,0.015043,228.8,0.5498,49.985
Balanced,2020-01-04 02:39:00,0.018834,228.396,0.614,49.978
Balanced,2020-01-04 02:42:00,0.013868,230.398,0.4899,50.005
Balanced,2020-01-04 02:45:00,0.021073,228.628,0.6064,50.003
Balanced,2020-01-04 02:48:00,0.013971,229.569,0.4837,49.987
Balanced,2020-01-04 02:51:00,0.015363,230.173,0.5113,49.981
Balanced,2020-01-04 02:54:00,0.015807,229.254,0.5753,49.983
Balanced,2020-01-04 02:57:00,0.013766,228.319,0.4701,49.984
Balanced,2020-01-04 03:00:00,0.017461,228.604,0.5541,49.986
Balanced,2020-01-04 03:03:00,0.01594,229.508,0.5092,49.992
Balanced,2020-01-04 03:06:00,0.016774,228.684,0.5602,50.008
Balanced,2020-01-04 03:09:00,0.013915,230.212,0.5387,49.99
Balanced,2020-01-04 03:12:00,0.01424,230.384,0.4741,49.984
Balanced,2020-01-04 03:15:00,0.01253,231.521,0.5199,49.99
Balanced,2020-01-04 03:18:00,0.015521,230.371,0.509,49.994
Balanced,2020-01-04 03:21:00,0.014008,229.438,0.49,49.998
Balanced,2020-01-04 03:24:00,0.015986,227.72,0.4823,49.999
Balanced,2020-01-04 03:27:00,0.012921,230.274,0.4912,49.989
Balanced,2020-01-04 03:30:00,0.013289,230.06,0.4287,49.992
Balanced,2020-01-04 03:33:00,0.020391,228.813,0.6429,49.989
Balanced,2020-01-04 03:36:00,0.018442,228.489,0.5797,49.992
Balanced,2020-01-04 03:39:00,0.018449,227.655,0.6056,49.987
Balanced,2020-01-04 03:42:00,0.015907,229.422,0.605,49.99
Balanced,2020-01-04 03:45:00,0.014077,228.969,0.5288,49.983
Balanced,2020-01-04 03:48:00,0.0078,229.706,0.3398,50.01
Balanced,2020-01-04 03:51:00,0.015321,228.233,0.4861,50.001
Balanced,2020-01-04 03:54:00,0.017764,229.506,0.5612,49.981
Balanced,2020-01-04 03:57:00,0.015358,229.277,0.4931,49.984
Balanced,2020-01-04 04:00:00,0.012011,230.209,0.47,49.976
Balanced,2020-01-04 04:03:00,0.012771,229.724,0.4758,50.011
Balanced,2020-01-04 04:06:00,0.018531,229.277,0.5962,49.989
Balanced,2020-01-04 04:09:00,0.019086,228.057,0.5888,49.992
Balanced,2020-01-04 04:12:00,0.022232,229.145,0.6516,49.962
Balanced,2020-01-04 04:15:00,0.016101,228.626,0.5312,49.981
Balanced,2020-01-04 04:18:00,0.022367,227.354,0.6329,49.989
Balanced,2020-01-04 04:21:00,0.019538,229.144,0.6626,49.984
Balanced,2020-01-04 04:24:00,0.016509,230.652,0.5544,49.975
Balanced,2020-01-04 04:27:00,0.014588,228.758,0.5713,49.982
Balanced,2020-01-04 04:30:00,0.022767,227.882,0.6584,49.988
Balanced,2020-01-04 04:33:00,0.012128,229.98,0.4257,49.987
Balanced,2020-01-04 04:36:00,0.020256,228.604,0.6106,49.973
Balanced,2020-01-04 04:39:00,0.01604,229.932,0.5363,49.985
Balanced,2020-01-04 04:42:00,0.013457,228.437,0.4994,49.989
Balanced,2020-01-04 04:45:00,0.019638,229.035,0.5985,49.975
Balanced,2020-01-04 04:48:00,0.012225,229.661,0.4795,49.995
Balanced,2020-01-04 04:51:00,0.017223,228.826,0.6001,49.996
Balanced,2020-01-04 04:54:00,0.015674,228.553,0.5638,49.989
Balanced,2020-01-04 04:57:00,0.01265,229.23,0.5024,49.995
Balanced,2020-01-04 05:00:00,0.016961,228.48,0.5646,49.981
Balanced,2020-01-04 05:03:00,0.012495,229.001,0.4635,49.988
Balanced,2020-01-04 05:06:00,0.018703,229.394,0.6223,49.98
Balanced,2020-01-04 05:09:00,0.020241,228.511,0.5939,49.996
Balanced,2020-01-04 05:12:00,0.014949,230.022,0.52,49.981
Balanced,2020-01-04 05:15:00,0.016293,230.064,0.5697,49.981
Balanced,2020-01-04 05:18:00,0.019794,228.267,0.5756,49.996
Balanced,2020-01-04 05:21:00,0.013243,229.886,0.4296,49.98
Balanced,2020-01-04 05:24:00,0.015997,229.225,0.5338,49.99
Balanced,2020-01-04 05:27:00,0.01715,229.964,0.5657,49.993
Balanced,2020-01-04 05:30:00,0.016951,229.347,0.5766,49.982
Balanced,2020-01-04 05:33:00,0.021684,228.554,0.6416,49.985
Balanced,2020-01-04 05:36:00,0.018296,229.189,0.598,49.979
Balanced,2020-01-04 05:39:00,0.016187,228.65,0.5619,49.983
Balanced,2020-01-04 05:42:00,0.017838,227.808,0.6054,49.977
Balanced,2020-01-04 05:45:00,0.019607,227.342,0.56,49.989
Balanced,2020-01-04 05:48:00,0.020907,226.93,0.5778,49.98
Balanced,2020-01-04 05:51:00,0.020294,229.409,0.6093,49.964
Balanced,2020-01-04 05:54:00,0.012978,229.765,0.481,50.005
Balanced,2020-01-04 05:57:00,0.020113,227.457,0.6324,49.985
Balanced,2020-01-04 06:00:00,0.01734,229.054,0.5998,49.982
Balanced,2020-01-04 06:03:00,0.022223,226.561,0.6348,49.997
Balanced,2020-01-04 06:06:00,0.019786,228.43,0.5823,49.969
Balanced,2020-01-04 06:09:00,0.016352,229.317,0.544,49.984
Balanced,2020-01-04 06:12:00,0.015338,229.039,0.542,49.986
Balanced,2020-01-04 06:15:00,0.016092,229.741,0.5681,49.981
Balanced,2020-01-04 06:18:00,0.023037,227.505,0.6857,49.961
Balanced,2020-01-04 06:21:00,0.016379,229.306,0.5348,49.971
Balanced,2020-01-04 06:24:00,0.02072,228.273,0.6349,49.972
Balanced,2020-01-04 06:27:00,0.010285,228.445,0.3587,49.993
Balanced,2020-01-04 06:30:00,0.018305,228.96,0.5734,49.956
Balanced,2020-01-04 06:33:00,0.019057,227.728,0.5831,49.972
Balanced,2020-01-04 06:36:00,0.020865,226.906,0.6319,49.988
Balanced,2020-01-04 06:39:00,0.01675,228.689,0.544,50.002
Balanced,2020-01-04 06:42:00,0.024756,227.444,0.6815,49.969
Balanced,2020-01-04 06:45:00,0.020591,227.271,0.5952,49.99
Balanced,2020-01-04 06:48:00,0.020058,228.299,0.6619,49.97
Balanced,2020-01-04 06:51:00,0.027184,228.291,0.7586,49.984
Balanced,2020-01-04 06:54:00,0.017395,228.84,0.5363,49.998
Balanced,2020-01-04 06:57:00,0.020376,227.562,0.5922,49.977
Balanced,2020-01-04 07:00:00,0.019836,228.747,0.677,50.003
Balanced,2020-01-04 07:03:00,0.021156,228.921,0.6105,49.987
Balanced,2020-01-04 07:06:00,0.021433,226.821,0.6286,49.998
Balanced,2020-01-04 07:09:00,0.020019,226.978,0.5722,49.997
Balanced,2020-01-04 07:12:00,0.021104,228.318,0.6661,49.981
Balanced,2020-01-04 07:15:00,0.022681,228.349,0.646,49.963
Balanced,2020-01-04 07:18:00,0.016438,229.213,0.5725,49.975
Balanced,2020-01-04 07:21:00,0.024953,227.155,0.7224,49.988
Balanced,2020-01-04 07:24:00,0.018557,230.198,0.6611,49.979
Balanced,2020-01-04 07:27:00,0.02387,227.395,0.7103,49.985
Balanced,2020-01-04 07:30:00,0.018496,228.734,0.5865,49.975
Balanced,2020-01-04 07:33:00,0.021369,227.236,0.622,49.981
Balanced,2020-01-04 07:36:00,0.021776,228.729,0.6764,49.988
Balanced,2020-01-04 07:39:00,0.024087,227.977,0.676,49.98
Balanced,2020-01-04 07:42:00,0.01505,229.661,0.4671,49.978
Balanced,2020-01-04 07:45:00,0.024867,227.002,0.7196,49.956
Balanced,2020-01-04 07:48:00,0.024918,227.293,0.7137,49.999
Balanced,2020-01-04 07:51:00,0.020202,229.024,0.5918,49.978
Balanced,2020-01-04 07:54:00,0.01957,227.511,0.5949,49.967
Balanced,2020-01-04 07:57:00,0.021877,228.255,0.6508,49.985
Balanced,2020-01-04 08:00:00,0.021969,228.859,0.6497,49.972
Balanced,2020-01-04 08:03:00,0.019419,228.601,0.611,49.976
Balanced,2020-01-04 08:06:00,0.021203,227.596,0.6342,49.997
Balanced,2020-01-04 08:09:00,0.019952,227.596,0.5996,49.98
Balanced,2020-01-04 08:12:00,0.025342,228.869,0.6822,49.987
Balanced,2020-01-04 08:15:00,0.026931,226.503,0.7527,49.982
Balanced,2020-01-04 08:18:00,0.021841,228.375,0.6858,49.972
Balanced,2020-01-04 08:21:00,0.019372,227.864,0.5802,49.982
Balanced,2020-01-04 08:24:00,0.022605,228.003,0.6452,49.983
Balanced,2020-01-04 08:27:00,0.02219,226.247,0.6174,49.982
Balanced,2020-01-04 08:30:00,0.020548,228.303,0.5956,49.983
Balanced,2020-01-04 08:33:00,0.024272,225.893,0.6967,49.973
Balanced,2020-01-04 08:36:00,0.022107,226.387,0.6813,49.98
Balanced,2020-01-04 08:39:00,0.017462,226.762,0.5387,49.997
Balanced,2020-01-04 08:42:00,0.020156,227.724,0.5845,49.994
Balanced,2020-01-04 08:45:00,0.022482,227.327,0.6625,49.982
Balanced,2020-01-04 08:48:00,0.020114,228.442,0.6442,49.973
Balanced,2020-01-04 08:51:00,0.016715,227.672,0.4762,50.016
Balanced,2020-01-04 08:54:00,0.021709,227.616,0.5897,49.964
Balanced,2020-01-04 08:57:00,0.019535,226.925,0.5914,49.98
Balanced,2020-01-04 09:00:00,0.019116,229.338,0.6142,49.996
Balanced,2020-01-04 09:03:00,0.020513,227.076,0.6005,49.996
Balanced,2020-01-04 09:06:00,0.022018,228.189,0.6364,49.98
Balanced,2020-01-04 09:09:00,0.02168,225.879,0.6689,49.977
Balanced,2020-01-04 09:12:00,0.015854,228.629,0.5543,49.986
Balanced,2020-01-04 09:15:00,0.018599,230.185,0.6292,49.983
Balanced,2020-01-04 09:18:00,0.020081,229.062,0.5776,49.971
Balanced,2020-01-04 09:21:00,0.019867,228.253,0.661,49.985
Balanced,2020-01-04 09:24:00,0.017772,228.565,0.5627,49.99
Balanced,2020-01-04 09:27:00,0.018884,226.742,0.5714,49.963
Balanced,2020-01-04 09:30:00,0.018696,228.747,0.5697,49.97
Balanced,2020-01-04 09:33:00,0.02101,228.958,0.6048,49.967
Balanced,2020-01-04 09:36:00,0.018773,229.378,0.575,49.985
Balanced,2020-01-04 09:39:00,0.017821,230.199,0.6201,49.987
Balanced,2020-01-04 09:42:00,0.020394,229.215,0.6161,49.976
Balanced,2020-01-04 09:45:00,0.018641,227.555,0.5871,49.966
Balanced,2020-01-04 09:48:00,0.015806,229.767,0.5318,49.972
Balanced,2020-01-04 09:51:00,0.016158,228.325,0.5506,49.961
Balanced,2020-01-04 09:54:00,0.017006,228.466,0.5248,49.983
Balanced,2020-01-04 09:57:00,0.018918,228.594,0.6047,49.993
Balanced,2020-01-04 10:00:00,0.019466,228.723,0.5694,49.984
Balanced,2020-01-04 10:03:00,0.01615,228.156,0.5203,49.988
Balanced,2020-01-04 10:06:00,0.020849,226.997,0.5695,49.989
Balanced,2020-01-04 10:09:00,0.020336,229.319,0.6183,49.992
Balanced,2020-01-04 10:12:00,0.018412,228.03,0.6012,49.998
Balanced,2020-01-04 10:15:00,0.015473,228.281,0.4986,49.965
Balanced,2020-01-04 10:18:00,0.016473,230.084,0.5654,49.988
Balanced,2020-01-04 10:21:00,0.019534,227.621,0.6304,49.974
Balanced,2020-01-04 10:24:00,0.021614,228.186,0.6513,49.976
Balanced,2020-01-04 10:27:00,0.01807,228.171,0.5728,49.989
Balanced,2020-01-04 10:30:00,0.013363,229.059,0.5253,49.997
Balanced,2020-01-04 10:33:00,0.018242,228.212,0.6588,49.995
Balanced,2020-01-04 10:36:00,0.019284,228.823,0.6228,49.972
Balanced,2020-01-04 10:39:00,0.019245,228.833,0.6027,50.0
Balanced,2020-01-04 10:42:00,0.021945,227.694,0.6749,49.954
Balanced,2020-01-04 10:45:00,0.022209,228.729,0.7292,49.957
Balanced,2020-01-04 10:48:00,0.016128,229.851,0.5129,49.991
Balanced,2020-01-04 10:51:00,0.017386,228.887,0.569,49.97
Balanced,2020-01-04 10:54:00,0.018303,228.864,0.6385,49.958
Balanced,2020-01-04 10:57:00,0.017434,229.105,0.5068,49.984
Balanced,2020-01-04 11:00:00,0.016201,230.033,0.5423,49.988
Balanced,2020-01-04 11:03:00,0.012369,230.488,0.4648,50.0
Balanced,2020-01-04 11:06:00,0.019212,229.302,0.6416,49.97
Balanced,2020-01-04 11:09:00,0.021647,227.599,0.5658,49.964
Balanced,2020-01-04 11:12:00,0.011336,230.405,0.4387,50.007
Balanced,2020-01-04 11:15:00,0.017366,230.464,0.4992,49.96
Balanced,2020-01-04 11:18:00,0.017363,228.294,0.5588,49.978
Balanced,2020-01-04 11:21:00,0.011834,231.128,0.5207,50.003
Balanced,2020-01-04 11:24:00,0.022566,228.238,0.6438,49.981
Balanced,2020-01-04 11:27:00,0.020697,229.103,0.5828,49.976
Balanced,2020-01-04 11:30:00,0.013092,230.668,0.5163,49.993
Balanced,2020-01-04 11:33:00,0.0119,227.845,0.5113,49.993
Balanced,2020-01-04 11:36:00,0.014558,229.297,0.4736,49.981
Balanced,2020-01-04 11:39:00,0.023184,227.316,0.6912,49.961
Balanced,2020-01-04 11:42:00,0.018749,229.524,0.6163,49.962
Balanced,2020-01-04 11:45:00,0.019159,227.245,0.5565,49.987
Balanced,2020-01-04 11:48:00,0.014032,231.84,0.5413,49.988
Balanced,2020-01-04 11:51:00,0.014637,229.596,0.4816,49.979
Balanced,2020-01-04 11:54:00,0.022249,227.38,0.5684,49.969
Balanced,2020-01-04 11:57:00,0.019118,229.037,0.5588,49.99
Balanced,2020-01-04 12:00:00,0.017297,229.64,0.5542,49.972
Balanced,2020-01-04 12:03:00,0.014432,230.141,0.4706,49.974
Balanced,2020-01-04 12:06:00,0.018061,229.192,0.6122,49.987
Balanced,2020-01-04 12:09:00,0.015893,229.435,0.5542,49.961
Balanced,2020-01-04 12:12:00,0.019728,228.487,0.6692,49.996
Balanced,2020-01-04 12:15:00,0.023259,228.323,0.6763,49.996
Balanced,2020-01-04 12:18:00,0.017096,229.598,0.5388,49.962
Balanced,2020-01-04 12:21:00,0.020044,227.364,0.5705,49.974
Balanced,2020-01-04 12:24:00,0.022586,226.678,0.6466,49.959
Balanced,2020-01-04 12:27:00,0.020301,227.058,0.6535,49.996
Balanced,2020-01-04 12:30:00,0.020966,229.377,0.6532,49.982
Balanced,2020-01-04 12:33:00,0.015943,229.693,0.4921,49.989
Balanced,2020-01-04 12:36:00,0.01715,228.811,0.5429,49.991
Balanced,2020-01-04 12:39:00,0.023589,228.514,0.6518,49.97
Balanced,2020-01-04 12:42:00,0.013456,230.347,0.4877,49.991
Balanced,2020-01-04 12:45:00,0.019035,228.957,0.5345,49.968
Balanced,2020-01-04 12:48:00,0.019466,228.501,0.5775,49.965
Balanced,2020-01-04 12:51:00,0.018177,229.395,0.5231,49.981
Balanced,2020-01-04 12:54:00,0.019026,229.46,0.5826,49.961
Balanced,2020-01-04 12:57:00,0.028264,225.756,0.8041,49.976
Balanced,2020-01-04 13:00:00,0.020571,227.433,0.6514,49.996
Balanced,2020-01-04 13:03:00,0.013615,228.922,0.4586,49.977
Balanced,2020-01-04 13:06:00,0.023434,228.817,0.6171,49.976
Balanced,2020-01-04 13:09:00,0.022039,228.258,0.6357,49.993
Balanced,2020-01-04 13:12:00,0.021849,227.141,0.6789,49.987
Balanced,2020-01-04 13:15:00,0.024839,226.67,0.6819,49.995
Balanced,2020-01-04 13:18:00,0.01949,227.359,0.595,50.002
Balanced,2020-01-04 13:21:00,0.021921,227.367,0.6106,50.001
Balanced,2020-01-04 13:24:00,0.023463,227.13,0.6098,49.955
Balanced,2020-01-04 13:27:00,0.026469,226.588,0.7276,49.973
Balanced,2020-01-04 13:30:00,0.027545,225.955,0.7315,49.957
Balanced,2020-01-04 13:33:00,0.024467,229.059,0.6704,49.956
Balanced,2020-01-04 13:36:00,0.018062,229.181,0.5399,49.981
Balanced,2020-01-04 13:39:00,0.028349,226.379,0.7911,49.956
Balanced,2020-01-04 13:42:00,0.020662,227.031,0.558,49.989
Balanced,2020-01-04 13:45:00,0.018668,227.935,0.6216,49.983
Balanced,2020-01-04 13:48:00,0.023835,228.848,0.682,50.0
Balanced,2020-01-04 13:51:00,0.019991,228.976,0.6189,49.99
Balanced,2020-01-04 13:54:00,0.020417,228.571,0.6311,49.993
Balanced,2020-01-04 13:57:00,0.023221,226.946,0.7203,49.983
Balanced,2020-01-04 14:00:00,0.023018,228.06,0.7125,49.978
Balanced,2020-01-04 14:03:00,0.019705,228.571,0.6312,49.99
Balanced,2020-01-04 14:06:00,0.020281,227.89,0.6456,49.996
Balanced,2020-01-04 14:09:00,0.022795,228.07,0.6548,49.965
Balanced,2020-01-04 14:12:00,0.02288,228.677,0.66,49.986
Balanced,2020-01-04 14:15:00,0.017209,228.86,0.5583,49.99
Balanced,2020-01-04 14:18:00,0.024986,226.791,0.728,49.974
Balanced,2020-01-04 14:21:00,0.028311,227.994,0.7523,49.969
Balanced,2020-01-04 14:24:00,0.020544,229.252,0.6557,49.983
Balanced,2020-01-04 14:27:00,0.026128,226.766,0.7508,49.952
Balanced,2020-01-04 14:30:00,0.017455,228.963,0.617,49.973
Balanced,2020-01-04 14:33:00,0.01432,228.066,0.4789,49.989
Balanced,2020-01-04 14:36:00,0.017485,229.982,0.6034,50.011
Balanced,2020-01-04 14:39:00,0.026213,227.355,0.7233,49.973
Balanced,2020-01-04 14:42:00,0.016231,228.381,0.6267,49.993
Balanced,2020-01-04 14:45:00,0.017557,228.779,0.5159,49.966
Balanced,2020-01-04 14:48:00,0.016224,229.234,0.5418,49.995
Balanced,2020-01-04 14:51:00,0.02124,227.375,0.6583,49.992
Balanced,2020-01-04 14:54:00,0.021242,227.98,0.556,49.973
Balanced,2020-01-04 14:57:00,0.019318,228.615,0.5917,49.954
Balanced,2020-01-04 15:00:00,0.026746,227.235,0.7543,49.963
Balanced,2020-01-04 15:03:00,0.015537,228.304,0.5984,49.996
Balanced,2020-01-04 15:06:00,0.020859,226.936,0.5939,50.001
Balanced,2020-01-04 15:09:00,0.023308,227.431,0.6764,49.97
Balanced,2020-01-04 15:12:00,0.021544,227.384,0.6496,49.967
Balanced,2020-01-04 15:15:00,0.021869,227.708,0.6125,49.973
Balanced,2020-01-04 15:18:00,0.016458,227.275,0.5537,49.988
Balanced,2020-01-04 15:21:00,0.015083,230.462,0.5271,49.997
Balanced,2020-01-04 15:24:00,0.018216,229.859,0.6352,49.973
Balanced,2020-01-04 15:27:00,0.019389,226.634,0.5625,49.98
Balanced,2020-01-04 15:30:00,0.019496,228.242,0.6646,49.976
Balanced,2020-01-04 15:33:00,0.022175,228.265,0.6176,49.981
Balanced,2020-01-04 15:36:00,0.016485,229.256,0.5571,49.977
Balanced,2020-01-04 15:39:00,0.015048,229.301,0.5185,49.996
Balanced,2020-01-04 15:42:00,0.021854,227.27,0.6909,49.975
Balanced,2020-01-04 15:45:00,0.021545,227.918,0.5621,49.959
Balanced,2020-01-04 15:48:00,0.023793,227.631,0.6641,50.017
Balanced,2020-01-04 15:51:00,0.018583,229.484,0.5608,50.006
Balanced,2020-01-04 15:54:00,0.02067,227.471,0.6507,49.97
Balanced,2020-01-04 15:57:00,0.018209,228.747,0.5679,49.992
Balanced,2020-01-04 16:00:00,0.017421,228.601,0.5433,50.0
Balanced,2020-01-04 16:03:00,0.022164,228.175,0.6102,49.997
Balanced,2020-01-04 16:06:00,0.017523,227.785,0.5197,50.006
Balanced,2020-01-04 16:09:00,0.01682,228.124,0.5198,50.001
Balanced,2020-01-04 16:12:00,0.014523,229.978,0.411,49.968
Balanced,2020-01-04 16:15:00,0.018137,228.405,0.5336,49.972
Balanced,2020-01-04 16:18:00,0.012942,227.461,0.4539,50.018
Balanced,2020-01-04 16:21:00,0.016322,227.43,0.5333,49.98
Balanced,2020-01-04 16:24:00,0.0224,228.942,0.6948,49.983
Balanced,2020-01-04 16:27:00,0.014712,229.669,0.5155,49.97
Balanced,2020-01-04 16:30:00,0.021356,229.212,0.6518,49.987
Balanced,2020-01-04 16:33:00,0.015457,228.17,0.5676,49.983
Balanced,2020-01-04 16:36:00,0.021293,228.025,0.6599,50.0
Balanced,2020-01-04 16:39:00,0.024906,228.298,0.72,49.992
Balanced,2020-01-04 16:42:00,0.016743,228.414,0.5649,50.006
Balanced,2020-01-04 16:45:00,0.016685,229.693,0.5758,49.992
Balanced,2020-01-04 16:48:00,0.024106,226.982,0.6908,49.973
Balanced,2020-01-04 16:51:00,0.012554,229.597,0.5079,49.989
Balanced,2020-01-04 16:54:00,0.0173,228.602,0.5896,49.986
Balanced,2020-01-04 16:57:00,0.020157,228.319,0.6969,49.977
Balanced,2020-01-04 17:00:00,0.021211,228.5,0.5955,49.976
Balanced,2020-01-04 17:03:00,0.018532,228.034,0.6233,49.97
Balanced,2020-01-04 17:06:00,0.017075,228.22,0.6232,49.968
Balanced,2020-01-04 17:09:00,0.02266,227.372,0.6488,49.972
Balanced,2020-01-04 17:12:00,0.016109,228.062,0.506,49.984
Balanced,2020-01-04 17:15:00,0.019453,228.939,0.6128,49.975
Balanced,2020-01-04 17:18:00,0.013202,230.524,0.4683,49.991
Balanced,2020-01-04 17:21:00,0.019984,229.132,0.5856,49.986
Balanced,2020-01-04 17:24:00,0.015746,229.663,0.5408,49.983
Balanced,2020-01-04 17:27:00,0.018966,227.816,0.5876,49.988
Balanced,2020-01-04 17:30:00,0.020546,230.533,0.605,49.983
Balanced,2020-01-04 17:33:00,0.018592,229.323,0.5863,49.955
Balanced,2020-01-04 17:36:00,0.018453,229.278,0.5741,49.986
Balanced,2020-01-04 17:39:00,0.018101,227.678,0.5633,50.006
Balanced,2020-01-04 17:42:00,0.016117,229.149,0.5695,49.972
Balanced,2020-01-04 17:45:00,0.020826,228.165,0.6061,49.984
Balanced,2020-01-04 17:48:00,0.01679,228.251,0.5969,49.974
Balanced,2020-01-04 17:51:00,0.024612,226.911,0.6777,49.984
Balanced,2020-01-04 17:54:00,0.018811,228.0,0.5736,49.985
Balanced,2020-01-04 17:57:00,0.020629,229.031,0.6575,49.964
Balanced,2020-01-04 18:00:00,0.02382,227.272,0.7132,49.989
Balanced,2020-01-04 18:03:00,0.019655,229.455,0.6204,49.973
Balanced,2020-01-04 18:06:00,0.014676,228.511,0.5047,49.995
Balanced,2020-01-04 18:09:00,0.022501,229.144,0.6132,49.981
Balanced,2020-01-04 18:12:00,0.021431,228.83,0.5949,49.993
Balanced,2020-01-04 18:15:00,0.013043,230.091,0.536,49.973
Balanced,2020-01-04 18:18:00,0.021247,227.548,0.6303,49.972
Balanced,2020-01-04 18:21:00,0.023147,228.753,0.6663,49.987
Balanced,2020-01-04 18:24:00,0.019338,227.767,0.5698,49.999
Balanced,2020-01-04 18:27:00,0.020213,228.938,0.6353,49.985
Balanced,2020-01-04 18:30:00,0.022141,227.254,0.6578,49.974
Balanced,2020-01-04 18:33:00,0.019024,227.773,0.6066,49.98
Balanced,2020-01-04 18:36:00,0.026041,226.828,0.7218,49.972
Balanced,2020-01-04 18:39:00,0.019118,229.145,0.5855,49.982
Balanced,2020-01-04 18:42:00,0.017282,227.532,0.5625,49.988
Balanced,2020-01-04 18:45:00,0.020653,228.407,0.63,49.984
Balanced,2020-01-04 18:48:00,0.019376,227.401,0.5745,49.986
Balanced,2020-01-04 18:51:00,0.024772,226.025,0.6579,49.983
Balanced,2020-01-04 18:54:00,0.019389,229.161,0.5717,50.0
Balanced,2020-01-04 18:57:00,0.026384,227.904,0.7014,49.997
Balanced,2020-01-04 19:00:00,0.024507,228.063,0.6118,49.968
Balanced,2020-01-04 19:03:00,0.02351,225.875,0.6422,49.97
Balanced,2020-01-04 19:06:00,0.020875,228.686,0.6128,49.975
Balanced,2020-01-04 19:09:00,0.025632,225.944,0.6523,49.964
Balanced,2020-01-04 19:12:00,0.026767,226.317,0.7058,49.977
Balanced,2020-01-04 19:15:00,0.018557,229.387,0.5629,49.986
Balanced,2020-01-04 19:18:00,0.024994,226.649,0.7616,49.964
Balanced,2020-01-04 19:21:00,0.015127,228.891,0.5516,49.973
Balanced,2020-01-04 19:24:00,0.018749,229.071,0.5989,49.998
Balanced,2020-01-04 19:27:00,0.023367,229.963,0.7157,49.972
Balanced,2020-01-04 19:30:00,0.022295,227.686,0.6622,49.996
Balanced,2020-01-04 19:33:00,0.025166,227.49,0.7171,49.985
Balanced,2020-01-04 19:36:00,0.017448,227.922,0.5459,49.986
Balanced,2020-01-04 19:39:00,0.0252,227.687,0.7926,49.96
Balanced,2020-01-04 19:42:00,0.026807,227.435,0.7545,49.967
Balanced,2020-01-04 19:45:00,0.030832,225.049,0.8001,49.964
Balanced,2020-01-04 19:48:00,0.022452,228.184,0.6532,49.976
Balanced,2020-01-04 19:51:00,0.016071,228.236,0.5452,49.979
Balanced,2020-01-04 19:54:00,0.019743,228.654,0.6433,49.976
Balanced,2020-01-04 19:57:00,0.022925,227.472,0.6581,49.982
Balanced,2020-01-04 20:00:00,0.019255,228.073,0.569,49.992
Balanced,2020-01-04 20:03:00,0.025238,227.254,0.7265,49.96
Balanced,2020-01-04 20:06:00,0.026704,227.76,0.7427,49.992
Balanced,2020-01-04 20:09:00,0.020399,228.611,0.606,49.994
Balanced,2020-01-04 20:12:00,0.024031,227.06,0.7564,49.967
Balanced,2020-01-04 20:15:00,0.02219,226.767,0.6847,49.981
Balanced,2020-01-04 20:18:00,0.022051,227.659,0.675,49.985
Balanced,2020-01-04 20:21:00,0.024143,226.802,0.7175,49.994
Balanced,2020-01-04 20:24:00,0.023906,227.552,0.6348,49.965
Balanced,2020-01-04 20:27:00,0.026073,228.021,0.7157,49.969
Balanced,2020-01-04 20:30:00,0.026194,228.075,0.7572,49.962
Balanced,2020-01-04 20:33:00,0.026444,227.856,0.7066,49.969
Balanced,2020-01-04 20:36:00,0.01885,227.14,0.5719,49.97
Balanced,2020-01-04 20:39:00,0.028851,227.436,0.7748,49.981
Balanced,2020-01-04 20:42:00,0.022138,226.109,0.6094,49.963
Balanced,2020-01-04 20:45:00,0.028526,227.362,0.7577,49.982
Balanced,2020-01-04 20:48:00,0.026383,226.784,0.7227,49.984
Balanced,2020-01-04 20:51:00,0.026196,226.846,0.7022,49.971
Balanced,2020-01-04 20:54:00,0.026864,227.116,0.7564,49.96
Balanced,2020-01-04 20:57:00,0.023071,227.075,0.5797,49.991
Balanced,2020-01-04 21:00:00,0.025232,226.593,0.7277,49.988
Balanced,2020-01-04 21:03:00,0.018084,228.91,0.5381,50.001
Balanced,2020-01-04 21:06:00,0.023361,227.908,0.624,49.983
Balanced,2020-01-04 21:09:00,0.024062,227.382,0.6325,49.967
Balanced,2020-01-04 21:12:00,0.027966,227.162,0.7795,49.989
Balanced,2020-01-04 21:15:00,0.020988,227.709,0.6248,49.972
Balanced,2020-01-04 21:18:00,0.02121,227.457,0.6551,49.972
Balanced,2020-01-04 21:21:00,0.025226,227.651,0.7469,49.966
Balanced,2020-01-04 21:24:00,0.021039,228.978,0.607,49.993
Balanced,2020-01-04 21:27:00,0.018269,229.169,0.6307,49.982
Balanced,2020-01-04 21:30:00,0.021334,227.384,0.5871,49.989
Balanced,2020-01-04 21:33:00,0.018251,229.446,0.6738,49.995
Balanced,2020-01-04 21:36:00,0.017724,228.73,0.5924,49.972
Balanced,2020-01-04 21:39:00,0.027948,227.817,0.7631,49.996
Balanced,2020-01-04 21:42:00,0.022485,228.426,0.6263,50.0
Balanced,2020-01-04 21:45:00,0.027341,226.569,0.7114,49.989
Balanced,2020-01-04 21:48:00,0.016766,228.941,0.5737,49.979
Balanced,2020-01-04 21:51:00,0.019633,228.945,0.5501,49.993
Balanced,2020-01-04 21:54:00,0.021333,227.287,0.6973,49.958
Balanced,2020-01-04 21:57:00,0.01597,228.208,0.5217,49.983
Balanced,2020-01-04 22:00:00,0.025168,226.518,0.7247,49.987
Balanced,2020-01-04 22:03:00,0.018168,229.146,0.5002,49.993
Balanced,2020-01-04 22:06:00,0.016352,229.689,0.4712,49.988
Balanced,2020-01-04 22:09:00,0.015318,228.812,0.5687,49.998
Balanced,2020-01-04 22:12:00,0.014937,229.951,0.5468,50.003
Balanced,2020-01-04 22:15:00,0.022491,227.993,0.6351,49.956
Balanced,2020-01-04 22:18:00,0.019697,227.888,0.6201,50.002
Balanced,2020-01-04 22:21:00,0.018879,228.489,0.5497,49.972
Balanced,2020-01-04 22:24:00,0.016761,229.445,0.4746,49.977
Balanced,2020-01-04 22:27:00,0.019879,229.399,0.5855,49.991
Balanced,2020-01-04 22:30:00,0.021957,228.624,0.6789,49.953
Balanced,2020-01-04 22:33:00,0.020973,229.686,0.5566,49.96
Balanced,2020-01-04 22:36:00,0.01499,229.022,0.5024,49.985
Balanced,2020-01-04 22:39:00,0.020555,228.145,0.6526,49.976
Balanced,2020-01-04 22:42:00,0.014544,231.101,0.4372,50.006
Balanced,2020-01-04 22:45:00,0.023553,228.389,0.6523,50.006
Balanced,2020-01-04 22:48:00,0.019025,226.556,0.6384,49.993
Balanced,2020-01-04 22:51:00,0.018818,228.522,0.5842,49.982
Balanced,2020-01-04 22:54:00,0.023483,227.31,0.6618,49.975
Balanced,2020-01-04 22:57:00,0.018931,229.03,0.5595,49.979
Balanced,2020-01-04 23:00:00,0.020783,229.144,0.6556,49.991
Balanced,2020-01-04 23:03:00,0.01999,226.84,0.5488,49.989
Balanced,2020-01-04 23:06:00,0.017672,228.803,0.5882,49.962
Balanced,2020-01-04 23:09:00,0.016927,229.83,0.5933,49.981
Balanced,2020-01-04 23:12:00,0.019234,228.367,0.6154,49.973
Balanced,2020-01-04 23:15:00,0.023168,228.67,0.6161,49.98
Balanced,2020-01-04 23:18:00,0.015038,228.781,0.5536,50.006
Balanced,2020-01-04 23:21:00,0.016603,229.703,0.5173,49.975
Balanced,2020-01-04 23:24:00,0.019577,227.718,0.5522,49.988
Balanced,2020-01-04 23:27:00,0.019397,229.454,0.5842,49.996
Balanced,2020-01-04 23:30:00,0.017895,228.326,0.5578,49.988
Balanced,2020-01-04 23:33:00,0.024124,227.62,0.6477,49.954
Balanced,2020-01-04 23:36:00,0.015347,229.457,0.4877,49.967
Balanced,2020-01-04 23:39:00,0.017838,228.989,0.5431,49.983
Balanced,2020-01-04 23:42:00,0.015567,229.496,0.5045,49.989
Balanced,2020-01-04 23:45:00,0.019092,226.987,0.5966,49.99
Balanced,2020-01-04 23:48:00,0.015064,228.533,0.4818,49.992
Balanced,2020-01-04 23:51:00,0.022797,228.034,0.6239,49.974
Balanced,2020-01-04 23:54:00,0.011952,229.734,0.4741,49.993
Balanced,2020-01-04 23:57:00,0.022881,226.742,0.6321,49.961
Balanced,2020-01-05 00:00:00,0.018305,227.915,0.5984,49.991
Balanced,2020-01-05 00:03:00,0.018431,228.413,0.5596,49.996
Balanced,2020-01-05 00:06:00,0.02193,228.107,0.6561,49.97
Balanced,2020-01-05 00:09:00,0.014471,230.376,0.4995,49.983
Balanced,2020-01-05 00:12:00,0.017927,228.166,0.521,49.994
Balanced,2020-01-05 00:15:00,0.023148,227.8,0.7155,49.964
Balanced,2020-01-05 00:18:00,0.016472,227.723,0.5448,49.964
Balanced,2020-01-05 00:21:00,0.016341,229.095,0.5843,49.988
Balanced,2020-01-05 00:24:00,0.017991,227.593,0.6079,49.976
Balanced,2020-01-05 00:27:00,0.016457,230.168,0.5025,49.988
Balanced,2020-01-05 00:30:00,0.020803,227.314,0.6571,49.996
Balanced,2020-01-05 00:33:00,0.018013,228.111,0.5844,49.959
Balanced,2020-01-05 00:36:00,0.021401,227.281,0.6325,49.966
Balanced,2020-01-05 00:39:00,0.021313,227.764,0.6044,49.966
Balanced,2020-01-05 00:42:00,0.016797,230.1,0.5063,49.977
Balanced,2020-01-05 00:45:00,0.015324,229.334,0.5215,49.99
Balanced,2020-01-05 00:48:00,0.018498,229.146,0.5553,50.003
Balanced,2020-01-05 00:51:00,0.019423,228.146,0.5636,49.993
Balanced,2020-01-05 00:54:00,0.022825,228.812,0.6336,49.976
Balanced,2020-01-05 00:57:00,0.013913,229.273,0.5454,49.981
Balanced,2020-01-05 01:00:00,0.013228,230.656,0.5133,49.977
Balanced,2020-01-05 01:03:00,0.019282,227.568,0.606,49.971
Balanced,2020-01-05 01:06:00,0.017437,229.867,0.5446,49.973
Balanced,2020-01-05 01:09:00,0.020724,227.434,0.5926,49.985
Balanced,2020-01-05 01:12:00,0.019404,229.47,0.6317,49.977
Balanced,2020-01-05 01:15:00,0.022167,228.891,0.6731,49.979
Balanced,2020-01-05 01:18:00,0.017416,229.299,0.5401,49.99
Balanced,2020-01-05 01:21:00,0.020772,228.002,0.6149,49.979
Balanced,2020-01-05 01:24:00,0.01947,229.102,0.6257,49.979
Balanced,2020-01-05 01:27:00,0.022454,228.42,0.6285,49.969
Balanced,2020-01-05 01:30:00,0.019379,228.446,0.5727,49.98
Balanced,2020-01-05 01:33:00,0.01865,228.886,0.6122,49.975
Balanced,2020-01-05 01:36:00,0.023091,227.341,0.6828,49.976
Balanced,2020-01-05 01:39:00,0.021052,228.823,0.6663,49.97
Balanced,2020-01-05 01:42:00,0.01583,228.712,0.5047,49.994
Balanced,2020-01-05 01:45:00,0.017937,228.295,0.5678,49.982
Balanced,2020-01-05 01:48:00,0.014278,228.92,0.5164,49.985
Balanced,2020-01-05 01:51:00,0.019964,226.995,0.6114,49.993
Balanced,2020-01-05 01:54:00,0.019556,228.076,0.6403,49.975
Balanced,2020-01-05 01:57:00,0.014869,229.203,0.567,49.987
Balanced,2020-01-05 02:00:00,0.021065,229.616,0.5801,49.991
Balanced,2020-01-05 02:03:00,0.018714,229.427,0.5775,49.99
Balanced,2020-01-05 02:06:00,0.012455,227.617,0.506,49.966
Balanced,2020-01-05 02:09:00,0.018373,227.832,0.554,49.988
Balanced,2020-01-05 02:12:00,0.0188,228.339,0.5793,49.995
Balanced,2020-01-05 02:15:00,0.019122,228.376,0.6238,49.987
Balanced,2020-01-05 02:18:00,0.016055,229.155,0.471,50.0
Balanced,2020-01-05 02:21:00,0.016646,229.903,0.5672,49.974
Balanced,2020-01-05 02:24:00,0.022205,228.371,0.6214,49.984
Balanced,2020-01-05 02:27:00,0.018505,228.686,0.5382,49.982
Balanced,2020-01-05 02:30:00,0.017917,227.939,0.5809,49.985
Balanced,2020-01-05 02:33:00,0.0196,227.097,0.574,49.991
Balanced,2020-01-05 02:36:00,0.01779,228.822,0.5445,49.98
Balanced,2020-01-05 02:39:00,0.015963,228.413,0.4928,50.0
Balanced,2020-01-05 02:42:00,0.021207,227.124,0.6872,49.984
Balanced,2020-01-05 02:45:00,0.019796,228.762,0.6238,49.97
Balanced,2020-01-05 02:48:00,0.017452,228.622,0.5578,49.993
Balanced,2020-01-05 02:51:00,0.015508,228.835,0.5362,49.984
Balanced,2020-01-05 02:54:00,0.01716,229.792,0.5598,49.964
Balanced,2020-01-05 02:57:00,0.019544,228.082,0.648,49.976
Balanced,2020-01-05 03:00:00,0.014027,229.648,0.4713,49.996
Balanced,2020-01-05 03:03:00,0.017652,227.591,0.5637,49.988
Balanced,2020-01-05 03:06:00,0.018384,229.028,0.5721,49.979
Balanced,2020-01-05 03:09:00,0.015473,228.641,0.5233,49.975
Balanced,2020-01-05 03:12:00,0.021982,228.505,0.6561,49.986
Balanced,2020-01-05 03:15:00,0.017604,229.283,0.4899,50.001
Balanced,2020-01-05 03:18:00,0.018111,229.649,0.6106,49.997
Balanced,2020-01-05 03:21:00,0.016209,228.563,0.4953,49.978
Balanced,2020-01-05 03:24:00,0.015688,230.281,0.5262,49.991
Balanced,2020-01-05 03:27:00,0.01443,229.321,0.4849,49.998
Balanced,2020-01-05 03:30:00,0.019593,229.315,0.602,49.979
Balanced,2020-01-05 03:33:00,0.012014,229.681,0.4527,50.015
Balanced,2020-01-05 03:36:00,0.019348,228.12,0.5639,49.978
Balanced,2020-01-05 03:39:00,0.017096,228.44,0.5864,49.958
Balanced,2020-01-05 03:42:00,0.019761,228.562,0.5895,49.991
Balanced,2020-01-05 03:45:00,0.013492,227.473,0.4706,49.997
Balanced,2020-01-05 03:48:00,0.019155,227.288,0.5789,49.986
Balanced,2020-01-05 03:51:00,0.019758,227.847,0.5576,49.989
Balanced,2020-01-05 03:54:00,0.017408,228.844,0.5625,49.979
Balanced,2020-01-05 03:57:00,0.016532,230.784,0.5843,49.992
Balanced,2020-01-05 04:00:00,0.015218,227.745,0.4272,49.973
Balanced,2020-01-05 04:03:00,0.013662,227.735,0.4691,49.975
Balanced,2020-01-05 04:06:00,0.013916,229.552,0.505,49.978
Balanced,2020-01-05 04:09:00,0.016625,229.773,0.545,49.964
Balanced,2020-01-05 04:12:00,0.023658,226.255,0.6992,49.979
Balanced,2020-01-05 04:15:00,0.018441,229.556,0.6284,49.971
Balanced,2020-01-05 04:18:00,0.0159,228.071,0.483,49.993
Balanced,2020-01-05 04:21:00,0.018372,227.715,0.5712,50.001
Balanced,2020-01-05 04:24:00,0.011279,229.68,0.3695,49.989
Balanced,2020-01-05 04:27:00,0.016758,229.434,0.5677,50.015
Balanced,2020-01-05 04:30:00,0.015503,229.104,0.5535,49.995
Balanced,2020-01-05 04:33:00,0.016526,229.292,0.5373,49.98
Balanced,2020-01-05 04:36:00,0.020862,228.323,0.5619,49.979
Balanced,2020-01-05 04:39:00,0.01927,228.929,0.6077,49.98
Balanced,2020-01-05 04:42:00,0.018926,227.552,0.5625,49.975
Balanced,2020-01-05 04:45:00,0.016923,228.087,0.4861,49.996
Balanced,2020-01-05 04:48:00,0.015845,229.338,0.5016,49.983
Balanced,2020-01-05 04:51:00,0.012681,229.168,0.5056,49.976
Balanced,2020-01-05 04:54:00,0.012011,231.232,0.5259,49.981
Balanced,2020-01-05 04:57:00,0.018208,228.678,0.5935,49.983
Balanced,2020-01-05 05:00:00,0.016757,227.951,0.5172,49.999
Balanced,2020-01-05 05:03:00,0.015965,228.369,0.5557,49.998
Balanced,2020-01-05 05:06:00,0.020243,228.912,0.6379,49.995
Balanced,2020-01-05 05:09:00,0.015954,227.603,0.4763,49.978
Balanced,2020-01-05 05:12:00,0.019108,228.936,0.5883,49.971
Balanced,2020-01-05 05:15:00,0.014404,230.072,0.498,50.007
Balanced,2020-01-05 05:18:00,0.016169,228.559,0.4955,49.991
Balanced,2020-01-05 05:21:00,0.021507,228.253,0.6449,49.98
Balanced,2020-01-05 05:24:00,0.01764,228.005,0.5406,49.987
Balanced,2020-01-05 05:27:00,0.017499,228.834,0.4792,49.981
Balanced,2020-01-05 05:30:00,0.018559,229.118,0.5968,49.995
Balanced,2020-01-05 05:33:00,0.017439,227.499,0.6052,50.001
Balanced,2020-01-05 05:36:00,0.01913,229.035,0.6357,49.985
Balanced,2020-01-05 05:39:00,0.016752,229.07,0.5759,49.972
Balanced,2020-01-05 05:42:00,0.01659,229.975,0.5572,49.982
Balanced,2020-01-05 05:45:00,0.019368,229.718,0.6254,49.99
Balanced,2020-01-05 05:48:00,0.018485,228.503,0.5917,49.966
Balanced,2020-01-05 05:51:00,0.019669,229.179,0.5917,49.971
Balanced,2020-01-05 05:54:00,0.017441,228.201,0.5512,49.989
Balanced,2020-01-05 05:57:00,0.018898,227.768,0.5909,49.988
Balanced,2020-01-05 06:00:00,0.023116,228.625,0.6284,49.99
Balanced,2020-01-05 06:03:00,0.015559,228.146,0.511,50.003
Balanced,2020-01-05 06:06:00,0.022477,228.227,0.6253,49.971
Balanced,2020-01-05 06:09:00,0.018998,228.842,0.5869,49.958
Balanced,2020-01-05 06:12:00,0.019162,228.193,0.49,49.997
Balanced,2020-01-05 06:15:00,0.017125,229.897,0.6187,49.98
Balanced,2020-01-05 06:18:00,0.018071,227.795,0.6229,50.005
Balanced,2020-01-05 06:21:00,0.021478,228.925,0.6838,49.961
Balanced,2020-01-05 06:24:00,0.015903,227.996,0.5419,49.976
Balanced,2020-01-05 06:27:00,0.011017,230.884,0.4554,49.974
Balanced,2020-01-05 06:30:00,0.022921,227.422,0.6999,49.991
Balanced,2020-01-05 06:33:00,0.017965,228.393,0.5242,49.994
Balanced,2020-01-05 06:36:00,0.02131,228.164,0.6069,49.976
Balanced,2020-01-05 06:39:00,0.027721,225.469,0.7384,49.982
Balanced,2020-01-05 06:42:00,0.022037,228.88,0.6839,49.988
Balanced,2020-01-05 06:45:00,0.021229,228.897,0.5924,49.99
Balanced,2020-01-05 06:48:00,0.011846,229.836,0.4508,49.967
Balanced,2020-01-05 06:51:00,0.019868,227.505,0.5614,49.99
Balanced,2020-01-05 06:54:00,0.016546,229.642,0.5761,49.98
Balanced,2020-01-05 06:57:00,0.024712,228.517,0.6722,49.974
Balanced,2020-01-05 07:00:00,0.023456,227.511,0.7029,49.99
Balanced,2020-01-05 07:03:00,0.027273,226.675,0.7373,49.972
Balanced,2020-01-05 07:06:00,0.020951,228.883,0.5848,49.995
Balanced,2020-01-05 07:09:00,0.022044,228.511,0.6399,50.016
Balanced,2020-01-05 07:12:00,0.022595,227.33,0.626,49.949
Balanced,2020-01-05 07:15:00,0.018723,229.64,0.594,49.989
Balanced,2020-01-05 07:18:00,0.02039,229.305,0.6269,49.985
Balanced,2020-01-05 07:21:00,0.024206,226.774,0.6945,49.968
Balanced,2020-01-05 07:24:00,0.015157,228.495,0.5266,50.0
Balanced,2020-01-05 07:27:00,0.018203,227.355,0.6243,49.975
Balanced,2020-01-05 07:30:00,0.024198,226.829,0.7434,49.963
Balanced,2020-01-05 07:33:00,0.024807,226.631,0.7202,49.977
Balanced,2020-01-05 07:36:00,0.027014,226.663,0.6839,49.959
Balanced,2020-01-05 07:39:00,0.023658,226.889,0.6686,49.966
Balanced,2020-01-05 07:42:00,0.021934,227.216,0.6634,49.971
Balanced,2020-01-05 07:45:00,0.021159,228.443,0.6833,49.999
Balanced,2020-01-05 07:48:00,0.016366,227.395,0.5837,49.983
Balanced,2020-01-05 07:51:00,0.026121,228.13,0.7464,49.98
Balanced,2020-01-05 07:54:00,0.017822,228.643,0.6127,49.968
Balanced,2020-01-05 07:57:00,0.02502,225.553,0.7196,49.962
Balanced,2020-01-05 08:00:00,0.02952,225.537,0.7877,49.973
Balanced,2020-01-05 08:03:00,0.022208,227.509,0.6432,49.974
Balanced,2020-01-05 08:06:00,0.024357,228.02,0.6878,49.975
Balanced,2020-01-05 08:09:00,0.019005,229.032,0.5714,49.977
Balanced,2020-01-05 08:12:00,0.025689,226.347,0.689,50.011
Balanced,2020-01-05 08:15:00,0.012854,229.052,0.5753,49.998
Balanced,2020-01-05 08:18:00,0.020312,228.188,0.6352,49.989
Balanced,2020-01-05 08:21:00,0.010941,230.102,0.418,49.984
Balanced,2020-01-05 08:24:00,0.019016,228.169,0.6085,49.98
Balanced,2020-01-05 08:27:00,0.031275,226.118,0.8169,49.963
Balanced,2020-01-05 08:30:00,0.030338,226.868,0.8192,49.979
Balanced,2020-01-05 08:33:00,0.027313,226.844,0.7615,49.973
Balanced,2020-01-05 08:36:00,0.01964,228.946,0.6118,49.997
Balanced,2020-01-05 08:39:00,0.027209,227.255,0.7416,49.988
Balanced,2020-01-05 08:42:00,0.027063,225.841,0.7107,49.965
Balanced,2020-01-05 08:45:00,0.018749,228.45,0.5897,50.0
Balanced,2020-01-05 08:48:00,0.019204,227.201,0.6114,49.999
Balanced,2020-01-05 08:51:00,0.022564,228.641,0.6582,49.999
Balanced,2020-01-05 08:54:00,0.02393,226.491,0.643,49.967
Balanced,2020-01-05 08:57:00,0.016291,229.569,0.5677,49.967
Balanced,2020-01-05 09:00:00,0.019764,227.104,0.6088,49.987
Balanced,2020-01-05 09:03:00,0.017627,227.792,0.5689,49.981
Balanced,2020-01-05 09:06:00,0.025064,227.995,0.6612,49.97
Balanced,2020-01-05 09:09:00,0.023837,227.992,0.6897,49.955
Balanced,2020-01-05 09:12:00,0.018851,228.871,0.586,49.979
Balanced,2020-01-05 09:15:00,0.018304,227.985,0.5931,49.979
Balanced,2020-01-05 09:18:00,0.022796,227.38,0.6655,49.989
Balanced,2020-01-05 09:21:00,0.016568,229.834,0.4946,49.982
Balanced,2020-01-05 09:24:00,0.027633,225.74,0.7439,49.962
Balanced,2020-01-05 09:27:00,0.022525,227.679,0.6401,49.976
Balanced,2020-01-05 09:30:00,0.017176,228.944,0.5599,49.991
Balanced,2020-01-05 09:33:00,0.018399,229.421,0.5491,49.993
Balanced,2020-01-05 09:36:00,0.022713,227.878,0.6622,49.973
Balanced,2020-01-05 09:39:00,0.01373,231.033,0.4825,49.995
Balanced,2020-01-05 09:42:00,0.019889,229.608,0.6014,49.992
Balanced,2020-01-05 09:45:00,0.023274,228.307,0.6773,49.991
Balanced,2020-01-05 09:48:00,0.019431,229.093,0.5974,49.967
Balanced,2020-01-05 09:51:00,0.020371,227.862,0.6414,49.987
Balanced,2020-01-05 09:54:00,0.013597,229.656,0.4833,49.977
Balanced,2020-01-05 09:57:00,0.018395,227.552,0.5641,49.977
Balanced,2020-01-05 10:00:00,0.02436,227.158,0.7053,49.981
Balanced,2020-01-05 10:03:00,0.017514,229.072,0.6146,50.003
Balanced,2020-01-05 10:06:00,0.018803,229.421,0.5478,49.984
Balanced,2020-01-05 10:09:00,0.023142,227.933,0.751,50.001
Balanced,2020-01-05 10:12:00,0.010651,229.402,0.5126,49.97
Balanced,2020-01-05 10:15:00,0.017634,228.906,0.5994,49.993
Balanced,2020-01-05 10:18:00,0.013959,231.047,0.4678,49.995
Balanced,2020-01-05 10:21:00,0.014544,227.932,0.4906,49.992
Balanced,2020-01-05 10:24:00,0.02383,227.873,0.719,49.979
Balanced,2020-01-05 10:27:00,0.019698,227.62,0.6059,49.975
Balanced,2020-01-05 10:30:00,0.019215,228.433,0.6343,49.978
Balanced,2020-01-05 10:33:00,0.01987,229.258,0.6533,49.969
Balanced,2020-01-05 10:36:00,0.019628,227.36,0.6429,50.01
Balanced,2020-01-05 10:39:00,0.017061,228.491,0.5427,49.983
Balanced,2020-01-05 10:42:00,0.015632,230.502,0.5484,50.012
Balanced,2020-01-05 10:45:00,0.01757,229.255,0.5668,49.981
Balanced,2020-01-05 10:48:00,0.024023,227.65,0.7345,49.969
Balanced,2020-01-05 10:51:00,0.017803,228.677,0.5607,49.995
Balanced,2020-01-05 10:54:00,0.019459,227.606,0.5484,49.994
Balanced,2020-01-05 10:57:00,0.017727,228.583,0.5495,49.983
Balanced,2020-01-05 11:00:00,0.022207,227.41,0.6155,49.988
Balanced,2020-01-05 11:03:00,0.017244,229.666,0.5704,49.99
Balanced,2020-01-05 11:06:00,0.016773,227.533,0.5664,49.996
Balanced,2020-01-05 11:09:00,0.016793,227.428,0.6313,49.975
Balanced,2020-01-05 11:12:00,0.01992,227.982,0.5661,49.973
Balanced,2020-01-05 11:15:00,0.015171,229.019,0.5292,49.987
Balanced,2020-01-05 11:18:00,0.019439,227.985,0.6048,49.987
Balanced,2020-01-05 11:21:00,0.016639,228.665,0.6098,49.989
Balanced,2020-01-05 11:24:00,0.021278,229.034,0.5627,49.962
Balanced,2020-01-05 11:27:00,0.017328,230.074,0.569,49.979
Balanced,2020-01-05 11:30:00,0.021398,227.467,0.6266,49.999
Balanced,2020-01-05 11:33:00,0.020517,228.706,0.6281,49.975
Balanced,2020-01-05 11:36:00,0.019459,229.013,0.601,49.977
Balanced,2020-01-05 11:39:00,0.019459,226.542,0.5466,49.987
Balanced,2020-01-05 11:42:00,0.016897,229.428,0.526,49.972
Balanced,2020-01-05 11:45:00,0.014632,227.649,0.5405,50.02
Balanced,2020-01-05 11:48:00,0.02151,227.14,0.6238,49.969
Balanced,2020-01-05 11:51:00,0.019653,228.614,0.5684,49.981
Balanced,2020-01-05 11:54:00,0.017902,229.534,0.5572,49.986
Balanced,2020-01-05 11:57:00,0.016858,229.759,0.5793,49.993
Balanced,2020-01-05 12:00:00,0.019796,228.556,0.609,49.981
Balanced,2020-01-05 12:03:00,0.012691,229.174,0.4788,49.979
Balanced,2020-01-05 12:06:00,0.015641,229.152,0.4903,49.99
Balanced,2020-01-05 12:09:00,0.018467,226.88,0.4974,50.001
Balanced,2020-01-05 12:12:00,0.021352,229.095,0.6534,49.972
Balanced,2020-01-05 12:15:00,0.013931,229.863,0.4853,49.996
Balanced,2020-01-05 12:18:00,0.01964,227.908,0.6764,49.981
Balanced,2020-01-05 12:21:00,0.01583,229.334,0.4973,49.991
Balanced,2020-01-05 12:24:00,0.024209,228.316,0.715,49.97
Balanced,2020-01-05 12:27:00,0.018143,229.77,0.5636,49.975
Balanced,2020-01-05 12:30:00,0.022372,227.119,0.6351,49.958
Balanced,2020-01-05 12:33:00,0.014225,231.417,0.527,50.005
Balanced,2020-01-05 12:36:00,0.013521,230.407,0.5153,50.0
Balanced,2020-01-05 12:39:00,0.023621,228.494,0.7147,49.988
Balanced,2020-01-05 12:42:00,0.023967,227.719,0.7161,49.974
Balanced,2020-01-05 12:45:00,0.019879,227.124,0.5828,49.981
Balanced,2020-01-05 12:48:00,0.017082,227.762,0.5432,49.995
Balanced,2020-01-05 12:51:00,0.025843,226.923,0.7366,49.977
Balanced,2020-01-05 12:54:00,0.02119,227.318,0.6259,50.005
Balanced,2020-01-05 12:57:00,0.02108,228.669,0.6494,49.981
Balanced,2020-01-05 13:00:00,0.021233,227.528,0.6213,49.986
Balanced,2020-01-05 13:03:00,0.018796,228.089,0.5693,49.994
Balanced,2020-01-05 13:06:00,0.020385,228.57,0.6361,49.987
Balanced,2020-01-05 13:09:00,0.020602,228.585,0.6405,49.975
Balanced,2020-01-05 13:12:00,0.031406,226.202,0.8016,49.963
Balanced,2020-01-05 13:15:00,0.02316,227.576,0.6792,49.983
Balanced,2020-01-05 13:18:00,0.026322,226.515,0.6904,49.956
Balanced,2020-01-05 13:21:00,0.019939,230.382,0.6148,49.982
Balanced,2020-01-05 13:24:00,0.023111,227.029,0.6316,49.989
Balanced,2020-01-05 13:27:00,0.019423,228.304,0.5469,49.96
Balanced,2020-01-05 13:30:00,0.019957,230.088,0.6187,49.978
Balanced,2020-01-05 13:33:00,0.029153,224.982,0.7482,49.989
Balanced,2020-01-05 13:36:00,0.029608,225.148,0.7391,49.978
Balanced,2020-01-05 13:39:00,0.027143,227.524,0.7549,49.99
Balanced,2020-01-05 13:42:00,0.01858,228.405,0.5139,49.995
Balanced,2020-01-05 13:45:00,0.021838,229.523,0.5997,49.996
Balanced,2020-01-05 13:48:00,0.021897,228.108,0.6404,49.98
Balanced,2020-01-05 13:51:00,0.023808,228.513,0.6947,49.983
Balanced,2020-01-05 13:54:00,0.027816,227.059,0.7289,49.971
Balanced,2020-01-05 13:57:00,0.019387,228.226,0.6954,49.999
Balanced,2020-01-05 14:00:00,0.018072,228.956,0.5829,49.987
Balanced,2020-01-05 14:03:00,0.023698,227.056,0.6941,49.987
Balanced,2020-01-05 14:06:00,0.021823,227.868,0.632,50.009
Balanced,2020-01-05 14:09:00,0.022654,227.281,0.6962,49.97
Balanced,2020-01-05 14:12:00,0.024503,228.261,0.7333,49.962
Balanced,2020-01-05 14:15:00,0.031034,226.526,0.7803,49.96
Balanced,2020-01-05 14:18:00,0.020254,227.917,0.5747,49.986
Balanced,2020-01-05 14:21:00,0.01904,229.128,0.5594,49.952
Balanced,2020-01-05 14:24:00,0.014813,230.555,0.51,49.988
Balanced,2020-01-05 14:27:00,0.025543,227.452,0.7345,49.97
Balanced,2020-01-05 14:30:00,0.023889,227.01,0.6944,49.97
Balanced,2020-01-05 14:33:00,0.019966,228.437,0.6327,49.994
Balanced,2020-01-05 14:36:00,0.016815,228.443,0.5327,50.004
Balanced,2020-01-05 14:39:00,0.025481,227.709,0.7055,49.963
Balanced,2020-01-05 14:42:00,0.01645,228.81,0.557,49.996
Balanced,2020-01-05 14:45:00,0.018836,226.844,0.5572,49.986
Balanced,2020-01-05 14:48:00,0.019986,228.233,0.6379,49.987
Balanced,2020-01-05 14:51:00,0.02455,226.798,0.6716,49.99
Balanced,2020-01-05 14:54:00,0.017946,228.888,0.5733,49.969
Balanced,2020-01-05 14:57:00,0.023256,227.463,0.6668,49.977
Balanced,2020-01-05 15:00:00,0.021846,229.21,0.6555,49.982
Balanced,2020-01-05 15:03:00,0.022039,226.783,0.6477,49.981
Balanced,2020-01-05 15:06:00,0.019375,228.966,0.5795,49.967
Balanced,2020-01-05 15:09:00,0.023802,227.602,0.657,49.985
Balanced,2020-01-05 15:12:00,0.019964,227.807,0.5958,49.999
Balanced,2020-01-05 15:15:00,0.018001,229.108,0.5582,49.976
Balanced,2020-01-05 15:18:00,0.022178,227.344,0.6324,49.989
Balanced,2020-01-05 15:21:00,0.020971,226.774,0.5465,49.969
Balanced,2020-01-05 15:24:00,0.02729,227.398,0.7973,49.985
Balanced,2020-01-05 15:27:00,0.023852,227.998,0.702,49.98
Balanced,2020-01-05 15:30:00,0.021314,228.195,0.6414,49.99
Balanced,2020-01-05 15:33:00,0.018426,227.54,0.6041,49.957
Balanced,2020-01-05 15:36:00,0.021184,229.398,0.648,49.973
Balanced,2020-01-05 15:39:00,0.018351,229.88,0.5443,49.988
Balanced,2020-01-05 15:42:00,0.011583,228.904,0.5135,49.985
Balanced,2020-01-05 15:45:00,0.023221,227.651,0.6644,49.977
Balanced,2020-01-05 15:48:00,0.020613,227.536,0.628,49.959
Balanced,2020-01-05 15:51:00,0.019205,228.138,0.6128,49.996
Balanced,2020-01-05 15:54:00,0.023802,227.302,0.6775,49.989
Balanced,2020-01-05 15:57:00,0.021209,228.045,0.5734,49.973
Balanced,2020-01-05 16:00:00,0.021742,228.992,0.6465,49.994
Balanced,2020-01-05 16:03:00,0.026647,226.24,0.7294,49.998
Balanced,2020-01-05 16:06:00,0.017995,229.47,0.6085,49.995
Balanced,2020-01-05 16:09:00,0.023152,227.218,0.6719,49.985
Balanced,2020-01-05 16:12:00,0.021391,227.555,0.6248,49.966
Balanced,2020-01-05 16:15:00,0.015668,229.526,0.5296,49.99
Balanced,2020-01-05 16:18:00,0.018016,227.636,0.5329,49.988
Balanced,2020-01-05 16:21:00,0.019191,228.944,0.5863,49.987
Balanced,2020-01-05 16:24:00,0.020261,228.208,0.6351,50.0
Balanced,2020-01-05 16:27:00,0.01571,229.413,0.5648,50.01
Balanced,2020-01-05 16:30:00,0.014029,228.911,0.5532,49.976
Balanced,2020-01-05 16:33:00,0.016924,229.926,0.5508,49.989
Balanced,2020-01-05 16:36:00,0.018255,227.515,0.6078,49.978
Balanced,2020-01-05 16:39:00,0.019773,228.493,0.6136,49.968
Balanced,2020-01-05 16:42:00,0.021081,228.109,0.6451,49.988
Balanced,2020-01-05 16:45:00,0.018281,228.194,0.5008,49.991
Balanced,2020-01-05 16:48:00,0.021682,228.456,0.6476,49.964
Balanced,2020-01-05 16:51:00,0.0138,230.119,0.547,49.99
Balanced,2020-01-05 16:54:00,0.018471,228.141,0.5357,49.999
Balanced,2020-01-05 16:57:00,0.01759,228.434,0.5033,49.999
Balanced,2020-01-05 17:00:00,0.018868,228.067,0.6189,49.985
Balanced,2020-01-05 17:03:00,0.019719,227.94,0.6863,49.98
Balanced,2020-01-05 17:06:00,0.015058,229.716,0.5056,49.993
Balanced,2020-01-05 17:09:00,0.021407,227.632,0.6413,49.986
Balanced,2020-01-05 17:12:00,0.017886,228.992,0.5538,49.992
Balanced,2020-01-05 17:15:00,0.023952,228.499,0.6994,49.972
Balanced,2020-01-05 17:18:00,0.024423,228.716,0.7081,49.976
Balanced,2020-01-05 17:21:00,0.023154,229.112,0.6797,49.974
Balanced,2020-01-05 17:24:00,0.019914,228.575,0.5894,49.996
Balanced,2020-01-05 17:27:00,0.018152,228.75,0.6081,50.005
Balanced,2020-01-05 17:30:00,0.014245,230.122,0.4858,49.985
Balanced,2020-01-05 17:33:00,0.020555,227.642,0.6608,49.972
Balanced,2020-01-05 17:36:00,0.01962,228.365,0.5636,49.982
Balanced,2020-01-05 17:39:00,0.018293,230.554,0.532,50.004
Balanced,2020-01-05 17:42:00,0.01955,227.848,0.5799,49.981
Balanced,2020-01-05 17:45:00,0.017607,229.297,0.5923,49.981
Balanced,2020-01-05 17:48:00,0.017361,228.345,0.534,49.98
Balanced,2020-01-05 17:51:00,0.017997,229.043,0.6008,49.978
Balanced,2020-01-05 17:54:00,0.021382,227.563,0.6601,49.972
Balanced,2020-01-05 17:57:00,0.018659,226.874,0.6546,49.967
Balanced,2020-01-05 18:00:00,0.023179,229.483,0.6453,49.966
Balanced,2020-01-05 18:03:00,0.020532,227.997,0.6592,49.962
Balanced,2020-01-05 18:06:00,0.022326,228.218,0.6192,49.977
Balanced,2020-01-05 18:09:00,0.022205,227.301,0.6633,49.996
Balanced,2020-01-05 18:12:00,0.021312,225.771,0.6552,49.991
Balanced,2020-01-05 18:15:00,0.029581,225.595,0.7839,49.987
Balanced,2020-01-05 18:18:00,0.023499,228.307,0.6667,49.968
Balanced,2020-01-05 18:21:00,0.021782,226.64,0.6762,49.96
Balanced,2020-01-05 18:24:00,0.014838,230.347,0.5296,49.997
Balanced,2020-01-05 18:27:00,0.023949,228.841,0.6405,49.983
Balanced,2020-01-05 18:30:00,0.02183,227.498,0.619,49.98
Balanced,2020-01-05 18:33:00,0.02243,227.659,0.6506,49.979
Balanced,2020-01-05 18:36:00,0.023925,226.749,0.6862,49.997
Balanced,2020-01-05 18:39:00,0.019469,227.607,0.5824,49.982
Balanced,2020-01-05 18:42:00,0.021495,227.089,0.5644,49.996
Balanced,2020-01-05 18:45:00,0.018143,228.224,0.5326,49.988
Balanced,2020-01-05 18:48:00,0.025943,227.822,0.7087,49.999
Balanced,2020-01-05 18:51:00,0.023641,227.501,0.7189,49.969
Balanced,2020-01-05 18:54:00,0.019791,226.672,0.5896,49.972
Balanced,2020-01-05 18:57:00,0.02466,227.037,0.6566,49.956
Balanced,2020-01-05 19:00:00,0.022628,227.087,0.6377,49.983
Balanced,2020-01-05 19:03:00,0.01474,228.679,0.4997,50.018
Balanced,2020-01-05 19:06:00,0.019623,227.662,0.5712,49.974
Balanced,2020-01-05 19:09:00,0.022924,226.738,0.6019,49.981
Balanced,2020-01-05 19:12:00,0.021769,228.561,0.669,49.963
Balanced,2020-01-05 19:15:00,0.025108,227.375,0.6843,49.98
Balanced,2020-01-05 19:18:00,0.021336,227.253,0.6572,49.981
Balanced,2020-01-05 19:21:00,0.02076,226.565,0.6771,50.003
Balanced,2020-01-05 19:24:00,0.02646,227.039,0.7204,49.988
Balanced,2020-01-05 19:27:00,0.025505,228.246,0.6971,49.961
Balanced,2020-01-05 19:30:00,0.025986,226.858,0.6438,49.97
Balanced,2020-01-05 19:33:00,0.030496,225.475,0.8237,49.98
Balanced,2020-01-05 19:36:00,0.026125,226.911,0.7073,49.988
Balanced,2020-01-05 19:39:00,0.022149,227.6,0.6396,49.953
Balanced,2020-01-05 19:42:00,0.029203,227.221,0.729,49.969
Balanced,2020-01-05 19:45:00,0.022622,228.632,0.7171,49.976
Balanced,2020-01-05 19:48:00,0.024517,227.232,0.651,49.958
Balanced,2020-01-05 19:51:00,0.025919,226.76,0.7462,49.961
Balanced,2020-01-05 19:54:00,0.026628,226.598,0.6876,49.979
Balanced,2020-01-05 19:57:00,0.028493,226.069,0.7785,49.974
Balanced,2020-01-05 20:00:00,0.022438,228.972,0.7221,49.973
Balanced,2020-01-05 20:03:00,0.019811,227.858,0.5624,49.994
Balanced,2020-01-05 20:06:00,0.024453,227.192,0.6437,49.955
Balanced,2020-01-05 20:09:00,0.022736,227.753,0.6691,49.98
Balanced,2020-01-05 20:12:00,0.020055,228.023,0.6563,49.979
Balanced,2020-01-05 20:15:00,0.029369,226.92,0.7678,49.941
Balanced,2020-01-05 20:18:00,0.026899,228.235,0.7077,49.98
Balanced,2020-01-05 20:21:00,0.031242,224.328,0.7959,49.968
Balanced,2020-01-05 20:24:00,0.028656,227.124,0.8236,49.96
Balanced,2020-01-05 20:27:00,0.026907,227.768,0.7849,49.979
Balanced,2020-01-05 20:30:00,0.019732,228.061,0.6343,49.99
Balanced,2020-01-05 20:33:00,0.028484,227.374,0.7646,49.985
Balanced,2020-01-05 20:36:00,0.026605,227.757,0.7161,49.972
Balanced,2020-01-05 20:39:00,0.022689,227.562,0.6515,49.973
Balanced,2020-01-05 20:42:00,0.026299,226.453,0.7565,49.996
Balanced,2020-01-05 20:45:00,0.02267,227.535,0.6968,49.991
Balanced,2020-01-05 20:48:00,0.023668,227.223,0.6671,49.97
Balanced,2020-01-05 20:51:00,0.022455,228.2,0.6624,49.994
Balanced,2020-01-05 20:54:00,0.024161,229.014,0.6981,49.976
Balanced,2020-01-05 20:57:00,0.02181,227.756,0.6126,49.985
Balanced,2020-01-05 21:00:00,0.027238,227.304,0.7197,49.983
Balanced,2020-01-05 21:03:00,0.017715,227.891,0.6028,49.999
Balanced,2020-01-05 21:06:00,0.022046,228.145,0.6746,49.964
Balanced,2020-01-05 21:09:00,0.025842,228.74,0.6677,49.989
Balanced,2020-01-05 21:12:00,0.01988,226.893,0.5594,49.961
Balanced,2020-01-05 21:15:00,0.023835,229.74,0.65,49.977
Balanced,2020-01-05 21:18:00,0.02149,227.498,0.6455,49.994
Balanced,2020-01-05 21:21:00,0.01949,228.065,0.5478,49.971
Balanced,2020-01-05 21:24:00,0.026557,227.721,0.8384,49.962
Balanced,2020-01-05 21:27:00,0.018595,227.042,0.5561,49.981
Balanced,2020-01-05 21:30:00,0.026165,226.442,0.7272,49.972
Balanced,2020-01-05 21:33:00,0.014879,231.021,0.4965,49.978
Balanced,2020-01-05 21:36:00,0.019013,227.458,0.6245,49.993
Balanced,2020-01-05 21:39:00,0.027343,226.07,0.7812,49.97
Balanced,2020-01-05 21:42:00,0.019025,230.006,0.5525,49.974
Balanced,2020-01-05 21:45:00,0.02574,227.005,0.7154,49.969
Balanced,2020-01-05 21:48:00,0.020589,227.333,0.5889,49.961
Balanced,2020-01-05 21:51:00,0.025296,226.309,0.7752,49.96
Balanced,2020-01-05 21:54:00,0.030045,226.037,0.7609,49.972
Balanced,2020-01-05 21:57:00,0.01881,228.092,0.6433,49.98
Balanced,2020-01-05 22:00:00,0.02018,228.369,0.596,49.963
Balanced,2020-01-05 22:03:00,0.018833,227.962,0.6041,49.998
Balanced,2020-01-05 22:06:00,0.024503,228.23,0.7177,49.988
Balanced,2020-01-05 22:09:00,0.018039,229.388,0.5447,49.966
Balanced,2020-01-05 22:12:00,0.017997,227.24,0.5089,49.966
Balanced,2020-01-05 22:15:00,0.017345,227.697,0.5698,49.976
Balanced,2020-01-05 22:18:00,0.021045,228.134,0.6386,49.974
Balanced,2020-01-05 22:21:00,0.021524,228.131,0.6751,49.975
Balanced,2020-01-05 22:24:00,0.020772,228.735,0.568,49.988
Balanced,2020-01-05 22:27:00,0.020717,228.771,0.5783,49.968
Balanced,2020-01-05 22:30:00,0.021914,227.29,0.6629,49.974
Balanced,2020-01-05 22:33:00,0.02287,227.919,0.649,49.974
Balanced,2020-01-05 22:36:00,0.024282,227.063,0.7162,49.975
Balanced,2020-01-05 22:39:00,0.021732,226.197,0.6444,49.973
Balanced,2020-01-05 22:42:00,0.015695,229.16,0.4931,49.964
Balanced,2020-01-05 22:45:00,0.021004,229.822,0.6463,49.991
Balanced,2020-01-05 22:48:00,0.018154,228.981,0.5554,49.968
Balanced,2020-01-05 22:51:00,0.024469,228.423,0.6801,49.974
Balanced,2020-01-05 22:54:00,0.018702,228.321,0.5873,50.002
Balanced,2020-01-05 22:57:00,0.019972,228.861,0.6163,49.992
Balanced,2020-01-05 23:00:00,0.01805,228.42,0.5695,49.977
Balanced,2020-01-05 23:03:00,0.022693,228.854,0.6655,49.963
Balanced,2020-01-05 23:06:00,0.018839,229.466,0.6043,49.96
Balanced,2020-01-05 23:09:00,0.024059,226.685,0.6219,49.976
Balanced,2020-01-05 23:12:00,0.017997,230.167,0.5408,49.979
Balanced,2020-01-05 23:15:00,0.020943,228.865,0.5983,49.951
Balanced,2020-01-05 23:18:00,0.015851,229.91,0.5578,49.981
Balanced,2020-01-05 23:21:00,0.021788,227.708,0.6499,49.983
Balanced,2020-01-05 23:24:00,0.016422,229.147,0.5413,49.982
Balanced,2020-01-05 23:27:00,0.027427,226.87,0.7694,49.972
Balanced,2020-01-05 23:30:00,0.019537,228.496,0.6051,49.973
Balanced,2020-01-05 23:33:00,0.025785,225.917,0.7087,49.997
Balanced,2020-01-05 23:36:00,0.014181,230.463,0.4908,49.993
Balanced,2020-01-05 23:39:00,0.021604,228.116,0.6543,49.984
Balanced,2020-01-05 23:42:00,0.020135,228.506,0.6222,50.009
Balanced,2020-01-05 23:45:00,0.021097,228.344,0.6142,49.978
Balanced,2020-01-05 23:48:00,0.023436,228.051,0.6197,49.979
Balanced,2020-01-05 23:51:00,0.018181,228.98,0.5874,49.992
Balanced,2020-01-05 23:54:00,0.016095,229.6,0.5663,49.997
Balanced,2020-01-05 23:57:00,0.013628,229.678,0.492,49.984
Balanced,2020-01-06 00:00:00,0.019171,227.947,0.664,49.986
Balanced,2020-01-06 00:03:00,0.015822,231.623,0.5158,49.994
Balanced,2020-01-06 00:06:00,0.02241,228.723,0.6225,49.975
Balanced,2020-01-06 00:09:00,0.019502,228.578,0.5476,49.972
Balanced,2020-01-06 00:12:00,0.018059,228.173,0.5627,49.987
Balanced,2020-01-06 00:15:00,0.021308,227.251,0.6023,49.98
Balanced,2020-01-06 00:18:00,0.015152,229.668,0.541,49.984
Balanced,2020-01-06 00:21:00,0.017105,228.323,0.5282,50.002
Balanced,2020-01-06 00:24:00,0.017173,228.699,0.5282,49.981
Balanced,2020-01-06 00:27:00,0.022399,227.065,0.65,49.99
Balanced,2020-01-06 00:30:00,0.020889,228.833,0.6604,49.971
Balanced,2020-01-06 00:33:00,0.014752,231.131,0.6064,49.99
Balanced,2020-01-06 00:36:00,0.019,229.652,0.5968,50.005
Balanced,2020-01-06 00:39:00,0.020538,228.416,0.6306,49.973
Balanced,2020-01-06 00:42:00,0.016932,229.456,0.5432,49.971
Balanced,2020-01-06 00:45:00,0.018758,228.88,0.555,49.989
Balanced,2020-01-06 00:48:00,0.019756,228.351,0.6299,49.976
Balanced,2020-01-06 00:51:00,0.016241,228.269,0.5277,49.974
Balanced,2020-01-06 00:54:00,0.013783,229.472,0.4664,49.973
Balanced,2020-01-06 00:57:00,0.017011,229.132,0.5441,49.975
Balanced,2020-01-06 01:00:00,0.018359,228.609,0.5977,49.967
Balanced,2020-01-06 01:03:00,0.016192,228.671,0.4948,49.986
Balanced,2020-01-06 01:06:00,0.020259,228.416,0.6337,49.989
Balanced,2020-01-06 01:09:00,0.01315,229.236,0.4943,49.984
Balanced,2020-01-06 01:12:00,0.013297,229.454,0.4378,49.987
Balanced,2020-01-06 01:15:00,0.018709,228.103,0.5928,49.969
Balanced,2020-01-06 01:18:00,0.01658,229.772,0.55,49.994
Balanced,2020-01-06 01:21:00,0.017707,229.181,0.5419,49.977
Balanced,2020-01-06 01:24:00,0.021842,227.816,0.6243,49.993
Balanced,2020-01-06 01:27:00,0.019192,227.709,0.6361,49.962
Balanced,2020-01-06 01:30:00,0.019136,229.741,0.5883,49.997
Balanced,2020-01-06 01:33:00,0.016341,228.013,0.4714,50.0
Balanced,2020-01-06 01:36:00,0.016987,228.309,0.5747,49.989
Balanced,2020-01-06 01:39:00,0.02176,228.126,0.647,49.982
Balanced,2020-01-06 01:42:00,0.020035,228.67,0.5857,49.985
Balanced,2020-01-06 01:45:00,0.019572,227.618,0.5709,49.999
Balanced,2020-01-06 01:48:00,0.025387,228.807,0.8125,49.959
Balanced,2020-01-06 01:51:00,0.020273,228.896,0.6618,49.958
Balanced,2020-01-06 01:54:00,0.016489,229.035,0.55,49.975
Balanced,2020-01-06 01:57:00,0.016476,229.468,0.5529,49.967
Balanced,2020-01-06 02:00:00,0.016924,229.693,0.5666,49.962
Balanced,2020-01-06 02:03:00,0.024159,227.866,0.6705,49.977
Balanced,2020-01-06 02:06:00,0.015004,228.395,0.5715,50.002
Balanced,2020-01-06 02:09:00,0.021415,228.693,0.6101,49.981
Balanced,2020-01-06 02:12:00,0.021786,226.211,0.6783,49.962
Balanced,2020-01-06 02:15:00,0.016209,227.877,0.589,49.974
Balanced,2020-01-06 02:18:00,0.020161,228.692,0.6208,49.972
Balanced,2020-01-06 02:21:00,0.015066,230.74,0.5128,49.988
Balanced,2020-01-06 02:24:00,0.01844,228.151,0.5952,49.988
Balanced,2020-01-06 02:27:00,0.015031,228.502,0.5425,49.999
Balanced,2020-01-06 02:30:00,0.015132,227.629,0.4572,49.988
Balanced,2020-01-06 02:33:00,0.019509,229.064,0.6006,49.943
Balanced,2020-01-06 02:36:00,0.018121,228.356,0.5655,49.982
Balanced,2020-01-06 02:39:00,0.020607,228.611,0.6144,49.984
Balanced,2020-01-06 02:42:00,0.018694,228.108,0.6076,49.97
Balanced,2020-01-06 02:45:00,0.016873,229.05,0.5473,49.961
Balanced,2020-01-06 02:48:00,0.01922,229.555,0.5881,49.998
Balanced,2020-01-06 02:51:00,0.020154,229.069,0.6103,49.986
Balanced,2020-01-06 02:54:00,0.024673,228.022,0.6791,49.983
Balanced,2020-01-06 02:57:00,0.010709,229.95,0.4241,49.979
Balanced,2020-01-06 03:00:00,0.017934,226.222,0.5852,49.993
Balanced,2020-01-06 03:03:00,0.017386,228.538,0.5258,49.972
Balanced,2020-01-06 03:06:00,0.015227,229.518,0.5434,49.966
Balanced,2020-01-06 03:09:00,0.012891,229.651,0.439,50.002
Balanced,2020-01-06 03:12:00,0.015074,227.557,0.5301,49.992
Balanced,2020-01-06 03:15:00,0.012348,229.571,0.4665,49.986
Balanced,2020-01-06 03:18:00,0.013004,230.282,0.4212,50.003
Balanced,2020-01-06 03:21:00,0.01832,228.063,0.5094,49.983
Balanced,2020-01-06 03:24:00,0.01283,228.242,0.5006,49.997
Balanced,2020-01-06 03:27:00,0.018275,227.764,0.5905,49.967
Balanced,2020-01-06 03:30:00,0.016684,229.295,0.6144,50.0
Balanced,2020-01-06 03:33:00,0.018233,228.84,0.5119,49.986
Balanced,2020-01-06 03:36:00,0.017798,229.341,0.5119,49.96
Balanced,2020-01-06 03:39:00,0.015178,228.985,0.5336,49.978
Balanced,2020-01-06 03:42:00,0.015675,228.454,0.5906,49.998
Balanced,2020-01-06 03:45:00,0.015309,229.243,0.5552,49.99
Balanced,2020-01-06 03:48:00,0.018949,228.595,0.5686,49.981
Balanced,2020-01-06 03:51:00,0.018675,229.757,0.5836,49.981
Balanced,2020-01-06 03:54:00,0.018626,227.911,0.6016,49.991
Balanced,2020-01-06 03:57:00,0.019573,228.768,0.5909,49.976
Balanced,2020-01-06 04:00:00,0.018397,228.739,0.5688,49.978
Balanced,2020-01-06 04:03:00,0.01907,228.308,0.5573,49.993
Balanced,2020-01-06 04:06:00,0.016073,228.159,0.4882,49.986
Balanced,2020-01-06 04:09:00,0.016837,229.431,0.5462,49.966
Balanced,2020-01-06 04:12:00,0.01138,230.885,0.4706,49.999
Balanced,2020-01-06 04:15:00,0.013924,229.776,0.5021,49.999
Balanced,2020-01-06 04:18:00,0.010871,230.236,0.3929,50.0
Balanced,2020-01-06 04:21:00,0.013529,230.091,0.4874,50.014
Balanced,2020-01-06 04:24:00,0.021203,227.569,0.6121,49.969
Balanced,2020-01-06 04:27:00,0.015973,228.376,0.5157,49.987
Balanced,2020-01-06 04:30:00,0.014514,228.38,0.4919,49.991
Balanced,2020-01-06 04:33:00,0.018851,228.692,0.5574,49.966
Balanced,2020-01-06 04:36:00,0.022341,228.251,0.6086,49.98
Balanced,2020-01-06 04:39:00,0.018917,228.101,0.5766,49.989
Balanced,2020-01-06 04:42:00,0.017145,228.095,0.5795,49.99
Balanced,2020-01-06 04:45:00,0.023227,226.39,0.6595,49.981
Balanced,2020-01-06 04:48:00,0.016522,230.123,0.5538,49.987
Balanced,2020-01-06 04:51:00,0.01615,228.874,0.5835,49.989
Balanced,2020-01-06 04:54:00,0.019494,229.026,0.6453,49.976
Balanced,2020-01-06 04:57:00,0.014459,228.971,0.5167,49.981
Balanced,2020-01-06 05:00:00,0.017223,228.212,0.5818,49.988
Balanced,2020-01-06 05:03:00,0.016008,229.405,0.5073,49.98
Balanced,2020-01-06 05:06:00,0.016553,229.117,0.5147,50.003
Balanced,2020-01-06 05:09:00,0.014425,228.321,0.5058,49.98
Balanced,2020-01-06 05:12:00,0.018309,230.226,0.5765,49.981
Balanced,2020-01-06 05:15:00,0.022407,227.222,0.7026,49.981
Balanced,2020-01-06 05:18:00,0.011016,232.177,0.4307,49.981
Balanced,2020-01-06 05:21:00,0.016853,228.315,0.4761,50.008
Balanced,2020-01-06 05:24:00,0.013219,229.76,0.5025,49.981
Balanced,2020-01-06 05:27:00,0.016295,229.546,0.5521,49.983
Balanced,2020-01-06 05:30:00,0.01837,228.762,0.5408,49.97
Balanced,2020-01-06 05:33:00,0.01642,229.411,0.5613,49.982
Balanced,2020-01-06 05:36:00,0.020266,228.439,0.6762,49.958
Balanced,2020-01-06 05:39:00,0.014783,228.197,0.582,49.992
Balanced,2020-01-06 05:42:00,0.01933,228.217,0.6578,49.984
Balanced,2020-01-06 05:45:00,0.017945,228.289,0.5306,49.99
Balanced,2020-01-06 05:48:00,0.019549,228.121,0.5888,49.998
Balanced,2020-01-06 05:51:00,0.017239,228.764,0.5721,49.986
Balanced,2020-01-06 05:54:00,0.016985,228.94,0.5329,49.972
Balanced,2020-01-06 05:57:00,0.019741,228.152,0.6054,49.961
Balanced,2020-01-06 06:00:00,0.018555,229.411,0.5848,49.976
Balanced,2020-01-06 06:03:00,0.022076,228.798,0.6331,49.989
Balanced,2020-01-06 06:06:00,0.019788,228.635,0.677,49.978
Balanced,2020-01-06 06:09:00,0.022563,227.525,0.6758,49.968
Balanced,2020-01-06 06:12:00,0.019824,227.525,0.6029,49.96
Balanced,2020-01-06 06:15:00,0.018722,228.727,0.5451,49.983
Balanced,2020-01-06 06:18:00,0.020903,228.137,0.6464,49.974
Balanced,2020-01-06 06:21:00,0.017809,229.093,0.5829,49.976
Balanced,2020-01-06 06:24:00,0.018303,228.783,0.6049,49.987
Balanced,2020-01-06 06:27:00,0.019043,226.998,0.5388,49.974
Balanced,2020-01-06 06:30:00,0.017258,229.697,0.5962,49.983
Balanced,2020-01-06 06:33:00,0.01836,227.913,0.5472,49.981
Balanced,2020-01-06 06:36:00,0.023885,227.54,0.707,49.959
Balanced,2020-01-06 06:39:00,0.019426,228.116,0.5495,49.991
Balanced,2020-01-06 06:42:00,0.025787,226.992,0.6505,49.976
Balanced,2020-01-06 06:45:00,0.020525,227.956,0.6748,50.003
Balanced,2020-01-06 06:48:00,0.023252,227.675,0.7151,49.987
Balanced,2020-01-06 06:51:00,0.018452,227.727,0.5657,49.968
Balanced,2020-01-06 06:54:00,0.023507,226.476,0.6095,49.986
Balanced,2020-01-06 06:57:00,0.021907,227.757,0.6639,49.99
Balanced,2020-01-06 07:00:00,0.023368,228.138,0.6696,49.998
Balanced,2020-01-06 07:03:00,0.021931,227.736,0.7177,49.986
Balanced,2020-01-06 07:06:00,0.018882,228.59,0.6056,49.99
Balanced,2020-01-06 07:09:00,0.017226,228.58,0.5413,49.978
Balanced,2020-01-06 07:12:00,0.021118,228.635,0.6211,49.982
Balanced,2020-01-06 07:15:00,0.029563,225.996,0.7953,49.973
Balanced,2020-01-06 07:18:00,0.018884,228.74,0.5088,49.99
Balanced,2020-01-06 07:21:00,0.015887,229.981,0.4828,49.979
Balanced,2020-01-06 07:24:00,0.026557,227.329,0.7611,49.982
Balanced,2020-01-06 07:27:00,0.01662,229.933,0.5571,49.952
Balanced,2020-01-06 07:30:00,0.016948,229.3,0.5163,49.996
Balanced,2020-01-06 07:33:00,0.023572,226.458,0.6353,49.972
Balanced,2020-01-06 07:36:00,0.023624,228.565,0.627,49.979
Balanced,2020-01-06 07:39:00,0.021759,228.824,0.6395,49.982
Balanced,2020-01-06 07:42:00,0.026633,227.513,0.6888,49.962
Balanced,2020-01-06 07:45:00,0.02659,227.714,0.7398,49.967
Balanced,2020-01-06 07:48:00,0.020357,229.071,0.5932,49.965
Balanced,2020-01-06 07:51:00,0.02062,228.205,0.58,49.995
Balanced,2020-01-06 07:54:00,0.017036,228.145,0.5794,49.973
Balanced,2020-01-06 07:57:00,0.018022,228.692,0.5876,50.009
Balanced,2020-01-06 08:00:00,0.020055,228.245,0.5385,49.983
Balanced,2020-01-06 08:03:00,0.026249,227.08,0.685,49.964
Balanced,2020-01-06 08:06:00,0.022712,227.669,0.5865,49.965
Balanced,2020-01-06 08:09:00,0.020815,228.548,0.6882,49.962
Balanced,2020-01-06 08:12:00,0.021688,227.29,0.6227,49.985
Balanced,2020-01-06 08:15:00,0.024801,225.166,0.6913,49.986
Balanced,2020-01-06 08:18:00,0.018866,228.824,0.6287,49.98
Balanced,2020-01-06 08:21:00,0.024064,228.824,0.6621,49.99
Balanced,2020-01-06 08:24:00,0.016777,228.282,0.5301,49.98
Balanced,2020-01-06 08:27:00,0.023061,227.095,0.6929,49.962
Balanced,2020-01-06 08:30:00,0.019485,229.01,0.5596,49.964
Balanced,2020-01-06 08:33:00,0.014558,229.023,0.4664,49.989
Balanced,2020-01-06 08:36:00,0.019549,227.825,0.6065,49.989
Balanced,2020-01-06 08:39:00,0.015006,228.549,0.5082,49.999
Balanced,2020-01-06 08:42:00,0.025864,228.102,0.6706,49.984
Balanced,2020-01-06 08:45:00,0.022141,228.158,0.6827,49.985
Balanced,2020-01-06 08:48:00,0.02123,228.496,0.6815,49.995
Balanced,2020-01-06 08:51:00,0.02517,227.738,0.7595,49.99
Balanced,2020-01-06 08:54:00,0.01187,230.062,0.4236,50.004
Balanced,2020-01-06 08:57:00,0.017441,229.102,0.5841,49.996
Balanced,2020-01-06 09:00:00,0.027818,226.77,0.7928,50.001
Balanced,2020-01-06 09:03:00,0.019234,228.773,0.6054,49.963
Balanced,2020-01-06 09:06:00,0.022344,227.39,0.6294,49.981
Balanced,2020-01-06 09:09:00,0.022429,228.235,0.6575,49.991
Balanced,2020-01-06 09:12:00,0.026805,227.96,0.7088,49.975
Balanced,2020-01-06 09:15:00,0.021977,227.894,0.5942,49.979
Balanced,2020-01-06 09:18:00,0.021719,228.332,0.575,49.975
Balanced,2020-01-06 09:21:00,0.023473,228.259,0.6672,49.979
Balanced,2020-01-06 09:24:00,0.012563,229.454,0.4654,49.991
Balanced,2020-01-06 09:27:00,0.020005,230.911,0.5663,49.981
Balanced,2020-01-06 09:30:00,0.019672,228.105,0.5966,50.004
Balanced,2020-01-06 09:33:00,0.019652,227.604,0.6037,49.984
Balanced,2020-01-06 09:36:00,0.017606,226.973,0.6095,49.967
Balanced,2020-01-06 09:39:00,0.020169,227.129,0.637,49.988
Balanced,2020-01-06 09:42:00,0.016476,230.458,0.4882,49.987
Balanced,2020-01-06 09:45:00,0.021004,228.016,0.627,50.015
Balanced,2020-01-06 09:48:00,0.021642,227.392,0.6871,49.991
Balanced,2020-01-06 09:51:00,0.0218,228.346,0.694,49.998
Balanced,2020-01-06 09:54:00,0.014578,228.084,0.4811,49.992
Balanced,2020-01-06 09:57:00,0.021215,226.56,0.6518,49.983
Balanced,2020-01-06 10:00:00,0.025234,226.15,0.7642,50.008
Balanced,2020-01-06 10:03:00,0.017361,230.201,0.5323,49.987
Balanced,2020-01-06 10:06:00,0.018501,227.635,0.5799,49.984
Balanced,2020-01-06 10:09:00,0.016657,229.703,0.5691,49.992
Balanced,2020-01-06 10:12:00,0.020572,229.33,0.5766,49.979
Balanced,2020-01-06 10:15:00,0.016135,229.496,0.5424,49.989
Balanced,2020-01-06 10:18:00,0.01686,227.335,0.5789,49.984
Balanced,2020-01-06 10:21:00,0.02032,227.717,0.6112,49.976
Balanced,2020-01-06 10:24:00,0.023293,228.695,0.6681,49.972
Balanced,2020-01-06 10:27:00,0.014899,230.498,0.5547,49.996
Balanced,2020-01-06 10:30:00,0.017131,229.209,0.5777,49.993
Balanced,2020-01-06 10:33:00,0.019398,228.301,0.6176,49.986
Balanced,2020-01-06 10:36:00,0.022099,229.373,0.7418,49.98
Balanced,2020-01-06 10:39:00,0.016381,227.974,0.5165,49.983
Balanced,2020-01-06 10:42:00,0.018341,228.876,0.6798,49.984
Balanced,2020-01-06 10:45:00,0.012327,229.725,0.5056,49.976
Balanced,2020-01-06 10:48:00,0.020153,228.327,0.6275,49.993
Balanced,2020-01-06 10:51:00,0.02052,227.888,0.6173,49.976
Balanced,2020-01-06 10:54:00,0.018995,228.851,0.5372,49.988
Balanced,2020-01-06 10:57:00,0.016596,228.93,0.5772,49.984
Balanced,2020-01-06 11:00:00,0.019457,227.849,0.647,49.997
Balanced,2020-01-06 11:03:00,0.018605,227.848,0.6461,49.995
Balanced,2020-01-06 11:06:00,0.019127,228.439,0.5666,49.991
Balanced,2020-01-06 11:09:00,0.021552,227.319,0.6821,49.976
Balanced,2020-01-06 11:12:00,0.018804,227.297,0.6074,49.982
Balanced,2020-01-06 11:15:00,0.017127,228.99,0.5452,50.019
Balanced,2020-01-06 11:18:00,0.021665,228.548,0.6753,49.972
Balanced,2020-01-06 11:21:00,0.015146,228.394,0.4956,49.992
Balanced,2020-01-06 11:24:00,0.015134,229.312,0.5376,49.981
Balanced,2020-01-06 11:27:00,0.015922,229.146,0.5133,49.988
Balanced,2020-01-06 11:30:00,0.022648,228.419,0.7102,49.968
Balanced,2020-01-06 11:33:00,0.012705,229.688,0.5319,49.986
Balanced,2020-01-06 11:36:00,0.014182,230.29,0.4858,49.987
Balanced,2020-01-06 11:39:00,0.022791,228.332,0.6629,49.976
Balanced,2020-01-06 11:42:00,0.019829,230.066,0.5658,50.005
Balanced,2020-01-06 11:45:00,0.022244,227.133,0.6753,49.96
Balanced,2020-01-06 11:48:00,0.015119,229.373,0.4958,49.997
Balanced,2020-01-06 11:51:00,0.019778,227.821,0.5582,49.98
Balanced,2020-01-06 11:54:00,0.022548,227.603,0.6253,49.979
Balanced,2020-01-06 11:57:00,0.020154,228.067,0.6015,49.996
Balanced,2020-01-06 12:00:00,0.016471,228.541,0.5688,49.987
Balanced,2020-01-06 12:03:00,0.021501,228.958,0.6213,49.966
Balanced,2020-01-06 12:06:00,0.026693,226.011,0.7333,49.976
Balanced,2020-01-06 12:09:00,0.018449,229.066,0.5044,49.993
Balanced,2020-01-06 12:12:00,0.024067,228.433,0.663,49.986
Balanced,2020-01-06 12:15:00,0.019874,227.776,0.6493,49.964
Balanced,2020-01-06 12:18:00,0.02147,229.25,0.6221,49.96
Balanced,2020-01-06 12:21:00,0.025384,226.826,0.7092,49.989
Balanced,2020-01-06 12:24:00,0.015484,230.399,0.5024,49.968
Balanced,2020-01-06 12:27:00,0.019881,227.009,0.5951,49.979
Balanced,2020-01-06 12:30:00,0.021518,229.027,0.6153,49.99
Balanced,2020-01-06 12:33:00,0.018363,230.769,0.6182,49.975
Balanced,2020-01-06 12:36:00,0.020721,228.505,0.6339,49.979
Balanced,2020-01-06 12:39:00,0.026297,227.212,0.7487,49.962
Balanced,2020-01-06 12:42:00,0.023807,226.544,0.6531,49.988
Balanced,2020-01-06 12:45:00,0.021685,227.931,0.6864,49.983
Balanced,2020-01-06 12:48:00,0.020937,228.537,0.5904,49.975
Balanced,2020-01-06 12:51:00,0.020611,228.852,0.635,49.993
Balanced,2020-01-06 12:54:00,0.022964,227.57,0.6499,49.971
Balanced,2020-01-06 12:57:00,0.019822,228.362,0.5902,49.986
Balanced,2020-01-06 13:00:00,0.027998,225.929,0.7078,49.949
Balanced,2020-01-06 13:03:00,0.024554,227.413,0.7286,49.978
Balanced,2020-01-06 13:06:00,0.018621,228.821,0.6122,50.006
Balanced,2020-01-06 13:09:00,0.022349,227.229,0.6246,49.97
Balanced,2020-01-06 13:12:00,0.021848,227.573,0.6276,49.98
Balanced,2020-01-06 13:15:00,0.02139,227.63,0.6848,49.977
Balanced,2020-01-06 13:18:00,0.022821,227.985,0.6406,49.965
Balanced,2020-01-06 13:21:00,0.018824,228.411,0.579,49.985
Balanced,2020-01-06 13:24:00,0.023702,227.17,0.6978,49.971
Balanced,2020-01-06 13:27:00,0.020657,228.768,0.6407,50.002
Balanced,2020-01-06 13:30:00,0.023954,228.032,0.6924,49.987
Balanced,2020-01-06 13:33:00,0.024426,227.329,0.6412,49.989
Balanced,2020-01-06 13:36:00,0.022223,228.841,0.6519,50.0
Balanced,2020-01-06 13:39:00,0.026366,227.111,0.7301,49.972
Balanced,2020-01-06 13:42:00,0.022588,227.999,0.6838,49.969
Balanced,2020-01-06 13:45:00,0.025735,229.216,0.6678,49.971
Balanced,2020-01-06 13:48:00,0.015731,228.688,0.4741,49.965
Balanced,2020-01-06 13:51:00,0.024129,226.986,0.7087,49.964
Balanced,2020-01-06 13:54:00,0.020115,228.814,0.5887,49.992
Balanced,2020-01-06 13:57:00,0.025632,227.018,0.6884,49.965
Balanced,2020-01-06 14:00:00,0.019975,227.658,0.6315,49.968
Balanced,2020-01-06 14:03:00,0.019822,226.757,0.6535,49.968
Balanced,2020-01-06 14:06:00,0.023387,227.97,0.6366,49.994
Balanced,2020-01-06 14:09:00,0.020405,226.08,0.5578,49.965
Balanced,2020-01-06 14:12:00,0.026326,227.203,0.726,49.949
Balanced,2020-01-06 14:15:00,0.020388,228.594,0.5891,49.985
Balanced,2020-01-06 14:18:00,0.017377,227.844,0.5245,49.964
Balanced,2020-01-06 14:21:00,0.020444,228.145,0.6002,49.996
Balanced,2020-01-06 14:24:00,0.020704,228.598,0.6359,49.974
Balanced,2020-01-06 14:27:00,0.021369,227.524,0.7034,49.985
Balanced,2020-01-06 14:30:00,0.023098,227.36,0.6265,49.991
Balanced,2020-01-06 14:33:00,0.015766,228.765,0.521,49.995
Balanced,2020-01-06 14:36:00,0.021214,229.412,0.5797,49.988
Balanced,2020-01-06 14:39:00,0.027006,227.776,0.746,49.974
Balanced,2020-01-06 14:42:00,0.021952,226.497,0.6423,49.983
Balanced,2020-01-06 14:45:00,0.020086,228.105,0.5882,50.0
Balanced,2020-01-06 14:48:00,0.020627,226.391,0.5981,49.957
Balanced,2020-01-06 14:51:00,0.017925,229.504,0.5715,50.0
Balanced,2020-01-06 14:54:00,0.02864,227.579,0.6954,49.987
Balanced,2020-01-06 14:57:00,0.023228,228.306,0.6916,49.972
Balanced,2020-01-06 15:00:00,0.021922,229.307,0.6523,49.986
Balanced,2020-01-06 15:03:00,0.01587,228.135,0.4929,49.978
Balanced,2020-01-06 15:06:00,0.024436,228.127,0.6511,49.957
Balanced,2020-01-06 15:09:00,0.021922,227.83,0.6684,49.969
Balanced,2020-01-06 15:12:00,0.024128,228.114,0.6903,49.97
Balanced,2020-01-06 15:15:00,0.021598,227.445,0.6384,49.989
Balanced,2020-01-06 15:18:00,0.021019,226.532,0.6734,49.978
Balanced,2020-01-06 15:21:00,0.018198,229.167,0.5539,49.971
Balanced,2020-01-06 15:24:00,0.019918,227.78,0.5988,49.975
Balanced,2020-01-06 15:27:00,0.021512,228.706,0.671,49.989
Balanced,2020-01-06 15:30:00,0.022953,226.035,0.6893,49.991
Balanced,2020-01-06 15:33:00,0.024354,228.17,0.7323,49.972
Balanced,2020-01-06 15:36:00,0.021117,228.582,0.6656,49.971
Balanced,2020-01-06 15:39:00,0.017372,230.194,0.5624,49.974
Balanced,2020-01-06 15:42:00,0.021385,227.358,0.6288,50.001
Balanced,2020-01-06 15:45:00,0.016717,228.562,0.6098,49.961
Balanced,2020-01-06 15:48:00,0.015888,228.51,0.545,49.957
Balanced,2020-01-06 15:51:00,0.01475,231.192,0.5351,49.974
Balanced,2020-01-06 15:54:00,0.021875,229.033,0.6536,49.981
Balanced,2020-01-06 15:57:00,0.023338,227.503,0.6892,49.983
Balanced,2020-01-06 16:00:00,0.01845,228.525,0.5535,49.992
Balanced,2020-01-06 16:03:00,0.021264,226.939,0.5903,49.969
Balanced,2020-01-06 16:06:00,0.020564,229.466,0.6176,49.981
Balanced,2020-01-06 16:09:00,0.020713,227.613,0.6702,49.976
Balanced,2020-01-06 16:12:00,0.018995,228.607,0.5631,49.996
Balanced,2020-01-06 16:15:00,0.017263,227.883,0.5804,49.982
Balanced,2020-01-06 16:18:00,0.020705,227.361,0.6984,49.989
Balanced,2020-01-06 16:21:00,0.019057,227.57,0.5995,50.008
Balanced,2020-01-06 16:24:00,0.013076,230.399,0.4774,49.977
Balanced,2020-01-06 16:27:00,0.026114,228.352,0.7994,49.97
Balanced,2020-01-06 16:30:00,0.020336,228.103,0.6293,49.982
Balanced,2020-01-06 16:33:00,0.024105,227.918,0.6292,49.981
Balanced,2020-01-06 16:36:00,0.020644,228.304,0.6048,49.955
Balanced,2020-01-06 16:39:00,0.018165,228.651,0.5463,49.982
Balanced,2020-01-06 16:42:00,0.022152,226.985,0.7063,49.996
Balanced,2020-01-06 16:45:00,0.019314,227.842,0.583,49.971
Balanced,2020-01-06 16:48:00,0.021164,228.991,0.5883,49.991
Balanced,2020-01-06 16:51:00,0.019193,228.23,0.6396,49.955
Balanced,2020-01-06 16:54:00,0.019452,227.305,0.5961,49.983
Balanced,2020-01-06 16:57:00,0.019064,227.927,0.5598,49.992
Balanced,2020-01-06 17:00:00,0.017836,228.32,0.5724,49.971
Balanced,2020-01-06 17:03:00,0.0228,228.467,0.689,49.981
Balanced,2020-01-06 17:06:00,0.020425,228.693,0.6392,49.961
Balanced,2020-01-06 17:09:00,0.020075,228.82,0.6418,49.976
Balanced,2020-01-06 17:12:00,0.020586,228.074,0.6419,49.978
Balanced,2020-01-06 17:15:00,0.018018,228.251,0.6259,49.994
Balanced,2020-01-06 17:18:00,0.015502,228.936,0.5812,49.986
Balanced,2020-01-06 17:21:00,0.018532,229.105,0.5274,49.949
Balanced,2020-01-06 17:24:00,0.014204,228.54,0.4904,49.995
Balanced,2020-01-06 17:27:00,0.014858,229.602,0.576,49.984
Balanced,2020-01-06 17:30:00,0.022904,227.377,0.67,49.969
Balanced,2020-01-06 17:33:00,0.017229,228.937,0.6093,49.995
Balanced,2020-01-06 17:36:00,0.017704,228.564,0.5304,49.978
Balanced,2020-01-06 17:39:00,0.019715,229.136,0.5639,49.98
Balanced,2020-01-06 17:42:00,0.020678,226.002,0.6153,49.971
Balanced,2020-01-06 17:45:00,0.02055,228.409,0.6249,49.979
Balanced,2020-01-06 17:48:00,0.020321,229.45,0.6425,49.977
Balanced,2020-01-06 17:51:00,0.020158,228.188,0.6497,49.99
Balanced,2020-01-06 17:54:00,0.016868,229.45,0.5366,49.966
Balanced,2020-01-06 17:57:00,0.016399,229.952,0.5452,49.988
Balanced,2020-01-06 18:00:00,0.016063,227.863,0.5307,49.995
Balanced,2020-01-06 18:03:00,0.020089,228.407,0.5762,50.0
Balanced,2020-01-06 18:06:00,0.018045,228.283,0.5585,49.992
Balanced,2020-01-06 18:09:00,0.023515,226.799,0.6541,49.992
Balanced,2020-01-06 18:12:00,0.016934,230.938,0.5345,49.958
Balanced,2020-01-06 18:15:00,0.019739,228.187,0.5958,49.978
Balanced,2020-01-06 18:18:00,0.015551,228.931,0.477,49.988
Balanced,2020-01-06 18:21:00,0.024616,227.824,0.6469,49.98
Balanced,2020-01-06 18:24:00,0.020256,226.827,0.6107,49.974
Balanced,2020-01-06 18:27:00,0.018636,229.53,0.6341,49.986
Balanced,2020-01-06 18:30:00,0.025658,227.69,0.7256,50.0
Balanced,2020-01-06 18:33:00,0.023762,227.634,0.712,49.981
Balanced,2020-01-06 18:36:00,0.024508,227.49,0.726,49.974
Balanced,2020-01-06 18:39:00,0.026377,227.0,0.6802,49.981
Balanced,2020-01-06 18:42:00,0.022373,228.182,0.6352,49.987
Balanced,2020-01-06 18:45:00,0.020955,226.663,0.6689,50.002
Balanced,2020-01-06 18:48:00,0.02485,227.558,0.7172,49.976
Balanced,2020-01-06 18:51:00,0.018128,228.292,0.6087,49.989
Balanced,2020-01-06 18:54:00,0.021983,228.019,0.6316,50.0
Balanced,2020-01-06 18:57:00,0.023989,228.618,0.6407,49.985
Balanced,2020-01-06 19:00:00,0.019805,228.074,0.5726,49.974
Balanced,2020-01-06 19:03:00,0.024954,228.043,0.7575,49.984
Balanced,2020-01-06 19:06:00,0.026021,227.595,0.7687,49.98
Balanced,2020-01-06 19:09:00,0.019334,227.299,0.5626,49.993
Balanced,2020-01-06 19:12:00,0.023381,228.224,0.7148,49.968
Balanced,2020-01-06 19:15:00,0.019547,227.762,0.6529,49.989
Balanced,2020-01-06 19:18:00,0.028207,227.455,0.7907,49.966
Balanced,2020-01-06 19:21:00,0.025456,225.874,0.6594,49.978
Balanced,2020-01-06 19:24:00,0.021541,228.367,0.6066,49.969
Balanced,2020-01-06 19:27:00,0.022047,228.576,0.6971,49.98
Balanced,2020-01-06 19:30:00,0.024103,227.785,0.6824,49.967
Balanced,2020-01-06 19:33:00,0.013404,228.806,0.5492,49.976
Balanced,2020-01-06 19:36:00,0.026483,227.59,0.6983,49.963
Balanced,2020-01-06 19:39:00,0.023286,226.675,0.7085,49.969
Balanced,2020-01-06 19:42:00,0.024133,226.589,0.6832,49.973
Balanced,2020-01-06 19:45:00,0.031225,226.038,0.8391,49.969
Balanced,2020-01-06 19:48:00,0.02294,227.111,0.5974,49.98
Balanced,2020-01-06 19:51:00,0.026011,227.808,0.7344,49.982
Balanced,2020-01-06 19:54:00,0.02301,228.012,0.6552,49.981
Balanced,2020-01-06 19:57:00,0.02775,227.044,0.7498,49.985
Balanced,2020-01-06 20:00:00,0.024017,227.777,0.6405,49.996
Balanced,2020-01-06 20:03:00,0.024186,228.144,0.7182,49.973
Balanced,2020-01-06 20:06:00,0.020807,228.312,0.6571,49.965
Balanced,2020-01-06 20:09:00,0.027307,225.74,0.7737,49.979
Balanced,2020-01-06 20:12:00,0.027894,225.794,0.8134,49.956
Balanced,2020-01-06 20:15:00,0.026775,227.208,0.7303,49.95
Balanced,2020-01-06 20:18:00,0.019531,227.193,0.6469,49.992
Balanced,2020-01-06 20:21:00,0.025634,227.026,0.7577,49.973
Balanced,2020-01-06 20:24:00,0.025043,227.937,0.7375,49.972
Balanced,2020-01-06 20:27:00,0.027909,227.376,0.719,49.994
Balanced,2020-01-06 20:30:00,0.023574,227.87,0.7025,49.959
Balanced,2020-01-06 20:33:00,0.032066,226.181,0.8946,49.975
Balanced,2020-01-06 20:36:00,0.028973,228.397,0.7574,49.967
Balanced,2020-01-06 20:39:00,0.025535,227.928,0.7182,49.983
Balanced,2020-01-06 20:42:00,0.026983,226.578,0.7797,49.977
Balanced,2020-01-06 20:45:00,0.024145,226.98,0.6521,49.986
Balanced,2020-01-06 20:48:00,0.013906,229.272,0.5074,49.99
Balanced,2020-01-06 20:51:00,0.023155,227.653,0.6261,49.982
Balanced,2020-01-06 20:54:00,0.025816,226.541,0.6799,49.97
Balanced,2020-01-06 20:57:00,0.024209,227.978,0.6882,49.974
Balanced,2020-01-06 21:00:00,0.022022,228.888,0.6654,49.97
Balanced,2020-01-06 21:03:00,0.025258,227.594,0.7126,49.969
Balanced,2020-01-06 21:06:00,0.020523,228.333,0.6591,49.991
Balanced,2020-01-06 21:09:00,0.020007,228.252,0.6051,49.954
Balanced,2020-01-06 21:12:00,0.019269,229.149,0.5953,49.992
Balanced,2020-01-06 21:15:00,0.025539,227.322,0.709,49.978
Balanced,2020-01-06 21:18:00,0.022598,227.271,0.6692,49.974
Balanced,2020-01-06 21:21:00,0.030408,226.283,0.8115,49.992
Balanced,2020-01-06 21:24:00,0.016719,229.443,0.4661,49.997
Balanced,2020-01-06 21:27:00,0.023863,227.281,0.6734,49.989
Balanced,2020-01-06 21:30:00,0.022372,227.456,0.69,49.957
Balanced,2020-01-06 21:33:00,0.025589,226.546,0.6942,49.98
Balanced,2020-01-06 21:36:00,0.022868,228.661,0.7041,49.996
Balanced,2020-01-06 21:39:00,0.019102,227.89,0.6303,49.975
Balanced,2020-01-06 21:42:00,0.018771,229.277,0.6187,49.98
Balanced,2020-01-06 21:45:00,0.027885,227.127,0.7886,49.954
Balanced,2020-01-06 21:48:00,0.022614,228.432,0.6635,49.984
Balanced,2020-01-06 21:51:00,0.020415,227.118,0.6664,49.985
Balanced,2020-01-06 21:54:00,0.025423,226.754,0.731,49.99
Balanced,2020-01-06 21:57:00,0.019532,228.475,0.6058,49.972
Balanced,2020-01-06 22:00:00,0.019771,227.159,0.6115,49.991
Balanced,2020-01-06 22:03:00,0.022573,227.569,0.6714,49.977
Balanced,2020-01-06 22:06:00,0.014759,229.017,0.5186,49.987
Balanced,2020-01-06 22:09:00,0.023396,227.994,0.7016,49.987
Balanced,2020-01-06 22:12:00,0.013744,229.719,0.5365,49.982
Balanced,2020-01-06 22:15:00,0.024925,227.938,0.6997,49.953
Balanced,2020-01-06 22:18:00,0.019845,228.532,0.6001,50.014
Balanced,2020-01-06 22:21:00,0.017151,227.932,0.5496,49.992
Balanced,2020-01-06 22:24:00,0.020715,228.325,0.6008,49.998
Balanced,2020-01-06 22:27:00,0.020114,228.712,0.6212,49.978
Balanced,2020-01-06 22:30:00,0.016785,228.131,0.5814,50.0
Balanced,2020-01-06 22:33:00,0.019659,228.781,0.576,49.99
Balanced,2020-01-06 22:36:00,0.018318,228.179,0.5979,49.989
Balanced,2020-01-06 22:39:00,0.021449,227.496,0.6057,49.969
Balanced,2020-01-06 22:42:00,0.016937,228.466,0.6512,49.975
Balanced,2020-01-06 22:45:00,0.018045,228.231,0.5765,49.946
Balanced,2020-01-06 22:48:00,0.022851,228.617,0.6385,49.96
Balanced,2020-01-06 22:51:00,0.018359,226.945,0.5779,50.012
Balanced,2020-01-06 22:54:00,0.023935,226.793,0.6828,49.953
Balanced,2020-01-06 22:57:00,0.018945,228.185,0.5773,49.972
Balanced,2020-01-06 23:00:00,0.015456,229.874,0.5618,49.984
Balanced,2020-01-06 23:03:00,0.016885,230.269,0.5396,49.988
Balanced,2020-01-06 23:06:00,0.018529,226.848,0.5635,49.969
Balanced,2020-01-06 23:09:00,0.019071,229.053,0.5624,49.999
Balanced,2020-01-06 23:12:00,0.021225,229.641,0.613,50.011
Balanced,2020-01-06 23:15:00,0.019499,227.877,0.542,49.97
Balanced,2020-01-06 23:18:00,0.023795,227.878,0.7238,49.977
Balanced,2020-01-06 23:21:00,0.029247,226.237,0.7633,49.982
Balanced,2020-01-06 23:24:00,0.024839,227.537,0.6781,49.97
Balanced,2020-01-06 23:27:00,0.016802,227.629,0.4714,49.977
Balanced,2020-01-06 23:30:00,0.019142,228.122,0.5798,49.999
Balanced,2020-01-06 23:33:00,0.024963,226.548,0.7215,49.947
Balanced,2020-01-06 23:36:00,0.020544,228.371,0.6282,49.979
Balanced,2020-01-06 23:39:00,0.019643,229.095,0.6954,49.971
Balanced,2020-01-06 23:42:00,0.023417,228.134,0.6837,49.982
Balanced,2020-01-06 23:45:00,0.015449,229.561,0.5417,49.974
Balanced,2020-01-06 23:48:00,0.019688,227.937,0.5858,50.006
Balanced,2020-01-06 23:51:00,0.022601,227.778,0.6839,49.981
Balanced,2020-01-06 23:54:00,0.021633,227.783,0.6558,49.984
Balanced,2020-01-06 23:57:00,0.01907,229.02,0.6069,49.997
Balanced,2020-01-07 00:00:00,0.020588,228.336,0.5845,49.984
Balanced,2020-01-07 00:03:00,0.023106,228.632,0.7012,49.993
Balanced,2020-01-07 00:06:00,0.020156,229.112,0.6048,49.981
Balanced,2020-01-07 00:09:00,0.019534,228.319,0.6597,49.988
Balanced,2020-01-07 00:12:00,0.011766,230.269,0.4795,49.969
Balanced,2020-01-07 00:15:00,0.0217,228.04,0.6099,49.985
Balanced,2020-01-07 00:18:00,0.018593,229.858,0.6246,49.976
Balanced,2020-01-07 00:21:00,0.020491,228.169,0.6051,49.984
Balanced,2020-01-07 00:24:00,0.021767,228.881,0.6341,50.012
Balanced,2020-01-07 00:27:00,0.014242,230.668,0.4661,49.975
Balanced,2020-01-07 00:30:00,0.022346,227.423,0.6285,49.997
Balanced,2020-01-07 00:33:00,0.018878,228.756,0.6071,49.988
Balanced,2020-01-07 00:36:00,0.019362,228.871,0.6429,49.966
Balanced,2020-01-07 00:39:00,0.019338,228.488,0.5694,49.975
Balanced,2020-01-07 00:42:00,0.017061,228.312,0.5543,49.985
Balanced,2020-01-07 00:45:00,0.015115,229.395,0.4583,49.989
Balanced,2020-01-07 00:48:00,0.019071,228.673,0.6097,50.002
Balanced,2020-01-07 00:51:00,0.022195,227.631,0.61,49.974
Balanced,2020-01-07 00:54:00,0.019895,227.859,0.557,49.98
Balanced,2020-01-07 00:57:00,0.018237,229.088,0.536,49.97
Balanced,2020-01-07 01:00:00,0.018974,229.273,0.6332,49.98
Balanced,2020-01-07 01:03:00,0.019363,226.41,0.6124,49.977
Balanced,2020-01-07 01:06:00,0.021061,228.186,0.6684,49.983
Balanced,2020-01-07 01:09:00,0.021305,228.367,0.6456,49.997
Balanced,2020-01-07 01:12:00,0.01775,229.059,0.6303,49.968
Balanced,2020-01-07 01:15:00,0.019107,227.973,0.6231,49.982
Balanced,2020-01-07 01:18:00,0.013076,229.795,0.5087,49.993
Balanced,2020-01-07 01:21:00,0.017014,229.064,0.5712,49.983
Balanced,2020-01-07 01:24:00,0.018197,228.665,0.5627,49.973
Balanced,2020-01-07 01:27:00,0.020075,228.594,0.6345,49.973
Balanced,2020-01-07 01:30:00,0.016677,228.126,0.5778,50.0
Balanced,2020-01-07 01:33:00,0.019226,228.985,0.6309,49.975
Balanced,2020-01-07 01:36:00,0.018228,230.332,0.5309,49.97
Balanced,2020-01-07 01:39:00,0.023452,227.723,0.6746,49.981
Balanced,2020-01-07 01:42:00,0.012157,228.626,0.5206,50.007
Balanced,2020-01-07 01:45:00,0.019465,228.064,0.6166,49.977
Balanced,2020-01-07 01:48:00,0.014959,229.711,0.5453,50.014
Balanced,2020-01-07 01:51:00,0.022236,228.407,0.6901,49.957
Balanced,2020-01-07 01:54:00,0.018438,228.489,0.5887,49.99
Balanced,2020-01-07 01:57:00,0.015366,227.73,0.5531,49.971
Balanced,2020-01-07 02:00:00,0.018865,230.156,0.5757,49.99
Balanced,2020-01-07 02:03:00,0.020558,228.17,0.5937,49.976
Balanced,2020-01-07 02:06:00,0.024457,227.058,0.7392,49.964
Balanced,2020-01-07 02:09:00,0.017619,227.505,0.5212,50.0
Balanced,2020-01-07 02:12:00,0.02359,228.373,0.6583,49.954
Balanced,2020-01-07 02:15:00,0.018763,227.793,0.5618,49.984
Balanced,2020-01-07 02:18:00,0.016202,229.528,0.589,49.98
Balanced,2020-01-07 02:21:00,0.015062,228.892,0.5541,49.983
Balanced,2020-01-07 02:24:00,0.019243,228.934,0.5514,49.975
Balanced,2020-01-07 02:27:00,0.017779,228.394,0.5604,49.984
Balanced,2020-01-07 02:30:00,0.018469,227.736,0.6058,49.973
Balanced,2020-01-07 02:33:00,0.018681,228.794,0.5826,49.983
Balanced,2020-01-07 02:36:00,0.014492,228.725,0.5248,49.962
Balanced,2020-01-07 02:39:00,0.017287,228.724,0.5769,49.996
Balanced,2020-01-07 02:42:00,0.022304,228.576,0.6485,49.981
Balanced,2020-01-07 02:45:00,0.021339,227.841,0.6852,49.995
Balanced,2020-01-07 02:48:00,0.014996,228.467,0.5395,49.982
Balanced,2020-01-07 02:51:00,0.013926,230.012,0.4973,49.978
Balanced,2020-01-07 02:54:00,0.018261,230.464,0.5504,49.971
Balanced,2020-01-07 02:57:00,0.019759,228.27,0.5474,49.97
Balanced,2020-01-07 03:00:00,0.01742,228.902,0.4896,49.966
Balanced,2020-01-07 03:03:00,0.012829,229.975,0.4962,49.969
Balanced,2020-01-07 03:06:00,0.015917,229.227,0.5368,49.987
Balanced,2020-01-07 03:09:00,0.017899,228.329,0.5766,49.983
Balanced,2020-01-07 03:12:00,0.019541,229.114,0.6283,49.998
Balanced,2020-01-07 03:15:00,0.01487,229.824,0.4607,49.995
Balanced,2020-01-07 03:18:00,0.008626,228.138,0.3679,49.999
Balanced,2020-01-07 03:21:00,0.01242,230.595,0.49,49.979
Balanced,2020-01-07 03:24:00,0.018855,228.024,0.6075,49.97
Balanced,2020-01-07 03:27:00,0.020628,228.72,0.6177,49.975
Balanced,2020-01-07 03:30:00,0.018082,228.136,0.5799,49.994
Balanced,2020-01-07 03:33:00,0.01715,228.948,0.5617,49.98
Balanced,2020-01-07 03:36:00,0.018164,229.467,0.5871,49.995
Balanced,2020-01-07 03:39:00,0.013301,230.443,0.4439,49.992
Balanced,2020-01-07 03:42:00,0.019262,229.146,0.5861,49.967
Balanced,2020-01-07 03:45:00,0.019476,227.584,0.6357,49.96
Balanced,2020-01-07 03:48:00,0.019558,227.824,0.623,49.994
Balanced,2020-01-07 03:51:00,0.01477,227.723,0.4923,50.005
Balanced,2020-01-07 03:54:00,0.017947,228.741,0.5659,49.994
Balanced,2020-01-07 03:57:00,0.013033,227.813,0.4631,49.994
Balanced,2020-01-07 04:00:00,0.016083,229.777,0.5673,49.996
Balanced,2020-01-07 04:03:00,0.018794,229.16,0.6255,49.966
Balanced,2020-01-07 04:06:00,0.014982,228.074,0.4766,49.976
Balanced,2020-01-07 04:09:00,0.015924,228.1,0.5278,49.97
Balanced,2020-01-07 04:12:00,0.014743,230.215,0.5439,50.006
Balanced,2020-01-07 04:15:00,0.014312,229.888,0.453,49.981
Balanced,2020-01-07 04:18:00,0.018772,228.79,0.6247,49.996
Balanced,2020-01-07 04:21:00,0.013528,230.048,0.533,49.984
Balanced,2020-01-07 04:24:00,0.018322,229.604,0.5899,49.986
Balanced,2020-01-07 04:27:00,0.01804,228.625,0.5519,49.984
Balanced,2020-01-07 04:30:00,0.013427,228.288,0.4663,50.0
Balanced,2020-01-07 04:33:00,0.014655,228.959,0.5584,49.988
Balanced,2020-01-07 04:36:00,0.015588,229.213,0.5653,49.982
Balanced,2020-01-07 04:39:00,0.017064,229.41,0.6082,49.987
Balanced,2020-01-07 04:42:00,0.017775,229.172,0.5613,49.981
Balanced,2020-01-07 04:45:00,0.015339,230.105,0.5403,49.991
Balanced,2020-01-07 04:48:00,0.016777,229.387,0.5515,50.006
Balanced,2020-01-07 04:51:00,0.019274,228.916,0.6107,49.985
Balanced,2020-01-07 04:54:00,0.019637,226.938,0.62,49.976
Balanced,2020-01-07 04:57:00,0.01696,229.442,0.541,49.992
Balanced,2020-01-07 05:00:00,0.017814,229.457,0.6264,49.98
Balanced,2020-01-07 05:03:00,0.018735,228.757,0.6043,49.999
Balanced,2020-01-07 05:06:00,0.014614,229.015,0.5108,49.988
Balanced,2020-01-07 05:09:00,0.015903,229.596,0.5308,49.966
Balanced,2020-01-07 05:12:00,0.02261,228.547,0.6545,49.985
Balanced,2020-01-07 05:15:00,0.019323,227.99,0.5721,49.999
Balanced,2020-01-07 05:18:00,0.017206,229.753,0.5602,49.975
Balanced,2020-01-07 05:21:00,0.017221,228.655,0.5771,49.986
Balanced,2020-01-07 05:24:00,0.017847,228.878,0.5593,49.993
Balanced,2020-01-07 05:27:00,0.018632,227.982,0.6093,49.982
Balanced,2020-01-07 05:30:00,0.018403,228.92,0.5759,49.987
Balanced,2020-01-07 05:33:00,0.016385,228.842,0.5517,50.009
Balanced,2020-01-07 05:36:00,0.023867,227.086,0.7208,49.956
Balanced,2020-01-07 05:39:00,0.02345,227.117,0.6746,49.983
Balanced,2020-01-07 05:42:00,0.015428,229.326,0.5066,50.006
Balanced,2020-01-07 05:45:00,0.014539,228.171,0.581,49.984
Balanced,2020-01-07 05:48:00,0.018743,227.987,0.5799,49.966
Balanced,2020-01-07 05:51:00,0.01539,228.882,0.5291,50.003
Balanced,2020-01-07 05:54:00,0.012513,230.416,0.4333,49.988
Balanced,2020-01-07 05:57:00,0.015679,229.121,0.5203,49.979
Balanced,2020-01-07 06:00:00,0.021826,228.331,0.5876,49.969
Balanced,2020-01-07 06:03:00,0.024084,228.373,0.7201,49.983
Balanced,2020-01-07 06:06:00,0.020831,228.58,0.6221,49.983
Balanced,2020-01-07 06:09:00,0.016721,228.274,0.6319,49.99
Balanced,2020-01-07 06:12:00,0.022231,229.128,0.6208,49.984
Balanced,2020-01-07 06:15:00,0.02302,227.371,0.71,49.982
Balanced,2020-01-07 06:18:00,0.022573,228.412,0.6649,49.982
Balanced,2020-01-07 06:21:00,0.020386,227.525,0.6623,49.983
Balanced,2020-01-07 06:24:00,0.019323,229.127,0.5461,49.998
Balanced,2020-01-07 06:27:00,0.024608,226.993,0.7496,49.968
Balanced,2020-01-07 06:30:00,0.022353,227.88,0.6728,49.975
Balanced,2020-01-07 06:33:00,0.026704,226.344,0.7478,49.971
Balanced,2020-01-07 06:36:00,0.023859,227.023,0.6263,49.969
Balanced,2020-01-07 06:39:00,0.021122,228.581,0.6088,49.988
Balanced,2020-01-07 06:42:00,0.020739,227.343,0.621,49.989
Balanced,2020-01-07 06:45:00,0.023638,228.431,0.6891,49.981
Balanced,2020-01-07 06:48:00,0.018324,227.293,0.6328,49.993
Balanced,2020-01-07 06:51:00,0.022025,228.71,0.6128,49.983
Balanced,2020-01-07 06:54:00,0.027235,226.7,0.7288,49.977
Balanced,2020-01-07 06:57:00,0.026027,227.451,0.7707,49.986
Balanced,2020-01-07 07:00:00,0.026255,226.676,0.7902,49.976
Balanced,2020-01-07 07:03:00,0.022576,227.433,0.6116,49.954
Balanced,2020-01-07 07:06:00,0.02285,228.629,0.6297,49.992
Balanced,2020-01-07 07:09:00,0.021366,227.233,0.6276,49.983
Balanced,2020-01-07 07:12:00,0.025435,228.516,0.7385,49.956
Balanced,2020-01-07 07:15:00,0.023113,227.398,0.7012,49.996
Balanced,2020-01-07 07:18:00,0.017733,228.947,0.5981,50.0
Balanced,2020-01-07 07:21:00,0.018411,228.515,0.557,49.98
Balanced,2020-01-07 07:24:00,0.020025,228.69,0.614,49.973
Balanced,2020-01-07 07:27:00,0.026692,228.163,0.7143,49.98
Balanced,2020-01-07 07:30:00,0.022245,227.646,0.6718,49.977
Balanced,2020-01-07 07:33:00,0.02158,227.739,0.645,49.983
Balanced,2020-01-07 07:36:00,0.01799,228.891,0.5549,49.966
Balanced,2020-01-07 07:39:00,0.028177,226.382,0.7485,49.986
Balanced,2020-01-07 07:42:00,0.023732,226.992,0.6274,49.974
Balanced,2020-01-07 07:45:00,0.023176,227.995,0.6889,49.979
Balanced,2020-01-07 07:48:00,0.025793,228.809,0.6896,50.011
Balanced,2020-01-07 07:51:00,0.021898,228.128,0.6655,49.968
Balanced,2020-01-07 07:54:00,0.026557,226.797,0.7584,49.961
Balanced,2020-01-07 07:57:00,0.025364,228.981,0.7161,49.972
Balanced,2020-01-07 08:00:00,0.021766,227.432,0.5821,49.989
Balanced,2020-01-07 08:03:00,0.025157,227.599,0.7686,49.959
Balanced,2020-01-07 08:06:00,0.022183,229.068,0.6866,49.971
Balanced,2020-01-07 08:09:00,0.033077,226.44,0.8576,49.976
Balanced,2020-01-07 08:12:00,0.014402,230.255,0.4985,50.001
Balanced,2020-01-07 08:15:00,0.024467,226.099,0.6315,49.996
Balanced,2020-01-07 08:18:00,0.026477,225.619,0.7365,49.974
Balanced,2020-01-07 08:21:00,0.017556,229.846,0.5278,49.986
Balanced,2020-01-07 08:24:00,0.025007,225.89,0.6768,49.995
Balanced,2020-01-07 08:27:00,0.028428,226.367,0.7615,49.974
Balanced,2020-01-07 08:30:00,0.024021,228.405,0.7269,49.974
Balanced,2020-01-07 08:33:00,0.023113,227.94,0.6349,49.966
Balanced,2020-01-07 08:36:00,0.024591,226.698,0.7177,49.97
Balanced,2020-01-07 08:39:00,0.025954,226.247,0.716,49.971
Balanced,2020-01-07 08:42:00,0.021662,229.91,0.6992,49.982
Balanced,2020-01-07 08:45:00,0.022952,227.669,0.6775,49.97
Balanced,2020-01-07 08:48:00,0.02553,228.167,0.787,49.982
Balanced,2020-01-07 08:51:00,0.027543,228.022,0.7673,49.979
Balanced,2020-01-07 08:54:00,0.021309,228.254,0.677,49.962
Balanced,2020-01-07 08:57:00,0.026383,227.482,0.74,49.978
Balanced,2020-01-07 09:00:00,0.015263,229.388,0.4787,49.986
Balanced,2020-01-07 09:03:00,0.028023,225.566,0.726,49.955
Balanced,2020-01-07 09:06:00,0.021669,227.662,0.6272,49.973
Balanced,2020-01-07 09:09:00,0.030837,226.068,0.8291,49.989
Balanced,2020-01-07 09:12:00,0.019973,226.887,0.6144,49.971
Balanced,2020-01-07 09:15:00,0.029215,225.252,0.7415,49.964
Balanced,2020-01-07 09:18:00,0.026784,227.724,0.776,49.976
Balanced,2020-01-07 09:21:00,0.015732,228.318,0.5146,49.981
Balanced,2020-01-07 09:24:00,0.021919,228.491,0.6956,49.979
Balanced,2020-01-07 09:27:00,0.018738,228.296,0.6384,49.978
Balanced,2020-01-07 09:30:00,0.021215,228.397,0.6853,49.984
Balanced,2020-01-07 09:33:00,0.022887,228.459,0.6956,49.967
Balanced,2020-01-07 09:36:00,0.01786,228.264,0.5682,49.985
Balanced,2020-01-07 09:39:00,0.02588,227.666,0.682,49.984
Balanced,2020-01-07 09:42:00,0.021783,226.428,0.5843,49.979
Balanced,2020-01-07 09:45:00,0.020576,227.574,0.6152,49.975
Balanced,2020-01-07 09:48:00,0.022479,228.484,0.6842,49.983
Balanced,2020-01-07 09:51:00,0.01577,228.404,0.5274,50.009
Balanced,2020-01-07 09:54:00,0.019071,229.303,0.58,49.964
Balanced,2020-01-07 09:57:00,0.022344,228.467,0.6358,49.966
Balanced,2020-01-07 10:00:00,0.016257,228.494,0.5647,49.987
Balanced,2020-01-07 10:03:00,0.02138,227.3,0.5895,49.979
Balanced,2020-01-07 10:06:00,0.026468,226.532,0.7859,49.982
Balanced,2020-01-07 10:09:00,0.018302,228.964,0.6056,49.978
Balanced,2020-01-07 10:12:00,0.022034,227.635,0.6323,49.995
Balanced,2020-01-07 10:15:00,0.022685,227.273,0.6787,49.974
Balanced,2020-01-07 10:18:00,0.023335,228.03,0.6305,49.994
Balanced,2020-01-07 10:21:00,0.020496,227.217,0.6443,49.96
Balanced,2020-01-07 10:24:00,0.022684,227.78,0.6623,49.975
Balanced,2020-01-07 10:27:00,0.02227,227.612,0.6639,49.954
Balanced,2020-01-07 10:30:00,0.02538,226.648,0.6648,49.99
Balanced,2020-01-07 10:33:00,0.015323,228.028,0.4585,49.969
Balanced,2020-01-07 10:36:00,0.021593,229.135,0.6484,49.974
Balanced,2020-01-07 10:39:00,0.021885,227.455,0.6442,49.982
Balanced,2020-01-07 10:42:00,0.019444,226.74,0.6031,49.979
Balanced,2020-01-07 10:45:00,0.016284,229.5,0.5638,49.992
Balanced,2020-01-07 10:48:00,0.017079,228.882,0.5787,49.977
Balanced,2020-01-07 10:51:00,0.017365,229.997,0.543,49.983
Balanced,2020-01-07 10:54:00,0.017401,229.232,0.5625,49.972
Balanced,2020-01-07 10:57:00,0.019705,227.824,0.5979,49.982
Balanced,2020-01-07 11:00:00,0.020344,228.744,0.5788,49.956
Balanced,2020-01-07 11:03:00,0.024568,227.78,0.6801,49.978
Balanced,2020-01-07 11:06:00,0.019253,228.118,0.5183,49.976
Balanced,2020-01-07 11:09:00,0.019254,228.043,0.5884,49.99
Balanced,2020-01-07 11:12:00,0.020581,226.954,0.6697,49.998
Balanced,2020-01-07 11:15:00,0.021901,228.041,0.6747,49.966
Balanced,2020-01-07 11:18:00,0.01454,229.082,0.4781,49.979
Balanced,2020-01-07 11:21:00,0.018351,228.544,0.643,49.986
Balanced,2020-01-07 11:24:00,0.01532,228.367,0.5297,49.978
Balanced,2020-01-07 11:27:00,0.020906,227.342,0.6197,49.966
Balanced,2020-01-07 11:30:00,0.014654,228.899,0.4916,49.993
Balanced,2020-01-07 11:33:00,0.019347,228.829,0.5592,49.991
Balanced,2020-01-07 11:36:00,0.021325,227.079,0.5833,49.996
Balanced,2020-01-07 11:39:00,0.02383,228.022,0.6536,49.993
Balanced,2020-01-07 11:42:00,0.015202,229.998,0.5318,50.004
Balanced,2020-01-07 11:45:00,0.017106,228.061,0.5639,49.998
Balanced,2020-01-07 11:48:00,0.023283,228.204,0.6632,49.973
Balanced,2020-01-07 11:51:00,0.021435,228.075,0.6748,49.983
Balanced,2020-01-07 11:54:00,0.01634,229.046,0.4799,49.981
Balanced,2020-01-07 11:57:00,0.019894,230.435,0.6233,49.978
Balanced,2020-01-07 12:00:00,0.019083,229.354,0.5867,49.986
Balanced,2020-01-07 12:03:00,0.017011,229.021,0.506,49.984
Balanced,2020-01-07 12:06:00,0.017684,227.495,0.5469,49.988
Balanced,2020-01-07 12:09:00,0.013538,229.58,0.4564,49.976
Balanced,2020-01-07 12:12:00,0.02238,228.911,0.6631,49.997
Balanced,2020-01-07 12:15:00,0.022638,228.242,0.6526,49.979
Balanced,2020-01-07 12:18:00,0.011887,230.703,0.5664,49.992
Balanced,2020-01-07 12:21:00,0.023516,227.951,0.6938,49.972
Balanced,2020-01-07 12:24:00,0.018474,228.109,0.5593,49.97
Balanced,2020-01-07 12:27:00,0.017935,228.023,0.5276,49.984
Balanced,2020-01-07 12:30:00,0.021247,227.636,0.6317,49.995
Balanced,2020-01-07 12:33:00,0.020337,227.923,0.6003,49.998
Balanced,2020-01-07 12:36:00,0.024617,228.148,0.7525,49.983
Balanced,2020-01-07 12:39:00,0.024376,227.692,0.745,49.993
Balanced,2020-01-07 12:42:00,0.022721,227.984,0.6871,49.987
Balanced,2020-01-07 12:45:00,0.022701,226.883,0.5721,49.992
Balanced,2020-01-07 12:48:00,0.019437,228.601,0.5717,49.966
Balanced,2020-01-07 12:51:00,0.023196,228.336,0.656,49.966
Balanced,2020-01-07 12:54:00,0.027617,227.005,0.7281,49.973
Balanced,2020-01-07 12:57:00,0.020823,227.355,0.6423,49.983
Balanced,2020-01-07 13:00:00,0.02502,228.377,0.667,49.99
Balanced,2020-01-07 13:03:00,0.019085,229.663,0.5826,49.969
Balanced,2020-01-07 13:06:00,0.020961,227.876,0.6441,49.994
Balanced,2020-01-07 13:09:00,0.022516,230.118,0.6268,49.993
Balanced,2020-01-07 13:12:00,0.018818,228.57,0.5771,49.986
Balanced,2020-01-07 13:15:00,0.023125,228.39,0.6305,49.98
Balanced,2020-01-07 13:18:00,0.024113,227.941,0.7106,49.986
Balanced,2020-01-07 13:21:00,0.019269,228.792,0.505,49.987
Balanced,2020-01-07 13:24:00,0.025661,227.634,0.6826,50.004
Balanced,2020-01-07 13:27:00,0.024696,227.659,0.6714,49.962
Balanced,2020-01-07 13:30:00,0.017604,229.817,0.5201,50.014
Balanced,2020-01-07 13:33:00,0.023436,228.811,0.6754,49.972
Balanced,2020-01-07 13:36:00,0.025342,226.427,0.741,49.964
Balanced,2020-01-07 13:39:00,0.022881,227.041,0.6625,49.985
Balanced,2020-01-07 13:42:00,0.026216,228.13,0.67,49.971
Balanced,2020-01-07 13:45:00,0.021482,227.936,0.6481,49.965
Balanced,2020-01-07 13:48:00,0.019744,228.784,0.5957,49.977
Balanced,2020-01-07 13:51:00,0.019442,229.935,0.6256,49.979
Balanced,2020-01-07 13:54:00,0.018167,228.655,0.5042,49.997
Balanced,2020-01-07 13:57:00,0.026351,227.206,0.7344,50.006
Balanced,2020-01-07 14:00:00,0.026808,226.182,0.7275,49.974
Balanced,2020-01-07 14:03:00,0.018367,228.007,0.5759,49.967
Balanced,2020-01-07 14:06:00,0.020652,228.537,0.6591,49.991
Balanced,2020-01-07 14:09:00,0.023593,228.092,0.6822,49.995
Balanced,2020-01-07 14:12:00,0.023885,227.811,0.7518,49.954
Balanced,2020-01-07 14:15:00,0.023424,226.525,0.6941,49.963
Balanced,2020-01-07 14:18:00,0.026901,227.248,0.7522,49.995
Balanced,2020-01-07 14:21:00,0.020286,229.103,0.6122,49.987
Balanced,2020-01-07 14:24:00,0.022086,227.98,0.6776,49.968
Balanced,2020-01-07 14:27:00,0.02324,228.217,0.6176,49.97
Balanced,2020-01-07 14:30:00,0.024196,227.155,0.6703,49.988
Balanced,2020-01-07 14:33:00,0.015653,229.059,0.5783,49.993
Balanced,2020-01-07 14:36:00,0.023412,227.028,0.6632,49.987
Balanced,2020-01-07 14:39:00,0.026229,225.888,0.6737,49.966
Balanced,2020-01-07 14:42:00,0.025248,226.062,0.7405,49.984
Balanced,2020-01-07 14:45:00,0.025884,228.055,0.6843,49.967
Balanced,2020-01-07 14:48:00,0.023582,226.94,0.6921,49.98
Balanced,2020-01-07 14:51:00,0.024695,227.643,0.6878,49.989
Balanced,2020-01-07 14:54:00,0.019157,228.139,0.5953,49.987
Balanced,2020-01-07 14:57:00,0.020283,229.335,0.7043,49.98
Balanced,2020-01-07 15:00:00,0.026842,226.344,0.7565,49.976
Balanced,2020-01-07 15:03:00,0.01676,229.612,0.5873,49.967
Balanced,2020-01-07 15:06:00,0.025939,226.609,0.6779,49.969
Balanced,2020-01-07 15:09:00,0.013286,229.905,0.4515,49.99
Balanced,2020-01-07 15:12:00,0.018297,228.901,0.6045,49.978
Balanced,2020-01-07 15:15:00,0.01982,227.772,0.6269,49.976
Balanced,2020-01-07 15:18:00,0.02235,229.426,0.6811,49.98
Balanced,2020-01-07 15:21:00,0.02189,228.1,0.6634,49.993
Balanced,2020-01-07 15:24:00,0.017826,229.209,0.5754,49.983
Balanced,2020-01-07 15:27:00,0.022455,227.84,0.6161,49.977
Balanced,2020-01-07 15:30:00,0.022272,228.665,0.6495,49.998
Balanced,2020-01-07 15:33:00,0.017466,230.079,0.551,49.974
Balanced,2020-01-07 15:36:00,0.018908,228.067,0.6453,49.981
Balanced,2020-01-07 15:39:00,0.0202,228.387,0.6066,49.984
Balanced,2020-01-07 15:42:00,0.021219,227.847,0.6366,49.987
Balanced,2020-01-07 15:45:00,0.018297,228.411,0.6309,49.972
Balanced,2020-01-07 15:48:00,0.020233,228.097,0.6092,49.96
Balanced,2020-01-07 15:51:00,0.025169,228.084,0.7162,49.976
Balanced,2020-01-07 15:54:00,0.015637,230.959,0.5319,49.996
Balanced,2020-01-07 15:57:00,0.019377,228.653,0.5845,49.994
Balanced,2020-01-07 16:00:00,0.019143,228.508,0.5865,49.962
Balanced,2020-01-07 16:03:00,0.020789,226.692,0.6247,49.98
Balanced,2020-01-07 16:06:00,0.024877,227.296,0.7308,49.972
Balanced,2020-01-07 16:09:00,0.018935,229.008,0.5871,50.0
Balanced,2020-01-07 16:12:00,0.017456,227.626,0.5594,49.978
Balanced,2020-01-07 16:15:00,0.022709,227.582,0.671,49.979
Balanced,2020-01-07 16:18:00,0.016659,228.522,0.5299,49.969
Balanced,2020-01-07 16:21:00,0.017943,228.345,0.5812,49.995
Balanced,2020-01-07 16:24:00,0.023777,227.572,0.7069,49.974
Balanced,2020-01-07 16:27:00,0.01958,227.281,0.6123,50.013
Balanced,2020-01-07 16:30:00,0.018082,228.65,0.5494,49.97
Balanced,2020-01-07 16:33:00,0.015851,230.615,0.513,49.968
Balanced,2020-01-07 16:36:00,0.021922,227.822,0.6571,49.95
Balanced,2020-01-07 16:39:00,0.022456,228.672,0.6206,49.995
Balanced,2020-01-07 16:42:00,0.023076,227.31,0.6382,49.985
Balanced,2020-01-07 16:45:00,0.011861,229.655,0.3974,49.988
Balanced,2020-01-07 16:48:00,0.025641,227.485,0.7228,49.988
Balanced,2020-01-07 16:51:00,0.015605,229.333,0.5362,49.994
Balanced,2020-01-07 16:54:00,0.020714,226.912,0.6292,49.997
Balanced,2020-01-07 16:57:00,0.016935,229.015,0.5715,49.97
Balanced,2020-01-07 17:00:00,0.01282,229.4,0.4506,49.968
Balanced,2020-01-07 17:03:00,0.010786,229.942,0.4546,50.008
Balanced,2020-01-07 17:06:00,0.021302,228.139,0.6598,49.961
Balanced,2020-01-07 17:09:00,0.015342,228.178,0.5496,50.016
Balanced,2020-01-07 17:12:00,0.021175,227.53,0.6219,49.976
Balanced,2020-01-07 17:15:00,0.020262,228.563,0.6581,49.975
Balanced,2020-01-07 17:18:00,0.022663,227.964,0.6886,49.953
Balanced,2020-01-07 17:21:00,0.015911,228.994,0.53,49.973
Balanced,2020-01-07 17:24:00,0.016435,227.928,0.5601,49.987
Balanced,2020-01-07 17:27:00,0.022944,227.988,0.6752,49.969
Balanced,2020-01-07 17:30:00,0.014472,231.046,0.5092,49.999
Balanced,2020-01-07 17:33:00,0.019512,227.347,0.5406,49.981
Balanced,2020-01-07 17:36:00,0.018179,227.273,0.5733,49.985
Balanced,2020-01-07 17:39:00,0.02722,227.672,0.6897,49.984
Balanced,2020-01-07 17:42:00,0.02355,228.842,0.7008,49.974
Balanced,2020-01-07 17:45:00,0.016875,228.701,0.5616,49.96
Balanced,2020-01-07 17:48:00,0.018699,229.006,0.5847,49.979
Balanced,2020-01-07 17:51:00,0.019701,227.861,0.5845,49.993
Balanced,2020-01-07 17:54:00,0.018432,228.313,0.567,49.998
Balanced,2020-01-07 17:57:00,0.017322,226.989,0.5767,49.978
Balanced,2020-01-07 18:00:00,0.024568,227.506,0.714,49.983
Balanced,2020-01-07 18:03:00,0.016551,229.476,0.4818,49.991
Balanced,2020-01-07 18:06:00,0.021031,228.61,0.6767,49.968
Balanced,2020-01-07 18:09:00,0.022254,227.864,0.6629,49.974
Balanced,2020-01-07 18:12:00,0.021151,227.975,0.6338,49.962
Balanced,2020-01-07 18:15:00,0.022432,227.293,0.6001,49.986
Balanced,2020-01-07 18:18:00,0.026773,224.057,0.69,49.969
Balanced,2020-01-07 18:21:00,0.024843,227.363,0.6765,49.995
Balanced,2020-01-07 18:24:00,0.024962,226.402,0.6972,49.98
Balanced,2020-01-07 18:27:00,0.026797,225.957,0.7389,49.989
Balanced,2020-01-07 18:30:00,0.02232,228.234,0.616,49.984
Balanced,2020-01-07 18:33:00,0.025019,228.263,0.7188,49.972
Balanced,2020-01-07 18:36:00,0.023574,227.61,0.6369,49.986
Balanced,2020-01-07 18:39:00,0.020385,228.264,0.579,49.997
Balanced,2020-01-07 18:42:00,0.01645,229.261,0.5507,49.983
Balanced,2020-01-07 18:45:00,0.019085,228.534,0.6013,49.981
Balanced,2020-01-07 18:48:00,0.02034,228.515,0.5662,49.978
Balanced,2020-01-07 18:51:00,0.022076,227.733,0.6417,50.002
Balanced,2020-01-07 18:54:00,0.02487,228.324,0.7077,49.983
Balanced,2020-01-07 18:57:00,0.027916,226.565,0.7306,49.974
Balanced,2020-01-07 19:00:00,0.023857,227.067,0.6949,49.989
Balanced,2020-01-07 19:03:00,0.020132,227.499,0.5728,49.983
Balanced,2020-01-07 19:06:00,0.01748,228.517,0.6084,49.966
Balanced,2020-01-07 19:09:00,0.0159,229.614,0.567,49.988
Balanced,2020-01-07 19:12:00,0.026437,225.402,0.705,49.978
Balanced,2020-01-07 19:15:00,0.026924,228.171,0.7729,49.95
Balanced,2020-01-07 19:18:00,0.029245,226.749,0.7403,49.963
Balanced,2020-01-07 19:21:00,0.024721,226.965,0.6572,49.985
Balanced,2020-01-07 19:24:00,0.020647,228.185,0.6325,49.969
Balanced,2020-01-07 19:27:00,0.019878,227.072,0.5664,49.976
Balanced,2020-01-07 19:30:00,0.023652,227.624,0.6685,49.975
Balanced,2020-01-07 19:33:00,0.026511,226.429,0.6539,49.983
Balanced,2020-01-07 19:36:00,0.018526,229.63,0.5889,49.983
Balanced,2020-01-07 19:39:00,0.024972,228.093,0.7524,49.972
Balanced,2020-01-07 19:42:00,0.021402,228.77,0.6761,49.961
Balanced,2020-01-07 19:45:00,0.015151,229.175,0.5337,49.996
Balanced,2020-01-07 19:48:00,0.027104,227.522,0.6766,49.985
Balanced,2020-01-07 19:51:00,0.02722,226.984,0.7325,49.982
Balanced,2020-01-07 19:54:00,0.022208,227.904,0.6392,49.991
Balanced,2020-01-07 19:57:00,0.027037,227.654,0.7787,49.975
Balanced,2020-01-07 20:00:00,0.026241,227.825,0.7173,49.975
Balanced,2020-01-07 20:03:00,0.023964,226.675,0.7065,49.981
Balanced,2020-01-07 20:06:00,0.028636,226.061,0.7808,49.986
Balanced,2020-01-07 20:09:00,0.021727,227.164,0.6051,49.992
Balanced,2020-01-07 20:12:00,0.028312,225.983,0.8195,49.974
Balanced,2020-01-07 20:15:00,0.025179,227.178,0.7077,49.998
Balanced,2020-01-07 20:18:00,0.027762,226.865,0.7628,49.994
Balanced,2020-01-07 20:21:00,0.029697,226.145,0.8014,49.977
Balanced,2020-01-07 20:24:00,0.026715,228.019,0.7075,49.976
Balanced,2020-01-07 20:27:00,0.023423,227.493,0.673,49.991
Balanced,2020-01-07 20:30:00,0.028342,227.213,0.7959,49.946
Balanced,2020-01-07 20:33:00,0.021343,228.659,0.6565,49.986
Balanced,2020-01-07 20:36:00,0.0245,227.298,0.6778,49.969
Balanced,2020-01-07 20:39:00,0.03012,226.905,0.7673,49.976
Balanced,2020-01-07 20:42:00,0.031969,226.621,0.8699,49.99
Balanced,2020-01-07 20:45:00,0.03385,225.603,0.8185,49.984
Balanced,2020-01-07 20:48:00,0.028524,226.619,0.7993,49.981
Balanced,2020-01-07 20:51:00,0.017025,229.006,0.5423,49.992
Balanced,2020-01-07 20:54:00,0.026502,225.848,0.7321,49.977
Balanced,2020-01-07 20:57:00,0.02612,226.969,0.6895,49.965
Balanced,2020-01-07 21:00:00,0.029712,225.847,0.7947,49.95
Balanced,2020-01-07 21:03:00,0.029329,226.582,0.8098,49.978
Balanced,2020-01-07 21:06:00,0.023281,227.05,0.6646,50.007
Balanced,2020-01-07 21:09:00,0.020419,228.409,0.6084,49.997
Balanced,2020-01-07 21:12:00,0.030535,226.561,0.7885,49.962
Balanced,2020-01-07 21:15:00,0.026782,224.052,0.7629,49.954
Balanced,2020-01-07 21:18:00,0.020364,227.952,0.5988,49.979
Balanced,2020-01-07 21:21:00,0.02394,228.734,0.6906,49.979
Balanced,2020-01-07 21:24:00,0.021992,229.074,0.6213,50.001
Balanced,2020-01-07 21:27:00,0.022874,229.346,0.7451,49.969
Balanced,2020-01-07 21:30:00,0.019776,227.806,0.6068,49.966
Balanced,2020-01-07 21:33:00,0.023565,227.36,0.6689,49.994
Balanced,2020-01-07 21:36:00,0.023386,227.687,0.6688,49.982
Balanced,2020-01-07 21:39:00,0.024131,228.519,0.6992,49.972
Balanced,2020-01-07 21:42:00,0.026534,228.054,0.797,49.962
Balanced,2020-01-07 21:45:00,0.021249,229.119,0.5903,49.96
Balanced,2020-01-07 21:48:00,0.026681,227.432,0.6947,49.982
Balanced,2020-01-07 21:51:00,0.028056,226.879,0.7881,49.988
Balanced,2020-01-07 21:54:00,0.022503,227.723,0.6687,49.97
Balanced,2020-01-07 21:57:00,0.02129,227.435,0.6017,49.996
Balanced,2020-01-07 22:00:00,0.025428,228.387,0.6953,49.992
Balanced,2020-01-07 22:03:00,0.018148,227.046,0.5863,49.98
Balanced,2020-01-07 22:06:00,0.022688,227.617,0.6235,49.981
Balanced,2020-01-07 22:09:00,0.026428,226.925,0.7643,49.982
Balanced,2020-01-07 22:12:00,0.017687,229.439,0.5927,49.968
Balanced,2020-01-07 22:15:00,0.021748,227.534,0.6469,49.988
Balanced,2020-01-07 22:18:00,0.028117,228.383,0.7135,49.976
Balanced,2020-01-07 22:21:00,0.024291,227.552,0.7424,49.989
Balanced,2020-01-07 22:24:00,0.023301,227.875,0.6253,49.996
Balanced,2020-01-07 22:27:00,0.017444,227.995,0.4901,49.963
Balanced,2020-01-07 22:30:00,0.019769,230.722,0.6038,49.975
Balanced,2020-01-07 22:33:00,0.023147,228.218,0.6325,49.975
Balanced,2020-01-07 22:36:00,0.015208,228.269,0.5785,49.995
Balanced,2020-01-07 22:39:00,0.017516,230.32,0.5411,49.992
Balanced,2020-01-07 22:42:00,0.020942,227.354,0.5769,49.989
Balanced,2020-01-07 22:45:00,0.018919,227.964,0.5757,50.006
Balanced,2020-01-07 22:48:00,0.017502,229.274,0.5557,49.97
Balanced,2020-01-07 22:51:00,0.019526,229.176,0.6045,49.981
Balanced,2020-01-07 22:54:00,0.025174,227.676,0.7026,49.989
Balanced,2020-01-07 22:57:00,0.023483,227.764,0.6938,49.977
Balanced,2020-01-07 23:00:00,0.024914,226.637,0.7348,49.988
Balanced,2020-01-07 23:03:00,0.016917,228.816,0.5737,49.98
Balanced,2020-01-07 23:06:00,0.018336,228.357,0.5963,50.014
Balanced,2020-01-07 23:09:00,0.018893,227.944,0.632,49.985
Balanced,2020-01-07 23:12:00,0.016358,228.029,0.5179,49.985
Balanced,2020-01-07 23:15:00,0.011259,228.722,0.4842,49.999
Balanced,2020-01-07 23:18:00,0.023863,226.508,0.5878,49.994
Balanced,2020-01-07 23:21:00,0.021866,228.258,0.6224,49.991
Balanced,2020-01-07 23:24:00,0.021082,227.618,0.6088,49.965
Balanced,2020-01-07 23:27:00,0.019702,228.291,0.6499,49.976
Balanced,2020-01-07 23:30:00,0.020221,228.901,0.5815,49.972
Balanced,2020-01-07 23:33:00,0.019047,228.376,0.6258,49.97
Balanced,2020-01-07 23:36:00,0.018135,228.061,0.5725,49.992
Balanced,2020-01-07 23:39:00,0.023629,227.93,0.6911,49.983
Balanced,2020-01-07 23:42:00,0.017472,227.896,0.6072,49.976
Balanced,2020-01-07 23:45:00,0.018105,228.278,0.502,49.98
Balanced,2020-01-07 23:48:00,0.018472,230.124,0.6003,49.985
Balanced,2020-01-07 23:51:00,0.024842,226.931,0.669,49.986
Balanced,2020-01-07 23:54:00,0.027525,226.245,0.7876,49.96
Balanced,2020-01-07 23:57:00,0.020044,228.337,0.5878,49.987
Balanced,2020-01-08 00:00:00,0.021648,229.452,0.7167,49.991
Balanced,2020-01-08 00:03:00,0.020235,227.528,0.5714,49.99
Balanced,2020-01-08 00:06:00,0.024677,226.591,0.7033,49.996
Balanced,2020-01-08 00:09:00,0.021385,225.9,0.5853,49.984
Balanced,2020-01-08 00:12:00,0.016735,228.061,0.6107,49.991
Balanced,2020-01-08 00:15:00,0.023695,226.746,0.7018,49.973
Balanced,2020-01-08 00:18:00,0.019772,229.043,0.6166,49.995
Balanced,2020-01-08 00:21:00,0.020477,229.116,0.5753,49.98
Balanced,2020-01-08 00:24:00,0.018374,229.433,0.5936,49.99
Balanced,2020-01-08 00:27:00,0.017469,230.609,0.5706,49.991
Balanced,2020-01-08 00:30:00,0.015885,229.329,0.4752,49.975
Balanced,2020-01-08 00:33:00,0.023694,228.15,0.6576,49.965
Balanced,2020-01-08 00:36:00,0.017144,228.651,0.5339,49.97
Balanced,2020-01-08 00:39:00,0.019388,227.999,0.6634,49.982
Balanced,2020-01-08 00:42:00,0.015829,230.039,0.5475,50.012
Balanced,2020-01-08 00:45:00,0.019523,228.511,0.618,49.964
Balanced,2020-01-08 00:48:00,0.016085,228.76,0.5362,49.973
Balanced,2020-01-08 00:51:00,0.021464,227.717,0.6225,49.993
Balanced,2020-01-08 00:54:00,0.018517,228.964,0.6093,49.994
Balanced,2020-01-08 00:57:00,0.024427,227.018,0.6411,49.963
Balanced,2020-01-08 01:00:00,0.01979,227.91,0.6505,50.003
Balanced,2020-01-08 01:03:00,0.017095,227.787,0.5274,49.977
Balanced,2020-01-08 01:06:00,0.017803,229.291,0.5397,50.0
Balanced,2020-01-08 01:09:00,0.02072,228.082,0.6383,49.975
Balanced,2020-01-08 01:12:00,0.022115,228.76,0.6368,49.981
Balanced,2020-01-08 01:15:00,0.020439,228.611,0.6436,49.991
Balanced,2020-01-08 01:18:00,0.016832,229.542,0.4979,49.992
Balanced,2020-01-08 01:21:00,0.020088,228.065,0.6208,49.99
Balanced,2020-01-08 01:24:00,0.025522,228.759,0.716,49.984
Balanced,2020-01-08 01:27:00,0.014715,227.146,0.5459,49.978
Balanced,2020-01-08 01:30:00,0.022431,228.258,0.6235,49.975
Balanced,2020-01-08 01:33:00,0.016474,229.79,0.5292,49.995
Balanced,2020-01-08 01:36:00,0.021909,228.345,0.7031,49.998
Balanced,2020-01-08 01:39:00,0.021217,228.365,0.6228,49.986
Balanced,2020-01-08 01:42:00,0.019652,228.12,0.6068,49.988
Balanced,2020-01-08 01:45:00,0.019324,227.494,0.5982,49.976
Balanced,2020-01-08 01:48:00,0.018326,229.104,0.6071,49.967
Balanced,2020-01-08 01:51:00,0.019816,228.819,0.5986,49.988
Balanced,2020-01-08 01:54:00,0.020044,228.554,0.6019,49.959
Balanced,2020-01-08 01:57:00,0.014389,229.013,0.5356,49.976
Balanced,2020-01-08 02:00:00,0.019374,228.218,0.588,49.98
Balanced,2020-01-08 02:03:00,0.019426,228.839,0.5269,49.987
Balanced,2020-01-08 02:06:00,0.012376,229.994,0.4444,50.012
Balanced,2020-01-08 02:09:00,0.024654,226.145,0.6466,49.968
Balanced,2020-01-08 02:12:00,0.018687,228.243,0.5932,49.98
Balanced,2020-01-08 02:15:00,0.018957,228.329,0.5666,49.987
Balanced,2020-01-08 02:18:00,0.016611,229.166,0.5997,49.985
Balanced,2020-01-08 02:21:00,0.017024,228.508,0.5442,49.97
Balanced,2020-01-08 02:24:00,0.026326,227.991,0.7336,49.98
Balanced,2020-01-08 02:27:00,0.018898,228.127,0.6242,49.987
Balanced,2020-01-08 02:30:00,0.015867,229.143,0.4948,50.02
Balanced,2020-01-08 02:33:00,0.02197,229.509,0.6836,49.954
Balanced,2020-01-08 02:36:00,0.01536,228.183,0.552,49.962
Balanced,2020-01-08 02:39:00,0.019285,229.747,0.6354,49.983
Balanced,2020-01-08 02:42:00,0.01938,228.378,0.605,49.973
Balanced,2020-01-08 02:45:00,0.025426,226.368,0.7172,49.991
Balanced,2020-01-08 02:48:00,0.018699,228.489,0.6194,49.985
Balanced,2020-01-08 02:51:00,0.018508,227.964,0.6087,49.983
Balanced,2020-01-08 02:54:00,0.020864,227.564,0.6408,49.966
Balanced,2020-01-08 02:57:00,0.018262,229.616,0.5339,49.987
Balanced,2020-01-08 03:00:00,0.02127,228.298,0.6855,49.991
Balanced,2020-01-08 03:03:00,0.018282,229.073,0.5714,49.982
Balanced,2020-01-08 03:06:00,0.017248,229.195,0.6352,50.0
Balanced,2020-01-08 03:09:00,0.019477,229.188,0.5888,49.979
Balanced,2020-01-08 03:12:00,0.019781,228.06,0.5752,49.981
Balanced,2020-01-08 03:15:00,0.020527,227.664,0.5624,49.968
Balanced,2020-01-08 03:18:00,0.021307,229.055,0.6502,49.983
Balanced,2020-01-08 03:21:00,0.016062,226.308,0.5106,49.993
Balanced,2020-01-08 03:24:00,0.021696,228.255,0.6547,49.976
Balanced,2020-01-08 03:27:00,0.015553,229.051,0.5588,49.984
Balanced,2020-01-08 03:30:00,0.015755,229.636,0.5861,49.983
Balanced,2020-01-08 03:33:00,0.01682,228.616,0.5704,49.982
Balanced,2020-01-08 03:36:00,0.019086,229.556,0.5838,49.983
Balanced,2020-01-08 03:39:00,0.016189,229.277,0.5617,49.979
Balanced,2020-01-08 03:42:00,0.016824,229.168,0.527,49.97
Balanced,2020-01-08 03:45:00,0.023891,227.213,0.6919,49.976
Balanced,2020-01-08 03:48:00,0.020439,227.261,0.5203,49.979
Balanced,2020-01-08 03:51:00,0.021253,228.316,0.6599,49.984
Balanced,2020-01-08 03:54:00,0.013149,228.979,0.4269,49.98
Balanced,2020-01-08 03:57:00,0.016207,229.365,0.4941,49.97
Balanced,2020-01-08 04:00:00,0.019133,228.066,0.578,49.996
Balanced,2020-01-08 04:03:00,0.018752,228.154,0.5714,49.983
Balanced,2020-01-08 04:06:00,0.019918,228.142,0.5505,49.971
Balanced,2020-01-08 04:09:00,0.018659,229.177,0.6193,49.974
Balanced,2020-01-08 04:12:00,0.015797,228.814,0.5127,49.968
Balanced,2020-01-08 04:15:00,0.019942,227.727,0.6936,49.977
Balanced,2020-01-08 04:18:00,0.016816,229.211,0.5695,49.973
Balanced,2020-01-08 04:21:00,0.014757,229.012,0.5432,49.994
Balanced,2020-01-08 04:24:00,0.017493,230.172,0.5947,50.004
Balanced,2020-01-08 04:27:00,0.018835,227.926,0.6376,49.992
Balanced,2020-01-08 04:30:00,0.011524,230.637,0.4823,50.008
Balanced,2020-01-08 04:33:00,0.011475,229.021,0.4723,49.978
Balanced,2020-01-08 04:36:00,0.017184,229.133,0.5475,50.001
Balanced,2020-01-08 04:39:00,0.017612,228.754,0.5583,49.975
Balanced,2020-01-08 04:42:00,0.018381,229.623,0.5946,49.985
Balanced,2020-01-08 04:45:00,0.019287,228.858,0.5837,49.983
Balanced,2020-01-08 04:48:00,0.017075,228.767,0.4976,49.991
Balanced,2020-01-08 04:51:00,0.018981,230.087,0.6292,49.992
Balanced,2020-01-08 04:54:00,0.016113,229.095,0.5653,49.974
Balanced,2020-01-08 04:57:00,0.013354,229.752,0.5617,49.983
Balanced,2020-01-08 05:00:00,0.014207,229.566,0.5384,49.982
Balanced,2020-01-08 05:03:00,0.019065,227.707,0.6315,49.995
Balanced,2020-01-08 05:06:00,0.014312,230.43,0.4956,49.999
Balanced,2020-01-08 05:09:00,0.017542,228.446,0.601,49.986
Balanced,2020-01-08 05:12:00,0.014275,229.509,0.487,49.995
Balanced,2020-01-08 05:15:00,0.019106,227.114,0.6135,49.974
Balanced,2020-01-08 05:18:00,0.022058,228.473,0.6482,49.99
Balanced,2020-01-08 05:21:00,0.021011,230.075,0.6329,49.984
Balanced,2020-01-08 05:24:00,0.017248,228.82,0.5735,49.968
Balanced,2020-01-08 05:27:00,0.022312,229.169,0.6581,49.995
Balanced,2020-01-08 05:30:00,0.021725,226.77,0.5996,49.973
Balanced,2020-01-08 05:33:00,0.021425,227.406,0.6614,49.997
Balanced,2020-01-08 05:36:00,0.018315,228.398,0.572,49.991
Balanced,2020-01-08 05:39:00,0.025034,227.573,0.677,49.962
Balanced,2020-01-08 05:42:00,0.021325,228.158,0.6511,49.977
Balanced,2020-01-08 05:45:00,0.017526,228.912,0.5862,49.996
Balanced,2020-01-08 05:48:00,0.02262,226.814,0.6656,49.986
Balanced,2020-01-08 05:51:00,0.018336,229.108,0.5866,49.981
Balanced,2020-01-08 05:54:00,0.024657,228.991,0.6886,49.976
Balanced,2020-01-08 05:57:00,0.018629,226.286,0.5906,49.987
Balanced,2020-01-08 06:00:00,0.013219,229.593,0.5232,49.985
Balanced,2020-01-08 06:03:00,0.018693,227.517,0.5721,49.986
Balanced,2020-01-08 06:06:00,0.017183,229.131,0.5472,49.991
Balanced,2020-01-08 06:09:00,0.020362,229.467,0.5424,49.988
Balanced,2020-01-08 06:12:00,0.018979,228.01,0.6413,49.964
Balanced,2020-01-08 06:15:00,0.024647,227.487,0.7398,49.983
Balanced,2020-01-08 06:18:00,0.021977,226.837,0.5845,49.953
Balanced,2020-01-08 06:21:00,0.019799,228.539,0.5378,49.976
Balanced,2020-01-08 06:24:00,0.022849,227.949,0.6526,49.948
Balanced,2020-01-08 06:27:00,0.020364,228.091,0.6331,49.989
Balanced,2020-01-08 06:30:00,0.015354,228.117,0.4912,49.989
Balanced,2020-01-08 06:33:00,0.020563,227.99,0.5869,49.992
Balanced,2020-01-08 06:36:00,0.02137,227.778,0.6505,49.962
Balanced,2020-01-08 06:39:00,0.024927,227.295,0.7091,49.981
Balanced,2020-01-08 06:42:00,0.01938,229.063,0.5893,49.989
Balanced,2020-01-08 06:45:00,0.02023,229.788,0.6472,49.973
Balanced,2020-01-08 06:48:00,0.025502,226.637,0.745,49.992
Balanced,2020-01-08 06:51:00,0.019771,227.884,0.6137,49.981
Balanced,2020-01-08 06:54:00,0.022996,227.044,0.705,49.967
Balanced,2020-01-08 06:57:00,0.023862,227.792,0.67,49.979
Balanced,2020-01-08 07:00:00,0.027445,226.367,0.7422,49.989
Balanced,2020-01-08 07:03:00,0.021541,228.034,0.5452,49.97
Balanced,2020-01-08 07:06:00,0.023552,228.669,0.692,49.985
Balanced,2020-01-08 07:09:00,0.021292,229.422,0.6848,49.975
Balanced,2020-01-08 07:12:00,0.018908,229.442,0.581,50.0
Balanced,2020-01-08 07:15:00,0.018234,228.869,0.5896,49.996
Balanced,2020-01-08 07:18:00,0.018769,229.108,0.5953,49.989
Balanced,2020-01-08 07:21:00,0.022998,227.464,0.6449,49.981
Balanced,2020-01-08 07:24:00,0.021273,228.035,0.6448,49.971
Balanced,2020-01-08 07:27:00,0.017069,229.135,0.5416,49.981
Balanced,2020-01-08 07:30:00,0.028414,226.951,0.7336,49.956
Balanced,2020-01-08 07:33:00,0.025672,226.528,0.6728,49.989
Balanced,2020-01-08 07:36:00,0.022697,228.411,0.66,49.979
Balanced,2020-01-08 07:39:00,0.018315,228.042,0.5793,50.001
Balanced,2020-01-08 07:42:00,0.027482,226.537,0.674,49.97
Balanced,2020-01-08 07:45:00,0.026733,227.001,0.7616,49.991
Balanced,2020-01-08 07:48:00,0.021915,227.156,0.6478,49.98
Balanced,2020-01-08 07:51:00,0.028812,227.551,0.826,49.975
Balanced,2020-01-08 07:54:00,0.025042,226.099,0.6572,49.97
Balanced,2020-01-08 07:57:00,0.024528,227.392,0.6985,49.971
Balanced,2020-01-08 08:00:00,0.017545,227.893,0.5309,50.004
Balanced,2020-01-08 08:03:00,0.026864,226.672,0.7144,49.976
Balanced,2020-01-08 08:06:00,0.024825,227.285,0.7049,49.994
Balanced,2020-01-08 08:09:00,0.023095,227.74,0.6677,49.977
Balanced,2020-01-08 08:12:00,0.02345,226.961,0.6944,49.963
Balanced,2020-01-08 08:15:00,0.022516,229.964,0.704,49.98
Balanced,2020-01-08 08:18:00,0.024899,227.065,0.6444,49.962
Balanced,2020-01-08 08:21:00,0.024241,227.966,0.7568,49.98
Balanced,2020-01-08 08:24:00,0.021923,229.086,0.6383,49.977
Balanced,2020-01-08 08:27:00,0.020002,227.893,0.5779,49.995
Balanced,2020-01-08 08:30:00,0.021121,228.585,0.6516,49.979
Balanced,2020-01-08 08:33:00,0.021192,228.44,0.637,49.977
Balanced,2020-01-08 08:36:00,0.023736,228.958,0.6032,50.004
Balanced,2020-01-08 08:39:00,0.020427,227.224,0.6358,49.983
Balanced,2020-01-08 08:42:00,0.025963,227.251,0.7086,49.989
Balanced,2020-01-08 08:45:00,0.019923,229.171,0.5834,49.975
Balanced,2020-01-08 08:48:00,0.027548,225.621,0.7107,49.961
Balanced,2020-01-08 08:51:00,0.024173,228.646,0.6355,49.991
Balanced,2020-01-08 08:54:00,0.026317,226.891,0.7122,49.982
Balanced,2020-01-08 08:57:00,0.019342,229.046,0.5536,49.973
Balanced,2020-01-08 09:00:00,0.022909,228.358,0.6608,49.985
Balanced,2020-01-08 09:03:00,0.024508,227.249,0.6853,49.986
Balanced,2020-01-08 09:06:00,0.020788,228.221,0.6381,50.004
Balanced,2020-01-08 09:09:00,0.022686,227.374,0.6583,49.993
Balanced,2020-01-08 09:12:00,0.020373,228.519,0.5454,49.981
Balanced,2020-01-08 09:15:00,0.023019,228.473,0.6471,49.969
Balanced,2020-01-08 09:18:00,0.018807,227.237,0.5453,49.997
Balanced,2020-01-08 09:21:00,0.021861,228.529,0.6028,49.98
Balanced,2020-01-08 09:24:00,0.026986,225.608,0.7269,49.983
Balanced,2020-01-08 09:27:00,0.023375,226.71,0.6323,49.97
Balanced,2020-01-08 09:30:00,0.019812,229.037,0.6161,49.978
Balanced,2020-01-08 09:33:00,0.018225,230.112,0.5834,49.983
Balanced,2020-01-08 09:36:00,0.023035,227.522,0.7494,49.968
Balanced,2020-01-08 09:39:00,0.017333,228.584,0.5664,49.983
Balanced,2020-01-08 09:42:00,0.021642,228.144,0.6637,49.993
Balanced,2020-01-08 09:45:00,0.021339,227.503,0.667,49.966
Balanced,2020-01-08 09:48:00,0.014799,229.202,0.5087,49.974
Balanced,2020-01-08 09:51:00,0.024851,227.185,0.6603,49.971
Balanced,2020-01-08 09:54:00,0.022772,227.596,0.641,49.979
Balanced,2020-01-08 09:57:00,0.022568,228.502,0.6489,49.974
Balanced,2020-01-08 10:00:00,0.019257,228.957,0.5864,49.987
Balanced,2020-01-08 10:03:00,0.015538,227.621,0.523,49.998
Balanced,2020-01-08 10:06:00,0.022502,229.707,0.6495,49.982
Balanced,2020-01-08 10:09:00,0.020511,228.773,0.5896,49.977
Balanced,2020-01-08 10:12:00,0.018589,228.526,0.6084,49.992
Balanced,2020-01-08 10:15:00,0.021594,228.694,0.6165,49.999
Balanced,2020-01-08 10:18:00,0.014002,229.341,0.5108,49.992
Balanced,2020-01-08 10:21:00,0.017336,228.358,0.6103,49.963
Balanced,2020-01-08 10:24:00,0.01953,227.836,0.5578,50.011
Balanced,2020-01-08 10:27:00,0.018047,227.551,0.5527,49.989
Balanced,2020-01-08 10:30:00,0.021395,227.983,0.6182,49.993
Balanced,2020-01-08 10:33:00,0.019194,229.179,0.5998,49.984
Balanced,2020-01-08 10:36:00,0.02403,226.274,0.7237,49.986
Balanced,2020-01-08 10:39:00,0.01369,229.337,0.5509,50.006
Balanced,2020-01-08 10:42:00,0.015053,229.797,0.5175,50.003
Balanced,2020-01-08 10:45:00,0.019554,226.337,0.5945,49.98
Balanced,2020-01-08 10:48:00,0.01545,229.516,0.5401,49.972
Balanced,2020-01-08 10:51:00,0.014767,228.698,0.5271,49.959
Balanced,2020-01-08 10:54:00,0.019866,229.13,0.6451,49.981
Balanced,2020-01-08 10:57:00,0.022608,226.922,0.6284,49.961
Balanced,2020-01-08 11:00:00,0.015214,228.678,0.5496,49.97
Balanced,2020-01-08 11:03:00,0.018065,229.431,0.5775,50.001
Balanced,2020-01-08 11:06:00,0.011937,229.266,0.4632,49.984
Balanced,2020-01-08 11:09:00,0.018589,228.852,0.5157,49.978
Balanced,2020-01-08 11:12:00,0.021239,227.853,0.6367,49.981
Balanced,2020-01-08 11:15:00,0.019179,230.078,0.5935,50.007
Balanced,2020-01-08 11:18:00,0.012926,229.005,0.4586,49.983
Balanced,2020-01-08 11:21:00,0.019354,228.425,0.567,49.981
Balanced,2020-01-08 11:24:00,0.024386,227.197,0.7666,50.008
Balanced,2020-01-08 11:27:00,0.019563,228.504,0.5461,49.991
Balanced,2020-01-08 11:30:00,0.018642,227.846,0.5397,49.989
Balanced,2020-01-08 11:33:00,0.021889,227.455,0.627,50.002
Balanced,2020-01-08 11:36:00,0.02046,230.373,0.5954,49.971
Balanced,2020-01-08 11:39:00,0.017004,229.783,0.5605,49.988
Balanced,2020-01-08 11:42:00,0.017539,229.064,0.5479,49.99
Balanced,2020-01-08 11:45:00,0.019174,227.379,0.6044,49.98
Balanced,2020-01-08 11:48:00,0.01502,230.135,0.5235,49.974
Balanced,2020-01-08 11:51:00,0.015783,227.905,0.5413,49.978
Balanced,2020-01-08 11:54:00,0.023253,227.892,0.6278,49.981
Balanced,2020-01-08 11:57:00,0.021807,228.124,0.6145,49.97
Balanced,2020-01-08 12:00:00,0.021387,228.862,0.6086,49.985
Balanced,2020-01-08 12:03:00,0.020638,228.37,0.6349,49.976
Balanced,2020-01-08 12:06:00,0.01605,227.406,0.5645,49.976
Balanced,2020-01-08 12:09:00,0.026138,227.206,0.73,49.958
Balanced,2020-01-08 12:12:00,0.021504,227.264,0.7147,49.977
Balanced,2020-01-08 12:15:00,0.019851,229.895,0.5616,49.978
Balanced,2020-01-08 12:18:00,0.01986,230.079,0.5764,49.964
Balanced,2020-01-08 12:21:00,0.017512,229.803,0.5823,50.006
Balanced,2020-01-08 12:24:00,0.025996,227.198,0.7205,49.969
Balanced,2020-01-08 12:27:00,0.020367,228.739,0.67,49.993
Balanced,2020-01-08 12:30:00,0.022387,228.078,0.6547,49.98
Balanced,2020-01-08 12:33:00,0.025608,226.472,0.7106,49.951
Balanced,2020-01-08 12:36:00,0.025642,227.896,0.6638,49.976
Balanced,2020-01-08 12:39:00,0.025869,227.231,0.6834,49.961
Balanced,2020-01-08 12:42:00,0.02002,229.148,0.6249,49.982
Balanced,2020-01-08 12:45:00,0.022571,227.199,0.6949,49.961
Balanced,2020-01-08 12:48:00,0.021796,228.687,0.7196,49.978
Balanced,2020-01-08 12:51:00,0.017411,227.729,0.5162,49.989
Balanced,2020-01-08 12:54:00,0.021855,228.294,0.5946,49.943
Balanced,2020-01-08 12:57:00,0.018987,229.37,0.5901,49.985
Balanced,2020-01-08 13:00:00,0.013054,229.234,0.5142,49.996
Balanced,2020-01-08 13:03:00,0.024598,227.806,0.7052,49.973
Balanced,2020-01-08 13:06:00,0.019316,230.201,0.6388,49.985
Balanced,2020-01-08 13:09:00,0.014441,227.967,0.5099,49.985
Balanced,2020-01-08 13:12:00,0.023739,227.502,0.7186,50.004
Balanced,2020-01-08 13:15:00,0.02218,227.442,0.6602,49.985
Balanced,2020-01-08 13:18:00,0.020844,230.048,0.5924,49.976
Balanced,2020-01-08 13:21:00,0.031393,226.102,0.7657,49.989
Balanced,2020-01-08 13:24:00,0.019079,227.936,0.5888,49.992
Balanced,2020-01-08 13:27:00,0.016113,231.366,0.6355,49.979
Balanced,2020-01-08 13:30:00,0.026665,227.126,0.716,49.983
Balanced,2020-01-08 13:33:00,0.019976,228.538,0.5935,49.989
Balanced,2020-01-08 13:36:00,0.019703,227.197,0.6105,49.986
Balanced,2020-01-08 13:39:00,0.024448,227.557,0.736,49.978
Balanced,2020-01-08 13:42:00,0.02299,227.736,0.6162,50.002
Balanced,2020-01-08 13:45:00,0.02148,228.073,0.6716,49.962
Balanced,2020-01-08 13:48:00,0.016847,228.883,0.5436,50.007
Balanced,2020-01-08 13:51:00,0.02374,227.32,0.6744,49.991
Balanced,2020-01-08 13:54:00,0.016841,229.073,0.5563,49.998
Balanced,2020-01-08 13:57:00,0.020022,227.085,0.5808,49.973
Balanced,2020-01-08 14:00:00,0.028747,227.05,0.7473,49.965
Balanced,2020-01-08 14:03:00,0.022235,226.156,0.7547,49.992
Balanced,2020-01-08 14:06:00,0.016582,228.301,0.5573,50.009
Balanced,2020-01-08 14:09:00,0.024049,228.908,0.6698,49.978
Balanced,2020-01-08 14:12:00,0.02663,227.6,0.6687,49.961
Balanced,2020-01-08 14:15:00,0.024478,228.04,0.6993,49.975
Balanced,2020-01-08 14:18:00,0.023675,228.628,0.6715,49.978
Balanced,2020-01-08 14:21:00,0.018057,229.926,0.5878,49.983
Balanced,2020-01-08 14:24:00,0.017364,229.597,0.5364,49.988
Balanced,2020-01-08 14:27:00,0.022202,227.748,0.7032,49.959
Balanced,2020-01-08 14:30:00,0.019339,228.152,0.5965,49.978
Balanced,2020-01-08 14:33:00,0.023337,227.926,0.6507,49.985
Balanced,2020-01-08 14:36:00,0.019697,227.696,0.5541,49.988
Balanced,2020-01-08 14:39:00,0.016134,228.576,0.5537,49.992
Balanced,2020-01-08 14:42:00,0.020224,228.439,0.6058,49.971
Balanced,2020-01-08 14:45:00,0.020424,227.736,0.6285,49.983
Balanced,2020-01-08 14:48:00,0.0186,228.347,0.5537,49.974
Balanced,2020-01-08 14:51:00,0.022335,229.402,0.5934,49.938
Balanced,2020-01-08 14:54:00,0.024323,227.363,0.6578,49.972
Balanced,2020-01-08 14:57:00,0.013262,228.289,0.4534,50.001
Balanced,2020-01-08 15:00:00,0.024481,228.741,0.6868,49.97
Balanced,2020-01-08 15:03:00,0.023647,229.363,0.6885,49.98
Balanced,2020-01-08 15:06:00,0.0239,225.122,0.6066,49.957
Balanced,2020-01-08 15:09:00,0.018345,228.829,0.5746,49.988
Balanced,2020-01-08 15:12:00,0.023283,227.768,0.6886,49.98
Balanced,2020-01-08 15:15:00,0.026788,226.146,0.6823,49.979
Balanced,2020-01-08 15:18:00,0.028266,227.343,0.7916,49.974
Balanced,2020-01-08 15:21:00,0.02177,227.769,0.7006,49.986
Balanced,2020-01-08 15:24:00,0.024419,225.786,0.6894,49.988
Balanced,2020-01-08 15:27:00,0.019746,227.797,0.6115,49.991
Balanced,2020-01-08 15:30:00,0.021955,227.84,0.6126,49.996
Balanced,2020-01-08 15:33:00,0.016776,230.327,0.5278,49.998
Balanced,2020-01-08 15:36:00,0.020791,227.672,0.5594,49.976
Balanced,2020-01-08 15:39:00,0.022921,226.88,0.6556,49.98
Balanced,2020-01-08 15:42:00,0.018603,228.396,0.6173,49.978
Balanced,2020-01-08 15:45:00,0.020175,228.629,0.6266,49.977
Balanced,2020-01-08 15:48:00,0.020423,226.728,0.6197,50.003
Balanced,2020-01-08 15:51:00,0.022079,227.817,0.6157,50.006
Balanced,2020-01-08 15:54:00,0.014406,230.682,0.4933,49.997
Balanced,2020-01-08 15:57:00,0.019468,229.018,0.5995,49.985
Balanced,2020-01-08 16:00:00,0.029235,227.183,0.8231,49.966
Balanced,2020-01-08 16:03:00,0.023807,227.947,0.6333,49.973
Balanced,2020-01-08 16:06:00,0.019317,227.936,0.6066,49.992
Balanced,2020-01-08 16:09:00,0.018475,229.251,0.5657,49.968
Balanced,2020-01-08 16:12:00,0.014075,229.485,0.4712,49.982
Balanced,2020-01-08 16:15:00,0.02092,229.011,0.659,49.991
Balanced,2020-01-08 16:18:00,0.019191,227.196,0.587,49.98
Balanced,2020-01-08 16:21:00,0.023297,226.976,0.6386,49.975
Balanced,2020-01-08 16:24:00,0.014397,229.231,0.5465,49.968
Balanced,2020-01-08 16:27:00,0.022829,228.93,0.6564,49.982
Balanced,2020-01-08 16:30:00,0.022313,228.989,0.6184,49.969
Balanced,2020-01-08 16:33:00,0.022133,226.787,0.6648,49.981
Balanced,2020-01-08 16:36:00,0.028169,228.191,0.7382,49.975
Balanced,2020-01-08 16:39:00,0.019535,227.922,0.5915,49.968
Balanced,2020-01-08 16:42:00,0.024191,227.437,0.6142,49.982
Balanced,2020-01-08 16:45:00,0.027563,227.061,0.6743,49.998
Balanced,2020-01-08 16:48:00,0.015174,229.266,0.5526,49.973
Balanced,2020-01-08 16:51:00,0.016536,228.676,0.5489,49.972
Balanced,2020-01-08 16:54:00,0.025161,227.539,0.7287,49.964
Balanced,2020-01-08 16:57:00,0.015066,229.368,0.5807,49.999
Balanced,2020-01-08 17:00:00,0.019092,227.48,0.5612,50.008
Balanced,2020-01-08 17:03:00,0.016859,228.199,0.5189,49.994
Balanced,2020-01-08 17:06:00,0.016929,228.783,0.5165,49.971
Balanced,2020-01-08 17:09:00,0.016454,229.475,0.5435,49.997
Balanced,2020-01-08 17:12:00,0.018975,228.519,0.6213,49.982
Balanced,2020-01-08 17:15:00,0.022519,227.484,0.6091,49.964
Balanced,2020-01-08 17:18:00,0.018507,228.706,0.5235,49.977
Balanced,2020-01-08 17:21:00,0.019084,227.506,0.6049,49.965
Balanced,2020-01-08 17:24:00,0.020569,225.693,0.6809,49.971
Balanced,2020-01-08 17:27:00,0.016626,231.011,0.5292,49.972
Balanced,2020-01-08 17:30:00,0.020762,229.014,0.6408,49.977
Balanced,2020-01-08 17:33:00,0.020376,227.77,0.5782,49.987
Balanced,2020-01-08 17:36:00,0.019831,229.375,0.5964,49.974
Balanced,2020-01-08 17:39:00,0.020533,229.151,0.6495,49.972
Balanced,2020-01-08 17:42:00,0.015709,228.757,0.533,49.976
Balanced,2020-01-08 17:45:00,0.015066,228.462,0.5078,49.968
Balanced,2020-01-08 17:48:00,0.024675,226.582,0.7225,49.985
Balanced,2020-01-08 17:51:00,0.021125,227.291,0.5964,49.996
Balanced,2020-01-08 17:54:00,0.024156,227.862,0.6896,49.991
Balanced,2020-01-08 17:57:00,0.019015,229.716,0.5591,49.986
Balanced,2020-01-08 18:00:00,0.021998,229.84,0.645,49.977
Balanced,2020-01-08 18:03:00,0.02627,226.955,0.6927,49.949
Balanced,2020-01-08 18:06:00,0.0283,226.511,0.7581,49.961
Balanced,2020-01-08 18:09:00,0.022824,228.022,0.6269,49.973
Balanced,2020-01-08 18:12:00,0.024013,228.505,0.6779,49.987
Balanced,2020-01-08 18:15:00,0.024882,227.049,0.6572,49.963
Balanced,2020-01-08 18:18:00,0.019543,228.777,0.6798,49.979
Balanced,2020-01-08 18:21:00,0.025098,226.864,0.7555,49.965
Balanced,2020-01-08 18:24:00,0.022676,230.041,0.5805,49.966
Balanced,2020-01-08 18:27:00,0.023466,228.486,0.7243,49.993
Balanced,2020-01-08 18:30:00,0.029254,227.091,0.7896,49.989
Balanced,2020-01-08 18:33:00,0.029074,227.514,0.7426,49.96
Balanced,2020-01-08 18:36:00,0.01946,228.568,0.5706,49.975
Balanced,2020-01-08 18:39:00,0.020927,228.319,0.6376,49.979
Balanced,2020-01-08 18:42:00,0.021081,226.911,0.6393,49.982
Balanced,2020-01-08 18:45:00,0.024703,226.881,0.7141,49.965
Balanced,2020-01-08 18:48:00,0.019249,226.277,0.5775,49.961
Balanced,2020-01-08 18:51:00,0.026226,227.091,0.7562,49.975
Balanced,2020-01-08 18:54:00,0.030475,226.223,0.7808,49.97
Balanced,2020-01-08 18:57:00,0.022454,227.38,0.6685,49.97
Balanced,2020-01-08 19:00:00,0.024403,227.604,0.6942,49.966
Balanced,2020-01-08 19:03:00,0.025658,228.61,0.6988,49.958
Balanced,2020-01-08 19:06:00,0.025248,227.851,0.6777,49.999
Balanced,2020-01-08 19:09:00,0.025495,227.066,0.7286,49.993
Balanced,2020-01-08 19:12:00,0.028634,226.854,0.7441,49.969
Balanced,2020-01-08 19:15:00,0.022492,226.86,0.6519,49.978
Balanced,2020-01-08 19:18:00,0.020174,228.54,0.649,49.985
Balanced,2020-01-08 19:21:00,0.024877,226.921,0.6687,49.979
Balanced,2020-01-08 19:24:00,0.025429,227.953,0.6681,49.993
Balanced,2020-01-08 19:27:00,0.031934,225.301,0.8841,49.977
Balanced,2020-01-08 19:30:00,0.026368,226.748,0.7254,49.993
Balanced,2020-01-08 19:33:00,0.024665,226.832,0.7162,49.957
Balanced,2020-01-08 19:36:00,0.02386,228.366,0.6811,49.971
Balanced,2020-01-08 19:39:00,0.022904,227.34,0.5743,49.988
Balanced,2020-01-08 19:42:00,0.021288,229.145,0.5572,49.992
Balanced,2020-01-08 19:45:00,0.022439,227.924,0.5933,49.972
Balanced,2020-01-08 19:48:00,0.02763,226.282,0.7396,49.966
Balanced,2020-01-08 19:51:00,0.025415,226.731,0.7148,49.966
Balanced,2020-01-08 19:54:00,0.023736,227.469,0.6805,49.985
Balanced,2020-01-08 19:57:00,0.027732,227.501,0.7503,49.967
Balanced,2020-01-08 20:00:00,0.032473,226.059,0.8467,49.99
Balanced,2020-01-08 20:03:00,0.025901,227.43,0.6581,49.985
Balanced,2020-01-08 20:06:00,0.020678,227.322,0.6867,49.977
Balanced,2020-01-08 20:09:00,0.026857,227.912,0.6565,49.991
Balanced,2020-01-08 20:12:00,0.024652,228.851,0.6238,49.966
Balanced,2020-01-08 20:15:00,0.027182,226.546,0.7281,49.978
Balanced,2020-01-08 20:18:00,0.022494,228.289,0.6468,49.993
Balanced,2020-01-08 20:21:00,0.019946,228.253,0.5915,49.973
Balanced,2020-01-08 20:24:00,0.027783,226.758,0.7801,49.968
Balanced,2020-01-08 20:27:00,0.023758,228.173,0.6825,49.976
Balanced,2020-01-08 20:30:00,0.021094,227.884,0.6044,49.984
Balanced,2020-01-08 20:33:00,0.022299,228.18,0.6915,49.979
Balanced,2020-01-08 20:36:00,0.026781,226.992,0.7667,49.995
Balanced,2020-01-08 20:39:00,0.023965,227.775,0.6454,49.987
Balanced,2020-01-08 20:42:00,0.0211,228.124,0.6943,49.986
Balanced,2020-01-08 20:45:00,0.022442,227.155,0.6648,49.991
Balanced,2020-01-08 20:48:00,0.026739,227.285,0.7405,49.988
Balanced,2020-01-08 20:51:00,0.018678,228.518,0.5526,49.972
Balanced,2020-01-08 20:54:00,0.034747,225.508,0.8324,49.98
Balanced,2020-01-08 20:57:00,0.022835,227.178,0.6499,49.973
Balanced,2020-01-08 21:00:00,0.020403,227.91,0.6111,49.973
Balanced,2020-01-08 21:03:00,0.024724,227.376,0.7316,49.984
Balanced,2020-01-08 21:06:00,0.022822,227.671,0.6224,49.967
Balanced,2020-01-08 21:09:00,0.023354,227.717,0.7249,49.972
Balanced,2020-01-08 21:12:00,0.025072,226.486,0.7013,49.992
Balanced,2020-01-08 21:15:00,0.026662,228.315,0.6786,49.961
Balanced,2020-01-08 21:18:00,0.027254,228.112,0.7196,49.962
Balanced,2020-01-08 21:21:00,0.024257,228.228,0.6979,49.969
Balanced,2020-01-08 21:24:00,0.02539,228.167,0.7138,49.994
Balanced,2020-01-08 21:27:00,0.028789,227.98,0.8335,49.953
Balanced,2020-01-08 21:30:00,0.023429,227.333,0.6934,49.979
Balanced,2020-01-08 21:33:00,0.023529,226.705,0.7088,49.977
Balanced,2020-01-08 21:36:00,0.021849,228.887,0.6236,49.97
Balanced,2020-01-08 21:39:00,0.022886,227.991,0.686,49.983
Balanced,2020-01-08 21:42:00,0.031834,225.396,0.8377,49.938
Balanced,2020-01-08 21:45:00,0.026076,227.794,0.7449,50.004
Balanced,2020-01-08 21:48:00,0.021153,227.495,0.6464,49.985
Balanced,2020-01-08 21:51:00,0.018577,227.766,0.498,49.98
Balanced,2020-01-08 21:54:00,0.023436,227.065,0.6645,49.959
Balanced,2020-01-08 21:57:00,0.022445,228.688,0.6503,49.984
Balanced,2020-01-08 22:00:00,0.024555,227.38,0.7031,49.97
Balanced,2020-01-08 22:03:00,0.024788,227.561,0.6888,49.989
Balanced,2020-01-08 22:06:00,0.018696,228.317,0.5691,50.003
Balanced,2020-01-08 22:09:00,0.02633,228.252,0.7109,49.985
Balanced,2020-01-08 22:12:00,0.019702,228.465,0.6113,49.974
Balanced,2020-01-08 22:15:00,0.022434,229.467,0.6333,49.958
Balanced,2020-01-08 22:18:00,0.018308,228.931,0.6071,49.991
Balanced,2020-01-08 22:21:00,0.020705,228.352,0.6504,49.978
Balanced,2020-01-08 22:24:00,0.023963,226.596,0.7018,49.966
Balanced,2020-01-08 22:27:00,0.021835,228.699,0.565,49.991
Balanced,2020-01-08 22:30:00,0.022424,227.985,0.6551,49.964
Balanced,2020-01-08 22:33:00,0.02639,227.293,0.7652,49.968
Balanced,2020-01-08 22:36:00,0.02344,228.554,0.6781,49.963
Balanced,2020-01-08 22:39:00,0.021156,229.124,0.5731,49.979
Balanced,2020-01-08 22:42:00,0.018427,229.41,0.5018,49.985
Balanced,2020-01-08 22:45:00,0.023588,228.75,0.6639,49.962
Balanced,2020-01-08 22:48:00,0.02623,227.297,0.7098,49.954
Balanced,2020-01-08 22:51:00,0.012028,227.781,0.5533,49.981
Balanced,2020-01-08 22:54:00,0.021545,228.296,0.6495,49.961
Balanced,2020-01-08 22:57:00,0.020699,227.387,0.6503,49.99
Balanced,2020-01-08 23:00:00,0.018546,230.291,0.5466,50.0
Balanced,2020-01-08 23:03:00,0.022833,228.322,0.6424,49.976
Balanced,2020-01-08 23:06:00,0.019998,228.36,0.6047,49.99
Balanced,2020-01-08 23:09:00,0.019853,228.774,0.5871,49.967
Balanced,2020-01-08 23:12:00,0.017312,227.889,0.5997,49.988
Balanced,2020-01-08 23:15:00,0.020309,227.312,0.6226,49.961
Balanced,2020-01-08 23:18:00,0.019397,230.253,0.5742,49.977
Balanced,2020-01-08 23:21:00,0.020591,227.892,0.629,49.984
Balanced,2020-01-08 23:24:00,0.024437,228.392,0.6811,49.963
Balanced,2020-01-08 23:27:00,0.02173,228.18,0.6426,49.964
Balanced,2020-01-08 23:30:00,0.018858,228.873,0.5235,49.988
Balanced,2020-01-08 23:33:00,0.020374,227.057,0.5971,49.977
Balanced,2020-01-08 23:36:00,0.01537,229.323,0.5244,49.987
Balanced,2020-01-08 23:39:00,0.022455,227.637,0.6554,49.982
Balanced,2020-01-08 23:42:00,0.023085,227.426,0.6811,49.984
Balanced,2020-01-08 23:45:00,0.020625,228.357,0.6059,49.98
Balanced,2020-01-08 23:48:00,0.024237,226.863,0.6796,49.994
Balanced,2020-01-08 23:51:00,0.023711,226.661,0.7141,49.966
Balanced,2020-01-08 23:54:00,0.023144,228.439,0.6618,49.993
Balanced,2020-01-08 23:57:00,0.018791,228.234,0.6435,49.99
Balanced,2020-01-09 00:00:00,0.024842,226.119,0.6864,49.984
Balanced,2020-01-09 00:03:00,0.016172,230.342,0.5159,49.986
Balanced,2020-01-09 00:06:00,0.019425,229.874,0.5439,50.009
Balanced,2020-01-09 00:09:00,0.014056,229.284,0.5185,49.996
Balanced,2020-01-09 00:12:00,0.0188,228.493,0.5873,50.008
Balanced,2020-01-09 00:15:00,0.01854,227.971,0.5863,49.979
Balanced,2020-01-09 00:18:00,0.01579,228.777,0.5485,49.999
Balanced,2020-01-09 00:21:00,0.025061,227.447,0.6764,49.969
Balanced,2020-01-09 00:24:00,0.018688,229.056,0.5444,49.986
Balanced,2020-01-09 00:27:00,0.020051,227.156,0.6073,49.974
Balanced,2020-01-09 00:30:00,0.022608,228.576,0.682,49.962
Balanced,2020-01-09 00:33:00,0.0202,229.026,0.6257,49.989
Balanced,2020-01-09 00:36:00,0.024551,226.196,0.7103,49.973
Balanced,2020-01-09 00:39:00,0.02363,227.887,0.6901,49.98
Balanced,2020-01-09 00:42:00,0.022268,228.835,0.676,49.991
Balanced,2020-01-09 00:45:00,0.0197,228.149,0.6513,49.987
Balanced,2020-01-09 00:48:00,0.014394,230.106,0.4614,50.006
Balanced,2020-01-09 00:51:00,0.018423,227.196,0.552,50.008
Balanced,2020-01-09 00:54:00,0.017106,227.923,0.5263,49.991
Balanced,2020-01-09 00:57:00,0.022663,228.768,0.6629,49.97
Balanced,2020-01-09 01:00:00,0.022019,227.528,0.7002,49.998
Balanced,2020-01-09 01:03:00,0.023945,227.24,0.6177,49.994
Balanced,2020-01-09 01:06:00,0.019701,227.799,0.6494,49.979
Balanced,2020-01-09 01:09:00,0.020995,229.216,0.611,49.981
Balanced,2020-01-09 01:12:00,0.020274,227.705,0.6102,50.002
Balanced,2020-01-09 01:15:00,0.016411,227.354,0.5606,49.989
Balanced,2020-01-09 01:18:00,0.01607,228.965,0.4852,49.985
Balanced,2020-01-09 01:21:00,0.02052,229.935,0.5948,49.98
Balanced,2020-01-09 01:24:00,0.01995,227.855,0.5988,49.983
Balanced,2020-01-09 01:27:00,0.017863,229.536,0.5909,49.984
Balanced,2020-01-09 01:30:00,0.018363,227.344,0.4914,49.978
Balanced,2020-01-09 01:33:00,0.020433,227.761,0.5634,49.988
Balanced,2020-01-09 01:36:00,0.024653,226.904,0.6757,49.995
Balanced,2020-01-09 01:39:00,0.023339,226.518,0.6983,49.988
Balanced,2020-01-09 01:42:00,0.018384,228.156,0.5867,49.993
Balanced,2020-01-09 01:45:00,0.018024,230.303,0.6618,49.986
Balanced,2020-01-09 01:48:00,0.018703,229.395,0.6189,49.971
Balanced,2020-01-09 01:51:00,0.021637,227.453,0.6571,49.971
Balanced,2020-01-09 01:54:00,0.019839,228.153,0.5416,49.963
Balanced,2020-01-09 01:57:00,0.017429,229.043,0.4919,49.991
Balanced,2020-01-09 02:00:00,0.016527,230.152,0.6085,49.974
Balanced,2020-01-09 02:03:00,0.021377,228.044,0.6588,49.977
Balanced,2020-01-09 02:06:00,0.023367,228.009,0.6247,49.981
Balanced,2020-01-09 02:09:00,0.014971,229.295,0.5501,49.981
Balanced,2020-01-09 02:12:00,0.020556,228.166,0.6273,50.002
Balanced,2020-01-09 02:15:00,0.018848,229.29,0.5539,49.99
Balanced,2020-01-09 02:18:00,0.021064,229.377,0.631,49.987
Balanced,2020-01-09 02:21:00,0.015951,227.577,0.5346,49.976
Balanced,2020-01-09 02:24:00,0.021271,227.85,0.5835,49.96
Balanced,2020-01-09 02:27:00,0.01466,228.798,0.5671,49.978
Balanced,2020-01-09 02:30:00,0.017351,229.885,0.5315,49.986
Balanced,2020-01-09 02:33:00,0.018292,229.433,0.5872,49.976
Balanced,2020-01-09 02:36:00,0.019755,228.904,0.6076,49.969
Balanced,2020-01-09 02:39:00,0.019636,228.35,0.6621,49.981
Balanced,2020-01-09 02:42:00,0.016275,228.911,0.5684,49.992
Balanced,2020-01-09 02:45:00,0.020945,227.139,0.634,49.98
Balanced,2020-01-09 02:48:00,0.020479,230.003,0.6646,49.991
Balanced,2020-01-09 02:51:00,0.020179,227.939,0.604,49.976
Balanced,2020-01-09 02:54:00,0.017885,228.747,0.6251,49.978
Balanced,2020-01-09 02:57:00,0.01744,228.047,0.5938,49.976
Balanced,2020-01-09 03:00:00,0.017256,228.582,0.5359,49.992
Balanced,2020-01-09 03:03:00,0.017786,228.503,0.5613,49.954
Balanced,2020-01-09 03:06:00,0.017825,229.396,0.5929,50.0
Balanced,2020-01-09 03:09:00,0.014946,228.443,0.4655,49.988
Balanced,2020-01-09 03:12:00,0.021843,227.785,0.6614,49.97
Balanced,2020-01-09 03:15:00,0.019119,227.61,0.5699,49.982
Balanced,2020-01-09 03:18:00,0.015868,228.61,0.5478,49.994
Balanced,2020-01-09 03:21:00,0.019707,227.782,0.5981,49.998
Balanced,2020-01-09 03:24:00,0.016341,227.547,0.5326,50.001
Balanced,2020-01-09 03:27:00,0.017301,228.869,0.6083,49.979
Balanced,2020-01-09 03:30:00,0.017642,228.524,0.5973,49.99
Balanced,2020-01-09 03:33:00,0.013833,228.199,0.5128,49.97
Balanced,2020-01-09 03:36:00,0.018088,229.147,0.5626,49.975
Balanced,2020-01-09 03:39:00,0.015934,228.091,0.55,49.983
Balanced,2020-01-09 03:42:00,0.016805,229.93,0.5421,49.984
Balanced,2020-01-09 03:45:00,0.013114,228.2,0.4583,49.995
Balanced,2020-01-09 03:48:00,0.018826,227.376,0.6201,49.975
Balanced,2020-01-09 03:51:00,0.016856,229.925,0.5761,49.991
Balanced,2020-01-09 03:54:00,0.023242,227.764,0.6658,49.967
Balanced,2020-01-09 03:57:00,0.013753,230.119,0.4735,49.974
Balanced,2020-01-09 04:00:00,0.016205,229.029,0.5494,49.996
Balanced,2020-01-09 04:03:00,0.014937,227.773,0.4953,49.97
Balanced,2020-01-09 04:06:00,0.013689,229.795,0.5066,49.972
Balanced,2020-01-09 04:09:00,0.017166,228.401,0.6125,50.012
Balanced,2020-01-09 04:12:00,0.016995,229.895,0.5691,49.989
Balanced,2020-01-09 04:15:00,0.01499,231.052,0.5161,49.998
Balanced,2020-01-09 04:18:00,0.011706,228.473,0.4196,49.992
Balanced,2020-01-09 04:21:00,0.015491,229.726,0.5464,49.992
Balanced,2020-01-09 04:24:00,0.019419,228.436,0.6257,50.003
Balanced,2020-01-09 04:27:00,0.01563,229.606,0.5089,49.972
Balanced,2020-01-09 04:30:00,0.01735,228.254,0.5654,49.988
Balanced,2020-01-09 04:33:00,0.017386,230.05,0.5397,49.996
Balanced,2020-01-09 04:36:00,0.014605,230.205,0.4757,49.961
Balanced,2020-01-09 04:39:00,0.017264,227.794,0.5647,49.973
Balanced,2020-01-09 04:42:00,0.018738,229.311,0.6251,49.983
Balanced,2020-01-09 04:45:00,0.01535,227.974,0.528,49.995
Balanced,2020-01-09 04:48:00,0.017569,229.663,0.5194,49.967
Balanced,2020-01-09 04:51:00,0.018714,227.802,0.5421,49.963
Balanced,2020-01-09 04:54:00,0.018681,228.655,0.6356,49.98
Balanced,2020-01-09 04:57:00,0.017995,227.665,0.625,49.979
Balanced,2020-01-09 05:00:00,0.022089,226.762,0.6017,49.986
Balanced,2020-01-09 05:03:00,0.018395,229.793,0.5798,49.975
Balanced,2020-01-09 05:06:00,0.017251,230.072,0.5957,49.989
Balanced,2020-01-09 05:09:00,0.019223,229.381,0.6512,49.971
Balanced,2020-01-09 05:12:00,0.017659,228.657,0.5988,49.973
Balanced,2020-01-09 05:15:00,0.019109,227.267,0.6231,49.988
Balanced,2020-01-09 05:18:00,0.014991,230.167,0.5081,49.98
Balanced,2020-01-09 05:21:00,0.01756,228.344,0.5315,50.006
Balanced,2020-01-09 05:24:00,0.018605,227.91,0.625,50.002
Balanced,2020-01-09 05:27:00,0.017396,228.888,0.5343,49.967
Balanced,2020-01-09 05:30:00,0.017006,229.228,0.5275,49.972
Balanced,2020-01-09 05:33:00,0.015509,228.268,0.5631,49.971
Balanced,2020-01-09 05:36:00,0.018539,229.629,0.5488,49.971
Balanced,2020-01-09 05:39:00,0.020139,228.372,0.6102,49.982
Balanced,2020-01-09 05:42:00,0.019104,227.179,0.5413,50.014
Balanced,2020-01-09 05:45:00,0.016612,229.036,0.4991,49.99
Balanced,2020-01-09 05:48:00,0.019929,228.498,0.6044,49.981
Balanced,2020-01-09 05:51:00,0.019031,227.834,0.5143,50.014
Balanced,2020-01-09 05:54:00,0.018385,228.199,0.5322,50.005
Balanced,2020-01-09 05:57:00,0.019024,227.652,0.6208,49.982
Balanced,2020-01-09 06:00:00,0.019365,227.881,0.5902,49.988
Balanced,2020-01-09 06:03:00,0.016684,230.042,0.5278,49.999
Balanced,2020-01-09 06:06:00,0.020738,228.718,0.614,49.967
Balanced,2020-01-09 06:09:00,0.016569,229.985,0.5474,49.993
Balanced,2020-01-09 06:12:00,0.018417,229.205,0.6441,49.984
Balanced,2020-01-09 06:15:00,0.023442,226.901,0.6759,49.987
Balanced,2020-01-09 06:18:00,0.025587,227.016,0.7354,49.969
Balanced,2020-01-09 06:21:00,0.016522,227.766,0.5837,49.97
Balanced,2020-01-09 06:24:00,0.026978,225.62,0.7596,49.975
Balanced,2020-01-09 06:27:00,0.021315,228.593,0.6236,49.978
Balanced,2020-01-09 06:30:00,0.020165,228.686,0.618,49.992
Balanced,2020-01-09 06:33:00,0.019712,228.148,0.5606,49.97
Balanced,2020-01-09 06:36:00,0.019352,228.313,0.5626,49.968
Balanced,2020-01-09 06:39:00,0.020428,228.138,0.6131,50.022
Balanced,2020-01-09 06:42:00,0.02,227.935,0.5977,49.995
Balanced,2020-01-09 06:45:00,0.023071,227.051,0.6966,49.978
Balanced,2020-01-09 06:48:00,0.022693,228.523,0.6336,49.998
Balanced,2020-01-09 06:51:00,0.026527,226.646,0.6914,49.976
Balanced,2020-01-09 06:54:00,0.02202,227.639,0.6502,49.997
Balanced,2020-01-09 06:57:00,0.015371,226.813,0.4461,50.002
Balanced,2020-01-09 07:00:00,0.025828,227.226,0.6776,49.973
Balanced,2020-01-09 07:03:00,0.017129,229.478,0.5008,49.994
Balanced,2020-01-09 07:06:00,0.020671,228.883,0.6276,49.969
Balanced,2020-01-09 07:09:00,0.021233,227.333,0.6354,49.968
Balanced,2020-01-09 07:12:00,0.029481,226.766,0.7305,49.968
Balanced,2020-01-09 07:15:00,0.016457,228.606,0.5862,49.984
Balanced,2020-01-09 07:18:00,0.025477,227.533,0.6762,49.95
Balanced,2020-01-09 07:21:00,0.024128,227.847,0.6496,49.95
Balanced,2020-01-09 07:24:00,0.022125,229.276,0.6776,49.971
Balanced,2020-01-09 07:27:00,0.024241,227.184,0.6554,49.993
Balanced,2020-01-09 07:30:00,0.026466,227.157,0.7614,49.976
Balanced,2020-01-09 07:33:00,0.019975,228.755,0.6658,49.983
Balanced,2020-01-09 07:36:00,0.020617,227.548,0.715,49.999
Balanced,2020-01-09 07:39:00,0.018815,228.216,0.6265,49.958
Balanced,2020-01-09 07:42:00,0.016535,228.337,0.5193,49.971
Balanced,2020-01-09 07:45:00,0.018767,227.723,0.5669,49.976
Balanced,2020-01-09 07:48:00,0.022543,228.352,0.6775,49.988
Balanced,2020-01-09 07:51:00,0.026778,226.231,0.7698,49.969
Balanced,2020-01-09 07:54:00,0.02033,229.317,0.6086,49.988
Balanced,2020-01-09 07:57:00,0.024691,228.265,0.6932,49.993
Balanced,2020-01-09 08:00:00,0.021701,227.553,0.6199,49.965
Balanced,2020-01-09 08:03:00,0.014012,229.024,0.5148,50.017
Balanced,2020-01-09 08:06:00,0.025887,226.886,0.735,49.954
Balanced,2020-01-09 08:09:00,0.022199,227.469,0.6872,49.976
Balanced,2020-01-09 08:12:00,0.023505,227.461,0.677,49.974
Balanced,2020-01-09 08:15:00,0.020761,229.136,0.6016,49.973
Balanced,2020-01-09 08:18:00,0.018817,228.806,0.6167,49.988
Balanced,2020-01-09 08:21:00,0.023593,227.573,0.69,49.95
Balanced,2020-01-09 08:24:00,0.025104,227.881,0.6837,49.973
Balanced,2020-01-09 08:27:00,0.029657,227.046,0.7861,49.957
Balanced,2020-01-09 08:30:00,0.021679,228.557,0.6366,49.988
Balanced,2020-01-09 08:33:00,0.031287,226.42,0.8363,49.969
Balanced,2020-01-09 08:36:00,0.016515,229.329,0.5169,49.992
Balanced,2020-01-09 08:39:00,0.026454,228.119,0.7187,49.98
Balanced,2020-01-09 08:42:00,0.018504,228.945,0.6141,49.995
Balanced,2020-01-09 08:45:00,0.024985,227.342,0.6906,49.973
Balanced,2020-01-09 08:48:00,0.015704,229.634,0.5496,49.983
Balanced,2020-01-09 08:51:00,0.022609,226.65,0.6139,49.957
Balanced,2020-01-09 08:54:00,0.025928,226.34,0.6966,49.981
Balanced,2020-01-09 08:57:00,0.016132,228.532,0.5537,50.009
Balanced,2020-01-09 09:00:00,0.023616,227.714,0.652,49.963
Balanced,2020-01-09 09:03:00,0.019005,228.955,0.635,49.974
Balanced,2020-01-09 09:06:00,0.025588,227.59,0.7158,49.98
Balanced,2020-01-09 09:09:00,0.026257,227.021,0.7123,49.956
Balanced,2020-01-09 09:12:00,0.019235,227.52,0.6102,49.96
Balanced,2020-01-09 09:15:00,0.021958,228.551,0.6566,50.001
Balanced,2020-01-09 09:18:00,0.024851,226.513,0.7163,49.972
Balanced,2020-01-09 09:21:00,0.014034,228.863,0.5022,49.994
Balanced,2020-01-09 09:24:00,0.016113,230.422,0.5007,49.962
Balanced,2020-01-09 09:27:00,0.030955,226.577,0.862,49.973
Balanced,2020-01-09 09:30:00,0.032061,225.903,0.7661,49.975
Balanced,2020-01-09 09:33:00,0.029299,225.92,0.7744,49.953
Balanced,2020-01-09 09:36:00,0.019533,227.977,0.6048,49.98
Balanced,2020-01-09 09:39:00,0.017094,229.131,0.592,49.99
Balanced,2020-01-09 09:42:00,0.026879,227.537,0.7515,49.977
Balanced,2020-01-09 09:45:00,0.020536,227.908,0.6319,49.977
Balanced,2020-01-09 09:48:00,0.024152,227.832,0.6798,49.983
Balanced,2020-01-09 09:51:00,0.024615,229.044,0.6792,49.955
Balanced,2020-01-09 09:54:00,0.023256,227.559,0.6156,49.991
Balanced,2020-01-09 09:57:00,0.021919,227.15,0.5893,49.979
Balanced,2020-01-09 10:00:00,0.020433,227.647,0.6104,50.006
Balanced,2020-01-09 10:03:00,0.021773,227.51,0.6437,50.001
Balanced,2020-01-09 10:06:00,0.018085,228.632,0.5887,49.991
Balanced,2020-01-09 10:09:00,0.019471,230.302,0.5969,49.986
Balanced,2020-01-09 10:12:00,0.01685,229.335,0.5097,49.994
Balanced,2020-01-09 10:15:00,0.02299,227.475,0.6785,49.96
Balanced,2020-01-09 10:18:00,0.025105,227.251,0.7354,49.967
Balanced,2020-01-09 10:21:00,0.019174,227.567,0.5876,49.982
Balanced,2020-01-09 10:24:00,0.022483,229.117,0.6794,49.971
Balanced,2020-01-09 10:27:00,0.019452,229.166,0.6008,49.983
Balanced,2020-01-09 10:30:00,0.023395,228.668,0.5999,49.984
Balanced,2020-01-09 10:33:00,0.023206,229.015,0.6829,49.961
Balanced,2020-01-09 10:36:00,0.020484,227.027,0.5991,49.968
Balanced,2020-01-09 10:39:00,0.015641,229.752,0.5597,49.966
Balanced,2020-01-09 10:42:00,0.021965,227.871,0.6298,49.982
Balanced,2020-01-09 10:45:00,0.019362,229.132,0.6278,49.986
Balanced,2020-01-09 10:48:00,0.020837,228.431,0.6127,49.987
Balanced,2020-01-09 10:51:00,0.018454,228.66,0.5529,49.99
Balanced,2020-01-09 10:54:00,0.029474,226.182,0.7912,49.974
Balanced,2020-01-09 10:57:00,0.020431,227.77,0.6562,49.985
Balanced,2020-01-09 11:00:00,0.020644,227.768,0.65,49.993
Balanced,2020-01-09 11:03:00,0.013539,229.969,0.4173,49.999
Balanced,2020-01-09 11:06:00,0.023783,228.567,0.703,49.978
Balanced,2020-01-09 11:09:00,0.020434,228.794,0.6551,49.976
Balanced,2020-01-09 11:12:00,0.010808,229.905,0.4596,50.002
Balanced,2020-01-09 11:15:00,0.017229,229.092,0.5958,49.977
Balanced,2020-01-09 11:18:00,0.021799,227.522,0.6573,49.985
Balanced,2020-01-09 11:21:00,0.018197,228.731,0.6082,49.96
Balanced,2020-01-09 11:24:00,0.01806,229.252,0.5458,49.978
Balanced,2020-01-09 11:27:00,0.016239,228.226,0.5106,49.995
Balanced,2020-01-09 11:30:00,0.020609,227.056,0.6359,49.983
Balanced,2020-01-09 11:33:00,0.017178,229.789,0.5352,49.983
Balanced,2020-01-09 11:36:00,0.022259,228.664,0.6314,49.974
Balanced,2020-01-09 11:39:00,0.019465,229.506,0.5976,49.98
Balanced,2020-01-09 11:42:00,0.022325,227.532,0.639,49.961
Balanced,2020-01-09 11:45:00,0.016195,228.492,0.5028,50.02
Balanced,2020-01-09 11:48:00,0.019781,227.195,0.5891,49.991
Balanced,2020-01-09 11:51:00,0.029553,225.776,0.719,49.978
Balanced,2020-01-09 11:54:00,0.021468,228.4,0.5895,49.982
Balanced,2020-01-09 11:57:00,0.015941,230.272,0.5479,49.968
Balanced,2020-01-09 12:00:00,0.023052,229.975,0.6852,49.982
Balanced,2020-01-09 12:03:00,0.017758,228.916,0.5502,49.984
Balanced,2020-01-09 12:06:00,0.012514,231.574,0.524,50.005
Balanced,2020-01-09 12:09:00,0.0172,228.05,0.5599,50.001
Balanced,2020-01-09 12:12:00,0.017714,229.842,0.547,49.992
Balanced,2020-01-09 12:15:00,0.029414,226.883,0.7961,49.978
Balanced,2020-01-09 12:18:00,0.025411,227.828,0.7238,49.989
Balanced,2020-01-09 12:21:00,0.013283,229.861,0.4302,49.984
Balanced,2020-01-09 12:24:00,0.022772,228.154,0.6484,49.973
Balanced,2020-01-09 12:27:00,0.016855,229.39,0.5369,49.998
Balanced,2020-01-09 12:30:00,0.024627,228.672,0.6494,49.986
Balanced,2020-01-09 12:33:00,0.020114,227.602,0.601,49.988
Balanced,2020-01-09 12:36:00,0.026608,226.815,0.6904,49.982
Balanced,2020-01-09 12:39:00,0.017113,228.668,0.5841,49.986
Balanced,2020-01-09 12:42:00,0.019435,227.39,0.5648,49.963
Balanced,2020-01-09 12:45:00,0.024993,225.858,0.6842,49.976
Balanced,2020-01-09 12:48:00,0.019752,228.433,0.5989,49.987
Balanced,2020-01-09 12:51:00,0.020477,230.043,0.6371,49.988
Balanced,2020-01-09 12:54:00,0.025922,227.446,0.7016,49.987
Balanced,2020-01-09 12:57:00,0.024041,228.139,0.6893,49.966
Balanced,2020-01-09 13:00:00,0.024865,227.376,0.7376,49.966
Balanced,2020-01-09 13:03:00,0.02078,228.233,0.5968,49.986
Balanced,2020-01-09 13:06:00,0.031917,226.447,0.8725,49.956
Balanced,2020-01-09 13:09:00,0.018188,228.43,0.6309,49.98
Balanced,2020-01-09 13:12:00,0.019845,228.793,0.6179,49.987
Balanced,2020-01-09 13:15:00,0.019794,228.944,0.5297,49.975
Balanced,2020-01-09 13:18:00,0.029716,226.041,0.7421,49.963
Balanced,2020-01-09 13:21:00,0.023665,227.08,0.7607,49.997
Balanced,2020-01-09 13:24:00,0.020383,227.945,0.6032,49.996
Balanced,2020-01-09 13:27:00,0.023126,229.409,0.6459,49.983
Balanced,2020-01-09 13:30:00,0.026428,228.03,0.7204,49.987
Balanced,2020-01-09 13:33:00,0.021733,228.006,0.6656,49.985
Balanced,2020-01-09 13:36:00,0.02067,227.648,0.6522,49.961
Balanced,2020-01-09 13:39:00,0.032131,226.441,0.8419,49.979
Balanced,2020-01-09 13:42:00,0.018289,229.578,0.5486,49.983
Balanced,2020-01-09 13:45:00,0.02073,228.422,0.5574,49.982
Balanced,2020-01-09 13:48:00,0.019758,228.408,0.5951,49.994
Balanced,2020-01-09 13:51:00,0.021295,228.544,0.6312,49.992
Balanced,2020-01-09 13:54:00,0.024058,228.98,0.7746,49.976
Balanced,2020-01-09 13:57:00,0.024726,226.554,0.6374,49.967
Balanced,2020-01-09 14:00:00,0.019732,228.809,0.5972,49.991
Balanced,2020-01-09 14:03:00,0.020863,228.548,0.6685,50.002
Balanced,2020-01-09 14:06:00,0.01919,226.468,0.6112,49.983
Balanced,2020-01-09 14:09:00,0.026967,227.707,0.7518,49.96
Balanced,2020-01-09 14:12:00,0.030629,224.379,0.7671,49.966
Balanced,2020-01-09 14:15:00,0.028275,226.278,0.7836,49.973
Balanced,2020-01-09 14:18:00,0.032856,225.767,0.8783,49.955
Balanced,2020-01-09 14:21:00,0.028309,227.041,0.7857,49.981
Balanced,2020-01-09 14:24:00,0.019364,227.967,0.5776,50.002
Balanced,2020-01-09 14:27:00,0.020816,227.476,0.6255,49.974
Balanced,2020-01-09 14:30:00,0.0192,228.042,0.6827,49.989
Balanced,2020-01-09 14:33:00,0.01776,228.084,0.5294,49.978
Balanced,2020-01-09 14:36:00,0.016621,228.598,0.5904,49.981
Balanced,2020-01-09 14:39:00,0.016208,228.555,0.532,49.998
Balanced,2020-01-09 14:42:00,0.019732,228.363,0.5591,49.977
Balanced,2020-01-09 14:45:00,0.027823,226.653,0.7365,49.987
Balanced,2020-01-09 14:48:00,0.025052,227.489,0.7143,49.967
Balanced,2020-01-09 14:51:00,0.025832,226.959,0.7025,49.982
Balanced,2020-01-09 14:54:00,0.023533,228.07,0.5982,50.003
Balanced,2020-01-09 14:57:00,0.022256,228.234,0.6937,49.972
Balanced,2020-01-09 15:00:00,0.02036,227.083,0.5644,49.997
Balanced,2020-01-09 15:03:00,0.029674,225.928,0.8176,49.949
Balanced,2020-01-09 15:06:00,0.0226,228.309,0.6629,49.991
Balanced,2020-01-09 15:09:00,0.018526,228.583,0.5826,49.978
Balanced,2020-01-09 15:12:00,0.016253,229.023,0.5132,49.981
Balanced,2020-01-09 15:15:00,0.025403,227.446,0.7023,49.969
Balanced,2020-01-09 15:18:00,0.016934,229.742,0.5029,49.969
Balanced,2020-01-09 15:21:00,0.015374,228.893,0.5373,49.973
Balanced,2020-01-09 15:24:00,0.023558,227.858,0.7115,49.999
Balanced,2020-01-09 15:27:00,0.017704,228.852,0.6066,49.969
Balanced,2020-01-09 15:30:00,0.025976,227.774,0.74,49.955
Balanced,2020-01-09 15:33:00,0.026734,228.085,0.7596,49.97
Balanced,2020-01-09 15:36:00,0.024057,226.778,0.669,49.985
Balanced,2020-01-09 15:39:00,0.023462,227.469,0.6673,49.99
Balanced,2020-01-09 15:42:00,0.026128,227.738,0.7498,49.978
Balanced,2020-01-09 15:45:00,0.02324,227.954,0.6418,49.96
Balanced,2020-01-09 15:48:00,0.019179,229.842,0.587,49.983
Balanced,2020-01-09 15:51:00,0.017772,229.314,0.6333,49.963
Balanced,2020-01-09 15:54:00,0.018167,228.685,0.6085,49.969
Balanced,2020-01-09 15:57:00,0.015095,228.322,0.5059,50.001
Balanced,2020-01-09 16:00:00,0.017099,228.332,0.5435,49.981
Balanced,2020-01-09 16:03:00,0.022586,229.445,0.6519,49.982
Balanced,2020-01-09 16:06:00,0.023462,226.068,0.7103,49.99
Balanced,2020-01-09 16:09:00,0.017141,229.782,0.5385,49.977
Balanced,2020-01-09 16:12:00,0.022909,227.649,0.6422,49.984
Balanced,2020-01-09 16:15:00,0.02217,228.041,0.6539,49.955
Balanced,2020-01-09 16:18:00,0.024464,229.159,0.7578,49.972
Balanced,2020-01-09 16:21:00,0.017988,228.556,0.591,49.992
Balanced,2020-01-09 16:24:00,0.021514,227.403,0.6551,49.967
Balanced,2020-01-09 16:27:00,0.020924,227.608,0.6777,49.999
Balanced,2020-01-09 16:30:00,0.014638,228.696,0.5325,50.001
Balanced,2020-01-09 16:33:00,0.024551,227.964,0.6626,49.987
Balanced,2020-01-09 16:36:00,0.021338,228.514,0.6645,49.981
Balanced,2020-01-09 16:39:00,0.015033,229.663,0.5829,49.987
Balanced,2020-01-09 16:42:00,0.022003,228.571,0.6069,49.985
Balanced,2020-01-09 16:45:00,0.022754,228.177,0.6426,49.991
Balanced,2020-01-09 16:48:00,0.021386,229.15,0.5971,49.962
Balanced,2020-01-09 16:51:00,0.017441,228.18,0.5246,49.974
Balanced,2020-01-09 16:54:00,0.023899,228.819,0.754,49.979
Balanced,2020-01-09 16:57:00,0.017866,228.287,0.5155,50.014
Balanced,2020-01-09 17:00:00,0.022108,226.765,0.6483,49.973
Balanced,2020-01-09 17:03:00,0.01875,229.411,0.5492,50.016
Balanced,2020-01-09 17:06:00,0.016586,230.643,0.5938,49.979
Balanced,2020-01-09 17:09:00,0.016249,229.109,0.5453,49.974
Balanced,2020-01-09 17:12:00,0.020503,227.623,0.5712,49.975
Balanced,2020-01-09 17:15:00,0.017255,228.132,0.5957,49.965
Balanced,2020-01-09 17:18:00,0.020508,228.392,0.6257,49.962
Balanced,2020-01-09 17:21:00,0.02291,227.322,0.6997,49.976
Balanced,2020-01-09 17:24:00,0.020521,229.631,0.5729,49.981
Balanced,2020-01-09 17:27:00,0.023338,227.449,0.6566,49.966
Balanced,2020-01-09 17:30:00,0.021754,228.415,0.7096,50.006
Balanced,2020-01-09 17:33:00,0.014591,229.306,0.5252,49.981
Balanced,2020-01-09 17:36:00,0.022791,228.482,0.6303,49.993
Balanced,2020-01-09 17:39:00,0.016156,228.314,0.5051,49.973
Balanced,2020-01-09 17:42:00,0.018106,229.76,0.5773,50.005
Balanced,2020-01-09 17:45:00,0.019774,228.882,0.5623,49.978
Balanced,2020-01-09 17:48:00,0.017516,228.283,0.6079,49.992
Balanced,2020-01-09 17:51:00,0.019278,228.322,0.5823,49.974
Balanced,2020-01-09 17:54:00,0.024865,226.655,0.6415,49.957
Balanced,2020-01-09 17:57:00,0.019637,228.341,0.619,49.965
Balanced,2020-01-09 18:00:00,0.021517,227.428,0.6016,49.972
Balanced,2020-01-09 18:03:00,0.017509,228.316,0.5042,49.973
Balanced,2020-01-09 18:06:00,0.025568,226.618,0.7157,49.983
Balanced,2020-01-09 18:09:00,0.024874,228.348,0.7171,49.988
Balanced,2020-01-09 18:12:00,0.022409,227.688,0.6253,49.991
Balanced,2020-01-09 18:15:00,0.019873,227.788,0.6087,49.994
Balanced,2020-01-09 18:18:00,0.015686,228.738,0.5015,49.989
Balanced,2020-01-09 18:21:00,0.02342,227.082,0.6701,49.977
Balanced,2020-01-09 18:24:00,0.025005,228.308,0.6419,49.975
Balanced,2020-01-09 18:27:00,0.018804,228.801,0.5623,49.974
Balanced,2020-01-09 18:30:00,0.018713,229.502,0.5288,49.993
Balanced,2020-01-09 18:33:00,0.020002,227.397,0.6308,49.971
Balanced,2020-01-09 18:36:00,0.019197,229.285,0.6123,49.977
Balanced,2020-01-09 18:39:00,0.022212,228.142,0.6821,49.977
Balanced,2020-01-09 18:42:00,0.022819,227.016,0.6953,49.985
Balanced,2020-01-09 18:45:00,0.023132,227.671,0.7281,49.975
Balanced,2020-01-09 18:48:00,0.028325,225.413,0.7688,49.96
Balanced,2020-01-09 18:51:00,0.011882,229.112,0.5095,50.004
Balanced,2020-01-09 18:54:00,0.01479,230.348,0.5005,49.991
Balanced,2020-01-09 18:57:00,0.022484,228.446,0.665,49.979
Balanced,2020-01-09 19:00:00,0.030181,226.874,0.828,49.973
Balanced,2020-01-09 19:03:00,0.023413,226.558,0.6484,49.993
Balanced,2020-01-09 19:06:00,0.024161,227.489,0.7332,49.957
Balanced,2020-01-09 19:09:00,0.025617,227.608,0.6872,49.981
Balanced,2020-01-09 19:12:00,0.026324,227.417,0.6935,49.985
Balanced,2020-01-09 19:15:00,0.024817,226.456,0.6405,49.95
Balanced,2020-01-09 19:18:00,0.026201,228.201,0.696,49.96
Balanced,2020-01-09 19:21:00,0.023441,227.469,0.6672,49.974
Balanced,2020-01-09 19:24:00,0.022866,227.476,0.6308,49.986
Balanced,2020-01-09 19:27:00,0.027041,226.957,0.7002,49.965
Balanced,2020-01-09 19:30:00,0.027203,226.085,0.7843,49.957
Balanced,2020-01-09 19:33:00,0.028046,227.126,0.7544,49.988
Balanced,2020-01-09 19:36:00,0.029434,226.941,0.8037,49.964
Balanced,2020-01-09 19:39:00,0.020969,228.509,0.6037,49.959
Balanced,2020-01-09 19:42:00,0.026049,227.883,0.6946,49.981
Balanced,2020-01-09 19:45:00,0.021885,227.145,0.629,49.987
Balanced,2020-01-09 19:48:00,0.029464,225.756,0.8142,49.984
Balanced,2020-01-09 19:51:00,0.025567,226.22,0.7434,49.984
Balanced,2020-01-09 19:54:00,0.025657,227.961,0.7246,49.986
Balanced,2020-01-09 19:57:00,0.028863,226.293,0.7804,49.962
Balanced,2020-01-09 20:00:00,0.024767,227.843,0.6534,49.973
Balanced,2020-01-09 20:03:00,0.025563,229.34,0.6543,49.976
Balanced,2020-01-09 20:06:00,0.026953,227.899,0.7262,49.957
Balanced,2020-01-09 20:09:00,0.022556,226.889,0.7006,49.976
Balanced,2020-01-09 20:12:00,0.028469,225.055,0.771,49.957
Balanced,2020-01-09 20:15:00,0.026922,225.328,0.7228,49.98
Balanced,2020-01-09 20:18:00,0.027215,228.027,0.7236,49.969
Balanced,2020-01-09 20:21:00,0.01493,229.978,0.4241,49.995
Balanced,2020-01-09 20:24:00,0.025752,226.529,0.7217,49.981
Balanced,2020-01-09 20:27:00,0.025743,227.72,0.7493,49.98
Balanced,2020-01-09 20:30:00,0.031849,225.663,0.795,49.966
Balanced,2020-01-09 20:33:00,0.027868,226.139,0.8069,49.975
Balanced,2020-01-09 20:36:00,0.023788,227.45,0.6797,49.967
Balanced,2020-01-09 20:39:00,0.019696,228.499,0.5899,50.009
Balanced,2020-01-09 20:42:00,0.02612,227.991,0.6979,49.982
Balanced,2020-01-09 20:45:00,0.027595,226.723,0.736,49.959
Balanced,2020-01-09 20:48:00,0.025393,228.433,0.7045,49.982
Balanced,2020-01-09 20:51:00,0.026184,227.259,0.7391,49.968
Balanced,2020-01-09 20:54:00,0.021963,228.486,0.6515,49.99
Balanced,2020-01-09 20:57:00,0.026151,227.909,0.6631,49.952
Balanced,2020-01-09 21:00:00,0.020754,228.333,0.6651,49.981
Balanced,2020-01-09 21:03:00,0.02084,227.819,0.6054,49.992
Balanced,2020-01-09 21:06:00,0.029111,226.405,0.7805,49.967
Balanced,2020-01-09 21:09:00,0.019273,227.175,0.5301,49.985
Balanced,2020-01-09 21:12:00,0.02522,226.494,0.6481,49.977
Balanced,2020-01-09 21:15:00,0.021973,227.681,0.5922,49.985
Balanced,2020-01-09 21:18:00,0.023256,228.756,0.6614,49.982
Balanced,2020-01-09 21:21:00,0.024266,228.824,0.7104,49.986
Balanced,2020-01-09 21:24:00,0.038003,225.175,0.9065,49.945
Balanced,2020-01-09 21:27:00,0.02221,226.948,0.6365,49.977
Balanced,2020-01-09 21:30:00,0.02906,226.431,0.7567,49.981
Balanced,2020-01-09 21:33:00,0.025466,227.085,0.7039,49.985
Balanced,2020-01-09 21:36:00,0.022079,228.565,0.6755,49.98
Balanced,2020-01-09 21:39:00,0.027072,226.799,0.7343,49.969
Balanced,2020-01-09 21:42:00,0.019069,226.879,0.6009,49.987
Balanced,2020-01-09 21:45:00,0.023892,228.37,0.6342,49.986
Balanced,2020-01-09 21:48:00,0.025718,227.005,0.703,49.98
Balanced,2020-01-09 21:51:00,0.021134,228.873,0.566,49.978
Balanced,2020-01-09 21:54:00,0.026246,226.659,0.7093,49.963
Balanced,2020-01-09 21:57:00,0.033513,225.851,0.8649,49.967
Balanced,2020-01-09 22:00:00,0.021907,227.273,0.6541,49.986
Balanced,2020-01-09 22:03:00,0.025854,228.2,0.685,49.99
Balanced,2020-01-09 22:06:00,0.019146,227.897,0.6349,49.972
Balanced,2020-01-09 22:09:00,0.022766,228.892,0.6482,49.996
Balanced,2020-01-09 22:12:00,0.022381,227.502,0.6872,49.975
Balanced,2020-01-09 22:15:00,0.017878,228.91,0.5869,49.972
Balanced,2020-01-09 22:18:00,0.02318,226.934,0.6944,49.995
Balanced,2020-01-09 22:21:00,0.018568,228.778,0.6277,49.981
Balanced,2020-01-09 22:24:00,0.024294,228.171,0.7416,49.977
Balanced,2020-01-09 22:27:00,0.022224,227.882,0.6875,49.976
Balanced,2020-01-09 22:30:00,0.021697,229.587,0.6036,49.969
Balanced,2020-01-09 22:33:00,0.018491,228.882,0.4997,50.004
Balanced,2020-01-09 22:36:00,0.020428,228.908,0.5891,49.981
Balanced,2020-01-09 22:39:00,0.017669,228.96,0.6385,49.973
Balanced,2020-01-09 22:42:00,0.018451,228.453,0.6095,49.985
Balanced,2020-01-09 22:45:00,0.023735,227.696,0.5622,49.981
Balanced,2020-01-09 22:48:00,0.020618,228.366,0.5638,49.993
Balanced,2020-01-09 22:51:00,0.02304,226.721,0.7288,49.972
Balanced,2020-01-09 22:54:00,0.018694,229.137,0.588,49.981
Balanced,2020-01-09 22:57:00,0.025481,227.59,0.7344,49.991
Balanced,2020-01-09 23:00:00,0.018426,227.488,0.6085,49.97
Balanced,2020-01-09 23:03:00,0.023027,226.713,0.6329,49.977
Balanced,2020-01-09 23:06:00,0.023678,227.297,0.6584,49.987
Balanced,2020-01-09 23:09:00,0.01991,228.137,0.6128,49.961
Balanced,2020-01-09 23:12:00,0.017196,229.369,0.6397,49.987
Balanced,2020-01-09 23:15:00,0.021551,228.451,0.6567,50.0
Balanced,2020-01-09 23:18:00,0.017517,229.108,0.5807,49.994
Balanced,2020-01-09 23:21:00,0.025903,228.251,0.7294,49.975
Balanced,2020-01-09 23:24:00,0.023635,226.629,0.6616,49.984
Balanced,2020-01-09 23:27:00,0.022868,227.023,0.6358,49.971
Balanced,2020-01-09 23:30:00,0.018673,227.525,0.5616,49.979
Balanced,2020-01-09 23:33:00,0.021976,227.988,0.6449,49.984
Balanced,2020-01-09 23:36:00,0.022991,228.72,0.622,49.958
Balanced,2020-01-09 23:39:00,0.024828,227.041,0.7469,49.982
Balanced,2020-01-09 23:42:00,0.020685,228.653,0.6253,49.963
Balanced,2020-01-09 23:45:00,0.016652,227.121,0.5588,49.984
Balanced,2020-01-09 23:48:00,0.020893,228.09,0.609,49.987
Balanced,2020-01-09 23:51:00,0.021039,227.908,0.6627,49.996
Balanced,2020-01-09 23:54:00,0.018824,227.483,0.5363,49.957
Balanced,2020-01-09 23:57:00,0.021879,227.868,0.6269,49.976
Balanced,2020-01-10 00:00:00,0.017528,227.947,0.4727,49.968
Balanced,2020-01-10 00:03:00,0.024741,226.498,0.7254,49.989
Balanced,2020-01-10 00:06:00,0.015854,229.88,0.5331,49.987
Balanced,2020-01-10 00:09:00,0.022762,225.487,0.6439,49.964
Balanced,2020-01-10 00:12:00,0.024726,226.41,0.6903,49.986
Balanced,2020-01-10 00:15:00,0.019285,228.431,0.6084,49.981
Balanced,2020-01-10 00:18:00,0.025618,228.145,0.6755,49.97
Balanced,2020-01-10 00:21:00,0.020386,229.068,0.5967,49.992
Balanced,2020-01-10 00:24:00,0.019836,226.825,0.5917,50.017
Balanced,2020-01-10 00:27:00,0.019096,229.22,0.5819,49.971
Balanced,2020-01-10 00:30:00,0.021117,228.208,0.6509,49.986
Balanced,2020-01-10 00:33:00,0.016628,228.385,0.6111,49.984
Balanced,2020-01-10 00:36:00,0.020025,227.345,0.6115,49.993
Balanced,2020-01-10 00:39:00,0.018603,229.215,0.5793,49.967
Balanced,2020-01-10 00:42:00,0.021064,227.329,0.6379,49.981
Balanced,2020-01-10 00:45:00,0.016999,228.751,0.5578,49.99
Balanced,2020-01-10 00:48:00,0.024519,227.462,0.658,49.978
Balanced,2020-01-10 00:51:00,0.017718,227.381,0.5471,49.981
Balanced,2020-01-10 00:54:00,0.02177,228.066,0.5942,49.958
Balanced,2020-01-10 00:57:00,0.023322,228.265,0.6191,49.986
Balanced,2020-01-10 01:00:00,0.020319,230.385,0.5403,49.98
Balanced,2020-01-10 01:03:00,0.015731,229.075,0.5358,49.984
Balanced,2020-01-10 01:06:00,0.018692,228.548,0.5744,49.984
Balanced,2020-01-10 01:09:00,0.025589,225.796,0.7071,49.965
Balanced,2020-01-10 01:12:00,0.019631,227.891,0.599,49.992
Balanced,2020-01-10 01:15:00,0.016147,227.634,0.5349,49.986
Balanced,2020-01-10 01:18:00,0.018867,228.08,0.6552,50.014
Balanced,2020-01-10 01:21:00,0.016655,228.491,0.5812,49.98
Balanced,2020-01-10 01:24:00,0.021774,227.488,0.6392,49.995
Balanced,2020-01-10 01:27:00,0.023809,227.891,0.6969,49.967
Balanced,2020-01-10 01:30:00,0.020491,227.316,0.6332,49.962
Balanced,2020-01-10 01:33:00,0.021337,228.889,0.6037,49.971
Balanced,2020-01-10 01:36:00,0.017562,229.235,0.5368,49.99
Balanced,2020-01-10 01:39:00,0.022294,227.554,0.7123,49.981
Balanced,2020-01-10 01:42:00,0.019418,227.814,0.538,49.977
Balanced,2020-01-10 01:45:00,0.017209,229.123,0.5674,49.997
Balanced,2020-01-10 01:48:00,0.01869,228.274,0.5194,49.985
Balanced,2020-01-10 01:51:00,0.027686,227.082,0.7657,49.976
Balanced,2020-01-10 01:54:00,0.016439,228.526,0.5046,49.99
Balanced,2020-01-10 01:57:00,0.014082,229.195,0.5031,49.992
Balanced,2020-01-10 02:00:00,0.013255,229.011,0.5455,50.01
Balanced,2020-01-10 02:03:00,0.020572,227.754,0.5687,49.991
Balanced,2020-01-10 02:06:00,0.021417,227.531,0.6234,49.959
Balanced,2020-01-10 02:09:00,0.016675,228.495,0.547,49.993
Balanced,2020-01-10 02:12:00,0.019728,227.908,0.6813,49.961
Balanced,2020-01-10 02:15:00,0.018595,229.468,0.587,49.985
Balanced,2020-01-10 02:18:00,0.019537,227.987,0.6024,49.984
Balanced,2020-01-10 02:21:00,0.02009,227.754,0.5826,49.983
Balanced,2020-01-10 02:24:00,0.023088,228.544,0.6586,49.973
Balanced,2020-01-10 02:27:00,0.022401,228.817,0.71,49.975
Balanced,2020-01-10 02:30:00,0.018133,228.799,0.5634,50.002
Balanced,2020-01-10 02:33:00,0.026739,228.058,0.7386,49.956
Balanced,2020-01-10 02:36:00,0.022466,227.961,0.6403,49.993
Balanced,2020-01-10 02:39:00,0.020348,227.609,0.6131,50.005
Balanced,2020-01-10 02:42:00,0.01623,228.188,0.5066,49.973
Balanced,2020-01-10 02:45:00,0.015729,229.67,0.5517,49.983
Balanced,2020-01-10 02:48:00,0.012735,229.592,0.4261,49.995
Balanced,2020-01-10 02:51:00,0.02285,227.389,0.6182,49.97
Balanced,2020-01-10 02:54:00,0.022969,226.614,0.6571,49.985
Balanced,2020-01-10 02:57:00,0.013997,230.162,0.5686,49.985
Balanced,2020-01-10 03:00:00,0.019831,227.395,0.5806,49.989
Balanced,2020-01-10 03:03:00,0.016143,229.337,0.5777,49.974
Balanced,2020-01-10 03:06:00,0.016119,230.754,0.5502,49.981
Balanced,2020-01-10 03:09:00,0.023114,228.357,0.6646,49.98
Balanced,2020-01-10 03:12:00,0.008989,229.846,0.3893,49.98
Balanced,2020-01-10 03:15:00,0.018913,228.23,0.6112,49.978
Balanced,2020-01-10 03:18:00,0.017773,230.25,0.5907,49.994
Balanced,2020-01-10 03:21:00,0.01557,228.513,0.5174,50.002
Balanced,2020-01-10 03:24:00,0.013862,229.757,0.5357,50.0
Balanced,2020-01-10 03:27:00,0.019314,229.147,0.6116,49.996
Balanced,2020-01-10 03:30:00,0.017022,230.292,0.5716,49.971
Balanced,2020-01-10 03:33:00,0.01763,228.417,0.4878,49.973
Balanced,2020-01-10 03:36:00,0.016667,229.524,0.4885,49.969
Balanced,2020-01-10 03:39:00,0.018563,228.109,0.5966,49.981
Balanced,2020-01-10 03:42:00,0.019748,228.785,0.6508,49.972
Balanced,2020-01-10 03:45:00,0.017589,228.402,0.5697,49.984
Balanced,2020-01-10 03:48:00,0.015085,227.651,0.4909,49.962
Balanced,2020-01-10 03:51:00,0.017912,229.031,0.584,49.998
Balanced,2020-01-10 03:54:00,0.017676,229.108,0.6155,49.987
Balanced,2020-01-10 03:57:00,0.014069,228.992,0.4602,49.99
Balanced,2020-01-10 04:00:00,0.018095,227.763,0.6378,49.983
Balanced,2020-01-10 04:03:00,0.014687,227.964,0.554,49.996
Balanced,2020-01-10 04:06:00,0.018902,230.044,0.6539,50.005
Balanced,2020-01-10 04:09:00,0.014927,230.959,0.5426,49.973
Balanced,2020-01-10 04:12:00,0.019681,227.743,0.5934,49.977
Balanced,2020-01-10 04:15:00,0.017125,228.763,0.5922,49.97
Balanced,2020-01-10 04:18:00,0.019014,229.297,0.6455,49.984
Balanced,2020-01-10 04:21:00,0.015955,230.08,0.5514,49.99
Balanced,2020-01-10 04:24:00,0.014577,229.298,0.509,49.992
Balanced,2020-01-10 04:27:00,0.015138,228.975,0.4675,49.99
Balanced,2020-01-10 04:30:00,0.01913,228.996,0.6266,49.99
Balanced,2020-01-10 04:33:00,0.01091,229.605,0.4657,49.991
Balanced,2020-01-10 04:36:00,0.019728,228.865,0.6013,49.988
Balanced,2020-01-10 04:39:00,0.011729,229.255,0.5006,49.979
Balanced,2020-01-10 04:42:00,0.017238,228.582,0.5643,49.994
Balanced,2020-01-10 04:45:00,0.017644,230.392,0.5881,49.997
Balanced,2020-01-10 04:48:00,0.019092,228.528,0.6215,49.965
Balanced,2020-01-10 04:51:00,0.020719,228.74,0.5659,49.988
Balanced,2020-01-10 04:54:00,0.016245,228.373,0.5487,49.983
Balanced,2020-01-10 04:57:00,0.011781,229.812,0.467,50.0
Balanced,2020-01-10 05:00:00,0.020995,228.542,0.7143,49.983
Balanced,2020-01-10 05:03:00,0.016668,228.669,0.561,50.001
Balanced,2020-01-10 05:06:00,0.02336,226.769,0.695,49.986
Balanced,2020-01-10 05:09:00,0.021777,228.91,0.6112,49.993
Balanced,2020-01-10 05:12:00,0.022059,227.149,0.6421,49.96
Balanced,2020-01-10 05:15:00,0.015097,228.81,0.454,49.996
Balanced,2020-01-10 05:18:00,0.021389,227.96,0.6513,50.0
Balanced,2020-01-10 05:21:00,0.018712,228.625,0.5909,49.979
Balanced,2020-01-10 05:24:00,0.01915,229.061,0.6105,49.994
Balanced,2020-01-10 05:27:00,0.018154,229.295,0.6545,50.008
Balanced,2020-01-10 05:30:00,0.019996,228.255,0.6622,49.985
Balanced,2020-01-10 05:33:00,0.017026,228.662,0.576,49.968
Balanced,2020-01-10 05:36:00,0.019552,228.541,0.6416,49.972
Balanced,2020-01-10 05:39:00,0.017366,229.669,0.5863,49.981
Balanced,2020-01-10 05:42:00,0.01773,228.49,0.5956,49.989
Balanced,2020-01-10 05:45:00,0.019337,227.585,0.5822,49.975
Balanced,2020-01-10 05:48:00,0.025663,227.007,0.6799,49.967
Balanced,2020-01-10 05:51:00,0.023155,228.468,0.6863,49.956
Balanced,2020-01-10 05:54:00,0.021218,227.871,0.6209,49.995
Balanced,2020-01-10 05:57:00,0.017952,228.588,0.5622,49.992
Balanced,2020-01-10 06:00:00,0.023302,227.793,0.6175,49.964
Balanced,2020-01-10 06:03:00,0.016407,228.032,0.5298,49.977
Balanced,2020-01-10 06:06:00,0.019659,229.038,0.6783,49.987
Balanced,2020-01-10 06:09:00,0.017513,229.933,0.6203,49.963
Balanced,2020-01-10 06:12:00,0.015612,230.282,0.5794,49.965
Balanced,2020-01-10 06:15:00,0.021847,227.792,0.6759,49.96
Balanced,2020-01-10 06:18:00,0.026114,226.879,0.7166,49.99
Balanced,2020-01-10 06:21:00,0.020847,227.839,0.6553,49.981
Balanced,2020-01-10 06:24:00,0.015688,229.912,0.4792,49.974
Balanced,2020-01-10 06:27:00,0.022199,228.728,0.7064,49.994
Balanced,2020-01-10 06:30:00,0.016416,228.215,0.5278,50.017
Balanced,2020-01-10 06:33:00,0.018423,228.53,0.644,49.978
Balanced,2020-01-10 06:36:00,0.022944,227.907,0.5909,49.979
Balanced,2020-01-10 06:39:00,0.020799,227.798,0.6777,49.988
Balanced,2020-01-10 06:42:00,0.026012,226.958,0.7524,49.965
Balanced,2020-01-10 06:45:00,0.021548,230.36,0.6519,49.968
Balanced,2020-01-10 06:48:00,0.021244,227.431,0.6205,49.983
Balanced,2020-01-10 06:51:00,0.020748,227.76,0.5749,49.986
Balanced,2020-01-10 06:54:00,0.02627,227.166,0.6891,49.982
Balanced,2020-01-10 06:57:00,0.021701,227.93,0.7021,49.963
Balanced,2020-01-10 07:00:00,0.018697,230.0,0.6264,50.002
Balanced,2020-01-10 07:03:00,0.0228,227.984,0.6116,49.977
Balanced,2020-01-10 07:06:00,0.019073,229.121,0.5622,49.999
Balanced,2020-01-10 07:09:00,0.02548,227.344,0.725,49.975
Balanced,2020-01-10 07:12:00,0.018816,228.439,0.6365,49.979
Balanced,2020-01-10 07:15:00,0.01924,227.462,0.5883,50.004
Balanced,2020-01-10 07:18:00,0.020813,226.925,0.5484,49.952
Balanced,2020-01-10 07:21:00,0.020817,226.645,0.6388,49.959
Balanced,2020-01-10 07:24:00,0.025671,227.32,0.6858,49.972
Balanced,2020-01-10 07:27:00,0.027435,226.674,0.7455,49.982
Balanced,2020-01-10 07:30:00,0.02732,228.01,0.6996,49.97
Balanced,2020-01-10 07:33:00,0.024496,226.468,0.6982,49.991
Balanced,2020-01-10 07:36:00,0.016463,229.939,0.5053,49.996
Balanced,2020-01-10 07:39:00,0.021298,227.661,0.7063,50.0
Balanced,2020-01-10 07:42:00,0.020911,229.786,0.6476,49.975
Balanced,2020-01-10 07:45:00,0.013545,230.153,0.4531,49.992
Balanced,2020-01-10 07:48:00,0.023532,228.379,0.6666,49.983
Balanced,2020-01-10 07:51:00,0.023351,230.432,0.6661,49.959
Balanced,2020-01-10 07:54:00,0.02105,227.703,0.6457,49.972
Balanced,2020-01-10 07:57:00,0.028086,226.474,0.7717,49.98
Balanced,2020-01-10 08:00:00,0.02546,228.454,0.7349,49.99
Balanced,2020-01-10 08:03:00,0.018488,229.286,0.5737,49.977
Balanced,2020-01-10 08:06:00,0.024232,227.028,0.7763,49.963
Balanced,2020-01-10 08:09:00,0.021262,227.083,0.6777,49.989
Balanced,2020-01-10 08:12:00,0.025553,227.19,0.7106,49.952
Balanced,2020-01-10 08:15:00,0.026946,228.276,0.6973,49.975
Balanced,2020-01-10 08:18:00,0.021287,227.192,0.612,49.963
Balanced,2020-01-10 08:21:00,0.020203,227.866,0.6489,49.97
Balanced,2020-01-10 08:24:00,0.027451,226.924,0.7459,49.958
Balanced,2020-01-10 08:27:00,0.027492,227.905,0.6679,49.992
Balanced,2020-01-10 08:30:00,0.019456,226.714,0.6354,49.983
Balanced,2020-01-10 08:33:00,0.022013,228.494,0.5964,49.983
Balanced,2020-01-10 08:36:00,0.01922,227.445,0.6448,49.957
Balanced,2020-01-10 08:39:00,0.024367,228.091,0.6731,49.977
Balanced,2020-01-10 08:42:00,0.020345,228.043,0.6766,49.984
Balanced,2020-01-10 08:45:00,0.018763,227.504,0.617,49.989
Balanced,2020-01-10 08:48:00,0.014878,229.481,0.4462,49.986
Balanced,2020-01-10 08:51:00,0.026903,228.352,0.7136,49.972
Balanced,2020-01-10 08:54:00,0.025068,228.26,0.7404,49.992
Balanced,2020-01-10 08:57:00,0.022803,227.171,0.7586,49.974
Balanced,2020-01-10 09:00:00,0.023979,227.954,0.8101,49.977
Balanced,2020-01-10 09:03:00,0.021629,228.04,0.6093,49.98
Balanced,2020-01-10 09:06:00,0.019794,228.595,0.5515,49.983
Balanced,2020-01-10 09:09:00,0.029902,227.356,0.8268,49.961
Balanced,2020-01-10 09:12:00,0.024251,227.637,0.6863,49.989
Balanced,2020-01-10 09:15:00,0.023827,227.302,0.7237,49.997
Balanced,2020-01-10 09:18:00,0.020209,228.103,0.6207,49.992
Balanced,2020-01-10 09:21:00,0.019687,228.35,0.5695,49.969
Balanced,2020-01-10 09:24:00,0.019462,228.223,0.6393,49.987
Balanced,2020-01-10 09:27:00,0.031472,225.917,0.7912,49.956
Balanced,2020-01-10 09:30:00,0.030188,226.004,0.7547,49.973
Balanced,2020-01-10 09:33:00,0.021426,229.484,0.6551,49.993
Balanced,2020-01-10 09:36:00,0.021627,227.935,0.6512,49.963
Balanced,2020-01-10 09:39:00,0.019815,228.557,0.5465,49.989
Balanced,2020-01-10 09:42:00,0.012815,230.072,0.4983,49.965
Balanced,2020-01-10 09:45:00,0.024051,227.498,0.6713,49.979
Balanced,2020-01-10 09:48:00,0.023511,227.88,0.6793,49.956
Balanced,2020-01-10 09:51:00,0.018922,226.993,0.6173,49.983
Balanced,2020-01-10 09:54:00,0.021653,227.663,0.7174,49.981
Balanced,2020-01-10 09:57:00,0.020012,227.528,0.7077,49.98
Balanced,2020-01-10 10:00:00,0.018383,229.1,0.5671,49.968
Balanced,2020-01-10 10:03:00,0.017333,228.204,0.5976,49.977
Balanced,2020-01-10 10:06:00,0.021781,227.393,0.6443,49.961
Balanced,2020-01-10 10:09:00,0.020497,227.542,0.5559,49.988
Balanced,2020-01-10 10:12:00,0.017501,228.35,0.5176,50.013
Balanced,2020-01-10 10:15:00,0.019747,228.14,0.5724,50.013
Balanced,2020-01-10 10:18:00,0.015801,228.18,0.5139,49.971
Balanced,2020-01-10 10:21:00,0.022557,227.373,0.6142,49.99
Balanced,2020-01-10 10:24:00,0.016768,230.656,0.5349,49.998
Balanced,2020-01-10 10:27:00,0.025602,226.433,0.7047,49.991
Balanced,2020-01-10 10:30:00,0.017564,229.062,0.5514,49.977
Balanced,2020-01-10 10:33:00,0.013468,230.06,0.5304,49.99
Balanced,2020-01-10 10:36:00,0.015531,228.078,0.4939,49.974
Balanced,2020-01-10 10:39:00,0.021644,228.132,0.6605,49.99
Balanced,2020-01-10 10:42:00,0.018079,229.728,0.6313,49.975
Balanced,2020-01-10 10:45:00,0.012197,229.836,0.4463,49.998
Balanced,2020-01-10 10:48:00,0.018195,228.976,0.5382,49.975
Balanced,2020-01-10 10:51:00,0.021858,227.505,0.7184,49.976
Balanced,2020-01-10 10:54:00,0.017919,229.718,0.5103,49.979
Balanced,2020-01-10 10:57:00,0.014889,230.166,0.5643,49.984
Balanced,2020-01-10 11:00:00,0.014555,229.22,0.569,49.955
Balanced,2020-01-10 11:03:00,0.015376,230.044,0.5509,49.971
Balanced,2020-01-10 11:06:00,0.017559,228.615,0.6619,50.008
Balanced,2020-01-10 11:09:00,0.015703,230.82,0.5465,49.969
Balanced,2020-01-10 11:12:00,0.014959,229.199,0.5581,50.005
Balanced,2020-01-10 11:15:00,0.01891,227.204,0.5722,49.963
Balanced,2020-01-10 11:18:00,0.019809,229.871,0.6436,49.982
Balanced,2020-01-10 11:21:00,0.019871,228.543,0.6039,49.973
Balanced,2020-01-10 11:24:00,0.022469,227.604,0.6714,49.965
Balanced,2020-01-10 11:27:00,0.020199,227.804,0.6034,49.96
Balanced,2020-01-10 11:30:00,0.022688,229.45,0.6511,49.995
Balanced,2020-01-10 11:33:00,0.015701,228.731,0.5441,49.986
Balanced,2020-01-10 11:36:00,0.017505,229.67,0.5947,49.978
Balanced,2020-01-10 11:39:00,0.0175,228.973,0.5524,49.98
Balanced,2020-01-10 11:42:00,0.018083,228.147,0.6112,49.988
Balanced,2020-01-10 11:45:00,0.023054,227.978,0.6333,49.996
Balanced,2020-01-10 11:48:00,0.019775,228.606,0.6391,49.985
Balanced,2020-01-10 11:51:00,0.015929,229.265,0.4768,49.98
Balanced,2020-01-10 11:54:00,0.020697,227.881,0.6152,49.958
Balanced,2020-01-10 11:57:00,0.01624,230.322,0.5849,49.992
Balanced,2020-01-10 12:00:00,0.017658,229.752,0.5518,49.976
Balanced,2020-01-10 12:03:00,0.02727,226.549,0.7393,49.957
Balanced,2020-01-10 12:06:00,0.019673,227.041,0.6033,49.981
Balanced,2020-01-10 12:09:00,0.018744,227.607,0.5234,49.982
Balanced,2020-01-10 12:12:00,0.015307,230.192,0.5246,49.988
Balanced,2020-01-10 12:15:00,0.018174,228.73,0.6178,49.956
Balanced,2020-01-10 12:18:00,0.01746,228.349,0.6042,49.989
Balanced,2020-01-10 12:21:00,0.020025,229.627,0.573,49.965
Balanced,2020-01-10 12:24:00,0.017836,228.08,0.5808,49.989
Balanced,2020-01-10 12:27:00,0.019151,227.338,0.6372,49.982
Balanced,2020-01-10 12:30:00,0.017454,228.313,0.5304,49.993
Balanced,2020-01-10 12:33:00,0.014889,228.797,0.5436,50.003
Balanced,2020-01-10 12:36:00,0.022799,227.915,0.6132,49.975
Balanced,2020-01-10 12:39:00,0.019517,229.182,0.6487,49.981
Balanced,2020-01-10 12:42:00,0.022363,228.28,0.6388,49.98
Balanced,2020-01-10 12:45:00,0.026338,228.13,0.7157,49.987
Balanced,2020-01-10 12:48:00,0.014442,230.829,0.5314,49.99
Balanced,2020-01-10 12:51:00,0.018216,227.739,0.514,49.975
Balanced,2020-01-10 12:54:00,0.019442,229.203,0.6779,49.99
Balanced,2020-01-10 12:57:00,0.026463,228.755,0.7803,49.99
Balanced,2020-01-10 13:00:00,0.020404,227.229,0.6,49.972
Balanced,2020-01-10 13:03:00,0.021495,227.135,0.6071,49.962
Balanced,2020-01-10 13:06:00,0.018022,227.657,0.5925,49.978
Balanced,2020-01-10 13:09:00,0.023984,227.31,0.627,49.987
Balanced,2020-01-10 13:12:00,0.023461,227.005,0.6284,49.954
Balanced,2020-01-10 13:15:00,0.019084,229.208,0.6786,49.998
Balanced,2020-01-10 13:18:00,0.020601,227.747,0.5681,49.968
Balanced,2020-01-10 13:21:00,0.018692,229.906,0.5359,49.988
Balanced,2020-01-10 13:24:00,0.01948,228.654,0.5863,49.992
Balanced,2020-01-10 13:27:00,0.020538,228.97,0.6066,49.957
Balanced,2020-01-10 13:30:00,0.021172,229.443,0.5694,49.996
Balanced,2020-01-10 13:33:00,0.024814,227.279,0.6546,49.968
Balanced,2020-01-10 13:36:00,0.020439,228.327,0.6035,49.973
Balanced,2020-01-10 13:39:00,0.022257,228.34,0.5897,49.96
Balanced,2020-01-10 13:42:00,0.022775,229.534,0.6939,49.966
Balanced,2020-01-10 13:45:00,0.021272,229.576,0.6563,49.968
Balanced,2020-01-10 13:48:00,0.020673,227.514,0.6432,49.973
Balanced,2020-01-10 13:51:00,0.021122,227.716,0.5876,49.985
Balanced,2020-01-10 13:54:00,0.022386,229.378,0.6672,49.981
Balanced,2020-01-10 13:57:00,0.02593,227.985,0.6778,49.985
Balanced,2020-01-10 14:00:00,0.021851,229.291,0.6673,49.977
Balanced,2020-01-10 14:03:00,0.022559,229.063,0.6628,49.999
Balanced,2020-01-10 14:06:00,0.019847,228.717,0.6504,49.977
Balanced,2020-01-10 14:09:00,0.025526,227.172,0.6874,49.959
Balanced,2020-01-10 14:12:00,0.025852,228.216,0.6449,49.966
Balanced,2020-01-10 14:15:00,0.023051,227.796,0.6827,49.997
Balanced,2020-01-10 14:18:00,0.019399,228.778,0.6132,49.99
Balanced,2020-01-10 14:21:00,0.025091,227.169,0.6657,49.979
Balanced,2020-01-10 14:24:00,0.018358,227.569,0.5956,49.996
Balanced,2020-01-10 14:27:00,0.02368,228.212,0.7,49.977
Balanced,2020-01-10 14:30:00,0.027275,226.428,0.7979,49.98
Balanced,2020-01-10 14:33:00,0.028516,226.981,0.7848,49.995
Balanced,2020-01-10 14:36:00,0.020181,227.501,0.606,49.967
Balanced,2020-01-10 14:39:00,0.024265,229.246,0.671,49.968
Balanced,2020-01-10 14:42:00,0.025148,228.715,0.6676,49.989
Balanced,2020-01-10 14:45:00,0.018948,226.102,0.6405,49.979
Balanced,2020-01-10 14:48:00,0.025948,226.558,0.7132,49.962
Balanced,2020-01-10 14:51:00,0.023092,228.223,0.7118,49.984
Balanced,2020-01-10 14:54:00,0.028025,226.891,0.7533,49.979
Balanced,2020-01-10 14:57:00,0.021332,227.259,0.6459,49.969
Balanced,2020-01-10 15:00:00,0.020571,228.135,0.6682,49.987
Balanced,2020-01-10 15:03:00,0.015082,228.801,0.4928,49.987
Balanced,2020-01-10 15:06:00,0.021357,228.99,0.5998,49.973
Balanced,2020-01-10 15:09:00,0.02188,226.501,0.701,49.984
Balanced,2020-01-10 15:12:00,0.024722,227.968,0.6885,49.987
Balanced,2020-01-10 15:15:00,0.017352,228.432,0.4935,49.983
Balanced,2020-01-10 15:18:00,0.018142,229.094,0.5588,49.988
Balanced,2020-01-10 15:21:00,0.024617,227.048,0.6987,49.973
Balanced,2020-01-10 15:24:00,0.02269,227.512,0.666,49.991
Balanced,2020-01-10 15:27:00,0.020743,228.274,0.6143,49.973
Balanced,2020-01-10 15:30:00,0.019317,229.026,0.5611,49.991
Balanced,2020-01-10 15:33:00,0.021336,227.393,0.6432,49.976
Balanced,2020-01-10 15:36:00,0.027018,227.709,0.779,49.99
Balanced,2020-01-10 15:39:00,0.023946,226.675,0.6934,49.971
Balanced,2020-01-10 15:42:00,0.02097,227.88,0.587,49.98
Balanced,2020-01-10 15:45:00,0.022609,227.866,0.6473,49.983
Balanced,2020-01-10 15:48:00,0.018819,228.274,0.5041,49.982
Balanced,2020-01-10 15:51:00,0.019386,229.472,0.5552,49.999
Balanced,2020-01-10 15:54:00,0.018975,227.998,0.6156,49.997
Balanced,2020-01-10 15:57:00,0.019344,229.37,0.5825,49.967
Balanced,2020-01-10 16:00:00,0.017524,229.964,0.5887,49.964
Balanced,2020-01-10 16:03:00,0.021256,229.572,0.648,49.977
Balanced,2020-01-10 16:06:00,0.019853,228.338,0.5816,49.974
Balanced,2020-01-10 16:09:00,0.026307,227.203,0.7265,49.974
Balanced,2020-01-10 16:12:00,0.028178,226.3,0.7587,49.961
Balanced,2020-01-10 16:15:00,0.017595,228.63,0.5772,49.982
Balanced,2020-01-10 16:18:00,0.019406,227.462,0.5679,49.985
Balanced,2020-01-10 16:21:00,0.021285,226.672,0.6553,49.982
Balanced,2020-01-10 16:24:00,0.022296,227.829,0.6709,49.989
Balanced,2020-01-10 16:27:00,0.01542,229.118,0.5158,49.99
Balanced,2020-01-10 16:30:00,0.024794,227.895,0.6181,49.965
Balanced,2020-01-10 16:33:00,0.018588,226.827,0.579,49.981
Balanced,2020-01-10 16:36:00,0.018841,228.073,0.6056,49.989
Balanced,2020-01-10 16:39:00,0.022588,228.196,0.647,49.964
Balanced,2020-01-10 16:42:00,0.020354,229.021,0.6262,49.999
Balanced,2020-01-10 16:45:00,0.019673,227.891,0.6024,49.951
Balanced,2020-01-10 16:48:00,0.014776,231.131,0.5604,49.985
Balanced,2020-01-10 16:51:00,0.016802,228.706,0.5443,49.976
Balanced,2020-01-10 16:54:00,0.01664,229.103,0.5039,50.013
Balanced,2020-01-10 16:57:00,0.019994,227.685,0.6415,50.005
Balanced,2020-01-10 17:00:00,0.01849,229.423,0.5763,49.97
Balanced,2020-01-10 17:03:00,0.015251,228.801,0.5694,50.013
Balanced,2020-01-10 17:06:00,0.014302,232.273,0.5179,50.0
Balanced,2020-01-10 17:09:00,0.020412,227.732,0.5993,49.995
Balanced,2020-01-10 17:12:00,0.019103,229.589,0.6811,49.979
Balanced,2020-01-10 17:15:00,0.024,228.101,0.646,49.969
Balanced,2020-01-10 17:18:00,0.022991,227.546,0.6745,49.998
Balanced,2020-01-10 17:21:00,0.011249,230.529,0.4832,49.992
Balanced,2020-01-10 17:24:00,0.022464,228.902,0.6668,49.974
Balanced,2020-01-10 17:27:00,0.021954,227.666,0.6401,49.994
Balanced,2020-01-10 17:30:00,0.020191,228.91,0.5941,49.963
Balanced,2020-01-10 17:33:00,0.017324,227.905,0.5757,49.976
Balanced,2020-01-10 17:36:00,0.021552,227.745,0.6493,49.98
Balanced,2020-01-10 17:39:00,0.02501,226.802,0.7388,50.0
Balanced,2020-01-10 17:42:00,0.020951,228.982,0.6443,49.972
Balanced,2020-01-10 17:45:00,0.022675,227.763,0.6394,49.963
Balanced,2020-01-10 17:48:00,0.017787,228.44,0.5492,49.976
Balanced,2020-01-10 17:51:00,0.023857,226.794,0.7326,49.979
Balanced,2020-01-10 17:54:00,0.016335,228.362,0.4956,49.975
Balanced,2020-01-10 17:57:00,0.026589,227.542,0.7817,49.989
Balanced,2020-01-10 18:00:00,0.020214,228.666,0.5566,49.976
Balanced,2020-01-10 18:03:00,0.022337,228.419,0.6092,49.961
Balanced,2020-01-10 18:06:00,0.019508,228.15,0.5562,49.986
Balanced,2020-01-10 18:09:00,0.021534,227.674,0.6847,49.974
Balanced,2020-01-10 18:12:00,0.022497,228.001,0.6965,49.99
Balanced,2020-01-10 18:15:00,0.026347,227.25,0.7153,49.97
Balanced,2020-01-10 18:18:00,0.01938,229.854,0.6535,49.994
Balanced,2020-01-10 18:21:00,0.027621,228.068,0.7254,49.973
Balanced,2020-01-10 18:24:00,0.023187,227.84,0.6653,49.968
Balanced,2020-01-10 18:27:00,0.026192,226.774,0.7425,49.968
Balanced,2020-01-10 18:30:00,0.029815,226.173,0.7517,49.969
Balanced,2020-01-10 18:33:00,0.022124,227.35,0.5935,49.951
Balanced,2020-01-10 18:36:00,0.026714,226.399,0.7148,49.982
Balanced,2020-01-10 18:39:00,0.021077,227.815,0.6212,50.0
Balanced,2020-01-10 18:42:00,0.01844,230.766,0.6623,49.988
Balanced,2020-01-10 18:45:00,0.026342,226.774,0.7359,49.979
Balanced,2020-01-10 18:48:00,0.033122,225.755,0.9037,49.965
Balanced,2020-01-10 18:51:00,0.025665,227.625,0.7368,49.998
Balanced,2020-01-10 18:54:00,0.028498,225.801,0.8588,49.989
Balanced,2020-01-10 18:57:00,0.02628,227.154,0.7059,49.998
Balanced,2020-01-10 19:00:00,0.020048,226.566,0.6037,49.955
Balanced,2020-01-10 19:03:00,0.024209,226.424,0.7136,49.983
Balanced,2020-01-10 19:06:00,0.020181,227.746,0.638,49.99
Balanced,2020-01-10 19:09:00,0.027166,227.307,0.7473,49.979
Balanced,2020-01-10 19:12:00,0.026955,228.083,0.7216,49.981
Balanced,2020-01-10 19:15:00,0.025572,225.726,0.6831,49.976
Balanced,2020-01-10 19:18:00,0.034386,225.732,0.8216,49.977
Balanced,2020-01-10 19:21:00,0.032707,224.943,0.8679,49.981
Balanced,2020-01-10 19:24:00,0.030183,226.817,0.7416,49.971
Balanced,2020-01-10 19:27:00,0.027677,226.566,0.7866,49.969
Balanced,2020-01-10 19:30:00,0.017862,228.781,0.5687,49.977
Balanced,2020-01-10 19:33:00,0.02585,226.057,0.6911,49.973
Balanced,2020-01-10 19:36:00,0.023831,228.168,0.6866,49.971
Balanced,2020-01-10 19:39:00,0.025998,227.9,0.6849,49.981
Balanced,2020-01-10 19:42:00,0.027531,226.264,0.7225,49.976
Balanced,2020-01-10 19:45:00,0.029035,226.946,0.7555,49.986
Balanced,2020-01-10 19:48:00,0.029356,226.033,0.8463,49.992
Balanced,2020-01-10 19:51:00,0.026401,226.662,0.7315,49.973
Balanced,2020-01-10 19:54:00,0.027558,226.529,0.7372,49.973
Balanced,2020-01-10 19:57:00,0.022014,228.875,0.6299,49.993
Balanced,2020-01-10 20:00:00,0.027452,225.839,0.7358,49.972
Balanced,2020-01-10 20:03:00,0.03131,226.432,0.8277,49.964
Balanced,2020-01-10 20:06:00,0.022912,227.311,0.6549,50.003
Balanced,2020-01-10 20:09:00,0.029046,227.664,0.7883,49.972
Balanced,2020-01-10 20:12:00,0.024422,226.667,0.705,49.971
Balanced,2020-01-10 20:15:00,0.025042,227.94,0.6921,49.958
Balanced,2020-01-10 20:18:00,0.022966,226.128,0.6778,49.984
Balanced,2020-01-10 20:21:00,0.023006,226.828,0.621,49.994
Balanced,2020-01-10 20:24:00,0.028594,227.187,0.7778,49.994
Balanced,2020-01-10 20:27:00,0.036417,224.782,0.9378,49.976
Balanced,2020-01-10 20:30:00,0.026821,227.41,0.7592,49.966
Balanced,2020-01-10 20:33:00,0.016609,229.057,0.5715,50.001
Balanced,2020-01-10 20:36:00,0.020753,228.488,0.6298,49.989
Balanced,2020-01-10 20:39:00,0.031687,226.059,0.7956,49.99
Balanced,2020-01-10 20:42:00,0.01694,228.884,0.521,49.961
Balanced,2020-01-10 20:45:00,0.026174,226.672,0.684,49.969
Balanced,2020-01-10 20:48:00,0.02866,225.662,0.7215,49.993
Balanced,2020-01-10 20:51:00,0.02922,225.578,0.7949,49.985
Balanced,2020-01-10 20:54:00,0.022973,226.976,0.6928,49.983
Balanced,2020-01-10 20:57:00,0.026239,226.934,0.7539,50.014
Balanced,2020-01-10 21:00:00,0.025722,228.035,0.7299,49.984
Balanced,2020-01-10 21:03:00,0.028582,226.824,0.7438,49.973
Balanced,2020-01-10 21:06:00,0.023267,227.239,0.6535,49.96
Balanced,2020-01-10 21:09:00,0.016679,228.351,0.529,49.998
Balanced,2020-01-10 21:12:00,0.021781,227.807,0.6445,49.959
Balanced,2020-01-10 21:15:00,0.029365,227.144,0.7874,49.977
Balanced,2020-01-10 21:18:00,0.027225,226.086,0.7008,49.977
Balanced,2020-01-10 21:21:00,0.01912,228.263,0.6011,49.981
Balanced,2020-01-10 21:24:00,0.022544,227.393,0.6708,49.981
Balanced,2020-01-10 21:27:00,0.025275,228.359,0.7219,49.963
Balanced,2020-01-10 21:30:00,0.022597,228.018,0.6222,49.98
Balanced,2020-01-10 21:33:00,0.021748,227.714,0.6413,49.991
Balanced,2020-01-10 21:36:00,0.019517,229.779,0.6262,50.003
Balanced,2020-01-10 21:39:00,0.019379,229.547,0.6308,49.979
Balanced,2020-01-10 21:42:00,0.024967,227.685,0.6296,49.977
Balanced,2020-01-10 21:45:00,0.024881,227.283,0.7534,49.963
Balanced,2020-01-10 21:48:00,0.018883,228.739,0.6148,49.993
Balanced,2020-01-10 21:51:00,0.029322,227.651,0.8296,49.966
Balanced,2020-01-10 21:54:00,0.019076,227.644,0.5991,49.956
Balanced,2020-01-10 21:57:00,0.018217,229.298,0.5934,49.983
Balanced,2020-01-10 22:00:00,0.018077,228.12,0.5374,49.982
Balanced,2020-01-10 22:03:00,0.023316,228.026,0.6625,49.979
Balanced,2020-01-10 22:06:00,0.026979,227.007,0.7674,49.975
Balanced,2020-01-10 22:09:00,0.029395,227.243,0.7668,49.988
Balanced,2020-01-10 22:12:00,0.017888,228.673,0.5849,49.985
Balanced,2020-01-10 22:15:00,0.02067,227.751,0.6233,49.99
Balanced,2020-01-10 22:18:00,0.028331,226.234,0.8094,49.965
Balanced,2020-01-10 22:21:00,0.018972,227.847,0.5834,49.972
Balanced,2020-01-10 22:24:00,0.021074,227.869,0.6303,49.958
Balanced,2020-01-10 22:27:00,0.0219,229.586,0.6687,49.985
Balanced,2020-01-10 22:30:00,0.019681,229.764,0.54,49.988
Balanced,2020-01-10 22:33:00,0.018847,228.728,0.6706,49.985
Balanced,2020-01-10 22:36:00,0.014564,229.994,0.51,49.987
Balanced,2020-01-10 22:39:00,0.025242,227.89,0.6553,49.966
Balanced,2020-01-10 22:42:00,0.022296,229.29,0.6771,49.989
Balanced,2020-01-10 22:45:00,0.021564,228.557,0.6303,49.997
Balanced,2020-01-10 22:48:00,0.019563,228.285,0.5816,49.983
Balanced,2020-01-10 22:51:00,0.015529,228.881,0.538,49.99
Balanced,2020-01-10 22:54:00,0.01828,229.501,0.6491,49.971
Balanced,2020-01-10 22:57:00,0.023388,228.468,0.5947,49.979
Balanced,2020-01-10 23:00:00,0.016349,228.92,0.5471,49.985
Balanced,2020-01-10 23:03:00,0.018394,228.898,0.6175,50.013
Balanced,2020-01-10 23:06:00,0.025321,228.016,0.7019,49.99
Balanced,2020-01-10 23:09:00,0.01602,229.595,0.522,49.97
Balanced,2020-01-10 23:12:00,0.018571,228.353,0.6112,49.99
Balanced,2020-01-10 23:15:00,0.021693,227.528,0.6301,49.991
Balanced,2020-01-10 23:18:00,0.020462,227.765,0.559,49.975
Balanced,2020-01-10 23:21:00,0.015618,228.231,0.5486,49.984
Balanced,2020-01-10 23:24:00,0.015115,229.629,0.4588,49.959
Balanced,2020-01-10 23:27:00,0.025934,228.105,0.6963,49.963
Balanced,2020-01-10 23:30:00,0.02447,226.63,0.633,49.982
Balanced,2020-01-10 23:33:00,0.018522,228.38,0.5357,49.983
Balanced,2020-01-10 23:36:00,0.023597,229.529,0.742,49.995
Balanced,2020-01-10 23:39:00,0.027627,227.691,0.7074,49.953
Balanced,2020-01-10 23:42:00,0.026579,226.065,0.7076,49.97
Balanced,2020-01-10 23:45:00,0.020878,227.977,0.5999,49.987
Balanced,2020-01-10 23:48:00,0.016618,228.754,0.5361,49.996
Balanced,2020-01-10 23:51:00,0.021303,227.645,0.7172,49.972
Balanced,2020-01-10 23:54:00,0.017411,229.194,0.5706,49.997
Balanced,2020-01-10 23:57:00,0.023338,227.631,0.6333,49.983
Balanced,2020-01-11 00:00:00,0.01759,229.022,0.5182,49.98
Balanced,2020-01-11 00:03:00,0.021837,228.707,0.6252,49.977
Balanced,2020-01-11 00:06:00,0.019034,227.384,0.6027,49.995
Balanced,2020-01-11 00:09:00,0.017993,228.873,0.5551,49.98
Balanced,2020-01-11 00:12:00,0.02134,228.629,0.7277,49.974
Balanced,2020-01-11 00:15:00,0.021559,228.503,0.6519,49.988
Balanced,2020-01-11 00:18:00,0.014967,229.16,0.44,49.979
Balanced,2020-01-11 00:21:00,0.018841,227.797,0.5865,49.998
Balanced,2020-01-11 00:24:00,0.016142,228.186,0.5413,49.988
Balanced,2020-01-11 00:27:00,0.019128,228.336,0.6139,49.965
Balanced,2020-01-11 00:30:00,0.02097,226.306,0.6347,49.977
Balanced,2020-01-11 00:33:00,0.019315,228.184,0.5819,49.96
Balanced,2020-01-11 00:36:00,0.022321,227.549,0.6141,49.983
Balanced,2020-01-11 00:39:00,0.017928,227.62,0.4728,49.987
Balanced,2020-01-11 00:42:00,0.024916,227.063,0.7273,49.978
Balanced,2020-01-11 00:45:00,0.018823,228.798,0.5197,49.979
Balanced,2020-01-11 00:48:00,0.01873,228.559,0.5804,49.992
Balanced,2020-01-11 00:51:00,0.017544,228.832,0.5498,49.985
Balanced,2020-01-11 00:54:00,0.020292,228.504,0.6032,49.963
Balanced,2020-01-11 00:57:00,0.021142,227.508,0.6525,49.986
Balanced,2020-01-11 01:00:00,0.018768,228.027,0.6145,49.976
Balanced,2020-01-11 01:03:00,0.016138,227.39,0.5533,49.996
Balanced,2020-01-11 01:06:00,0.016842,228.288,0.584,50.002
Balanced,2020-01-11 01:09:00,0.018069,228.46,0.5743,49.977
Balanced,2020-01-11 01:12:00,0.021077,228.506,0.6087,49.992
Balanced,2020-01-11 01:15:00,0.018793,228.708,0.5897,49.968
Balanced,2020-01-11 01:18:00,0.017469,227.328,0.5336,49.986
Balanced,2020-01-11 01:21:00,0.021044,227.951,0.5605,49.996
Balanced,2020-01-11 01:24:00,0.020058,228.57,0.5571,49.976
Balanced,2020-01-11 01:27:00,0.022582,228.007,0.6254,49.985
Balanced,2020-01-11 01:30:00,0.027096,227.082,0.7163,49.969
Balanced,2020-01-11 01:33:00,0.014941,228.017,0.5361,49.98
Balanced,2020-01-11 01:36:00,0.0173,229.887,0.5804,50.01
Balanced,2020-01-11 01:39:00,0.021785,226.738,0.5953,49.975
Balanced,2020-01-11 01:42:00,0.021644,228.807,0.6572,49.989
Balanced,2020-01-11 01:45:00,0.020134,229.239,0.6285,49.957
Balanced,2020-01-11 01:48:00,0.022509,228.247,0.6296,49.972
Balanced,2020-01-11 01:51:00,0.020075,229.194,0.6061,49.963
Balanced,2020-01-11 01:54:00,0.016081,228.144,0.5614,49.981
Balanced,2020-01-11 01:57:00,0.021202,229.024,0.6372,49.98
Balanced,2020-01-11 02:00:00,0.020615,227.829,0.6375,49.953
Balanced,2020-01-11 02:03:00,0.015793,229.208,0.4955,49.983
Balanced,2020-01-11 02:06:00,0.018701,229.083,0.6001,49.962
Balanced,2020-01-11 02:09:00,0.021077,227.652,0.6186,49.982
Balanced,2020-01-11 02:12:00,0.018737,229.317,0.6375,49.97
Balanced,2020-01-11 02:15:00,0.014352,230.67,0.4843,49.972
Balanced,2020-01-11 02:18:00,0.022831,227.176,0.6791,49.961
Balanced,2020-01-11 02:21:00,0.017892,228.824,0.5106,49.966
Balanced,2020-01-11 02:24:00,0.017142,229.813,0.5891,50.011
Balanced,2020-01-11 02:27:00,0.017549,229.363,0.5806,50.004
Balanced,2020-01-11 02:30:00,0.017502,229.376,0.6134,49.993
Balanced,2020-01-11 02:33:00,0.019078,229.464,0.5955,49.98
Balanced,2020-01-11 02:36:00,0.017598,229.266,0.5857,49.986
Balanced,2020-01-11 02:39:00,0.017223,229.505,0.5935,50.02
Balanced,2020-01-11 02:42:00,0.018444,229.547,0.5934,49.976
Balanced,2020-01-11 02:45:00,0.02334,228.925,0.7288,49.963
Balanced,2020-01-11 02:48:00,0.018453,230.01,0.6015,49.976
Balanced,2020-01-11 02:51:00,0.016176,228.227,0.5539,50.002
Balanced,2020-01-11 02:54:00,0.022056,227.891,0.5967,49.963
Balanced,2020-01-11 02:57:00,0.019168,229.243,0.5812,49.963
Balanced,2020-01-11 03:00:00,0.019681,230.253,0.6238,49.968
Balanced,2020-01-11 03:03:00,0.014963,229.308,0.5405,49.998
Balanced,2020-01-11 03:06:00,0.019273,227.697,0.6641,49.992
Balanced,2020-01-11 03:09:00,0.01916,228.043,0.6514,50.003
Balanced,2020-01-11 03:12:00,0.017436,229.3,0.5112,50.007
Balanced,2020-01-11 03:15:00,0.022635,227.278,0.6812,49.975
Balanced,2020-01-11 03:18:00,0.016279,228.122,0.5879,49.985
Balanced,2020-01-11 03:21:00,0.016489,229.486,0.5697,49.978
Balanced,2020-01-11 03:24:00,0.01918,228.881,0.5718,49.981
Balanced,2020-01-11 03:27:00,0.017768,228.674,0.5639,49.978
Balanced,2020-01-11 03:30:00,0.015883,230.31,0.5238,49.973
Balanced,2020-01-11 03:33:00,0.017397,229.937,0.5588,49.971
Balanced,2020-01-11 03:36:00,0.019986,229.886,0.6187,49.963
Balanced,2020-01-11 03:39:00,0.016787,228.433,0.5847,49.986
Balanced,2020-01-11 03:42:00,0.018142,227.337,0.5726,49.991
Balanced,2020-01-11 03:45:00,0.016144,228.571,0.5742,49.988
Balanced,2020-01-11 03:48:00,0.018456,229.638,0.5593,49.98
Balanced,2020-01-11 03:51:00,0.023086,229.137,0.711,49.978
Balanced,2020-01-11 03:54:00,0.018883,228.52,0.5935,49.965
Balanced,2020-01-11 03:57:00,0.020902,229.559,0.6341,49.991
Balanced,2020-01-11 04:00:00,0.020023,227.694,0.6802,49.972
Balanced,2020-01-11 04:03:00,0.018178,229.707,0.588,49.98
Balanced,2020-01-11 04:06:00,0.010554,229.831,0.4733,49.988
Balanced,2020-01-11 04:09:00,0.016386,228.692,0.5771,50.001
Balanced,2020-01-11 04:12:00,0.014444,229.992,0.4503,50.01
Balanced,2020-01-11 04:15:00,0.013954,228.533,0.4239,49.975
Balanced,2020-01-11 04:18:00,0.02494,227.046,0.7102,49.978
Balanced,2020-01-11 04:21:00,0.016101,227.901,0.5151,49.973
Balanced,2020-01-11 04:24:00,0.017017,229.388,0.6135,49.977
Balanced,2020-01-11 04:27:00,0.017159,230.218,0.5533,49.991
Balanced,2020-01-11 04:30:00,0.017638,228.092,0.5387,49.984
Balanced,2020-01-11 04:33:00,0.017761,228.035,0.513,49.986
Balanced,2020-01-11 04:36:00,0.012575,229.133,0.477,49.995
Balanced,2020-01-11 04:39:00,0.021495,228.099,0.6369,49.987
Balanced,2020-01-11 04:42:00,0.024358,227.545,0.6748,49.987
Balanced,2020-01-11 04:45:00,0.015664,229.609,0.5479,49.979
Balanced,2020-01-11 04:48:00,0.019521,228.527,0.6212,50.001
Balanced,2020-01-11 04:51:00,0.017887,229.091,0.5449,49.984
Balanced,2020-01-11 04:54:00,0.024522,226.873,0.7386,49.975
Balanced,2020-01-11 04:57:00,0.019862,228.997,0.5748,49.993
Balanced,2020-01-11 05:00:00,0.020809,227.718,0.6256,49.956
Balanced,2020-01-11 05:03:00,0.011992,230.408,0.469,49.992
Balanced,2020-01-11 05:06:00,0.01332,229.438,0.4528,49.993
Balanced,2020-01-11 05:09:00,0.015096,228.334,0.4722,50.028
Balanced,2020-01-11 05:12:00,0.014222,229.707,0.5306,49.979
Balanced,2020-01-11 05:15:00,0.022109,227.071,0.6995,49.974
Balanced,2020-01-11 05:18:00,0.020701,227.439,0.5908,49.987
Balanced,2020-01-11 05:21:00,0.023826,225.329,0.7189,49.977
Balanced,2020-01-11 05:24:00,0.019632,228.59,0.5747,49.992
Balanced,2020-01-11 05:27:00,0.01979,228.327,0.5751,49.979
Balanced,2020-01-11 05:30:00,0.015562,227.51,0.5161,49.986
Balanced,2020-01-11 05:33:00,0.02518,227.32,0.7174,49.991
Balanced,2020-01-11 05:36:00,0.024346,227.418,0.6372,49.968
Balanced,2020-01-11 05:39:00,0.020489,229.103,0.5906,49.988
Balanced,2020-01-11 05:42:00,0.021188,228.59,0.6006,49.99
Balanced,2020-01-11 05:45:00,0.014322,229.678,0.472,49.988
Balanced,2020-01-11 05:48:00,0.013143,229.734,0.5299,49.999
Balanced,2020-01-11 05:51:00,0.019792,229.775,0.5472,49.979
Balanced,2020-01-11 05:54:00,0.021909,228.131,0.5938,49.986
Balanced,2020-01-11 05:57:00,0.019816,228.563,0.6252,49.991
Balanced,2020-01-11 06:00:00,0.020371,228.124,0.6674,49.975
Balanced,2020-01-11 06:03:00,0.022688,227.584,0.6534,49.979
Balanced,2020-01-11 06:06:00,0.016809,228.88,0.5322,49.989
Balanced,2020-01-11 06:09:00,0.021553,227.455,0.6245,49.958
Balanced,2020-01-11 06:12:00,0.017695,227.612,0.5849,49.988
Balanced,2020-01-11 06:15:00,0.022342,227.986,0.6678,49.971
Balanced,2020-01-11 06:18:00,0.021605,228.036,0.6629,49.972
Balanced,2020-01-11 06:21:00,0.024525,226.767,0.6992,49.974
Balanced,2020-01-11 06:24:00,0.016955,229.769,0.5636,49.994
Balanced,2020-01-11 06:27:00,0.021701,227.876,0.5819,49.987
Balanced,2020-01-11 06:30:00,0.017931,229.475,0.5345,49.988
Balanced,2020-01-11 06:33:00,0.018714,228.085,0.5983,49.971
Balanced,2020-01-11 06:36:00,0.02507,226.961,0.7214,49.991
Balanced,2020-01-11 06:39:00,0.02323,227.532,0.6488,50.009
Balanced,2020-01-11 06:42:00,0.022722,229.874,0.6386,49.975
Balanced,2020-01-11 06:45:00,0.02099,228.318,0.6314,49.985
Balanced,2020-01-11 06:48:00,0.02654,226.125,0.7856,49.991
Balanced,2020-01-11 06:51:00,0.021585,228.759,0.6315,49.96
Balanced,2020-01-11 06:54:00,0.024187,229.386,0.701,49.963
Balanced,2020-01-11 06:57:00,0.01965,229.654,0.6185,49.992
Balanced,2020-01-11 07:00:00,0.016769,228.372,0.5073,49.977
Balanced,2020-01-11 07:03:00,0.024799,228.818,0.7315,49.967
Balanced,2020-01-11 07:06:00,0.0207,229.767,0.5754,49.994
Balanced,2020-01-11 07:09:00,0.019517,228.759,0.6033,49.954
Balanced,2020-01-11 07:12:00,0.022425,228.103,0.6625,49.99
Balanced,2020-01-11 07:15:00,0.02288,226.033,0.6267,49.983
Balanced,2020-01-11 07:18:00,0.025488,227.384,0.7015,49.968
Balanced,2020-01-11 07:21:00,0.022029,227.798,0.6441,49.996
Balanced,2020-01-11 07:24:00,0.020755,227.945,0.6145,49.979
Balanced,2020-01-11 07:27:00,0.022425,228.329,0.5929,49.979
Balanced,2020-01-11 07:30:00,0.024804,228.621,0.6522,49.961
Balanced,2020-01-11 07:33:00,0.021694,227.793,0.6441,49.976
Balanced,2020-01-11 07:36:00,0.024643,228.474,0.6707,49.964
Balanced,2020-01-11 07:39:00,0.018821,228.842,0.6294,49.989
Balanced,2020-01-11 07:42:00,0.026084,226.331,0.6994,49.966
Balanced,2020-01-11 07:45:00,0.021974,226.376,0.5812,49.958
Balanced,2020-01-11 07:48:00,0.025244,227.445,0.7493,49.988
Balanced,2020-01-11 07:51:00,0.029818,227.312,0.8159,49.972
Balanced,2020-01-11 07:54:00,0.030625,227.024,0.7543,49.96
Balanced,2020-01-11 07:57:00,0.019114,229.034,0.606,49.985
Balanced,2020-01-11 08:00:00,0.020712,228.284,0.6821,49.968
Balanced,2020-01-11 08:03:00,0.023408,227.258,0.69,49.978
Balanced,2020-01-11 08:06:00,0.026411,227.915,0.7212,49.981
Balanced,2020-01-11 08:09:00,0.022223,227.418,0.6559,49.982
Balanced,2020-01-11 08:12:00,0.025237,229.123,0.7039,49.992
Balanced,2020-01-11 08:15:00,0.023225,230.259,0.6593,49.981
Balanced,2020-01-11 08:18:00,0.01998,227.562,0.6092,49.997
Balanced,2020-01-11 08:21:00,0.021897,228.528,0.6645,49.954
Balanced,2020-01-11 08:24:00,0.021666,228.213,0.6109,49.966
Balanced,2020-01-11 08:27:00,0.023724,228.554,0.7067,49.998
Balanced,2020-01-11 08:30:00,0.028174,226.171,0.6631,49.999
Balanced,2020-01-11 08:33:00,0.027712,226.243,0.7068,49.971
Balanced,2020-01-11 08:36:00,0.02069,228.555,0.6398,49.986
Balanced,2020-01-11 08:39:00,0.025973,226.737,0.7607,49.973
Balanced,2020-01-11 08:42:00,0.024644,228.681,0.7095,49.953
Balanced,2020-01-11 08:45:00,0.015113,228.803,0.5801,49.976
Balanced,2020-01-11 08:48:00,0.018409,228.515,0.5943,49.98
Balanced,2020-01-11 08:51:00,0.022575,228.72,0.6111,49.991
Balanced,2020-01-11 08:54:00,0.022661,227.426,0.6495,49.983
Balanced,2020-01-11 08:57:00,0.027121,227.677,0.7102,49.983
Balanced,2020-01-11 09:00:00,0.024622,226.966,0.7018,49.991
Balanced,2020-01-11 09:03:00,0.027389,227.817,0.744,49.951
Balanced,2020-01-11 09:06:00,0.025775,226.924,0.6993,49.978
Balanced,2020-01-11 09:09:00,0.018554,228.497,0.6527,49.994
Balanced,2020-01-11 09:12:00,0.022345,227.507,0.6144,49.982
Balanced,2020-01-11 09:15:00,0.021845,228.191,0.6243,49.987
Balanced,2020-01-11 09:18:00,0.023498,228.136,0.6388,49.966
Balanced,2020-01-11 09:21:00,0.019125,227.398,0.5756,49.981
Balanced,2020-01-11 09:24:00,0.023809,226.255,0.6625,49.964
Balanced,2020-01-11 09:27:00,0.01705,230.137,0.5726,49.985
Balanced,2020-01-11 09:30:00,0.017121,228.47,0.5563,49.987
Balanced,2020-01-11 09:33:00,0.018542,228.949,0.5795,49.977
Balanced,2020-01-11 09:36:00,0.018775,228.955,0.6158,49.984
Balanced,2020-01-11 09:39:00,0.024837,226.557,0.7077,49.996
Balanced,2020-01-11 09:42:00,0.018576,226.708,0.5479,49.991
Balanced,2020-01-11 09:45:00,0.021249,228.153,0.6027,49.956
Balanced,2020-01-11 09:48:00,0.026068,226.539,0.8335,49.975
Balanced,2020-01-11 09:51:00,0.019239,228.399,0.5876,49.997
Balanced,2020-01-11 09:54:00,0.017811,228.029,0.6077,50.007
Balanced,2020-01-11 09:57:00,0.018714,229.108,0.5579,49.984
Balanced,2020-01-11 10:00:00,0.020225,228.989,0.62,49.985
Balanced,2020-01-11 10:03:00,0.018858,227.691,0.6128,49.969
Balanced,2020-01-11 10:06:00,0.026226,226.7,0.7368,49.985
Balanced,2020-01-11 10:09:00,0.015686,229.209,0.5457,49.99
Balanced,2020-01-11 10:12:00,0.023657,228.393,0.7327,49.975
Balanced,2020-01-11 10:15:00,0.0232,228.665,0.6929,49.99
Balanced,2020-01-11 10:18:00,0.018298,228.707,0.6029,49.999
Balanced,2020-01-11 10:21:00,0.02032,229.555,0.618,49.999
Balanced,2020-01-11 10:24:00,0.018951,228.371,0.5949,49.985
Balanced,2020-01-11 10:27:00,0.019015,227.677,0.6205,49.984
Balanced,2020-01-11 10:30:00,0.017488,228.715,0.5342,49.994
Balanced,2020-01-11 10:33:00,0.01867,228.718,0.6152,49.996
Balanced,2020-01-11 10:36:00,0.017544,230.208,0.6057,49.983
Balanced,2020-01-11 10:39:00,0.019527,229.12,0.634,49.997
Balanced,2020-01-11 10:42:00,0.019241,228.926,0.5926,50.007
Balanced,2020-01-11 10:45:00,0.02124,227.199,0.6239,49.966
Balanced,2020-01-11 10:48:00,0.018105,228.733,0.6409,49.962
Balanced,2020-01-11 10:51:00,0.019223,227.864,0.5598,49.972
Balanced,2020-01-11 10:54:00,0.019552,228.936,0.6923,49.995
Balanced,2020-01-11 10:57:00,0.018531,228.605,0.6044,49.983
Balanced,2020-01-11 11:00:00,0.019937,227.075,0.6084,49.991
Balanced,2020-01-11 11:03:00,0.017027,229.687,0.5913,49.972
Balanced,2020-01-11 11:06:00,0.020374,227.567,0.663,49.963
Balanced,2020-01-11 11:09:00,0.017213,228.92,0.5316,49.988
Balanced,2020-01-11 11:12:00,0.017399,229.046,0.5437,49.981
Balanced,2020-01-11 11:15:00,0.017996,229.008,0.5652,49.997
Balanced,2020-01-11 11:18:00,0.014322,231.012,0.5144,49.991
Balanced,2020-01-11 11:21:00,0.019665,227.995,0.5877,49.971
Balanced,2020-01-11 11:24:00,0.015964,229.302,0.5621,49.959
Balanced,2020-01-11 11:27:00,0.015856,228.108,0.5287,49.98
Balanced,2020-01-11 11:30:00,0.012233,229.912,0.4965,49.998
Balanced,2020-01-11 11:33:00,0.015709,229.217,0.5847,49.992
Balanced,2020-01-11 11:36:00,0.016705,228.968,0.4912,49.987
Balanced,2020-01-11 11:39:00,0.020416,227.6,0.6344,49.994
Balanced,2020-01-11 11:42:00,0.013209,230.183,0.5148,49.97
Balanced,2020-01-11 11:45:00,0.019102,227.677,0.6007,49.998
Balanced,2020-01-11 11:48:00,0.018008,227.73,0.5965,49.996
Balanced,2020-01-11 11:51:00,0.018209,229.203,0.5959,49.954
Balanced,2020-01-11 11:54:00,0.022635,227.651,0.6759,49.981
Balanced,2020-01-11 11:57:00,0.017683,229.937,0.5771,49.967
Balanced,2020-01-11 12:00:00,0.019644,228.148,0.5855,49.969
Balanced,2020-01-11 12:03:00,0.0259,226.347,0.7432,49.963
Balanced,2020-01-11 12:06:00,0.021445,227.634,0.6509,50.0
Balanced,2020-01-11 12:09:00,0.0186,227.826,0.6108,49.98
Balanced,2020-01-11 12:12:00,0.018606,228.24,0.5434,49.996
Balanced,2020-01-11 12:15:00,0.021819,228.746,0.5969,49.991
Balanced,2020-01-11 12:18:00,0.020803,228.762,0.626,49.959
Balanced,2020-01-11 12:21:00,0.019376,228.0,0.5899,49.986
Balanced,2020-01-11 12:24:00,0.021497,226.708,0.5938,49.956
Balanced,2020-01-11 12:27:00,0.016149,228.894,0.5431,49.979
Balanced,2020-01-11 12:30:00,0.01883,226.953,0.6271,49.982
Balanced,2020-01-11 12:33:00,0.025274,226.923,0.7,49.973
Balanced,2020-01-11 12:36:00,0.0141,228.398,0.4671,49.995
Balanced,2020-01-11 12:39:00,0.022718,228.085,0.631,49.967
Balanced,2020-01-11 12:42:00,0.019689,229.601,0.6089,49.998
Balanced,2020-01-11 12:45:00,0.016031,229.185,0.5299,49.988
Balanced,2020-01-11 12:48:00,0.022519,227.58,0.6793,49.965
Balanced,2020-01-11 12:51:00,0.023141,226.987,0.7394,49.991
Balanced,2020-01-11 12:54:00,0.022407,228.291,0.6918,49.98
Balanced,2020-01-11 12:57:00,0.026468,228.043,0.772,49.961
Balanced,2020-01-11 13:00:00,0.023224,228.44,0.6768,49.988
Balanced,2020-01-11 13:03:00,0.019153,228.233,0.6084,49.98
Balanced,2020-01-11 13:06:00,0.024456,227.569,0.6798,49.979
Balanced,2020-01-11 13:09:00,0.032497,225.383,0.789,49.971
Balanced,2020-01-11 13:12:00,0.024297,227.145,0.6959,49.972
Balanced,2020-01-11 13:15:00,0.024323,227.47,0.7115,49.971
Balanced,2020-01-11 13:18:00,0.027614,227.394,0.7042,49.969
Balanced,2020-01-11 13:21:00,0.022971,227.728,0.6455,49.976
Balanced,2020-01-11 13:24:00,0.025865,229.305,0.7529,49.997
Balanced,2020-01-11 13:27:00,0.020951,228.833,0.606,49.984
Balanced,2020-01-11 13:30:00,0.020326,228.11,0.6605,49.987
Balanced,2020-01-11 13:33:00,0.018749,228.656,0.6053,49.996
Balanced,2020-01-11 13:36:00,0.024078,228.107,0.7228,49.973
Balanced,2020-01-11 13:39:00,0.028135,226.7,0.7191,49.98
Balanced,2020-01-11 13:42:00,0.020558,228.653,0.6504,49.969
Balanced,2020-01-11 13:45:00,0.02215,228.172,0.699,49.981
Balanced,2020-01-11 13:48:00,0.01867,229.312,0.6043,49.971
Balanced,2020-01-11 13:51:00,0.013799,229.32,0.5251,49.967
Balanced,2020-01-11 13:54:00,0.020144,227.784,0.5866,49.984
Balanced,2020-01-11 13:57:00,0.025176,227.271,0.6889,49.983
Balanced,2020-01-11 14:00:00,0.017303,228.663,0.5129,49.972
Balanced,2020-01-11 14:03:00,0.0212,227.019,0.5951,49.985
Balanced,2020-01-11 14:06:00,0.021841,228.196,0.6326,49.956
Balanced,2020-01-11 14:09:00,0.027322,227.738,0.7805,49.965
Balanced,2020-01-11 14:12:00,0.019897,228.841,0.6351,49.979
Balanced,2020-01-11 14:15:00,0.023112,227.463,0.6738,50.003
Balanced,2020-01-11 14:18:00,0.020442,228.348,0.6984,49.97
Balanced,2020-01-11 14:21:00,0.025596,226.724,0.7222,49.97
Balanced,2020-01-11 14:24:00,0.023005,227.149,0.6868,49.988
Balanced,2020-01-11 14:27:00,0.024665,227.224,0.6506,49.979
Balanced,2020-01-11 14:30:00,0.020181,227.322,0.6156,49.981
Balanced,2020-01-11 14:33:00,0.01963,227.758,0.6215,50.005
Balanced,2020-01-11 14:36:00,0.024802,227.805,0.7171,49.988
Balanced,2020-01-11 14:39:00,0.018233,228.98,0.5535,49.979
Balanced,2020-01-11 14:42:00,0.020495,228.498,0.5984,49.992
Balanced,2020-01-11 14:45:00,0.019613,226.793,0.5827,49.977
Balanced,2020-01-11 14:48:00,0.024101,228.21,0.7242,49.987
Balanced,2020-01-11 14:51:00,0.023349,227.885,0.6153,49.97
Balanced,2020-01-11 14:54:00,0.021376,226.235,0.6184,49.992
Balanced,2020-01-11 14:57:00,0.022538,226.749,0.6967,49.966
Balanced,2020-01-11 15:00:00,0.019316,228.362,0.5903,49.982
Balanced,2020-01-11 15:03:00,0.020167,228.572,0.6432,49.98
Balanced,2020-01-11 15:06:00,0.02608,227.344,0.7253,49.959
Balanced,2020-01-11 15:09:00,0.021496,227.433,0.6186,49.99
Balanced,2020-01-11 15:12:00,0.02441,227.459,0.7462,49.993
Balanced,2020-01-11 15:15:00,0.020272,226.825,0.6505,49.965
Balanced,2020-01-11 15:18:00,0.015485,228.314,0.5488,49.988
Balanced,2020-01-11 15:21:00,0.028286,227.255,0.784,49.971
Balanced,2020-01-11 15:24:00,0.021373,227.696,0.6504,49.963
Balanced,2020-01-11 15:27:00,0.020732,229.163,0.6384,49.983
Balanced,2020-01-11 15:30:00,0.024667,227.697,0.6942,49.976
Balanced,2020-01-11 15:33:00,0.028982,227.552,0.8055,49.95
Balanced,2020-01-11 15:36:00,0.019219,229.493,0.6407,49.99
Balanced,2020-01-11 15:39:00,0.016367,227.816,0.5681,49.991
Balanced,2020-01-11 15:42:00,0.025569,226.766,0.7304,49.975
Balanced,2020-01-11 15:45:00,0.016097,229.152,0.5981,49.998
Balanced,2020-01-11 15:48:00,0.01873,228.133,0.5479,49.986
Balanced,2020-01-11 15:51:00,0.018803,229.22,0.587,49.978
Balanced,2020-01-11 15:54:00,0.016192,228.401,0.5359,49.989
Balanced,2020-01-11 15:57:00,0.020553,228.605,0.5971,49.982
Balanced,2020-01-11 16:00:00,0.024161,227.074,0.7224,49.964
Balanced,2020-01-11 16:03:00,0.020056,229.293,0.6176,49.986
Balanced,2020-01-11 16:06:00,0.026204,228.261,0.6913,49.965
Balanced,2020-01-11 16:09:00,0.013947,229.09,0.51,49.994
Balanced,2020-01-11 16:12:00,0.017218,230.562,0.6192,49.993
Balanced,2020-01-11 16:15:00,0.015261,229.144,0.5012,49.977
Balanced,2020-01-11 16:18:00,0.017957,229.893,0.5636,49.983
Balanced,2020-01-11 16:21:00,0.014873,228.058,0.5182,49.982
Balanced,2020-01-11 16:24:00,0.026741,226.379,0.7646,49.983
Balanced,2020-01-11 16:27:00,0.020874,227.973,0.5905,49.981
Balanced,2020-01-11 16:30:00,0.017229,228.672,0.5433,50.009
Balanced,2020-01-11 16:33:00,0.017992,228.909,0.5572,49.974
Balanced,2020-01-11 16:36:00,0.02135,227.155,0.6425,49.989
Balanced,2020-01-11 16:39:00,0.020874,227.095,0.6638,49.951
Balanced,2020-01-11 16:42:00,0.019057,227.119,0.6455,49.988
Balanced,2020-01-11 16:45:00,0.018649,228.976,0.5838,49.97
Balanced,2020-01-11 16:48:00,0.023025,228.763,0.7187,49.972
Balanced,2020-01-11 16:51:00,0.014625,228.834,0.5363,49.97
Balanced,2020-01-11 16:54:00,0.015276,227.457,0.5515,49.986
Balanced,2020-01-11 16:57:00,0.018747,228.788,0.5811,49.988
Balanced,2020-01-11 17:00:00,0.014653,229.895,0.4826,50.005
Balanced,2020-01-11 17:03:00,0.019576,228.283,0.6217,49.995
Balanced,2020-01-11 17:06:00,0.023889,228.116,0.6788,49.972
Balanced,2020-01-11 17:09:00,0.016194,229.484,0.5517,49.976
Balanced,2020-01-11 17:12:00,0.016543,229.127,0.5392,49.978
Balanced,2020-01-11 17:15:00,0.019904,228.218,0.5967,49.969
Balanced,2020-01-11 17:18:00,0.018706,228.109,0.5479,50.001
Balanced,2020-01-11 17:21:00,0.019872,228.18,0.6284,49.975
Balanced,2020-01-11 17:24:00,0.019845,228.108,0.654,49.973
Balanced,2020-01-11 17:27:00,0.021009,227.379,0.6351,49.988
Balanced,2020-01-11 17:30:00,0.019415,228.404,0.5884,49.984
Balanced,2020-01-11 17:33:00,0.018422,227.44,0.6064,49.985
Balanced,2020-01-11 17:36:00,0.02008,228.352,0.6455,49.974
Balanced,2020-01-11 17:39:00,0.022034,228.102,0.6379,49.986
Balanced,2020-01-11 17:42:00,0.026608,226.414,0.7116,49.966
Balanced,2020-01-11 17:45:00,0.017694,227.559,0.5639,49.993
Balanced,2020-01-11 17:48:00,0.015662,229.418,0.526,49.98
Balanced,2020-01-11 17:51:00,0.016534,228.624,0.5437,49.972
Balanced,2020-01-11 17:54:00,0.017841,229.385,0.513,49.992
Balanced,2020-01-11 17:57:00,0.012049,229.998,0.4964,50.006
Balanced,2020-01-11 18:00:00,0.018287,228.145,0.5592,49.975
Balanced,2020-01-11 18:03:00,0.024069,226.458,0.6726,49.976
Balanced,2020-01-11 18:06:00,0.014092,229.299,0.5497,50.002
Balanced,2020-01-11 18:09:00,0.01955,227.776,0.565,49.99
Balanced,2020-01-11 18:12:00,0.021494,227.987,0.6049,49.967
Balanced,2020-01-11 18:15:00,0.022595,226.543,0.6326,49.976
Balanced,2020-01-11 18:18:00,0.018631,228.888,0.5286,50.001
Balanced,2020-01-11 18:21:00,0.020118,228.967,0.6348,49.989
Balanced,2020-01-11 18:24:00,0.028063,228.117,0.7056,49.97
Balanced,2020-01-11 18:27:00,0.026243,226.665,0.7228,49.971
Balanced,2020-01-11 18:30:00,0.016353,227.486,0.5179,49.987
Balanced,2020-01-11 18:33:00,0.022964,227.238,0.7005,49.998
Balanced,2020-01-11 18:36:00,0.02078,227.364,0.6638,50.0
Balanced,2020-01-11 18:39:00,0.020638,229.478,0.6694,49.971
Balanced,2020-01-11 18:42:00,0.025721,226.739,0.7312,49.977
Balanced,2020-01-11 18:45:00,0.016537,227.617,0.5103,49.982
Balanced,2020-01-11 18:48:00,0.018737,228.359,0.6001,49.967
Balanced,2020-01-11 18:51:00,0.027627,225.862,0.7402,49.974
Balanced,2020-01-11 18:54:00,0.019352,226.903,0.6246,49.991
Balanced,2020-01-11 18:57:00,0.013764,229.511,0.4846,50.003
Balanced,2020-01-11 19:00:00,0.020759,227.851,0.6675,49.981
Balanced,2020-01-11 19:03:00,0.020945,227.508,0.6768,49.968
Balanced,2020-01-11 19:06:00,0.025506,227.271,0.7097,49.976
Balanced,2020-01-11 19:09:00,0.030635,225.708,0.7788,49.96
Balanced,2020-01-11 19:12:00,0.023364,226.825,0.6659,49.98
Balanced,2020-01-11 19:15:00,0.03109,226.295,0.7791,49.981
Balanced,2020-01-11 19:18:00,0.017403,229.57,0.5827,49.973
Balanced,2020-01-11 19:21:00,0.015999,228.87,0.5545,49.974
Balanced,2020-01-11 19:24:00,0.017567,228.939,0.5426,49.988
Balanced,2020-01-11 19:27:00,0.021308,227.824,0.6683,49.961
Balanced,2020-01-11 19:30:00,0.025775,227.35,0.7453,49.987
Balanced,2020-01-11 19:33:00,0.022673,226.49,0.6506,49.971
Balanced,2020-01-11 19:36:00,0.029386,227.942,0.7615,49.973
Balanced,2020-01-11 19:39:00,0.021762,228.292,0.6361,50.001
Balanced,2020-01-11 19:42:00,0.023281,227.592,0.7151,49.957
Balanced,2020-01-11 19:45:00,0.018185,229.152,0.5937,49.973
Balanced,2020-01-11 19:48:00,0.029021,226.345,0.7828,49.982
Balanced,2020-01-11 19:51:00,0.026783,227.487,0.7658,49.968
Balanced,2020-01-11 19:54:00,0.025093,227.697,0.5931,49.968
Balanced,2020-01-11 19:57:00,0.032805,227.137,0.8662,49.971
Balanced,2020-01-11 20:00:00,0.035385,224.513,0.8432,49.994
Balanced,2020-01-11 20:03:00,0.028588,226.393,0.8174,49.98
Balanced,2020-01-11 20:06:00,0.025398,228.368,0.6888,49.966
Balanced,2020-01-11 20:09:00,0.030939,226.639,0.8323,49.978
Balanced,2020-01-11 20:12:00,0.02877,227.174,0.7423,49.978
Balanced,2020-01-11 20:15:00,0.025536,227.085,0.6878,49.989
Balanced,2020-01-11 20:18:00,0.027213,226.765,0.6779,49.946
Balanced,2020-01-11 20:21:00,0.025065,226.133,0.6648,49.96
Balanced,2020-01-11 20:24:00,0.023565,226.585,0.6381,49.974
Balanced,2020-01-11 20:27:00,0.027566,226.848,0.7347,49.992
Balanced,2020-01-11 20:30:00,0.032524,225.719,0.8393,49.973
Balanced,2020-01-11 20:33:00,0.028441,226.754,0.779,49.961
Balanced,2020-01-11 20:36:00,0.023431,226.535,0.5778,49.981
Balanced,2020-01-11 20:39:00,0.028047,225.752,0.7901,49.973
Balanced,2020-01-11 20:42:00,0.02024,227.254,0.5949,49.981
Balanced,2020-01-11 20:45:00,0.02017,227.88,0.6226,49.969
Balanced,2020-01-11 20:48:00,0.026948,226.875,0.7813,49.981
Balanced,2020-01-11 20:51:00,0.02509,227.251,0.6927,49.964
Balanced,2020-01-11 20:54:00,0.022065,226.699,0.6423,49.983
Balanced,2020-01-11 20:57:00,0.025524,227.107,0.6998,49.953
Balanced,2020-01-11 21:00:00,0.023639,227.829,0.6777,49.974
Balanced,2020-01-11 21:03:00,0.025087,226.732,0.5942,49.971
Balanced,2020-01-11 21:06:00,0.021225,228.574,0.6504,49.986
Balanced,2020-01-11 21:09:00,0.025312,226.9,0.6852,49.993
Balanced,2020-01-11 21:12:00,0.026234,227.27,0.7696,49.971
Balanced,2020-01-11 21:15:00,0.016854,229.386,0.5431,49.984
Balanced,2020-01-11 21:18:00,0.019689,227.899,0.5849,49.981
Balanced,2020-01-11 21:21:00,0.023741,227.633,0.6437,49.977
Balanced,2020-01-11 21:24:00,0.027847,226.351,0.7231,49.968
Balanced,2020-01-11 21:27:00,0.019348,227.658,0.6552,49.999
Balanced,2020-01-11 21:30:00,0.02514,227.94,0.7116,49.975
Balanced,2020-01-11 21:33:00,0.023152,227.038,0.6506,49.973
Balanced,2020-01-11 21:36:00,0.023449,227.952,0.6724,49.963
Balanced,2020-01-11 21:39:00,0.023785,228.97,0.6359,49.992
Balanced,2020-01-11 21:42:00,0.023479,229.008,0.6703,49.995
Balanced,2020-01-11 21:45:00,0.025597,228.149,0.7434,49.985
Balanced,2020-01-11 21:48:00,0.026608,228.015,0.7089,49.975
Balanced,2020-01-11 21:51:00,0.028259,228.04,0.7716,49.982
Balanced,2020-01-11 21:54:00,0.019566,228.439,0.6166,49.996
Balanced,2020-01-11 21:57:00,0.023319,227.557,0.6368,49.985
Balanced,2020-01-11 22:00:00,0.01909,228.715,0.5787,49.97
Balanced,2020-01-11 22:03:00,0.018712,228.099,0.5618,49.994
Balanced,2020-01-11 22:06:00,0.021036,227.894,0.6313,49.987
Balanced,2020-01-11 22:09:00,0.020397,227.811,0.5891,49.993
Balanced,2020-01-11 22:12:00,0.021147,227.947,0.6763,49.972
Balanced,2020-01-11 22:15:00,0.022103,229.004,0.6811,49.979
Balanced,2020-01-11 22:18:00,0.023781,227.261,0.7031,49.989
Balanced,2020-01-11 22:21:00,0.02115,228.21,0.6659,49.982
Balanced,2020-01-11 22:24:00,0.023601,227.446,0.6216,50.002
Balanced,2020-01-11 22:27:00,0.017343,228.303,0.5603,49.979
Balanced,2020-01-11 22:30:00,0.021222,228.614,0.6095,49.975
Balanced,2020-01-11 22:33:00,0.020763,227.878,0.6483,49.996
Balanced,2020-01-11 22:36:00,0.020513,228.512,0.6422,49.979
Balanced,2020-01-11 22:39:00,0.024558,228.757,0.6909,49.995
Balanced,2020-01-11 22:42:00,0.019492,226.895,0.5639,49.983
Balanced,2020-01-11 22:45:00,0.018271,229.363,0.5835,49.953
Balanced,2020-01-11 22:48:00,0.020323,229.639,0.5159,49.979
Balanced,2020-01-11 22:51:00,0.021258,228.697,0.6487,49.994
Balanced,2020-01-11 22:54:00,0.022641,228.318,0.6459,50.003
Balanced,2020-01-11 22:57:00,0.019442,228.612,0.6114,49.992
Balanced,2020-01-11 23:00:00,0.023081,228.816,0.6307,49.963
Balanced,2020-01-11 23:03:00,0.019579,227.313,0.6169,49.967
Balanced,2020-01-11 23:06:00,0.024716,227.492,0.7711,49.981
Balanced,2020-01-11 23:09:00,0.017245,227.953,0.5778,49.965
Balanced,2020-01-11 23:12:00,0.026137,226.21,0.6704,49.964
Balanced,2020-01-11 23:15:00,0.020858,227.96,0.5894,49.984
Balanced,2020-01-11 23:18:00,0.024246,227.72,0.6636,49.972
Balanced,2020-01-11 23:21:00,0.021891,228.566,0.607,49.971
Balanced,2020-01-11 23:24:00,0.018701,229.323,0.5707,49.992
Balanced,2020-01-11 23:27:00,0.020149,228.185,0.6225,49.981
Balanced,2020-01-11 23:30:00,0.020095,229.858,0.6326,49.982
Balanced,2020-01-11 23:33:00,0.017201,228.531,0.5683,49.975
Balanced,2020-01-11 23:36:00,0.021346,229.027,0.5925,49.987
Balanced,2020-01-11 23:39:00,0.023278,230.136,0.6442,49.966
Balanced,2020-01-11 23:42:00,0.019508,228.506,0.6237,49.979
Balanced,2020-01-11 23:45:00,0.024477,226.792,0.6865,49.985
Balanced,2020-01-11 23:48:00,0.021171,228.772,0.6113,49.995
Balanced,2020-01-11 23:51:00,0.012047,230.437,0.4005,49.964
Balanced,2020-01-11 23:54:00,0.022818,227.133,0.7347,49.979
Balanced,2020-01-11 23:57:00,0.017749,228.404,0.5662,50.001
Balanced,2020-01-12 00:00:00,0.019321,228.884,0.6038,49.968
Balanced,2020-01-12 00:03:00,0.019904,229.131,0.6166,49.982
Balanced,2020-01-12 00:06:00,0.018698,227.889,0.5901,49.986
Balanced,2020-01-12 00:09:00,0.020755,229.401,0.6237,49.995
Balanced,2020-01-12 00:12:00,0.019056,229.262,0.6034,49.98
Balanced,2020-01-12 00:15:00,0.017761,228.921,0.5468,49.995
Balanced,2020-01-12 00:18:00,0.018562,226.615,0.6196,50.013
Balanced,2020-01-12 00:21:00,0.017998,228.716,0.6419,49.963
Balanced,2020-01-12 00:24:00,0.020906,229.937,0.6137,49.979
Balanced,2020-01-12 00:27:00,0.019001,228.181,0.5885,49.99
Balanced,2020-01-12 00:30:00,0.020731,228.27,0.6405,49.978
Balanced,2020-01-12 00:33:00,0.022717,228.883,0.6456,49.987
Balanced,2020-01-12 00:36:00,0.017818,229.309,0.5734,49.987
Balanced,2020-01-12 00:39:00,0.014023,230.179,0.4596,49.995
Balanced,2020-01-12 00:42:00,0.016437,229.635,0.5437,49.984
Balanced,2020-01-12 00:45:00,0.017805,229.512,0.5759,49.998
Balanced,2020-01-12 00:48:00,0.017873,228.605,0.6128,49.97
Balanced,2020-01-12 00:51:00,0.018393,228.274,0.6163,50.001
Balanced,2020-01-12 00:54:00,0.023472,227.132,0.7132,49.977
Balanced,2020-01-12 00:57:00,0.015719,229.188,0.6057,49.996
Balanced,2020-01-12 01:00:00,0.015509,229.383,0.4844,49.987
Balanced,2020-01-12 01:03:00,0.016953,229.138,0.5236,49.959
Balanced,2020-01-12 01:06:00,0.018752,228.551,0.6033,49.979
Balanced,2020-01-12 01:09:00,0.018296,228.917,0.6119,49.982
Balanced,2020-01-12 01:12:00,0.020184,227.548,0.5729,49.974
Balanced,2020-01-12 01:15:00,0.018773,228.924,0.6067,49.989
Balanced,2020-01-12 01:18:00,0.021788,226.812,0.7122,49.975
Balanced,2020-01-12 01:21:00,0.023269,225.917,0.6347,49.973
Balanced,2020-01-12 01:24:00,0.020693,229.016,0.6634,49.969
Balanced,2020-01-12 01:27:00,0.018704,227.908,0.5789,49.967
Balanced,2020-01-12 01:30:00,0.025613,227.523,0.7282,49.955
Balanced,2020-01-12 01:33:00,0.01996,228.225,0.5947,49.965
Balanced,2020-01-12 01:36:00,0.013975,229.657,0.5392,49.99
Balanced,2020-01-12 01:39:00,0.016173,229.65,0.4594,49.997
Balanced,2020-01-12 01:42:00,0.015832,228.738,0.5802,49.991
Balanced,2020-01-12 01:45:00,0.015816,229.94,0.5491,49.989
Balanced,2020-01-12 01:48:00,0.024638,228.001,0.6655,49.983
Balanced,2020-01-12 01:51:00,0.024015,227.267,0.7109,49.963
Balanced,2020-01-12 01:54:00,0.017287,227.596,0.5741,49.974
Balanced,2020-01-12 01:57:00,0.019176,228.601,0.5536,49.987
Balanced,2020-01-12 02:00:00,0.013548,228.436,0.5101,49.974
Balanced,2020-01-12 02:03:00,0.017655,229.642,0.5758,49.951
Balanced,2020-01-12 02:06:00,0.017978,229.307,0.6127,49.99
Balanced,2020-01-12 02:09:00,0.017979,228.344,0.5686,50.004
Balanced,2020-01-12 02:12:00,0.017541,228.379,0.572,49.98
Balanced,2020-01-12 02:15:00,0.016558,230.395,0.5086,50.0
Balanced,2020-01-12 02:18:00,0.016626,229.46,0.5973,49.982
Balanced,2020-01-12 02:21:00,0.018782,228.017,0.5688,49.968
Balanced,2020-01-12 02:24:00,0.02,229.164,0.5523,49.961
Balanced,2020-01-12 02:27:00,0.015562,228.264,0.467,49.986
Balanced,2020-01-12 02:30:00,0.018214,229.609,0.6003,49.997
Balanced,2020-01-12 02:33:00,0.013396,229.378,0.4739,49.996
Balanced,2020-01-12 02:36:00,0.015086,228.489,0.4274,49.973
Balanced,2020-01-12 02:39:00,0.022311,228.549,0.6426,49.987
Balanced,2020-01-12 02:42:00,0.019175,227.891,0.6337,49.988
Balanced,2020-01-12 02:45:00,0.016728,229.073,0.6077,49.957
Balanced,2020-01-12 02:48:00,0.018469,228.874,0.5595,49.987
Balanced,2020-01-12 02:51:00,0.013739,229.247,0.4976,50.003
Balanced,2020-01-12 02:54:00,0.017884,228.705,0.5931,49.993
Balanced,2020-01-12 02:57:00,0.015239,228.393,0.4815,49.979
Balanced,2020-01-12 03:00:00,0.014326,229.818,0.5145,49.979
Balanced,2020-01-12 03:03:00,0.020974,227.527,0.5837,49.975
Balanced,2020-01-12 03:06:00,0.014628,230.453,0.5002,49.985
Balanced,2020-01-12 03:09:00,0.021086,227.469,0.6495,49.985
Balanced,2020-01-12 03:12:00,0.009951,229.139,0.4263,49.986
Balanced,2020-01-12 03:15:00,0.015577,230.083,0.5576,50.003
Balanced,2020-01-12 03:18:00,0.020418,228.182,0.6112,49.974
Balanced,2020-01-12 03:21:00,0.017891,229.621,0.5623,49.998
Balanced,2020-01-12 03:24:00,0.018781,227.999,0.6258,49.982
Balanced,2020-01-12 03:27:00,0.012535,230.673,0.4667,49.985
Balanced,2020-01-12 03:30:00,0.015834,228.347,0.5062,49.993
Balanced,2020-01-12 03:33:00,0.01916,229.699,0.6193,49.985
Balanced,2020-01-12 03:36:00,0.015205,230.183,0.4937,49.975
Balanced,2020-01-12 03:39:00,0.019932,228.137,0.6115,49.984
Balanced,2020-01-12 03:42:00,0.020703,227.826,0.6007,49.98
Balanced,2020-01-12 03:45:00,0.016856,228.629,0.5582,50.005
Balanced,2020-01-12 03:48:00,0.01527,229.337,0.5034,49.987
Balanced,2020-01-12 03:51:00,0.017274,229.021,0.5161,49.984
Balanced,2020-01-12 03:54:00,0.016999,228.481,0.5594,49.985
Balanced,2020-01-12 03:57:00,0.015287,229.154,0.4474,49.999
Balanced,2020-01-12 04:00:00,0.012854,229.662,0.5146,49.967
Balanced,2020-01-12 04:03:00,0.01589,228.944,0.543,49.995
Balanced,2020-01-12 04:06:00,0.016183,227.809,0.5524,49.976
Balanced,2020-01-12 04:09:00,0.019688,228.352,0.6439,49.986
Balanced,2020-01-12 04:12:00,0.017897,229.044,0.5905,49.957
Balanced,2020-01-12 04:15:00,0.019141,229.053,0.5934,49.988
Balanced,2020-01-12 04:18:00,0.016991,229.021,0.6034,49.982
Balanced,2020-01-12 04:21:00,0.015724,228.613,0.4946,49.988
Balanced,2020-01-12 04:24:00,0.016026,228.599,0.532,49.982
Balanced,2020-01-12 04:27:00,0.02132,229.02,0.6045,49.982
Balanced,2020-01-12 04:30:00,0.014232,229.055,0.6298,49.97
Balanced,2020-01-12 04:33:00,0.019055,227.969,0.6307,49.97
Balanced,2020-01-12 04:36:00,0.012877,229.596,0.4682,49.985
Balanced,2020-01-12 04:39:00,0.017986,228.83,0.5569,49.986
Balanced,2020-01-12 04:42:00,0.017565,230.017,0.5976,49.973
Balanced,2020-01-12 04:45:00,0.017912,228.5,0.6447,49.995
Balanced,2020-01-12 04:48:00,0.016361,229.634,0.5453,50.0
Balanced,2020-01-12 04:51:00,0.018949,227.461,0.5872,49.967
Balanced,2020-01-12 04:54:00,0.0127,229.591,0.4408,50.013
Balanced,2020-01-12 04:57:00,0.01955,229.055,0.5564,49.98
Balanced,2020-01-12 05:00:00,0.024463,228.096,0.6967,49.963
Balanced,2020-01-12 05:03:00,0.015279,230.139,0.5959,50.01
Balanced,2020-01-12 05:06:00,0.015302,229.278,0.5862,49.985
Balanced,2020-01-12 05:09:00,0.02161,228.369,0.6653,49.989
Balanced,2020-01-12 05:12:00,0.020887,228.366,0.71,49.994
Balanced,2020-01-12 05:15:00,0.016251,229.421,0.5765,49.981
Balanced,2020-01-12 05:18:00,0.013945,229.955,0.4847,49.98
Balanced,2020-01-12 05:21:00,0.015164,230.336,0.4296,49.982
Balanced,2020-01-12 05:24:00,0.019625,229.825,0.5812,49.983
Balanced,2020-01-12 05:27:00,0.017234,229.157,0.5466,49.967
Balanced,2020-01-12 05:30:00,0.01637,228.901,0.5963,49.986
Balanced,2020-01-12 05:33:00,0.014593,231.333,0.5045,49.991
Balanced,2020-01-12 05:36:00,0.020101,228.174,0.5889,49.972
Balanced,2020-01-12 05:39:00,0.020121,228.775,0.5599,49.998
Balanced,2020-01-12 05:42:00,0.017374,229.285,0.53,49.99
Balanced,2020-01-12 05:45:00,0.025293,227.16,0.6701,49.968
Balanced,2020-01-12 05:48:00,0.018859,227.287,0.6434,49.965
Balanced,2020-01-12 05:51:00,0.023574,227.719,0.7295,49.985
Balanced,2020-01-12 05:54:00,0.020051,228.817,0.5371,49.987
Balanced,2020-01-12 05:57:00,0.017803,227.083,0.5002,49.997
Balanced,2020-01-12 06:00:00,0.018507,229.096,0.5811,49.994
Balanced,2020-01-12 06:03:00,0.016198,228.855,0.5864,49.985
Balanced,2020-01-12 06:06:00,0.016134,228.359,0.4948,50.006
Balanced,2020-01-12 06:09:00,0.022907,229.465,0.6511,49.983
Balanced,2020-01-12 06:12:00,0.015153,229.417,0.5542,49.983
Balanced,2020-01-12 06:15:00,0.019663,229.401,0.5874,49.99
Balanced,2020-01-12 06:18:00,0.024978,227.478,0.6984,49.976
Balanced,2020-01-12 06:21:00,0.012266,230.502,0.4749,50.005
Balanced,2020-01-12 06:24:00,0.022647,228.177,0.6805,49.976
Balanced,2020-01-12 06:27:00,0.017584,228.0,0.588,49.956
Balanced,2020-01-12 06:30:00,0.01294,228.329,0.5314,50.009
Balanced,2020-01-12 06:33:00,0.024541,226.895,0.6271,49.971
Balanced,2020-01-12 06:36:00,0.025792,228.232,0.7064,49.977
Balanced,2020-01-12 06:39:00,0.020949,226.746,0.6517,49.998
Balanced,2020-01-12 06:42:00,0.019692,228.411,0.6032,49.991
Balanced,2020-01-12 06:45:00,0.023308,227.928,0.6211,49.955
Balanced,2020-01-12 06:48:00,0.023823,229.111,0.682,49.966
Balanced,2020-01-12 06:51:00,0.016859,229.001,0.5843,49.991
Balanced,2020-01-12 06:54:00,0.014888,227.728,0.5399,49.958
Balanced,2020-01-12 06:57:00,0.022842,228.027,0.6494,49.974
Balanced,2020-01-12 07:00:00,0.020261,227.097,0.631,49.965
Balanced,2020-01-12 07:03:00,0.022996,228.003,0.6567,49.965
Balanced,2020-01-12 07:06:00,0.01653,228.863,0.5435,49.995
Balanced,2020-01-12 07:09:00,0.025796,228.178,0.7298,49.966
Balanced,2020-01-12 07:12:00,0.02104,227.994,0.6161,49.987
Balanced,2020-01-12 07:15:00,0.022154,226.819,0.5894,50.003
Balanced,2020-01-12 07:18:00,0.018296,227.34,0.663,49.975
Balanced,2020-01-12 07:21:00,0.020502,228.517,0.6506,49.985
Balanced,2020-01-12 07:24:00,0.017545,230.853,0.5468,49.996
Balanced,2020-01-12 07:27:00,0.022828,227.491,0.6836,49.99
Balanced,2020-01-12 07:30:00,0.018748,227.757,0.6591,49.965
Balanced,2020-01-12 07:33:00,0.026036,226.705,0.7451,49.968
Balanced,2020-01-12 07:36:00,0.024028,228.057,0.6484,49.963
Balanced,2020-01-12 07:39:00,0.019974,229.084,0.5642,49.957
Balanced,2020-01-12 07:42:00,0.023149,226.888,0.7382,50.0
Balanced,2020-01-12 07:45:00,0.024947,227.274,0.7259,50.001
Balanced,2020-01-12 07:48:00,0.020127,228.73,0.5906,49.949
Balanced,2020-01-12 07:51:00,0.024549,226.773,0.6584,49.99
Balanced,2020-01-12 07:54:00,0.023266,228.205,0.6981,49.969
Balanced,2020-01-12 07:57:00,0.020517,229.124,0.5762,49.975
Balanced,2020-01-12 08:00:00,0.026136,226.133,0.691,49.976
Balanced,2020-01-12 08:03:00,0.022326,227.143,0.6408,49.972
Balanced,2020-01-12 08:06:00,0.022794,228.511,0.6352,49.97
Balanced,2020-01-12 08:09:00,0.020898,226.725,0.6207,49.978
Balanced,2020-01-12 08:12:00,0.01592,228.58,0.5305,49.966
Balanced,2020-01-12 08:15:00,0.018325,228.497,0.5807,49.987
Balanced,2020-01-12 08:18:00,0.015653,228.849,0.546,50.022
Balanced,2020-01-12 08:21:00,0.020428,229.576,0.595,49.97
Balanced,2020-01-12 08:24:00,0.026488,227.799,0.7316,49.99
Balanced,2020-01-12 08:27:00,0.023915,227.33,0.6694,49.976
Balanced,2020-01-12 08:30:00,0.011061,228.702,0.4687,49.987
Balanced,2020-01-12 08:33:00,0.029302,225.4,0.7646,49.981
Balanced,2020-01-12 08:36:00,0.027421,226.095,0.7177,49.98
Balanced,2020-01-12 08:39:00,0.011678,229.257,0.4264,50.002
Balanced,2020-01-12 08:42:00,0.020982,228.746,0.6432,49.972
Balanced,2020-01-12 08:45:00,0.02256,227.615,0.6704,49.972
Balanced,2020-01-12 08:48:00,0.020965,228.582,0.603,49.971
Balanced,2020-01-12 08:51:00,0.018883,229.565,0.563,49.99
Balanced,2020-01-12 08:54:00,0.022257,227.303,0.6891,49.984
Balanced,2020-01-12 08:57:00,0.022319,229.276,0.643,49.969
Balanced,2020-01-12 09:00:00,0.022202,226.996,0.6727,49.979
Balanced,2020-01-12 09:03:00,0.023451,228.65,0.6629,49.974
Balanced,2020-01-12 09:06:00,0.025258,226.117,0.7154,49.987
Balanced,2020-01-12 09:09:00,0.020708,227.68,0.5814,49.973
Balanced,2020-01-12 09:12:00,0.01562,228.744,0.5355,49.98
Balanced,2020-01-12 09:15:00,0.019758,227.075,0.5922,49.989
Balanced,2020-01-12 09:18:00,0.023374,227.833,0.6605,49.991
Balanced,2020-01-12 09:21:00,0.020014,229.302,0.6125,49.973
Balanced,2020-01-12 09:24:00,0.02039,227.215,0.5917,49.965
Balanced,2020-01-12 09:27:00,0.017576,230.06,0.5701,50.014
Balanced,2020-01-12 09:30:00,0.015359,228.742,0.4731,49.995
Balanced,2020-01-12 09:33:00,0.027979,226.776,0.7601,49.99
Balanced,2020-01-12 09:36:00,0.025757,225.988,0.713,49.981
Balanced,2020-01-12 09:39:00,0.021667,226.919,0.5983,49.977
Balanced,2020-01-12 09:42:00,0.019738,228.261,0.6419,50.005
Balanced,2020-01-12 09:45:00,0.017496,227.519,0.5881,49.966
Balanced,2020-01-12 09:48:00,0.017605,229.063,0.5634,49.97
Balanced,2020-01-12 09:51:00,0.019519,228.25,0.6102,49.978
Balanced,2020-01-12 09:54:00,0.021877,226.608,0.6824,49.98
Balanced,2020-01-12 09:57:00,0.014764,230.056,0.5334,50.0
Balanced,2020-01-12 10:00:00,0.016615,228.617,0.4754,49.958
Balanced,2020-01-12 10:03:00,0.014203,230.752,0.5301,49.969
Balanced,2020-01-12 10:06:00,0.013981,230.5,0.4713,49.982
Balanced,2020-01-12 10:09:00,0.019721,228.576,0.6221,49.997
Balanced,2020-01-12 10:12:00,0.016703,227.921,0.5813,50.003
Balanced,2020-01-12 10:15:00,0.01754,229.172,0.4934,50.0
Balanced,2020-01-12 10:18:00,0.021474,228.336,0.6445,49.976
Balanced,2020-01-12 10:21:00,0.025879,228.225,0.7754,49.972
Balanced,2020-01-12 10:24:00,0.019727,230.217,0.577,49.989
Balanced,2020-01-12 10:27:00,0.020911,227.946,0.6387,49.982
Balanced,2020-01-12 10:30:00,0.02077,227.975,0.6298,49.968
Balanced,2020-01-12 10:33:00,0.012718,229.696,0.5329,49.983
Balanced,2020-01-12 10:36:00,0.01159,229.68,0.5259,49.991
Balanced,2020-01-12 10:39:00,0.014323,229.334,0.4601,49.968
Balanced,2020-01-12 10:42:00,0.014759,229.613,0.5548,49.967
Balanced,2020-01-12 10:45:00,0.02493,227.263,0.7776,49.985
Balanced,2020-01-12 10:48:00,0.020318,229.03,0.5952,49.976
Balanced,2020-01-12 10:51:00,0.014141,229.329,0.5238,49.97
Balanced,2020-01-12 10:54:00,0.023049,228.263,0.6444,49.96
Balanced,2020-01-12 10:57:00,0.016095,228.963,0.5292,50.01
Balanced,2020-01-12 11:00:00,0.017577,228.78,0.5919,49.985
Balanced,2020-01-12 11:03:00,0.02192,228.334,0.6402,49.976
Balanced,2020-01-12 11:06:00,0.016508,228.537,0.5283,49.973
Balanced,2020-01-12 11:09:00,0.018872,229.154,0.5211,49.99
Balanced,2020-01-12 11:12:00,0.017712,228.044,0.544,49.971
Balanced,2020-01-12 11:15:00,0.021638,228.095,0.631,49.972
Balanced,2020-01-12 11:18:00,0.02054,228.656,0.5624,49.993
Balanced,2020-01-12 11:21:00,0.016017,230.175,0.5411,49.985
Balanced,2020-01-12 11:24:00,0.018326,228.372,0.6173,50.011
Balanced,2020-01-12 11:27:00,0.023714,227.872,0.616,49.984
Balanced,2020-01-12 11:30:00,0.014733,227.167,0.5048,49.98
Balanced,2020-01-12 11:33:00,0.01546,228.13,0.5424,49.997
Balanced,2020-01-12 11:36:00,0.016612,228.752,0.5868,49.974
Balanced,2020-01-12 11:39:00,0.021363,227.988,0.5945,49.992
Balanced,2020-01-12 11:42:00,0.01888,229.327,0.6195,49.999
Balanced,2020-01-12 11:45:00,0.01609,229.93,0.6082,50.003
Balanced,2020-01-12 11:48:00,0.013778,230.638,0.4929,49.982
Balanced,2020-01-12 11:51:00,0.016,229.278,0.602,49.988
Balanced,2020-01-12 11:54:00,0.019382,228.27,0.6581,49.986
Balanced,2020-01-12 11:57:00,0.019778,228.351,0.6726,49.981
Balanced,2020-01-12 12:00:00,0.021758,228.239,0.6341,49.995
Balanced,2020-01-12 12:03:00,0.013433,229.092,0.5465,49.998
Balanced,2020-01-12 12:06:00,0.022637,226.844,0.6434,49.979
Balanced,2020-01-12 12:09:00,0.021661,227.129,0.6843,49.971
Balanced,2020-01-12 12:12:00,0.019656,227.377,0.6397,49.968
Balanced,2020-01-12 12:15:00,0.018779,228.505,0.6471,49.971
Balanced,2020-01-12 12:18:00,0.019087,227.826,0.6284,49.969
Balanced,2020-01-12 12:21:00,0.023432,226.963,0.7009,49.966
Balanced,2020-01-12 12:24:00,0.021654,227.56,0.6472,50.006
Balanced,2020-01-12 12:27:00,0.024825,227.077,0.6676,49.986
Balanced,2020-01-12 12:30:00,0.01598,229.436,0.5961,49.984
Balanced,2020-01-12 12:33:00,0.017768,228.853,0.5853,49.987
Balanced,2020-01-12 12:36:00,0.023921,227.77,0.6186,49.974
Balanced,2020-01-12 12:39:00,0.0163,228.255,0.6183,49.975
Balanced,2020-01-12 12:42:00,0.023732,227.129,0.6597,49.983
Balanced,2020-01-12 12:45:00,0.023809,228.313,0.6833,49.988
Balanced,2020-01-12 12:48:00,0.020962,229.13,0.6637,49.978
Balanced,2020-01-12 12:51:00,0.026091,229.656,0.7744,49.99
Balanced,2020-01-12 12:54:00,0.019062,227.851,0.5718,49.997
Balanced,2020-01-12 12:57:00,0.027124,227.635,0.6919,49.979
Balanced,2020-01-12 13:00:00,0.022975,228.233,0.6934,49.978
Balanced,2020-01-12 13:03:00,0.017898,229.626,0.5362,49.958
Balanced,2020-01-12 13:06:00,0.014571,228.978,0.487,49.977
Balanced,2020-01-12 13:09:00,0.023305,227.2,0.6439,49.972
Balanced,2020-01-12 13:12:00,0.023344,227.281,0.7325,49.972
Balanced,2020-01-12 13:15:00,0.018081,229.172,0.6731,49.991
Balanced,2020-01-12 13:18:00,0.019825,228.454,0.6083,49.973
Balanced,2020-01-12 13:21:00,0.021239,228.867,0.5944,49.998
Balanced,2020-01-12 13:24:00,0.019603,229.628,0.6425,49.996
Balanced,2020-01-12 13:27:00,0.020431,227.814,0.5707,49.985
Balanced,2020-01-12 13:30:00,0.021567,227.566,0.615,49.99
Balanced,2020-01-12 13:33:00,0.019837,227.818,0.557,49.967
Balanced,2020-01-12 13:36:00,0.023099,228.268,0.6171,49.977
Balanced,2020-01-12 13:39:00,0.019313,229.251,0.5613,49.97
Balanced,2020-01-12 13:42:00,0.021529,228.473,0.6489,49.984
Balanced,2020-01-12 13:45:00,0.019152,228.978,0.6304,49.984
Balanced,2020-01-12 13:48:00,0.021287,227.854,0.576,49.997
Balanced,2020-01-12 13:51:00,0.025153,226.311,0.7885,49.959
Balanced,2020-01-12 13:54:00,0.019437,227.231,0.6336,49.993
Balanced,2020-01-12 13:57:00,0.031723,226.517,0.852,49.973
Balanced,2020-01-12 14:00:00,0.017103,229.928,0.5747,49.989
Balanced,2020-01-12 14:03:00,0.021562,228.922,0.651,49.977
Balanced,2020-01-12 14:06:00,0.017018,228.836,0.5883,49.964
Balanced,2020-01-12 14:09:00,0.020549,229.128,0.6554,49.974
Balanced,2020-01-12 14:12:00,0.022648,227.805,0.6024,49.984
Balanced,2020-01-12 14:15:00,0.019662,229.193,0.6042,49.975
Balanced,2020-01-12 14:18:00,0.025561,227.927,0.7285,49.971
Balanced,2020-01-12 14:21:00,0.015202,229.339,0.5466,49.989
Balanced,2020-01-12 14:24:00,0.021757,227.699,0.6316,49.966
Balanced,2020-01-12 14:27:00,0.023387,228.189,0.6941,49.969
Balanced,2020-01-12 14:30:00,0.018321,228.495,0.6228,49.985
Balanced,2020-01-12 14:33:00,0.021678,229.594,0.6507,49.979
Balanced,2020-01-12 14:36:00,0.022874,229.063,0.5744,49.968
Balanced,2020-01-12 14:39:00,0.016593,229.921,0.6106,50.0
Balanced,2020-01-12 14:42:00,0.026436,228.34,0.7296,49.974
Balanced,2020-01-12 14:45:00,0.025213,227.965,0.6705,49.982
Balanced,2020-01-12 14:48:00,0.021557,227.863,0.6683,49.972
Balanced,2020-01-12 14:51:00,0.018868,228.172,0.6014,49.986
Balanced,2020-01-12 14:54:00,0.025572,226.868,0.7697,49.978
Balanced,2020-01-12 14:57:00,0.019346,227.749,0.6915,49.971
Balanced,2020-01-12 15:00:00,0.023189,227.589,0.6311,49.998
Balanced,2020-01-12 15:03:00,0.022418,229.017,0.6978,49.975
Balanced,2020-01-12 15:06:00,0.020567,228.36,0.6562,49.977
Balanced,2020-01-12 15:09:00,0.023028,228.022,0.6981,49.975
Balanced,2020-01-12 15:12:00,0.027486,226.743,0.6346,49.976
Balanced,2020-01-12 15:15:00,0.017776,228.102,0.5262,49.986
Balanced,2020-01-12 15:18:00,0.02584,228.378,0.7539,49.978
Balanced,2020-01-12 15:21:00,0.022777,226.323,0.6434,49.969
Balanced,2020-01-12 15:24:00,0.01978,228.576,0.6188,49.982
Balanced,2020-01-12 15:27:00,0.0183,230.11,0.5904,49.987
Balanced,2020-01-12 15:30:00,0.020679,229.131,0.6331,49.983
Balanced,2020-01-12 15:33:00,0.023049,226.322,0.7081,49.969
Balanced,2020-01-12 15:36:00,0.020633,228.608,0.5772,49.984
Balanced,2020-01-12 15:39:00,0.013272,230.967,0.4617,49.978
Balanced,2020-01-12 15:42:00,0.019178,228.089,0.6039,49.991
Balanced,2020-01-12 15:45:00,0.017096,228.966,0.5576,49.975
Balanced,2020-01-12 15:48:00,0.021441,228.829,0.7069,49.999
Balanced,2020-01-12 15:51:00,0.024316,227.084,0.6206,49.994
Balanced,2020-01-12 15:54:00,0.020735,228.237,0.6008,49.987
Balanced,2020-01-12 15:57:00,0.021306,228.212,0.6128,49.99
Balanced,2020-01-12 16:00:00,0.022592,229.93,0.5912,49.978
Balanced,2020-01-12 16:03:00,0.021878,228.096,0.6209,49.989
Balanced,2020-01-12 16:06:00,0.023222,227.663,0.6591,49.981
Balanced,2020-01-12 16:09:00,0.021892,227.451,0.6846,49.991
Balanced,2020-01-12 16:12:00,0.027999,227.309,0.7748,49.985
Balanced,2020-01-12 16:15:00,0.024436,229.136,0.7222,49.972
Balanced,2020-01-12 16:18:00,0.018453,229.45,0.5776,49.99
Balanced,2020-01-12 16:21:00,0.01701,229.135,0.58,49.975
Balanced,2020-01-12 16:24:00,0.020637,228.247,0.6004,49.978
Balanced,2020-01-12 16:27:00,0.018148,229.049,0.5903,49.979
Balanced,2020-01-12 16:30:00,0.017636,227.992,0.594,49.999
Balanced,2020-01-12 16:33:00,0.014404,229.818,0.4809,50.007
Balanced,2020-01-12 16:36:00,0.019397,227.387,0.5154,49.977
Balanced,2020-01-12 16:39:00,0.019637,228.548,0.6591,49.968
Balanced,2020-01-12 16:42:00,0.018804,228.938,0.5994,49.995
Balanced,2020-01-12 16:45:00,0.017966,228.908,0.6002,49.979
Balanced,2020-01-12 16:48:00,0.019121,229.678,0.621,49.969
Balanced,2020-01-12 16:51:00,0.013905,228.468,0.577,49.987
Balanced,2020-01-12 16:54:00,0.019323,229.41,0.5541,49.966
Balanced,2020-01-12 16:57:00,0.018279,228.516,0.6033,49.97
Balanced,2020-01-12 17:00:00,0.019472,227.963,0.6312,49.986
Balanced,2020-01-12 17:03:00,0.020352,228.098,0.657,50.006
Balanced,2020-01-12 17:06:00,0.017809,228.879,0.6169,49.976
Balanced,2020-01-12 17:09:00,0.017289,229.887,0.5,49.985
Balanced,2020-01-12 17:12:00,0.01515,228.872,0.5199,50.002
Balanced,2020-01-12 17:15:00,0.01671,228.172,0.551,49.988
Balanced,2020-01-12 17:18:00,0.019976,228.629,0.6012,49.984
Balanced,2020-01-12 17:21:00,0.0169,230.038,0.6086,50.001
Balanced,2020-01-12 17:24:00,0.015993,230.239,0.5222,49.993
Balanced,2020-01-12 17:27:00,0.01766,229.404,0.6129,49.999
Balanced,2020-01-12 17:30:00,0.022551,228.325,0.6609,49.981
Balanced,2020-01-12 17:33:00,0.020834,228.034,0.6579,49.989
Balanced,2020-01-12 17:36:00,0.019459,229.322,0.6421,49.963
Balanced,2020-01-12 17:39:00,0.017052,228.221,0.5616,49.989
Balanced,2020-01-12 17:42:00,0.020553,227.908,0.6226,49.998
Balanced,2020-01-12 17:45:00,0.021101,230.72,0.5607,49.98
Balanced,2020-01-12 17:48:00,0.015192,229.683,0.5307,50.003
Balanced,2020-01-12 17:51:00,0.019576,228.901,0.5901,49.963
Balanced,2020-01-12 17:54:00,0.027326,228.257,0.7299,49.984
Balanced,2020-01-12 17:57:00,0.019494,229.013,0.5964,50.001
Balanced,2020-01-12 18:00:00,0.017699,228.8,0.5458,49.993
Balanced,2020-01-12 18:03:00,0.020015,227.494,0.6253,49.977
Balanced,2020-01-12 18:06:00,0.020214,228.351,0.5558,49.983
Balanced,2020-01-12 18:09:00,0.02194,227.48,0.6218,49.979
Balanced,2020-01-12 18:12:00,0.021242,229.911,0.6452,49.996
Balanced,2020-01-12 18:15:00,0.024999,227.928,0.6688,49.987
Balanced,2020-01-12 18:18:00,0.032995,225.447,0.8358,49.983
Balanced,2020-01-12 18:21:00,0.017143,227.663,0.5901,49.982
Balanced,2020-01-12 18:24:00,0.023787,226.145,0.6056,49.964
Balanced,2020-01-12 18:27:00,0.02029,228.442,0.6114,49.973
Balanced,2020-01-12 18:30:00,0.018494,229.849,0.5719,49.974
Balanced,2020-01-12 18:33:00,0.019476,228.685,0.5628,49.971
Balanced,2020-01-12 18:36:00,0.026889,226.51,0.7918,49.99
Balanced,2020-01-12 18:39:00,0.023165,228.724,0.6667,49.984
Balanced,2020-01-12 18:42:00,0.023441,229.341,0.6823,50.0
Balanced,2020-01-12 18:45:00,0.027025,227.461,0.6554,49.992
Balanced,2020-01-12 18:48:00,0.019033,226.7,0.5774,49.953
Balanced,2020-01-12 18:51:00,0.017325,228.291,0.5278,49.975
Balanced,2020-01-12 18:54:00,0.027452,226.953,0.7372,49.97
Balanced,2020-01-12 18:57:00,0.029566,227.075,0.7654,49.96
Balanced,2020-01-12 19:00:00,0.022234,227.989,0.698,49.965
Balanced,2020-01-12 19:03:00,0.02539,227.152,0.6187,49.963
Balanced,2020-01-12 19:06:00,0.019609,228.952,0.6209,49.999
Balanced,2020-01-12 19:09:00,0.027355,228.037,0.7137,49.967
Balanced,2020-01-12 19:12:00,0.021722,227.762,0.6403,49.979
Balanced,2020-01-12 19:15:00,0.025501,227.398,0.657,49.984
Balanced,2020-01-12 19:18:00,0.016542,229.24,0.5743,49.995
Balanced,2020-01-12 19:21:00,0.020327,228.964,0.5989,49.98
Balanced,2020-01-12 19:24:00,0.023511,228.267,0.6859,49.989
Balanced,2020-01-12 19:27:00,0.020364,227.61,0.6129,49.974
Balanced,2020-01-12 19:30:00,0.020695,228.298,0.6727,49.969
Balanced,2020-01-12 19:33:00,0.021872,227.941,0.6646,49.964
Balanced,2020-01-12 19:36:00,0.019643,227.532,0.5206,49.996
Balanced,2020-01-12 19:39:00,0.025799,227.537,0.7389,49.963
Balanced,2020-01-12 19:42:00,0.025724,227.449,0.6772,49.971
Balanced,2020-01-12 19:45:00,0.01893,228.902,0.5552,49.957
Balanced,2020-01-12 19:48:00,0.023785,227.489,0.6441,49.999
Balanced,2020-01-12 19:51:00,0.033187,226.125,0.898,49.967
Balanced,2020-01-12 19:54:00,0.024667,227.04,0.6775,49.986
Balanced,2020-01-12 19:57:00,0.02238,229.935,0.6358,49.992
Balanced,2020-01-12 20:00:00,0.021779,228.059,0.7337,49.984
Balanced,2020-01-12 20:03:00,0.01799,229.108,0.5746,49.991
Balanced,2020-01-12 20:06:00,0.015717,229.22,0.4512,49.998
Balanced,2020-01-12 20:09:00,0.019708,229.827,0.6318,49.995
Balanced,2020-01-12 20:12:00,0.031691,228.105,0.8229,49.957
Balanced,2020-01-12 20:15:00,0.028185,226.556,0.7184,49.96
Balanced,2020-01-12 20:18:00,0.031488,225.462,0.8232,49.95
Balanced,2020-01-12 20:21:00,0.034027,226.27,0.8174,49.955
Balanced,2020-01-12 20:24:00,0.029839,225.948,0.8093,49.972
Balanced,2020-01-12 20:27:00,0.024545,228.025,0.6601,49.964
Balanced,2020-01-12 20:30:00,0.022827,227.485,0.6638,49.986
Balanced,2020-01-12 20:33:00,0.023394,226.994,0.6241,49.987
Balanced,2020-01-12 20:36:00,0.02857,225.759,0.8137,49.991
Balanced,2020-01-12 20:39:00,0.026904,226.786,0.7133,49.984
Balanced,2020-01-12 20:42:00,0.017873,230.34,0.5969,50.017
Balanced,2020-01-12 20:45:00,0.019728,227.852,0.6444,49.987
Balanced,2020-01-12 20:48:00,0.022421,228.414,0.6134,49.982
Balanced,2020-01-12 20:51:00,0.025648,226.305,0.7151,49.962
Balanced,2020-01-12 20:54:00,0.024311,228.242,0.6693,49.988
Balanced,2020-01-12 20:57:00,0.021523,228.415,0.5459,49.978
Balanced,2020-01-12 21:00:00,0.02824,227.112,0.7619,49.947
Balanced,2020-01-12 21:03:00,0.021673,229.071,0.6949,49.981
Balanced,2020-01-12 21:06:00,0.025967,225.819,0.7922,49.954
Balanced,2020-01-12 21:09:00,0.014772,227.991,0.4468,49.99
Balanced,2020-01-12 21:12:00,0.017178,229.356,0.5256,49.979
Balanced,2020-01-12 21:15:00,0.023135,228.236,0.6814,49.95
Balanced,2020-01-12 21:18:00,0.023909,227.896,0.6691,50.002
Balanced,2020-01-12 21:21:00,0.017219,228.433,0.5783,49.988
Balanced,2020-01-12 21:24:00,0.02655,226.473,0.7472,49.971
Balanced,2020-01-12 21:27:00,0.02622,227.041,0.7367,49.978
Balanced,2020-01-12 21:30:00,0.020632,227.753,0.5874,49.982
Balanced,2020-01-12 21:33:00,0.029515,227.202,0.7476,49.971
Balanced,2020-01-12 21:36:00,0.020466,228.139,0.6239,49.98
Balanced,2020-01-12 21:39:00,0.018721,227.804,0.6173,49.971
Balanced,2020-01-12 21:42:00,0.027425,228.672,0.7924,49.972
Balanced,2020-01-12 21:45:00,0.025575,227.424,0.6916,49.963
Balanced,2020-01-12 21:48:00,0.029101,226.155,0.8404,49.98
Balanced,2020-01-12 21:51:00,0.017659,227.981,0.53,49.952
Balanced,2020-01-12 21:54:00,0.026539,227.749,0.7525,49.973
Balanced,2020-01-12 21:57:00,0.018733,228.553,0.5681,49.995
Balanced,2020-01-12 22:00:00,0.018734,227.384,0.6278,49.978
Balanced,2020-01-12 22:03:00,0.021005,226.352,0.6689,49.951
Balanced,2020-01-12 22:06:00,0.020548,228.368,0.6208,49.977
Balanced,2020-01-12 22:09:00,0.021933,228.408,0.667,49.968
Balanced,2020-01-12 22:12:00,0.016514,229.066,0.5582,49.992
Balanced,2020-01-12 22:15:00,0.023085,228.024,0.6632,49.97
Balanced,2020-01-12 22:18:00,0.0193,227.939,0.6484,49.972
Balanced,2020-01-12 22:21:00,0.025526,228.947,0.7049,49.983
Balanced,2020-01-12 22:24:00,0.022653,228.679,0.6674,49.974
Balanced,2020-01-12 22:27:00,0.015627,230.6,0.5616,50.0
Balanced,2020-01-12 22:30:00,0.016011,228.93,0.5585,49.977
Balanced,2020-01-12 22:33:00,0.02167,229.026,0.6108,49.995
Balanced,2020-01-12 22:36:00,0.025082,227.744,0.6957,49.981
Balanced,2020-01-12 22:39:00,0.023324,228.156,0.5815,49.991
Balanced,2020-01-12 22:42:00,0.019353,227.38,0.5668,49.959
Balanced,2020-01-12 22:45:00,0.021545,228.63,0.6593,49.992
Balanced,2020-01-12 22:48:00,0.019768,228.315,0.6012,50.002
Balanced,2020-01-12 22:51:00,0.025954,227.861,0.7571,49.989
Balanced,2020-01-12 22:54:00,0.017634,228.593,0.5407,50.001
Balanced,2020-01-12 22:57:00,0.01988,229.048,0.6023,49.982
Balanced,2020-01-12 23:00:00,0.014938,230.081,0.5337,49.985
Balanced,2020-01-12 23:03:00,0.018636,229.158,0.535,49.986
Balanced,2020-01-12 23:06:00,0.016089,228.302,0.5336,49.973
Balanced,2020-01-12 23:09:00,0.019392,227.805,0.6374,49.98
Balanced,2020-01-12 23:12:00,0.013986,228.853,0.5587,49.986
Balanced,2020-01-12 23:15:00,0.018518,227.914,0.655,49.967
Balanced,2020-01-12 23:18:00,0.022643,226.233,0.6541,49.968
Balanced,2020-01-12 23:21:00,0.021083,226.896,0.6046,49.979
Balanced,2020-01-12 23:24:00,0.021533,227.013,0.6423,49.965
Balanced,2020-01-12 23:27:00,0.017764,229.278,0.6202,49.998
Balanced,2020-01-12 23:30:00,0.017459,228.759,0.5332,49.971
Balanced,2020-01-12 23:33:00,0.020068,229.74,0.6208,49.998
Balanced,2020-01-12 23:36:00,0.013821,229.538,0.4976,49.981
Balanced,2020-01-12 23:39:00,0.02228,227.462,0.6922,49.974
Balanced,2020-01-12 23:42:00,0.018481,229.207,0.5889,49.969
Balanced,2020-01-12 23:45:00,0.017119,230.244,0.5246,49.983
Balanced,2020-01-12 23:48:00,0.018438,228.051,0.6055,49.965
Balanced,2020-01-12 23:51:00,0.027612,226.642,0.7796,49.948
Balanced,2020-01-12 23:54:00,0.014675,228.308,0.5228,50.004
Balanced,2020-01-12 23:57:00,0.025119,226.162,0.7136,49.991
Balanced,2020-01-13 00:00:00,0.015466,229.453,0.5032,49.974
Balanced,2020-01-13 00:03:00,0.017935,227.868,0.5697,50.001
Balanced,2020-01-13 00:06:00,0.015699,229.598,0.5655,49.976
Balanced,2020-01-13 00:09:00,0.01811,231.116,0.5478,49.969
Balanced,2020-01-13 00:12:00,0.020889,227.551,0.5713,49.983
Balanced,2020-01-13 00:15:00,0.017753,226.501,0.5875,50.005
Balanced,2020-01-13 00:18:00,0.014768,230.258,0.4376,49.994
Balanced,2020-01-13 00:21:00,0.016326,228.926,0.5094,49.983
Balanced,2020-01-13 00:24:00,0.01891,228.595,0.6047,49.982
Balanced,2020-01-13 00:27:00,0.016932,229.855,0.5324,49.986
Balanced,2020-01-13 00:30:00,0.015912,229.528,0.5695,49.978
Balanced,2020-01-13 00:33:00,0.017178,228.807,0.5723,50.005
Balanced,2020-01-13 00:36:00,0.014715,229.254,0.5462,49.983
Balanced,2020-01-13 00:39:00,0.015592,228.543,0.4829,50.005
Balanced,2020-01-13 00:42:00,0.021252,228.811,0.5746,49.984
Balanced,2020-01-13 00:45:00,0.018859,228.058,0.5263,49.997
Balanced,2020-01-13 00:48:00,0.018163,228.795,0.5573,49.985
Balanced,2020-01-13 00:51:00,0.017609,229.102,0.6078,49.99
Balanced,2020-01-13 00:54:00,0.013947,228.725,0.4979,49.987
Balanced,2020-01-13 00:57:00,0.016126,228.884,0.5679,49.996
Balanced,2020-01-13 01:00:00,0.022749,229.542,0.7206,49.978
Balanced,2020-01-13 01:03:00,0.019991,227.314,0.5832,49.986
Balanced,2020-01-13 01:06:00,0.018151,229.278,0.5409,49.961
Balanced,2020-01-13 01:09:00,0.02111,229.266,0.6414,49.979
Balanced,2020-01-13 01:12:00,0.018891,229.907,0.6342,49.972
Balanced,2020-01-13 01:15:00,0.015289,230.001,0.6344,49.985
Balanced,2020-01-13 01:18:00,0.018871,228.531,0.4961,49.978
Balanced,2020-01-13 01:21:00,0.017034,230.23,0.5345,49.975
Balanced,2020-01-13 01:24:00,0.01907,228.954,0.5222,50.0
Balanced,2020-01-13 01:27:00,0.020338,229.397,0.6417,49.984
Balanced,2020-01-13 01:30:00,0.016918,228.95,0.4803,49.999
Balanced,2020-01-13 01:33:00,0.017737,228.957,0.4806,49.984
Balanced,2020-01-13 01:36:00,0.014285,229.646,0.5313,49.976
Balanced,2020-01-13 01:39:00,0.01459,229.41,0.5562,49.988
Balanced,2020-01-13 01:42:00,0.017182,229.046,0.6115,49.995
Balanced,2020-01-13 01:45:00,0.016231,228.096,0.5007,50.002
Balanced,2020-01-13 01:48:00,0.015449,229.277,0.5132,49.973
Balanced,2020-01-13 01:51:00,0.018738,228.48,0.485,49.996
Balanced,2020-01-13 01:54:00,0.013106,229.702,0.448,49.99
Balanced,2020-01-13 01:57:00,0.020087,228.065,0.6564,49.981
Balanced,2020-01-13 02:00:00,0.015089,228.894,0.5123,49.991
Balanced,2020-01-13 02:03:00,0.016879,229.058,0.5315,49.985
Balanced,2020-01-13 02:06:00,0.016625,229.021,0.5573,50.009
Balanced,2020-01-13 02:09:00,0.013482,228.981,0.4936,49.988
Balanced,2020-01-13 02:12:00,0.017358,228.748,0.5213,49.987
Balanced,2020-01-13 02:15:00,0.015143,229.012,0.5431,49.974
Balanced,2020-01-13 02:18:00,0.013293,230.183,0.4913,49.999
Balanced,2020-01-13 02:21:00,0.008627,230.963,0.4099,49.97
Balanced,2020-01-13 02:24:00,0.018875,227.957,0.5595,49.984
Balanced,2020-01-13 02:27:00,0.018046,230.023,0.5654,49.99
Balanced,2020-01-13 02:30:00,0.020735,228.189,0.6227,49.969
Balanced,2020-01-13 02:33:00,0.017621,229.415,0.595,49.986
Balanced,2020-01-13 02:36:00,0.017155,228.887,0.5031,49.974
Balanced,2020-01-13 02:39:00,0.016606,226.966,0.5207,50.004
Balanced,2020-01-13 02:42:00,0.021037,229.189,0.6345,49.992
Balanced,2020-01-13 02:45:00,0.018002,228.405,0.5341,49.97
Balanced,2020-01-13 02:48:00,0.018891,227.831,0.604,49.979
Balanced,2020-01-13 02:51:00,0.018297,229.276,0.605,49.989
Balanced,2020-01-13 02:54:00,0.013051,228.851,0.5024,49.991
Balanced,2020-01-13 02:57:00,0.014565,228.525,0.5323,50.001
Balanced,2020-01-13 03:00:00,0.018345,228.321,0.6414,49.994
Balanced,2020-01-13 03:03:00,0.015772,228.783,0.5254,50.011
Balanced,2020-01-13 03:06:00,0.015689,228.776,0.522,49.964
Balanced,2020-01-13 03:09:00,0.015512,229.102,0.5833,49.984
Balanced,2020-01-13 03:12:00,0.019004,228.871,0.5768,49.987
Balanced,2020-01-13 03:15:00,0.013299,231.708,0.4681,49.996
Balanced,2020-01-13 03:18:00,0.01843,229.294,0.61,49.971
Balanced,2020-01-13 03:21:00,0.013745,229.054,0.4744,49.957
Balanced,2020-01-13 03:24:00,0.013317,230.65,0.5163,49.973
Balanced,2020-01-13 03:27:00,0.011583,228.596,0.4828,49.965
Balanced,2020-01-13 03:30:00,0.013055,229.473,0.4858,49.99
Balanced,2020-01-13 03:33:00,0.017366,229.401,0.5947,49.977
Balanced,2020-01-13 03:36:00,0.010322,229.402,0.3995,50.005
Balanced,2020-01-13 03:39:00,0.02166,227.464,0.6474,49.971
Balanced,2020-01-13 03:42:00,0.022007,228.348,0.6171,49.974
Balanced,2020-01-13 03:45:00,0.015489,230.648,0.5379,50.001
Balanced,2020-01-13 03:48:00,0.014863,228.106,0.5248,49.995
Balanced,2020-01-13 03:51:00,0.01455,230.231,0.539,50.003
Balanced,2020-01-13 03:54:00,0.011531,228.542,0.3881,50.012
Balanced,2020-01-13 03:57:00,0.013718,229.593,0.5422,49.988
Balanced,2020-01-13 04:00:00,0.018893,228.226,0.6084,49.981
Balanced,2020-01-13 04:03:00,0.016151,229.993,0.6122,49.981
Balanced,2020-01-13 04:06:00,0.015214,227.656,0.511,49.994
Balanced,2020-01-13 04:09:00,0.011999,229.472,0.4784,49.977
Balanced,2020-01-13 04:12:00,0.014773,229.418,0.5392,49.988
Balanced,2020-01-13 04:15:00,0.017856,228.632,0.5703,49.966
Balanced,2020-01-13 04:18:00,0.014681,228.657,0.5356,49.944
Balanced,2020-01-13 04:21:00,0.017584,228.329,0.6454,49.974
Balanced,2020-01-13 04:24:00,0.015853,229.894,0.5482,49.988
Balanced,2020-01-13 04:27:00,0.017524,228.129,0.5532,49.978
Balanced,2020-01-13 04:30:00,0.018438,227.923,0.5938,49.981
Balanced,2020-01-13 04:33:00,0.018161,230.044,0.5993,49.99
Balanced,2020-01-13 04:36:00,0.013163,230.563,0.4638,49.99
Balanced,2020-01-13 04:39:00,0.017684,227.621,0.5912,49.967
Balanced,2020-01-13 04:42:00,0.015682,228.39,0.5405,49.985
Balanced,2020-01-13 04:45:00,0.014586,229.036,0.4468,49.969
Balanced,2020-01-13 04:48:00,0.01614,229.97,0.5401,49.978
Balanced,2020-01-13 04:51:00,0.013589,229.919,0.5004,49.979
Balanced,2020-01-13 04:54:00,0.018324,228.767,0.5985,49.976
Balanced,2020-01-13 04:57:00,0.016167,229.274,0.5241,49.997
Balanced,2020-01-13 05:00:00,0.014547,229.834,0.509,49.991
Balanced,2020-01-13 05:03:00,0.016813,229.158,0.533,50.002
Balanced,2020-01-13 05:06:00,0.018899,228.749,0.6157,49.972
Balanced,2020-01-13 05:09:00,0.016763,228.123,0.5774,49.979
Balanced,2020-01-13 05:12:00,0.015388,229.608,0.5517,49.97
Balanced,2020-01-13 05:15:00,0.014535,228.566,0.531,49.98
Balanced,2020-01-13 05:18:00,0.018529,228.176,0.5151,49.988
Balanced,2020-01-13 05:21:00,0.012229,229.556,0.4515,49.999
Balanced,2020-01-13 05:24:00,0.02048,227.312,0.5896,49.968
Balanced,2020-01-13 05:27:00,0.019556,228.356,0.5853,49.978
Balanced,2020-01-13 05:30:00,0.017226,228.757,0.5559,49.974
Balanced,2020-01-13 05:33:00,0.01637,227.993,0.5814,50.009
Balanced,2020-01-13 05:36:00,0.014624,229.753,0.5473,49.991
Balanced,2020-01-13 05:39:00,0.02146,226.814,0.6649,49.971
Balanced,2020-01-13 05:42:00,0.022734,227.667,0.6589,49.983
Balanced,2020-01-13 05:45:00,0.022051,227.976,0.6345,49.977
Balanced,2020-01-13 05:48:00,0.012694,230.008,0.5684,50.005
Balanced,2020-01-13 05:51:00,0.016852,229.058,0.4915,49.991
Balanced,2020-01-13 05:54:00,0.015448,230.214,0.5079,49.974
Balanced,2020-01-13 05:57:00,0.017366,228.622,0.5685,50.005
Balanced,2020-01-13 06:00:00,0.019509,229.152,0.5911,49.953
Balanced,2020-01-13 06:03:00,0.013431,229.926,0.4684,49.999
Balanced,2020-01-13 06:06:00,0.019328,227.817,0.6341,49.991
Balanced,2020-01-13 06:09:00,0.019068,229.165,0.5782,49.979
Balanced,2020-01-13 06:12:00,0.021301,229.472,0.5685,49.968
Balanced,2020-01-13 06:15:00,0.018943,227.823,0.5922,49.965
Balanced,2020-01-13 06:18:00,0.018776,229.211,0.5233,49.983
Balanced,2020-01-13 06:21:00,0.018775,227.921,0.5783,49.982
Balanced,2020-01-13 06:24:00,0.016158,229.313,0.5098,49.964
Balanced,2020-01-13 06:27:00,0.017357,229.289,0.5571,49.997
Balanced,2020-01-13 06:30:00,0.018778,230.002,0.6031,49.965
Balanced,2020-01-13 06:33:00,0.022288,226.288,0.6719,49.966
Balanced,2020-01-13 06:36:00,0.021977,227.555,0.5872,49.98
Balanced,2020-01-13 06:39:00,0.014613,228.722,0.4945,49.993
Balanced,2020-01-13 06:42:00,0.016086,228.221,0.5358,49.98
Balanced,2020-01-13 06:45:00,0.019083,227.84,0.5516,49.961
Balanced,2020-01-13 06:48:00,0.022983,227.79,0.6512,49.963
Balanced,2020-01-13 06:51:00,0.015717,229.761,0.5593,50.002
Balanced,2020-01-13 06:54:00,0.02415,226.163,0.6593,49.978
Balanced,2020-01-13 06:57:00,0.017911,227.834,0.5456,49.979
Balanced,2020-01-13 07:00:00,0.019984,228.247,0.6657,50.007
Balanced,2020-01-13 07:03:00,0.0238,227.47,0.6676,49.989
Balanced,2020-01-13 07:06:00,0.018561,228.088,0.6014,49.969
Balanced,2020-01-13 07:09:00,0.023543,227.261,0.6514,49.971
Balanced,2020-01-13 07:12:00,0.021022,228.075,0.5956,49.972
Balanced,2020-01-13 07:15:00,0.019308,229.867,0.6231,49.981
Balanced,2020-01-13 07:18:00,0.023955,227.633,0.699,49.963
Balanced,2020-01-13 07:21:00,0.023754,227.056,0.6712,49.963
Balanced,2020-01-13 07:24:00,0.014345,229.098,0.5417,50.012
Balanced,2020-01-13 07:27:00,0.020389,227.8,0.5808,49.986
Balanced,2020-01-13 07:30:00,0.02268,228.914,0.6841,49.998
Balanced,2020-01-13 07:33:00,0.018737,228.369,0.5498,49.997
Balanced,2020-01-13 07:36:00,0.016422,226.753,0.6256,49.996
Balanced,2020-01-13 07:39:00,0.022782,226.963,0.6558,49.984
Balanced,2020-01-13 07:42:00,0.023401,227.991,0.7038,50.004
Balanced,2020-01-13 07:45:00,0.023174,226.444,0.7421,49.974
Balanced,2020-01-13 07:48:00,0.022887,227.727,0.7116,49.987
Balanced,2020-01-13 07:51:00,0.018847,228.69,0.5554,49.963
Balanced,2020-01-13 07:54:00,0.025807,227.522,0.7059,49.963
Balanced,2020-01-13 07:57:00,0.023996,228.676,0.6758,49.991
Balanced,2020-01-13 08:00:00,0.027341,228.245,0.785,49.951
Balanced,2020-01-13 08:03:00,0.022215,227.519,0.641,49.984
Balanced,2020-01-13 08:06:00,0.026623,226.339,0.7339,49.972
Balanced,2020-01-13 08:09:00,0.019238,229.724,0.6607,49.975
Balanced,2020-01-13 08:12:00,0.025938,228.568,0.7168,49.981
Balanced,2020-01-13 08:15:00,0.025492,227.397,0.7981,49.97
Balanced,2020-01-13 08:18:00,0.021534,229.565,0.5888,49.984
Balanced,2020-01-13 08:21:00,0.022127,228.628,0.6309,49.982
Balanced,2020-01-13 08:24:00,0.022084,228.845,0.6432,49.982
Balanced,2020-01-13 08:27:00,0.021717,227.222,0.6504,49.987
Balanced,2020-01-13 08:30:00,0.026888,228.167,0.768,49.951
Balanced,2020-01-13 08:33:00,0.02708,227.3,0.773,49.989
Balanced,2020-01-13 08:36:00,0.021309,227.403,0.5975,49.988
Balanced,2020-01-13 08:39:00,0.02765,228.766,0.72,49.987
Balanced,2020-01-13 08:42:00,0.014028,229.264,0.593,49.991
Balanced,2020-01-13 08:45:00,0.020274,228.474,0.6371,49.989
Balanced,2020-01-13 08:48:00,0.017723,230.013,0.582,49.977
Balanced,2020-01-13 08:51:00,0.021645,227.175,0.6823,49.977
Balanced,2020-01-13 08:54:00,0.020261,228.786,0.5848,49.97
Balanced,2020-01-13 08:57:00,0.016488,228.631,0.5451,49.975
Balanced,2020-01-13 09:00:00,0.020578,228.545,0.6432,49.999
Balanced,2020-01-13 09:03:00,0.025957,227.626,0.7297,49.986
Balanced,2020-01-13 09:06:00,0.025,227.485,0.6666,49.976
Balanced,2020-01-13 09:09:00,0.0238,228.72,0.6837,49.994
Balanced,2020-01-13 09:12:00,0.02207,227.832,0.6383,50.001
Balanced,2020-01-13 09:15:00,0.01284,229.863,0.4733,49.979
Balanced,2020-01-13 09:18:00,0.016737,228.26,0.5615,49.985
Balanced,2020-01-13 09:21:00,0.022406,226.618,0.6958,49.969
Balanced,2020-01-13 09:24:00,0.020525,226.653,0.6171,49.994
Balanced,2020-01-13 09:27:00,0.02014,228.542,0.6048,49.978
Balanced,2020-01-13 09:30:00,0.017423,228.128,0.5837,49.966
Balanced,2020-01-13 09:33:00,0.020502,228.439,0.5302,49.995
Balanced,2020-01-13 09:36:00,0.019643,228.018,0.6244,49.974
Balanced,2020-01-13 09:39:00,0.020138,226.12,0.6353,49.98
Balanced,2020-01-13 09:42:00,0.020994,227.338,0.6503,49.974
Balanced,2020-01-13 09:45:00,0.017545,229.35,0.5411,49.97
Balanced,2020-01-13 09:48:00,0.016543,229.441,0.591,49.978
Balanced,2020-01-13 09:51:00,0.021424,228.653,0.5782,49.99
Balanced,2020-01-13 09:54:00,0.018449,228.309,0.5514,49.995
Balanced,2020-01-13 09:57:00,0.02124,230.167,0.628,49.97
Balanced,2020-01-13 10:00:00,0.016002,228.721,0.4888,49.985
Balanced,2020-01-13 10:03:00,0.016473,227.991,0.5456,49.97
Balanced,2020-01-13 10:06:00,0.017324,229.759,0.5823,49.971
Balanced,2020-01-13 10:09:00,0.015075,229.896,0.5333,50.015
Balanced,2020-01-13 10:12:00,0.016526,229.067,0.5131,49.984
Balanced,2020-01-13 10:15:00,0.01914,229.602,0.601,49.975
Balanced,2020-01-13 10:18:00,0.01825,227.692,0.6005,49.978
Balanced,2020-01-13 10:21:00,0.019104,229.058,0.5838,50.001
Balanced,2020-01-13 10:24:00,0.016791,227.892,0.571,49.971
Balanced,2020-01-13 10:27:00,0.01973,228.43,0.5365,49.971
Balanced,2020-01-13 10:30:00,0.020103,229.197,0.6106,49.983
Balanced,2020-01-13 10:33:00,0.016926,227.829,0.613,50.0
Balanced,2020-01-13 10:36:00,0.018536,228.24,0.5502,49.98
Balanced,2020-01-13 10:39:00,0.016916,228.823,0.5624,49.972
Balanced,2020-01-13 10:42:00,0.023081,227.316,0.5954,49.973
Balanced,2020-01-13 10:45:00,0.019398,227.993,0.5921,49.984
Balanced,2020-01-13 10:48:00,0.018873,228.532,0.6167,49.983
Balanced,2020-01-13 10:51:00,0.020421,226.773,0.6814,49.976
Balanced,2020-01-13 10:54:00,0.012348,229.304,0.4999,49.988
Balanced,2020-01-13 10:57:00,0.012541,229.685,0.5139,49.993
Balanced,2020-01-13 11:00:00,0.014761,229.973,0.5384,49.985
Balanced,2020-01-13 11:03:00,0.017271,227.607,0.6072,50.001
Balanced,2020-01-13 11:06:00,0.020818,227.349,0.6312,49.974
Balanced,2020-01-13 11:09:00,0.01762,229.303,0.5944,49.974
Balanced,2020-01-13 11:12:00,0.017954,228.336,0.5302,49.965
Balanced,2020-01-13 11:15:00,0.022331,227.536,0.6517,49.999
Balanced,2020-01-13 11:18:00,0.015357,227.84,0.5052,49.989
Balanced,2020-01-13 11:21:00,0.011908,230.968,0.4266,50.016
Balanced,2020-01-13 11:24:00,0.018415,228.655,0.5435,49.991
Balanced,2020-01-13 11:27:00,0.01991,229.531,0.5542,49.979
Balanced,2020-01-13 11:30:00,0.018214,228.8,0.605,49.979
Balanced,2020-01-13 11:33:00,0.016552,228.938,0.5589,49.991
Balanced,2020-01-13 11:36:00,0.021475,228.112,0.6616,49.977
Balanced,2020-01-13 11:39:00,0.019866,229.667,0.5961,49.991
Balanced,2020-01-13 11:42:00,0.018031,227.333,0.5411,49.973
Balanced,2020-01-13 11:45:00,0.020741,228.133,0.5742,49.961
Balanced,2020-01-13 11:48:00,0.014018,228.834,0.4879,49.981
Balanced,2020-01-13 11:51:00,0.016478,230.282,0.5362,49.966
Balanced,2020-01-13 11:54:00,0.020254,227.738,0.5899,49.975
Balanced,2020-01-13 11:57:00,0.020716,229.306,0.6517,49.994
Balanced,2020-01-13 12:00:00,0.020349,228.09,0.6365,49.957
Balanced,2020-01-13 12:03:00,0.019702,229.365,0.6383,49.993
Balanced,2020-01-13 12:06:00,0.016388,228.032,0.5623,49.996
Balanced,2020-01-13 12:09:00,0.017813,228.822,0.5852,50.013
Balanced,2020-01-13 12:12:00,0.018864,228.362,0.6455,49.979
Balanced,2020-01-13 12:15:00,0.019871,229.429,0.5922,49.977
Balanced,2020-01-13 12:18:00,0.020347,226.34,0.6077,49.975
Balanced,2020-01-13 12:21:00,0.017194,229.339,0.5477,49.984
Balanced,2020-01-13 12:24:00,0.021453,227.305,0.6339,49.99
Balanced,2020-01-13 12:27:00,0.016097,226.835,0.552,49.986
Balanced,2020-01-13 12:30:00,0.021828,229.372,0.6485,49.976
Balanced,2020-01-13 12:33:00,0.021861,228.485,0.6414,49.966
Balanced,2020-01-13 12:36:00,0.020965,228.217,0.6625,49.986
Balanced,2020-01-13 12:39:00,0.022154,229.011,0.5902,49.995
Balanced,2020-01-13 12:42:00,0.017838,227.946,0.6316,49.997
Balanced,2020-01-13 12:45:00,0.013685,229.787,0.5418,49.986
Balanced,2020-01-13 12:48:00,0.018268,229.372,0.5791,49.96
Balanced,2020-01-13 12:51:00,0.022723,228.831,0.7071,49.976
Balanced,2020-01-13 12:54:00,0.018305,228.624,0.559,49.968
Balanced,2020-01-13 12:57:00,0.015901,228.648,0.5233,49.984
Balanced,2020-01-13 13:00:00,0.021927,229.171,0.6868,49.957
Balanced,2020-01-13 13:03:00,0.024245,226.782,0.6278,49.961
Balanced,2020-01-13 13:06:00,0.022607,226.972,0.7475,49.959
Balanced,2020-01-13 13:09:00,0.019751,228.625,0.63,49.989
Balanced,2020-01-13 13:12:00,0.020322,229.383,0.5914,49.95
Balanced,2020-01-13 13:15:00,0.016679,228.777,0.5439,50.003
Balanced,2020-01-13 13:18:00,0.025322,227.331,0.7246,49.975
Balanced,2020-01-13 13:21:00,0.022152,228.578,0.6214,50.002
Balanced,2020-01-13 13:24:00,0.019423,227.99,0.5938,49.983
Balanced,2020-01-13 13:27:00,0.023804,227.361,0.6009,49.961
Balanced,2020-01-13 13:30:00,0.021534,229.091,0.6081,50.002
Balanced,2020-01-13 13:33:00,0.021888,226.711,0.7171,49.977
Balanced,2020-01-13 13:36:00,0.018176,228.806,0.553,49.997
Balanced,2020-01-13 13:39:00,0.022603,226.758,0.6638,49.973
Balanced,2020-01-13 13:42:00,0.021894,227.412,0.6275,49.994
Balanced,2020-01-13 13:45:00,0.020625,229.206,0.6581,49.975
Balanced,2020-01-13 13:48:00,0.025082,228.466,0.6639,49.979
Balanced,2020-01-13 13:51:00,0.016314,228.872,0.5355,49.975
Balanced,2020-01-13 13:54:00,0.017851,229.085,0.5786,49.99
Balanced,2020-01-13 13:57:00,0.022344,228.041,0.6195,49.963
Balanced,2020-01-13 14:00:00,0.020303,229.331,0.6427,49.961
Balanced,2020-01-13 14:03:00,0.02768,225.865,0.7522,49.966
Balanced,2020-01-13 14:06:00,0.020117,228.11,0.6666,50.008
Balanced,2020-01-13 14:09:00,0.023836,227.556,0.6728,49.965
Balanced,2020-01-13 14:12:00,0.016701,228.844,0.5728,49.98
Balanced,2020-01-13 14:15:00,0.016113,230.171,0.5809,50.005
Balanced,2020-01-13 14:18:00,0.015489,230.158,0.5424,49.984
Balanced,2020-01-13 14:21:00,0.017533,227.849,0.5473,49.968
Balanced,2020-01-13 14:24:00,0.021945,227.532,0.6569,49.971
Balanced,2020-01-13 14:27:00,0.019591,228.591,0.574,49.996
Balanced,2020-01-13 14:30:00,0.013432,228.569,0.5131,49.981
Balanced,2020-01-13 14:33:00,0.019404,228.557,0.591,49.988
Balanced,2020-01-13 14:36:00,0.021922,228.08,0.6447,49.987
Balanced,2020-01-13 14:39:00,0.02143,229.361,0.6681,49.971
Balanced,2020-01-13 14:42:00,0.016856,229.2,0.5745,49.97
Balanced,2020-01-13 14:45:00,0.019609,227.904,0.6,49.967
Balanced,2020-01-13 14:48:00,0.017577,228.627,0.4744,49.996
Balanced,2020-01-13 14:51:00,0.019881,228.936,0.6131,49.991
Balanced,2020-01-13 14:54:00,0.020137,229.071,0.5914,49.984
Balanced,2020-01-13 14:57:00,0.022083,226.541,0.708,49.972
Balanced,2020-01-13 15:00:00,0.015477,228.35,0.5858,49.975
Balanced,2020-01-13 15:03:00,0.019135,230.046,0.6118,50.003
Balanced,2020-01-13 15:06:00,0.022132,228.381,0.6497,49.974
Balanced,2020-01-13 15:09:00,0.020413,227.691,0.6032,49.989
Balanced,2020-01-13 15:12:00,0.018492,229.117,0.5441,49.969
Balanced,2020-01-13 15:15:00,0.016181,227.854,0.5521,50.001
Balanced,2020-01-13 15:18:00,0.015715,229.41,0.5145,49.975
Balanced,2020-01-13 15:21:00,0.027472,225.543,0.6915,49.981
Balanced,2020-01-13 15:24:00,0.019848,229.131,0.6278,49.995
Balanced,2020-01-13 15:27:00,0.022086,228.096,0.6668,49.977
Balanced,2020-01-13 15:30:00,0.021135,227.976,0.5873,49.981
Balanced,2020-01-13 15:33:00,0.026262,226.48,0.668,49.977
Balanced,2020-01-13 15:36:00,0.017767,229.369,0.5644,50.0
Balanced,2020-01-13 15:39:00,0.017815,228.304,0.6251,49.987
Balanced,2020-01-13 15:42:00,0.017543,229.469,0.5718,50.003
Balanced,2020-01-13 15:45:00,0.017881,226.85,0.5732,49.989
Balanced,2020-01-13 15:48:00,0.020077,227.755,0.6239,49.981
Balanced,2020-01-13 15:51:00,0.013907,229.01,0.5202,49.973
Balanced,2020-01-13 15:54:00,0.01473,229.076,0.5869,50.009
Balanced,2020-01-13 15:57:00,0.019474,227.911,0.6153,49.988
Balanced,2020-01-13 16:00:00,0.023738,227.325,0.6775,49.993
Balanced,2020-01-13 16:03:00,0.019457,227.354,0.6354,50.003
Balanced,2020-01-13 16:06:00,0.015963,228.314,0.6091,49.976
Balanced,2020-01-13 16:09:00,0.023102,227.475,0.6207,49.98
Balanced,2020-01-13 16:12:00,0.016525,228.529,0.5403,49.954
Balanced,2020-01-13 16:15:00,0.011724,229.077,0.5335,49.992
Balanced,2020-01-13 16:18:00,0.016772,227.843,0.5264,49.99
Balanced,2020-01-13 16:21:00,0.016832,229.385,0.6154,49.983
Balanced,2020-01-13 16:24:00,0.017592,228.842,0.5069,49.995
Balanced,2020-01-13 16:27:00,0.012674,230.224,0.5358,49.988
Balanced,2020-01-13 16:30:00,0.01489,228.491,0.4492,49.998
Balanced,2020-01-13 16:33:00,0.01599,229.733,0.5519,49.984
Balanced,2020-01-13 16:36:00,0.021633,227.235,0.7072,50.007
Balanced,2020-01-13 16:39:00,0.018687,227.759,0.5219,49.958
Balanced,2020-01-13 16:42:00,0.017462,228.451,0.5465,49.991
Balanced,2020-01-13 16:45:00,0.020866,228.659,0.5732,49.99
Balanced,2020-01-13 16:48:00,0.016366,230.513,0.4881,49.969
Balanced,2020-01-13 16:51:00,0.014675,229.524,0.5138,50.001
Balanced,2020-01-13 16:54:00,0.017329,228.817,0.5939,49.988
Balanced,2020-01-13 16:57:00,0.018259,229.182,0.5194,49.999
Balanced,2020-01-13 17:00:00,0.013443,230.958,0.4984,49.987
Balanced,2020-01-13 17:03:00,0.020801,227.303,0.5867,49.962
Balanced,2020-01-13 17:06:00,0.016964,229.373,0.5222,49.982
Balanced,2020-01-13 17:09:00,0.023052,227.473,0.6449,49.974
Balanced,2020-01-13 17:12:00,0.018234,228.894,0.5774,49.981
Balanced,2020-01-13 17:15:00,0.01335,228.71,0.4874,49.985
Balanced,2020-01-13 17:18:00,0.017942,228.332,0.5678,49.976
Balanced,2020-01-13 17:21:00,0.014358,229.591,0.5061,49.974
Balanced,2020-01-13 17:24:00,0.021164,227.047,0.6153,49.993
Balanced,2020-01-13 17:27:00,0.023078,225.496,0.6065,49.958
Balanced,2020-01-13 17:30:00,0.014567,230.456,0.5494,49.987
Balanced,2020-01-13 17:33:00,0.017743,228.927,0.5768,49.983
Balanced,2020-01-13 17:36:00,0.024372,228.285,0.6442,49.959
Balanced,2020-01-13 17:39:00,0.020736,227.738,0.6081,49.986
Balanced,2020-01-13 17:42:00,0.018695,228.819,0.4826,49.987
Balanced,2020-01-13 17:45:00,0.019404,228.003,0.6184,49.994
Balanced,2020-01-13 17:48:00,0.016678,230.449,0.5407,49.987
Balanced,2020-01-13 17:51:00,0.018996,227.892,0.6086,49.996
Balanced,2020-01-13 17:54:00,0.015132,229.098,0.4662,50.006
Balanced,2020-01-13 17:57:00,0.020205,230.401,0.5965,49.997
Balanced,2020-01-13 18:00:00,0.017904,227.216,0.5584,49.988
Balanced,2020-01-13 18:03:00,0.017602,229.147,0.5402,50.008
Balanced,2020-01-13 18:06:00,0.02394,227.228,0.6634,49.977
Balanced,2020-01-13 18:09:00,0.017768,228.615,0.5321,49.984
Balanced,2020-01-13 18:12:00,0.021965,227.51,0.5979,49.982
Balanced,2020-01-13 18:15:00,0.011471,230.566,0.5041,49.998
Balanced,2020-01-13 18:18:00,0.021072,228.357,0.6458,49.964
Balanced,2020-01-13 18:21:00,0.017997,228.607,0.5312,49.975
Balanced,2020-01-13 18:24:00,0.01646,228.379,0.5316,49.992
Balanced,2020-01-13 18:27:00,0.021633,226.147,0.63,49.979
Balanced,2020-01-13 18:30:00,0.017975,229.316,0.5601,49.984
Balanced,2020-01-13 18:33:00,0.021264,228.123,0.6416,49.988
Balanced,2020-01-13 18:36:00,0.016779,229.398,0.4901,49.982
Balanced,2020-01-13 18:39:00,0.022099,227.3,0.6971,49.993
Balanced,2020-01-13 18:42:00,0.018224,229.765,0.5287,49.973
Balanced,2020-01-13 18:45:00,0.020579,228.778,0.6425,49.977
Balanced,2020-01-13 18:48:00,0.030953,225.882,0.8134,49.965
Balanced,2020-01-13 18:51:00,0.019246,227.669,0.6242,49.985
Balanced,2020-01-13 18:54:00,0.022763,227.856,0.6597,49.98
Balanced,2020-01-13 18:57:00,0.017944,229.359,0.6272,49.984
Balanced,2020-01-13 19:00:00,0.018239,229.879,0.5519,49.997
Balanced,2020-01-13 19:03:00,0.019873,228.024,0.643,49.967
Balanced,2020-01-13 19:06:00,0.021479,228.894,0.6859,49.967
Balanced,2020-01-13 19:09:00,0.023687,227.791,0.6323,49.981
Balanced,2020-01-13 19:12:00,0.023958,228.719,0.6456,49.999
Balanced,2020-01-13 19:15:00,0.018332,230.373,0.5943,49.982
Balanced,2020-01-13 19:18:00,0.01937,226.983,0.5878,49.989
Balanced,2020-01-13 19:21:00,0.027682,225.596,0.7505,49.978
Balanced,2020-01-13 19:24:00,0.017634,228.721,0.6122,49.969
Balanced,2020-01-13 19:27:00,0.020533,228.854,0.6408,49.969
Balanced,2020-01-13 19:30:00,0.023293,227.963,0.6713,49.984
Balanced,2020-01-13 19:33:00,0.019825,226.769,0.6433,49.979
Balanced,2020-01-13 19:36:00,0.017786,228.714,0.5284,49.991
Balanced,2020-01-13 19:39:00,0.022511,229.033,0.625,50.0
Balanced,2020-01-13 19:42:00,0.018742,227.695,0.5835,49.983
Balanced,2020-01-13 19:45:00,0.027871,226.998,0.7793,49.972
Balanced,2020-01-13 19:48:00,0.023668,227.539,0.6981,49.983
Balanced,2020-01-13 19:51:00,0.02396,227.296,0.6484,49.988
Balanced,2020-01-13 19:54:00,0.020675,228.943,0.6542,49.979
Balanced,2020-01-13 19:57:00,0.031109,226.969,0.833,49.998
Balanced,2020-01-13 20:00:00,0.017367,228.411,0.57,49.976
Balanced,2020-01-13 20:03:00,0.025177,227.655,0.6856,49.988
Balanced,2020-01-13 20:06:00,0.019861,228.935,0.6183,49.987
Balanced,2020-01-13 20:09:00,0.024476,227.807,0.6349,49.984
Balanced,2020-01-13 20:12:00,0.023136,227.701,0.6829,49.98
Balanced,2020-01-13 20:15:00,0.020426,228.15,0.6288,49.97
Balanced,2020-01-13 20:18:00,0.022968,228.229,0.6558,49.972
Balanced,2020-01-13 20:21:00,0.022721,228.823,0.6689,49.99
Balanced,2020-01-13 20:24:00,0.027961,227.303,0.7091,49.968
Balanced,2020-01-13 20:27:00,0.015502,229.755,0.5614,49.984
Balanced,2020-01-13 20:30:00,0.019775,227.101,0.6016,49.98
Balanced,2020-01-13 20:33:00,0.030824,226.985,0.7922,49.968
Balanced,2020-01-13 20:36:00,0.020234,227.392,0.5891,49.972
Balanced,2020-01-13 20:39:00,0.025669,228.432,0.7271,49.979
Balanced,2020-01-13 20:42:00,0.025977,227.424,0.7408,49.977
Balanced,2020-01-13 20:45:00,0.018499,228.554,0.6037,49.976
Balanced,2020-01-13 20:48:00,0.022332,227.604,0.6386,49.978
Balanced,2020-01-13 20:51:00,0.017801,227.699,0.5543,49.979
Balanced,2020-01-13 20:54:00,0.021395,228.899,0.6782,49.971
Balanced,2020-01-13 20:57:00,0.019393,227.948,0.5295,49.976
Balanced,2020-01-13 21:00:00,0.027166,226.572,0.7723,49.991
Balanced,2020-01-13 21:03:00,0.022449,228.348,0.6279,49.988
Balanced,2020-01-13 21:06:00,0.021133,226.138,0.6877,49.961
Balanced,2020-01-13 21:09:00,0.021267,228.166,0.6155,49.966
Balanced,2020-01-13 21:12:00,0.023491,227.29,0.6474,49.979
Balanced,2020-01-13 21:15:00,0.018222,229.29,0.5421,49.991
Balanced,2020-01-13 21:18:00,0.02268,226.561,0.6419,49.994
Balanced,2020-01-13 21:21:00,0.026684,227.413,0.6922,49.992
Balanced,2020-01-13 21:24:00,0.019771,229.383,0.6612,49.999
Balanced,2020-01-13 21:27:00,0.019304,227.635,0.613,49.978
Balanced,2020-01-13 21:30:00,0.018088,228.084,0.5931,49.995
Balanced,2020-01-13 21:33:00,0.022241,228.261,0.6372,49.954
Balanced,2020-01-13 21:36:00,0.024364,226.052,0.6885,49.998
Balanced,2020-01-13 21:39:00,0.019274,227.987,0.5626,49.984
Balanced,2020-01-13 21:42:00,0.025633,227.827,0.6977,49.986
Balanced,2020-01-13 21:45:00,0.017106,229.021,0.5342,49.988
Balanced,2020-01-13 21:48:00,0.020202,227.55,0.5441,49.958
Balanced,2020-01-13 21:51:00,0.016236,229.532,0.5118,49.979
Balanced,2020-01-13 21:54:00,0.020708,227.678,0.6481,49.969
Balanced,2020-01-13 21:57:00,0.020726,227.702,0.6152,49.98
Balanced,2020-01-13 22:00:00,0.011629,230.038,0.4699,49.972
Balanced,2020-01-13 22:03:00,0.016967,229.023,0.5167,49.985
Balanced,2020-01-13 22:06:00,0.019868,227.491,0.6321,49.975
Balanced,2020-01-13 22:09:00,0.020653,227.499,0.665,50.001
Balanced,2020-01-13 22:12:00,0.020698,227.51,0.5889,49.972
Balanced,2020-01-13 22:15:00,0.021015,228.483,0.6328,49.971
Balanced,2020-01-13 22:18:00,0.01866,227.865,0.6163,49.978
Balanced,2020-01-13 22:21:00,0.01712,228.4,0.5493,49.979
Balanced,2020-01-13 22:24:00,0.023405,226.792,0.7284,49.968
Balanced,2020-01-13 22:27:00,0.019911,228.647,0.6335,49.973
Balanced,2020-01-13 22:30:00,0.020592,227.085,0.7038,50.001
Balanced,2020-01-13 22:33:00,0.021167,227.058,0.6896,49.987
Balanced,2020-01-13 22:36:00,0.015124,229.558,0.5033,49.999
Balanced,2020-01-13 22:39:00,0.020284,227.988,0.5955,49.98
Balanced,2020-01-13 22:42:00,0.020441,228.154,0.6738,49.973
Balanced,2020-01-13 22:45:00,0.020326,229.037,0.6086,49.963
Balanced,2020-01-13 22:48:00,0.023161,228.428,0.6975,49.99
Balanced,2020-01-13 22:51:00,0.020844,227.529,0.5848,49.965
Balanced,2020-01-13 22:54:00,0.017127,228.876,0.5721,49.991
Balanced,2020-01-13 22:57:00,0.019139,227.501,0.5729,49.996
Balanced,2020-01-13 23:00:00,0.018636,228.471,0.6188,49.962
Balanced,2020-01-13 23:03:00,0.020799,228.01,0.6202,49.959
Balanced,2020-01-13 23:06:00,0.018733,227.541,0.5585,49.976
Balanced,2020-01-13 23:09:00,0.017894,229.12,0.555,49.973
Balanced,2020-01-13 23:12:00,0.019802,228.57,0.5959,49.991
Balanced,2020-01-13 23:15:00,0.017153,229.308,0.6103,50.011
Balanced,2020-01-13 23:18:00,0.019689,227.401,0.6799,49.978
Balanced,2020-01-13 23:21:00,0.016625,228.076,0.567,49.975
Balanced,2020-01-13 23:24:00,0.016117,228.256,0.5932,49.968
Balanced,2020-01-13 23:27:00,0.01567,229.541,0.5436,49.981
Balanced,2020-01-13 23:30:00,0.019696,227.024,0.5702,49.99
Balanced,2020-01-13 23:33:00,0.017018,229.356,0.5446,49.963
Balanced,2020-01-13 23:36:00,0.015079,230.299,0.5157,49.985
Balanced,2020-01-13 23:39:00,0.018618,229.15,0.5963,49.979
Balanced,2020-01-13 23:42:00,0.015644,229.594,0.5508,49.978
Balanced,2020-01-13 23:45:00,0.021039,227.787,0.6419,49.979
Balanced,2020-01-13 23:48:00,0.018258,227.741,0.5632,49.987
Balanced,2020-01-13 23:51:00,0.016658,229.546,0.5882,49.963
Balanced,2020-01-13 23:54:00,0.019363,228.984,0.6064,49.991
Balanced,2020-01-13 23:57:00,0.021336,229.065,0.6174,49.966
Balanced,2020-01-14 00:00:00,0.018453,228.556,0.5509,49.989
Balanced,2020-01-14 00:03:00,0.01351,228.422,0.5104,49.994
Balanced,2020-01-14 00:06:00,0.014896,229.782,0.5223,50.0
Balanced,2020-01-14 00:09:00,0.012431,228.503,0.4799,49.976
Balanced,2020-01-14 00:12:00,0.014319,228.602,0.5114,49.972
Balanced,2020-01-14 00:15:00,0.019684,229.167,0.627,49.993
Balanced,2020-01-14 00:18:00,0.019734,229.662,0.5558,49.962
Balanced,2020-01-14 00:21:00,0.012723,229.993,0.5499,49.98
Balanced,2020-01-14 00:24:00,0.017641,229.039,0.5743,49.979
Balanced,2020-01-14 00:27:00,0.015736,230.197,0.5076,49.983
Balanced,2020-01-14 00:30:00,0.01646,228.925,0.5143,49.981
Balanced,2020-01-14 00:33:00,0.012893,230.901,0.4507,49.991
Balanced,2020-01-14 00:36:00,0.01714,229.361,0.6024,49.98
Balanced,2020-01-14 00:39:00,0.013566,229.437,0.452,49.981
Balanced,2020-01-14 00:42:00,0.013499,229.257,0.4543,49.985
Balanced,2020-01-14 00:45:00,0.017738,228.454,0.5521,49.973
Balanced,2020-01-14 00:48:00,0.012397,230.811,0.4013,49.976
Balanced,2020-01-14 00:51:00,0.018436,227.796,0.5964,49.984
Balanced,2020-01-14 00:54:00,0.016793,228.442,0.6007,49.99
Balanced,2020-01-14 00:57:00,0.013753,229.297,0.5292,49.982
Balanced,2020-01-14 01:00:00,0.022227,228.058,0.7144,49.991
Balanced,2020-01-14 01:03:00,0.017838,228.816,0.5547,49.96
Balanced,2020-01-14 01:06:00,0.016924,229.121,0.5588,49.993
Balanced,2020-01-14 01:09:00,0.017709,230.355,0.6051,49.977
Balanced,2020-01-14 01:12:00,0.016851,229.541,0.5747,49.985
Balanced,2020-01-14 01:15:00,0.018838,228.812,0.5968,49.967
Balanced,2020-01-14 01:18:00,0.020595,227.718,0.6338,50.0
Balanced,2020-01-14 01:21:00,0.023167,228.458,0.7139,49.977
Balanced,2020-01-14 01:24:00,0.016717,228.016,0.5729,49.976
Balanced,2020-01-14 01:27:00,0.020189,228.456,0.618,49.965
Balanced,2020-01-14 01:30:00,0.019886,228.253,0.6239,49.99
Balanced,2020-01-14 01:33:00,0.017375,228.324,0.5591,49.978
Balanced,2020-01-14 01:36:00,0.016541,228.238,0.5945,49.992
Balanced,2020-01-14 01:39:00,0.017859,228.95,0.6455,49.985
Balanced,2020-01-14 01:42:00,0.018338,228.286,0.6264,49.981
Balanced,2020-01-14 01:45:00,0.016353,229.713,0.5296,49.986
Balanced,2020-01-14 01:48:00,0.015785,229.451,0.529,49.988
Balanced,2020-01-14 01:51:00,0.01833,228.169,0.5183,49.961
Balanced,2020-01-14 01:54:00,0.014252,229.115,0.4461,49.99
Balanced,2020-01-14 01:57:00,0.015445,229.71,0.4715,50.003
Balanced,2020-01-14 02:00:00,0.0218,228.391,0.6422,50.014
Balanced,2020-01-14 02:03:00,0.015811,228.128,0.5708,50.011
Balanced,2020-01-14 02:06:00,0.016862,229.098,0.5867,49.977
Balanced,2020-01-14 02:09:00,0.020623,227.927,0.5318,49.993
Balanced,2020-01-14 02:12:00,0.012747,228.9,0.4478,49.987
Balanced,2020-01-14 02:15:00,0.014932,228.412,0.4751,49.976
Balanced,2020-01-14 02:18:00,0.01507,228.296,0.5492,49.967
Balanced,2020-01-14 02:21:00,0.017431,229.439,0.5486,49.991
Balanced,2020-01-14 02:24:00,0.016694,228.714,0.5541,49.965
Balanced,2020-01-14 02:27:00,0.01988,228.787,0.5746,49.983
Balanced,2020-01-14 02:30:00,0.019285,228.962,0.6516,49.995
Balanced,2020-01-14 02:33:00,0.018725,228.574,0.5837,49.959
Balanced,2020-01-14 02:36:00,0.01541,230.215,0.5381,49.98
Balanced,2020-01-14 02:39:00,0.016457,229.521,0.5263,49.973
Balanced,2020-01-14 02:42:00,0.013409,229.709,0.5168,49.976
Balanced,2020-01-14 02:45:00,0.017556,228.957,0.5703,49.968
Balanced,2020-01-14 02:48:00,0.014926,228.948,0.4969,49.984
Balanced,2020-01-14 02:51:00,0.011986,230.299,0.4624,50.01
Balanced,2020-01-14 02:54:00,0.015651,230.007,0.5287,49.981
Balanced,2020-01-14 02:57:00,0.016176,229.669,0.557,49.967
Balanced,2020-01-14 03:00:00,0.018145,228.371,0.592,49.983
Balanced,2020-01-14 03:03:00,0.011889,229.851,0.3894,49.98
Balanced,2020-01-14 03:06:00,0.016322,229.133,0.4975,49.983
Balanced,2020-01-14 03:09:00,0.018728,229.433,0.5754,49.97
Balanced,2020-01-14 03:12:00,0.012154,231.45,0.4648,49.996
Balanced,2020-01-14 03:15:00,0.016722,228.599,0.5524,49.964
Balanced,2020-01-14 03:18:00,0.016357,228.605,0.5587,49.98
Balanced,2020-01-14 03:21:00,0.014241,229.244,0.5038,49.989
Balanced,2020-01-14 03:24:00,0.019637,227.826,0.5911,49.979
Balanced,2020-01-14 03:27:00,0.01713,228.514,0.5861,49.966
Balanced,2020-01-14 03:30:00,0.013705,229.052,0.5033,50.001
Balanced,2020-01-14 03:33:00,0.013055,229.369,0.5054,49.968
Balanced,2020-01-14 03:36:00,0.021153,228.399,0.6711,49.982
Balanced,2020-01-14 03:39:00,0.014119,228.686,0.5224,49.985
Balanced,2020-01-14 03:42:00,0.015694,227.385,0.5436,49.985
Balanced,2020-01-14 03:45:00,0.015978,229.555,0.5706,49.994
Balanced,2020-01-14 03:48:00,0.021083,227.174,0.6198,49.997
Balanced,2020-01-14 03:51:00,0.016572,229.406,0.538,49.973
Balanced,2020-01-14 03:54:00,0.011233,230.256,0.46,50.014
Balanced,2020-01-14 03:57:00,0.013835,229.038,0.4472,49.985
Balanced,2020-01-14 04:00:00,0.016041,227.571,0.5199,49.975
Balanced,2020-01-14 04:03:00,0.013742,227.9,0.5705,49.984
Balanced,2020-01-14 04:06:00,0.018869,229.775,0.5721,49.973
Balanced,2020-01-14 04:09:00,0.012534,229.724,0.4802,49.994
Balanced,2020-01-14 04:12:00,0.013659,228.727,0.4886,50.004
Balanced,2020-01-14 04:15:00,0.01232,229.9,0.4582,49.999
Balanced,2020-01-14 04:18:00,0.017732,229.084,0.5581,49.979
Balanced,2020-01-14 04:21:00,0.019642,227.494,0.6244,49.991
Balanced,2020-01-14 04:24:00,0.012564,230.473,0.4875,49.976
Balanced,2020-01-14 04:27:00,0.010851,230.428,0.4605,49.979
Balanced,2020-01-14 04:30:00,0.016876,228.94,0.5292,49.972
Balanced,2020-01-14 04:33:00,0.011958,229.028,0.4277,49.994
Balanced,2020-01-14 04:36:00,0.015305,230.119,0.4923,50.0
Balanced,2020-01-14 04:39:00,0.018562,225.781,0.5924,49.982
Balanced,2020-01-14 04:42:00,0.014774,231.076,0.5146,49.969
Balanced,2020-01-14 04:45:00,0.018114,229.025,0.6175,49.998
Balanced,2020-01-14 04:48:00,0.014176,229.164,0.4572,49.982
Balanced,2020-01-14 04:51:00,0.015075,230.625,0.4984,50.001
Balanced,2020-01-14 04:54:00,0.018646,229.174,0.6729,49.989
Balanced,2020-01-14 04:57:00,0.013177,228.533,0.5436,49.997
Balanced,2020-01-14 05:00:00,0.014179,229.789,0.5595,49.993
Balanced,2020-01-14 05:03:00,0.013013,229.874,0.4988,49.984
Balanced,2020-01-14 05:06:00,0.017894,228.863,0.5707,49.969
Balanced,2020-01-14 05:09:00,0.010357,230.248,0.3996,49.977
Balanced,2020-01-14 05:12:00,0.013293,229.177,0.5394,49.979
Balanced,2020-01-14 05:15:00,0.017249,229.45,0.5735,49.995
Balanced,2020-01-14 05:18:00,0.011059,230.458,0.441,50.003
Balanced,2020-01-14 05:21:00,0.014319,229.64,0.5565,49.992
Balanced,2020-01-14 05:24:00,0.016797,227.639,0.5491,50.007
Balanced,2020-01-14 05:27:00,0.017901,230.106,0.5627,49.995
Balanced,2020-01-14 05:30:00,0.019072,227.688,0.6811,49.968
Balanced,2020-01-14 05:33:00,0.015545,228.966,0.5689,49.971
Balanced,2020-01-14 05:36:00,0.016273,229.929,0.5194,49.992
Balanced,2020-01-14 05:39:00,0.020804,227.782,0.6764,49.972
Balanced,2020-01-14 05:42:00,0.016459,229.817,0.5779,49.983
Balanced,2020-01-14 05:45:00,0.016994,229.51,0.5496,49.975
Balanced,2020-01-14 05:48:00,0.017551,229.338,0.5433,49.997
Balanced,2020-01-14 05:51:00,0.010532,231.725,0.4573,49.988
Balanced,2020-01-14 05:54:00,0.017422,230.361,0.5653,49.98
Balanced,2020-01-14 05:57:00,0.022604,226.548,0.713,49.991
Balanced,2020-01-14 06:00:00,0.017011,229.82,0.552,50.007
Balanced,2020-01-14 06:03:00,0.012693,228.693,0.485,49.985
Balanced,2020-01-14 06:06:00,0.018752,229.437,0.5364,49.943
Balanced,2020-01-14 06:09:00,0.016082,228.156,0.4987,49.995
Balanced,2020-01-14 06:12:00,0.023163,227.911,0.5977,49.972
Balanced,2020-01-14 06:15:00,0.016623,229.032,0.5155,49.993
Balanced,2020-01-14 06:18:00,0.019411,227.467,0.6485,49.973
Balanced,2020-01-14 06:21:00,0.019084,229.46,0.6727,49.992
Balanced,2020-01-14 06:24:00,0.019515,228.83,0.6257,49.963
Balanced,2020-01-14 06:27:00,0.017562,228.99,0.5353,49.983
Balanced,2020-01-14 06:30:00,0.015783,228.605,0.5475,49.986
Balanced,2020-01-14 06:33:00,0.021841,228.019,0.6195,49.978
Balanced,2020-01-14 06:36:00,0.013126,228.851,0.5533,49.989
Balanced,2020-01-14 06:39:00,0.02443,225.925,0.7099,49.974
Balanced,2020-01-14 06:42:00,0.020949,229.009,0.5725,49.977
Balanced,2020-01-14 06:45:00,0.01714,228.662,0.574,49.993
Balanced,2020-01-14 06:48:00,0.024075,227.024,0.6781,49.986
Balanced,2020-01-14 06:51:00,0.023171,227.367,0.6053,49.98
Balanced,2020-01-14 06:54:00,0.015348,228.764,0.4935,49.978
Balanced,2020-01-14 06:57:00,0.019428,228.263,0.6293,49.985
Balanced,2020-01-14 07:00:00,0.019999,228.973,0.6185,49.985
Balanced,2020-01-14 07:03:00,0.015629,230.035,0.5274,49.99
Balanced,2020-01-14 07:06:00,0.015646,228.783,0.5657,49.979
Balanced,2020-01-14 07:09:00,0.022944,228.323,0.6965,49.956
Balanced,2020-01-14 07:12:00,0.022246,227.577,0.6037,49.977
Balanced,2020-01-14 07:15:00,0.0167,228.758,0.5562,49.985
Balanced,2020-01-14 07:18:00,0.020299,227.73,0.6335,49.995
Balanced,2020-01-14 07:21:00,0.019113,229.997,0.5773,49.978
Balanced,2020-01-14 07:24:00,0.020797,228.519,0.6336,49.976
Balanced,2020-01-14 07:27:00,0.024275,226.756,0.6999,49.976
Balanced,2020-01-14 07:30:00,0.019713,229.319,0.5521,49.977
Balanced,2020-01-14 07:33:00,0.019225,228.723,0.6206,50.004
Balanced,2020-01-14 07:36:00,0.023139,228.057,0.6178,49.981
Balanced,2020-01-14 07:39:00,0.020993,228.314,0.6348,49.973
Balanced,2020-01-14 07:42:00,0.016422,229.681,0.5495,49.974
Balanced,2020-01-14 07:45:00,0.021611,227.712,0.5916,49.962
Balanced,2020-01-14 07:48:00,0.024744,228.422,0.6628,49.969
Balanced,2020-01-14 07:51:00,0.018996,227.843,0.5954,49.981
Balanced,2020-01-14 07:54:00,0.019224,228.012,0.61,49.973
Balanced,2020-01-14 07:57:00,0.027742,225.874,0.758,49.969
Balanced,2020-01-14 08:00:00,0.016214,230.034,0.5259,49.96
Balanced,2020-01-14 08:03:00,0.017691,229.601,0.5555,50.024
Balanced,2020-01-14 08:06:00,0.017544,228.415,0.64,49.97
Balanced,2020-01-14 08:09:00,0.016356,229.507,0.545,49.993
Balanced,2020-01-14 08:12:00,0.020895,227.961,0.6254,49.993
Balanced,2020-01-14 08:15:00,0.020433,227.536,0.6063,49.968
Balanced,2020-01-14 08:18:00,0.016668,230.241,0.533,49.983
Balanced,2020-01-14 08:21:00,0.017326,228.434,0.588,49.976
Balanced,2020-01-14 08:24:00,0.022504,228.57,0.6413,49.977
Balanced,2020-01-14 08:27:00,0.020619,229.403,0.5112,49.983
Balanced,2020-01-14 08:30:00,0.019233,229.283,0.5774,49.993
Balanced,2020-01-14 08:33:00,0.020637,228.119,0.6068,49.979
Balanced,2020-01-14 08:36:00,0.021192,227.954,0.6675,49.989
Balanced,2020-01-14 08:39:00,0.016577,228.413,0.5426,49.989
Balanced,2020-01-14 08:42:00,0.018337,229.217,0.5507,49.979
Balanced,2020-01-14 08:45:00,0.024656,227.563,0.6679,49.967
Balanced,2020-01-14 08:48:00,0.021016,227.786,0.5895,49.992
Balanced,2020-01-14 08:51:00,0.018026,228.566,0.59,49.977
Balanced,2020-01-14 08:54:00,0.023531,227.902,0.7113,49.978
Balanced,2020-01-14 08:57:00,0.0275,226.721,0.715,49.967
Balanced,2020-01-14 09:00:00,0.020779,228.674,0.6032,49.991
Balanced,2020-01-14 09:03:00,0.025197,228.497,0.7342,49.994
Balanced,2020-01-14 09:06:00,0.020884,228.785,0.6034,49.972
Balanced,2020-01-14 09:09:00,0.021647,227.027,0.6016,49.981
Balanced,2020-01-14 09:12:00,0.016259,229.05,0.5268,49.975
Balanced,2020-01-14 09:15:00,0.015197,229.697,0.4943,49.989
Balanced,2020-01-14 09:18:00,0.013576,229.004,0.4359,49.986
Balanced,2020-01-14 09:21:00,0.019049,228.644,0.5774,49.981
Balanced,2020-01-14 09:24:00,0.020596,228.173,0.6494,49.996
Balanced,2020-01-14 09:27:00,0.023439,227.102,0.6446,49.979
Balanced,2020-01-14 09:30:00,0.021775,226.566,0.6346,49.969
Balanced,2020-01-14 09:33:00,0.021004,226.936,0.6841,49.976
Balanced,2020-01-14 09:36:00,0.017688,228.177,0.5163,49.989
Balanced,2020-01-14 09:39:00,0.020078,227.717,0.6197,49.976
Balanced,2020-01-14 09:42:00,0.017529,228.465,0.6249,49.983
Balanced,2020-01-14 09:45:00,0.021015,227.614,0.6081,50.002
Balanced,2020-01-14 09:48:00,0.019286,229.697,0.6196,49.981
Balanced,2020-01-14 09:51:00,0.01562,228.611,0.5352,49.985
Balanced,2020-01-14 09:54:00,0.019799,226.966,0.5625,49.98
Balanced,2020-01-14 09:57:00,0.020144,228.033,0.6108,49.986
Balanced,2020-01-14 10:00:00,0.021854,228.395,0.557,49.986
Balanced,2020-01-14 10:03:00,0.014018,230.074,0.4975,49.996
Balanced,2020-01-14 10:06:00,0.015155,229.106,0.5028,50.02
Balanced,2020-01-14 10:09:00,0.013017,228.871,0.505,49.98
Balanced,2020-01-14 10:12:00,0.019808,228.088,0.6096,49.991
Balanced,2020-01-14 10:15:00,0.019816,227.872,0.6087,49.979
Balanced,2020-01-14 10:18:00,0.011575,230.395,0.4407,49.984
Balanced,2020-01-14 10:21:00,0.015799,228.959,0.5633,49.987
Balanced,2020-01-14 10:24:00,0.013944,229.885,0.5155,49.978
Balanced,2020-01-14 10:27:00,0.014447,229.157,0.4845,49.969
Balanced,2020-01-14 10:30:00,0.015165,226.797,0.5639,49.979
Balanced,2020-01-14 10:33:00,0.018479,229.405,0.5706,49.985
Balanced,2020-01-14 10:36:00,0.014695,228.659,0.5526,49.993
Balanced,2020-01-14 10:39:00,0.018016,227.808,0.5887,49.986
Balanced,2020-01-14 10:42:00,0.012104,229.872,0.4372,50.004
Balanced,2020-01-14 10:45:00,0.020538,227.224,0.5579,49.967
Balanced,2020-01-14 10:48:00,0.019428,229.377,0.6104,49.995
Balanced,2020-01-14 10:51:00,0.010635,230.105,0.4337,49.995
Balanced,2020-01-14 10:54:00,0.018702,228.55,0.554,49.964
Balanced,2020-01-14 10:57:00,0.017938,229.184,0.5506,50.01
Balanced,2020-01-14 11:00:00,0.018095,229.0,0.5504,49.983
Balanced,2020-01-14 11:03:00,0.0223,228.542,0.6175,49.972
Balanced,2020-01-14 11:06:00,0.011838,230.546,0.512,49.987
Balanced,2020-01-14 11:09:00,0.01711,229.485,0.5437,49.981
Balanced,2020-01-14 11:12:00,0.017486,226.85,0.5153,49.991
Balanced,2020-01-14 11:15:00,0.024726,227.732,0.7412,49.973
Balanced,2020-01-14 11:18:00,0.016019,229.264,0.5088,49.983
Balanced,2020-01-14 11:21:00,0.021299,227.555,0.6187,50.001
Balanced,2020-01-14 11:24:00,0.012994,230.342,0.5063,49.991
Balanced,2020-01-14 11:27:00,0.017063,229.495,0.5998,50.005
Balanced,2020-01-14 11:30:00,0.0228,229.502,0.6406,49.989
Balanced,2020-01-14 11:33:00,0.015803,228.771,0.5004,49.979
Balanced,2020-01-14 11:36:00,0.01876,229.368,0.6348,49.962
Balanced,2020-01-14 11:39:00,0.019659,227.012,0.5202,49.982
Balanced,2020-01-14 11:42:00,0.015684,229.918,0.5297,50.003
Balanced,2020-01-14 11:45:00,0.018486,228.671,0.5327,49.962
Balanced,2020-01-14 11:48:00,0.015699,230.276,0.53,49.991
Balanced,2020-01-14 11:51:00,0.016471,229.857,0.4996,49.992
Balanced,2020-01-14 11:54:00,0.017396,228.012,0.5588,49.994
Balanced,2020-01-14 11:57:00,0.020965,228.261,0.6124,49.99
Balanced,2020-01-14 12:00:00,0.01407,230.058,0.5149,50.0
Balanced,2020-01-14 12:03:00,0.018753,227.839,0.516,49.989
Balanced,2020-01-14 12:06:00,0.015635,229.884,0.5382,49.991
Balanced,2020-01-14 12:09:00,0.012819,229.445,0.4921,49.991
Balanced,2020-01-14 12:12:00,0.016994,227.545,0.6013,49.979
Balanced,2020-01-14 12:15:00,0.022601,227.062,0.5971,49.997
Balanced,2020-01-14 12:18:00,0.020706,228.934,0.6116,49.983
Balanced,2020-01-14 12:21:00,0.017492,228.457,0.617,49.978
Balanced,2020-01-14 12:24:00,0.021509,227.037,0.6055,49.97
Balanced,2020-01-14 12:27:00,0.018768,229.277,0.6134,50.008
Balanced,2020-01-14 12:30:00,0.018005,229.063,0.5812,49.983
Balanced,2020-01-14 12:33:00,0.018529,227.915,0.5982,49.995
Balanced,2020-01-14 12:36:00,0.017618,227.688,0.5371,49.978
Balanced,2020-01-14 12:39:00,0.018347,229.425,0.4997,49.986
Balanced,2020-01-14 12:42:00,0.019729,229.353,0.5385,49.997
Balanced,2020-01-14 12:45:00,0.018669,228.553,0.5344,49.995
Balanced,2020-01-14 12:48:00,0.017683,228.356,0.5579,49.983
Balanced,2020-01-14 12:51:00,0.017114,228.533,0.5374,49.996
Balanced,2020-01-14 12:54:00,0.020887,228.821,0.6631,49.987
Balanced,2020-01-14 12:57:00,0.018764,229.05,0.5533,49.983
Balanced,2020-01-14 13:00:00,0.017652,228.447,0.6114,49.989
Balanced,2020-01-14 13:03:00,0.017948,228.988,0.5458,49.996
Balanced,2020-01-14 13:06:00,0.026995,226.741,0.718,49.967
Balanced,2020-01-14 13:09:00,0.021413,228.028,0.6928,49.983
Balanced,2020-01-14 13:12:00,0.028807,226.455,0.7503,49.964
Balanced,2020-01-14 13:15:00,0.019336,227.954,0.5599,49.987
Balanced,2020-01-14 13:18:00,0.017462,228.903,0.5732,49.983
Balanced,2020-01-14 13:21:00,0.022413,228.135,0.6657,49.984
Balanced,2020-01-14 13:24:00,0.017887,229.187,0.5631,49.994
Balanced,2020-01-14 13:27:00,0.025203,226.531,0.7024,49.977
Balanced,2020-01-14 13:30:00,0.022793,226.716,0.6873,49.962
Balanced,2020-01-14 13:33:00,0.022588,227.466,0.6799,49.976
Balanced,2020-01-14 13:36:00,0.026702,226.77,0.7633,49.979
Balanced,2020-01-14 13:39:00,0.018978,227.892,0.6146,49.984
Balanced,2020-01-14 13:42:00,0.021654,227.903,0.6333,49.974
Balanced,2020-01-14 13:45:00,0.021756,230.224,0.6512,49.97
Balanced,2020-01-14 13:48:00,0.023629,229.329,0.6621,49.995
Balanced,2020-01-14 13:51:00,0.021858,229.28,0.5885,49.957
Balanced,2020-01-14 13:54:00,0.025276,228.4,0.6403,49.964
Balanced,2020-01-14 13:57:00,0.016927,229.13,0.5892,49.979
Balanced,2020-01-14 14:00:00,0.01885,229.177,0.5773,49.979
Balanced,2020-01-14 14:03:00,0.022729,227.476,0.6635,49.988
Balanced,2020-01-14 14:06:00,0.022949,227.933,0.6577,49.984
Balanced,2020-01-14 14:09:00,0.019757,226.985,0.6224,49.979
Balanced,2020-01-14 14:12:00,0.021185,227.815,0.575,49.99
Balanced,2020-01-14 14:15:00,0.015058,229.327,0.4658,49.977
Balanced,2020-01-14 14:18:00,0.01974,228.955,0.615,49.974
Balanced,2020-01-14 14:21:00,0.020735,227.913,0.5829,49.98
Balanced,2020-01-14 14:24:00,0.017866,229.211,0.6228,49.979
Balanced,2020-01-14 14:27:00,0.020117,230.605,0.6402,49.977
Balanced,2020-01-14 14:30:00,0.02044,227.252,0.6117,49.985
Balanced,2020-01-14 14:33:00,0.019034,228.206,0.5534,49.985
Balanced,2020-01-14 14:36:00,0.025392,226.342,0.72,49.967
Balanced,2020-01-14 14:39:00,0.024142,227.585,0.6649,49.995
Balanced,2020-01-14 14:42:00,0.021126,228.776,0.6133,49.985
Balanced,2020-01-14 14:45:00,0.021182,228.652,0.6113,49.966
Balanced,2020-01-14 14:48:00,0.017163,229.229,0.5428,49.984
Balanced,2020-01-14 14:51:00,0.019334,228.855,0.5901,49.985
Balanced,2020-01-14 14:54:00,0.019266,229.069,0.6506,49.996
Balanced,2020-01-14 14:57:00,0.014513,231.321,0.5601,49.982
Balanced,2020-01-14 15:00:00,0.02198,228.012,0.6833,49.978
Balanced,2020-01-14 15:03:00,0.015406,229.783,0.535,49.988
Balanced,2020-01-14 15:06:00,0.021164,228.124,0.5974,49.965
Balanced,2020-01-14 15:09:00,0.014032,229.283,0.4956,49.981
Balanced,2020-01-14 15:12:00,0.020112,230.248,0.5913,49.994
Balanced,2020-01-14 15:15:00,0.021545,227.852,0.6379,49.976
Balanced,2020-01-14 15:18:00,0.015857,229.165,0.522,49.98
Balanced,2020-01-14 15:21:00,0.025317,227.425,0.696,49.961
Balanced,2020-01-14 15:24:00,0.015498,229.002,0.5828,49.997
Balanced,2020-01-14 15:27:00,0.020489,228.034,0.6372,49.987
Balanced,2020-01-14 15:30:00,0.021069,228.335,0.6177,49.987
Balanced,2020-01-14 15:33:00,0.015035,229.115,0.5241,49.983
Balanced,2020-01-14 15:36:00,0.01489,228.293,0.5489,49.97
Balanced,2020-01-14 15:39:00,0.024207,228.985,0.6975,49.979
Balanced,2020-01-14 15:42:00,0.020211,228.376,0.5705,49.972
Balanced,2020-01-14 15:45:00,0.015168,229.306,0.5605,49.99
Balanced,2020-01-14 15:48:00,0.022791,227.616,0.6281,49.986
Balanced,2020-01-14 15:51:00,0.016936,229.37,0.5122,49.989
Balanced,2020-01-14 15:54:00,0.018076,229.914,0.6132,49.971
Balanced,2020-01-14 15:57:00,0.0205,226.935,0.6225,49.985
Balanced,2020-01-14 16:00:00,0.017074,229.354,0.5944,49.991
Balanced,2020-01-14 16:03:00,0.017639,228.419,0.5872,49.992
Balanced,2020-01-14 16:06:00,0.018966,228.68,0.5302,49.974
Balanced,2020-01-14 16:09:00,0.021946,227.956,0.6356,49.962
Balanced,2020-01-14 16:12:00,0.018884,228.538,0.5495,49.99
Balanced,2020-01-14 16:15:00,0.018579,228.128,0.602,49.97
Balanced,2020-01-14 16:18:00,0.013024,229.151,0.5001,49.992
Balanced,2020-01-14 16:21:00,0.017266,228.606,0.5929,49.981
Balanced,2020-01-14 16:24:00,0.017008,228.944,0.5269,49.998
Balanced,2020-01-14 16:27:00,0.020837,230.337,0.6607,49.978
Balanced,2020-01-14 16:30:00,0.018675,228.422,0.6835,49.987
Balanced,2020-01-14 16:33:00,0.015208,229.22,0.5349,49.985
Balanced,2020-01-14 16:36:00,0.018237,227.654,0.6011,49.987
Balanced,2020-01-14 16:39:00,0.019599,228.096,0.6128,49.975
Balanced,2020-01-14 16:42:00,0.017206,228.945,0.6277,49.987
Balanced,2020-01-14 16:45:00,0.014248,229.942,0.5033,49.975
Balanced,2020-01-14 16:48:00,0.017562,230.267,0.6245,49.986
Balanced,2020-01-14 16:51:00,0.01617,230.359,0.5133,49.987
Balanced,2020-01-14 16:54:00,0.015227,230.315,0.5102,50.0
Balanced,2020-01-14 16:57:00,0.017556,229.017,0.5847,49.977
Balanced,2020-01-14 17:00:00,0.019752,228.099,0.5804,49.984
Balanced,2020-01-14 17:03:00,0.016211,228.047,0.5263,49.989
Balanced,2020-01-14 17:06:00,0.018661,228.467,0.5798,49.969
Balanced,2020-01-14 17:09:00,0.014104,229.48,0.5031,49.979
Balanced,2020-01-14 17:12:00,0.016635,230.122,0.5365,50.003
Balanced,2020-01-14 17:15:00,0.015298,229.425,0.5762,50.006
Balanced,2020-01-14 17:18:00,0.014749,230.2,0.534,49.994
Balanced,2020-01-14 17:21:00,0.023456,228.156,0.7125,49.978
Balanced,2020-01-14 17:24:00,0.014946,229.481,0.5913,49.976
Balanced,2020-01-14 17:27:00,0.01919,226.725,0.531,49.975
Balanced,2020-01-14 17:30:00,0.01699,230.233,0.4905,49.988
Balanced,2020-01-14 17:33:00,0.014175,230.215,0.5155,49.982
Balanced,2020-01-14 17:36:00,0.020868,227.115,0.6128,49.969
Balanced,2020-01-14 17:39:00,0.020093,227.827,0.6218,49.955
Balanced,2020-01-14 17:42:00,0.015098,229.255,0.5423,49.996
Balanced,2020-01-14 17:45:00,0.018405,227.606,0.5805,50.009
Balanced,2020-01-14 17:48:00,0.022347,228.214,0.6541,49.987
Balanced,2020-01-14 17:51:00,0.017422,227.638,0.5225,49.967
Balanced,2020-01-14 17:54:00,0.020514,226.651,0.6064,49.985
Balanced,2020-01-14 17:57:00,0.015161,228.411,0.6047,49.975
Balanced,2020-01-14 18:00:00,0.015307,230.327,0.4527,49.967
Balanced,2020-01-14 18:03:00,0.019388,229.319,0.5569,49.972
Balanced,2020-01-14 18:06:00,0.018003,228.463,0.5243,49.993
Balanced,2020-01-14 18:09:00,0.018647,231.161,0.5521,49.985
Balanced,2020-01-14 18:12:00,0.019051,230.484,0.601,49.978
Balanced,2020-01-14 18:15:00,0.019537,228.479,0.612,50.005
Balanced,2020-01-14 18:18:00,0.02085,227.056,0.6217,49.98
Balanced,2020-01-14 18:21:00,0.019492,227.939,0.575,49.979
Balanced,2020-01-14 18:24:00,0.023458,227.654,0.6857,49.986
Balanced,2020-01-14 18:27:00,0.021904,227.325,0.6119,49.958
Balanced,2020-01-14 18:30:00,0.029003,227.603,0.7528,49.987
Balanced,2020-01-14 18:33:00,0.020906,227.846,0.6364,49.98
Balanced,2020-01-14 18:36:00,0.019168,228.397,0.553,49.995
Balanced,2020-01-14 18:39:00,0.019205,229.742,0.6181,49.978
Balanced,2020-01-14 18:42:00,0.021929,227.47,0.7203,49.953
Balanced,2020-01-14 18:45:00,0.014661,229.357,0.5297,49.99
Balanced,2020-01-14 18:48:00,0.018753,228.374,0.5893,50.0
Balanced,2020-01-14 18:51:00,0.020198,228.357,0.5577,49.978
Balanced,2020-01-14 18:54:00,0.020531,227.59,0.6129,49.994
Balanced,2020-01-14 18:57:00,0.017881,229.665,0.5727,49.982
Balanced,2020-01-14 19:00:00,0.016567,228.538,0.5627,49.976
Balanced,2020-01-14 19:03:00,0.022585,226.399,0.6267,49.987
Balanced,2020-01-14 19:06:00,0.016777,229.227,0.5545,49.996
Balanced,2020-01-14 19:09:00,0.021143,226.473,0.5964,49.981
Balanced,2020-01-14 19:12:00,0.01905,228.339,0.5939,49.972
Balanced,2020-01-14 19:15:00,0.020481,228.47,0.5995,49.994
Balanced,2020-01-14 19:18:00,0.020061,226.964,0.6419,49.969
Balanced,2020-01-14 19:21:00,0.023345,227.572,0.6693,49.978
Balanced,2020-01-14 19:24:00,0.022307,227.285,0.6596,49.993
Balanced,2020-01-14 19:27:00,0.018061,227.246,0.6001,49.976
Balanced,2020-01-14 19:30:00,0.024117,228.883,0.7516,49.975
Balanced,2020-01-14 19:33:00,0.018209,228.742,0.5465,49.986
Balanced,2020-01-14 19:36:00,0.02418,227.238,0.6992,49.966
Balanced,2020-01-14 19:39:00,0.028223,226.211,0.7434,49.971
Balanced,2020-01-14 19:42:00,0.017663,228.76,0.5698,49.998
Balanced,2020-01-14 19:45:00,0.027649,227.486,0.6818,49.96
Balanced,2020-01-14 19:48:00,0.021834,228.508,0.6583,49.978
Balanced,2020-01-14 19:51:00,0.018748,229.769,0.5723,49.976
Balanced,2020-01-14 19:54:00,0.019689,229.458,0.5754,50.006
Balanced,2020-01-14 19:57:00,0.019041,229.18,0.5061,49.971
Balanced,2020-01-14 20:00:00,0.015626,228.772,0.5608,49.991
Balanced,2020-01-14 20:03:00,0.023136,227.738,0.6442,49.981
Balanced,2020-01-14 20:06:00,0.021604,227.483,0.6378,49.984
Balanced,2020-01-14 20:09:00,0.028313,226.894,0.7465,49.97
Balanced,2020-01-14 20:12:00,0.025007,227.549,0.6495,49.966
Balanced,2020-01-14 20:15:00,0.021343,228.195,0.6436,49.971
Balanced,2020-01-14 20:18:00,0.025623,228.803,0.7716,49.972
Balanced,2020-01-14 20:21:00,0.020882,228.752,0.6211,49.981
Balanced,2020-01-14 20:24:00,0.0272,227.008,0.7807,49.969
Balanced,2020-01-14 20:27:00,0.023418,228.938,0.6926,49.971
Balanced,2020-01-14 20:30:00,0.023308,228.528,0.6341,49.997
Balanced,2020-01-14 20:33:00,0.019762,227.891,0.5759,49.976
Balanced,2020-01-14 20:36:00,0.019058,228.411,0.5878,49.984
Balanced,2020-01-14 20:39:00,0.020806,227.428,0.6856,49.999
Balanced,2020-01-14 20:42:00,0.021641,228.346,0.6254,49.977
Balanced,2020-01-14 20:45:00,0.023391,228.079,0.633,49.962
Balanced,2020-01-14 20:48:00,0.026915,227.216,0.8478,49.992
Balanced,2020-01-14 20:51:00,0.023101,228.375,0.7158,49.981
Balanced,2020-01-14 20:54:00,0.022169,227.452,0.6662,49.982
Balanced,2020-01-14 20:57:00,0.024066,228.748,0.7087,49.958
Balanced,2020-01-14 21:00:00,0.018073,228.222,0.5765,49.995
Balanced,2020-01-14 21:03:00,0.019466,228.935,0.6014,49.965
Balanced,2020-01-14 21:06:00,0.025827,227.288,0.7239,49.961
Balanced,2020-01-14 21:09:00,0.026394,227.572,0.7862,49.975
Balanced,2020-01-14 21:12:00,0.028926,226.968,0.7723,49.981
Balanced,2020-01-14 21:15:00,0.012315,229.729,0.4589,49.985
Balanced,2020-01-14 21:18:00,0.019439,227.487,0.5987,49.98
Balanced,2020-01-14 21:21:00,0.023898,226.934,0.6653,49.982
Balanced,2020-01-14 21:24:00,0.022099,228.17,0.6642,49.98
Balanced,2020-01-14 21:27:00,0.021941,228.984,0.6819,49.98
Balanced,2020-01-14 21:30:00,0.024015,226.356,0.7324,49.988
Balanced,2020-01-14 21:33:00,0.017388,228.856,0.5172,50.008
Balanced,2020-01-14 21:36:00,0.024892,227.773,0.7156,49.968
Balanced,2020-01-14 21:39:00,0.023629,227.343,0.6791,49.983
Balanced,2020-01-14 21:42:00,0.022872,229.532,0.6388,49.984
Balanced,2020-01-14 21:45:00,0.019999,228.562,0.5896,49.997
Balanced,2020-01-14 21:48:00,0.023138,226.507,0.7036,49.979
Balanced,2020-01-14 21:51:00,0.016586,229.726,0.6229,49.982
Balanced,2020-01-14 21:54:00,0.022045,226.986,0.6399,49.989
Balanced,2020-01-14 21:57:00,0.021488,228.99,0.6088,49.985
Balanced,2020-01-14 22:00:00,0.019631,229.03,0.5753,49.961
Balanced,2020-01-14 22:03:00,0.016385,227.929,0.5514,49.97
Balanced,2020-01-14 22:06:00,0.025929,228.185,0.6854,49.979
Balanced,2020-01-14 22:09:00,0.020599,226.721,0.6439,50.006
Balanced,2020-01-14 22:12:00,0.018642,228.932,0.604,49.976
Balanced,2020-01-14 22:15:00,0.018817,228.085,0.564,49.986
Balanced,2020-01-14 22:18:00,0.018128,229.928,0.5662,49.987
Balanced,2020-01-14 22:21:00,0.022446,225.644,0.6596,49.988
Balanced,2020-01-14 22:24:00,0.014385,229.619,0.6056,49.998
Balanced,2020-01-14 22:27:00,0.017891,228.246,0.5424,49.975
Balanced,2020-01-14 22:30:00,0.017775,228.525,0.5081,49.988
Balanced,2020-01-14 22:33:00,0.01946,229.549,0.5954,49.986
Balanced,2020-01-14 22:36:00,0.023082,228.729,0.6172,49.987
Balanced,2020-01-14 22:39:00,0.015787,229.743,0.5628,49.991
Balanced,2020-01-14 22:42:00,0.020095,227.123,0.6018,49.979
Balanced,2020-01-14 22:45:00,0.022267,228.296,0.6224,49.993
Balanced,2020-01-14 22:48:00,0.022829,226.687,0.6871,49.981
Balanced,2020-01-14 22:51:00,0.018561,228.733,0.5822,49.971
Balanced,2020-01-14 22:54:00,0.016546,229.638,0.5969,49.988
Balanced,2020-01-14 22:57:00,0.017949,229.502,0.5509,49.976
Balanced,2020-01-14 23:00:00,0.020865,227.585,0.5928,49.972
Balanced,2020-01-14 23:03:00,0.013325,229.006,0.5079,49.976
Balanced,2020-01-14 23:06:00,0.016127,231.655,0.5306,49.971
Balanced,2020-01-14 23:09:00,0.022827,226.765,0.6527,49.977
Balanced,2020-01-14 23:12:00,0.016695,228.796,0.5026,49.993
Balanced,2020-01-14 23:15:00,0.020209,228.732,0.641,49.974
Balanced,2020-01-14 23:18:00,0.015575,229.597,0.5497,49.972
Balanced,2020-01-14 23:21:00,0.021439,229.192,0.6536,49.998
Balanced,2020-01-14 23:24:00,0.021239,228.1,0.6459,49.989
Balanced,2020-01-14 23:27:00,0.015088,229.846,0.5785,49.97
Balanced,2020-01-14 23:30:00,0.01521,228.536,0.5697,49.992
Balanced,2020-01-14 23:33:00,0.019093,227.615,0.6815,49.964
Balanced,2020-01-14 23:36:00,0.014887,229.216,0.5278,49.987
Balanced,2020-01-14 23:39:00,0.017935,227.807,0.5825,49.967
Balanced,2020-01-14 23:42:00,0.019291,228.043,0.5411,49.989
Balanced,2020-01-14 23:45:00,0.017876,227.927,0.5529,50.001
Balanced,2020-01-14 23:48:00,0.015002,229.202,0.4692,49.984
Balanced,2020-01-14 23:51:00,0.015533,228.354,0.482,49.982
Balanced,2020-01-14 23:54:00,0.019049,227.822,0.6625,49.975
Balanced,2020-01-14 23:57:00,0.019283,229.488,0.6163,49.982
