meter,x_Timestamp,t_kWh,z_Avg Voltage (Volt),z_Avg Current (Amp),y_Freq (Hz)
Evening_High,2020-01-01 00:00:00,0.03224,230.818,0.7995,49.986
Evening_High,2020-01-01 00:03:00,0.012541,231.763,0.464,50.005
Evening_High,2020-01-01 00:06:00,0.025956,231.18,0.6891,50.0
Evening_High,2020-01-01 00:09:00,0.029543,231.247,0.8427,49.997
Evening_High,2020-01-01 00:12:00,0.016391,232.387,0.4934,50.004
Evening_High,2020-01-01 00:15:00,0.01766,230.759,0.6035,50.003
Evening_High,2020-01-01 00:18:00,0.016586,229.999,0.5759,49.98
Evening_High,2020-01-01 00:21:00,0.01272,230.395,0.4819,49.989
Evening_High,2020-01-01 00:24:00,0.018516,230.449,0.6701,50.003
Evening_High,2020-01-01 00:27:00,0.009975,231.956,0.4031,50.003
Evening_High,2020-01-01 00:30:00,0.022616,232.002,0.7073,49.994
Evening_High,2020-01-01 00:33:00,0.012907,231.354,0.4715,49.951
Evening_High,2020-01-01 00:36:00,0.021599,230.345,0.6383,49.983
Evening_High,2020-01-01 00:39:00,0.030523,229.991,0.7348,49.987
Evening_High,2020-01-01 00:42:00,0.020653,231.095,0.5722,50.003
Evening_High,2020-01-01 00:45:00,0.020442,230.393,0.6239,49.985
Evening_High,2020-01-01 00:48:00,0.014999,230.142,0.5082,49.989
Evening_High,2020-01-01 00:51:00,0.027076,232.365,0.7546,49.998
Evening_High,2020-01-01 00:54:00,0.020171,230.377,0.5953,49.985
Evening_High,2020-01-01 00:57:00,0.021962,230.066,0.664,49.994
Evening_High,2020-01-01 01:00:00,0.018279,230.537,0.5542,49.991
Evening_High,2020-01-01 01:03:00,0.0182,230.91,0.6613,49.997
Evening_High,2020-01-01 01:06:00,0.011808,230.159,0.4991,49.985
Evening_High,2020-01-01 01:09:00,0.020828,230.118,0.6012,50.02
Evening_High,2020-01-01 01:12:00,0.018662,232.191,0.54,50.003
Evening_High,2020-01-01 01:15:00,0.015551,232.142,0.533,50.006
Evening_High,2020-01-01 01:18:00,0.027145,230.748,0.6802,50.005
Evening_High,2020-01-01 01:21:00,0.020829,230.281,0.5618,50.008
Evening_High,2020-01-01 01:24:00,0.024369,229.58,0.7114,49.983
Evening_High,2020-01-01 01:27:00,0.020275,230.167,0.6474,49.981
Evening_High,2020-01-01 01:30:00,0.025316,230.04,0.7818,50.003
Evening_High,2020-01-01 01:33:00,0.026753,231.861,0.6819,49.988
Evening_High,2020-01-01 01:36:00,0.01565,229.656,0.553,49.984
Evening_High,2020-01-01 01:39:00,0.019281,231.091,0.5294,50.023
Evening_High,2020-01-01 01:42:00,0.024575,230.605,0.7013,49.977
Evening_High,2020-01-01 01:45:00,0.02193,231.328,0.6721,49.991
Evening_High,2020-01-01 01:48:00,0.012719,233.181,0.4754,50.001
Evening_High,2020-01-01 01:51:00,0.017717,231.766,0.5083,49.999
Evening_High,2020-01-01 01:54:00,0.019495,231.627,0.6085,49.996
Evening_High,2020-01-01 01:57:00,0.020885,232.026,0.6124,50.0
Evening_High,2020-01-01 02:00:00,0.031111,229.502,0.7578,50.004
Evening_High,2020-01-01 02:03:00,0.026419,231.47,0.7178,49.991
Evening_High,2020-01-01 02:06:00,0.031467,230.508,0.8093,49.976
Evening_High,2020-01-01 02:09:00,0.026672,230.971,0.7459,50.01
Evening_High,2020-01-01 02:12:00,0.026396,232.063,0.7589,50.013
Evening_High,2020-01-01 02:15:00,0.019819,229.58,0.5883,49.997
Evening_High,2020-01-01 02:18:00,0.01996,231.253,0.5983,50.011
Evening_High,2020-01-01 02:21:00,0.022858,230.549,0.7081,49.978
Evening_High,2020-01-01 02:24:00,0.016081,230.634,0.5236,49.977
Evening_High,2020-01-01 02:27:00,0.018112,231.5,0.522,49.977
Evening_High,2020-01-01 02:30:00,0.008642,231.176,0.4064,49.997
Evening_High,2020-01-01 02:33:00,0.018382,231.304,0.5521,49.992
Evening_High,2020-01-01 02:36:00,0.017382,230.35,0.5501,49.978
Evening_High,2020-01-01 02:39:00,0.025897,230.549,0.6543,50.019
Evening_High,2020-01-01 02:42:00,0.022093,233.113,0.6635,49.985
Evening_High,2020-01-01 02:45:00,0.022611,230.773,0.6498,50.011
Evening_High,2020-01-01 02:48:00,0.025278,231.639,0.6831,50.016
Evening_High,2020-01-01 02:51:00,0.014654,232.229,0.5381,50.016
Evening_High,2020-01-01 02:54:00,0.028287,231.412,0.7164,50.001
Evening_High,2020-01-01 02:57:00,0.020782,232.166,0.654,49.979
Evening_High,2020-01-01 03:00:00,0.02042,231.994,0.6442,49.99
Evening_High,2020-01-01 03:03:00,0.015841,230.965,0.6172,50.022
Evening_High,2020-01-01 03:06:00,0.01423,230.359,0.49,50.006
Evening_High,2020-01-01 03:09:00,0.026653,230.456,0.767,49.987
Evening_High,2020-01-01 03:12:00,0.018814,230.047,0.5994,50.017
Evening_High,2020-01-01 03:15:00,0.015316,231.66,0.5138,49.993
Evening_High,2020-01-01 03:18:00,0.021868,232.155,0.642,50.013
Evening_High,2020-01-01 03:21:00,0.015478,230.082,0.497,49.979
Evening_High,2020-01-01 03:24:00,0.021835,231.226,0.6698,50.016
Evening_High,2020-01-01 03:27:00,0.01979,230.816,0.6205,49.98
Evening_High,2020-01-01 03:30:00,0.018481,229.99,0.6035,49.986
Evening_High,2020-01-01 03:33:00,0.026908,230.451,0.7356,49.985
Evening_High,2020-01-01 03:36:00,0.017495,231.835,0.6129,49.972
Evening_High,2020-01-01 03:39:00,0.024535,231.847,0.6908,50.022
Evening_High,2020-01-01 03:42:00,0.024982,229.644,0.7281,49.986
Evening_High,2020-01-01 03:45:00,0.012457,231.237,0.3983,49.99
Evening_High,2020-01-01 03:48:00,0.026346,229.842,0.6735,50.011
Evening_High,2020-01-01 03:51:00,0.014124,230.649,0.5027,49.977
Evening_High,2020-01-01 03:54:00,0.021574,231.974,0.6739,49.987
Evening_High,2020-01-01 03:57:00,0.021461,231.118,0.642,49.998
Evening_High,2020-01-01 04:00:00,0.012966,230.403,0.4843,50.012
Evening_High,2020-01-01 04:03:00,0.017367,231.059,0.5572,49.982
Evening_High,2020-01-01 04:06:00,0.010722,231.585,0.4527,50.004
Evening_High,2020-01-01 04:09:00,0.017225,230.752,0.5936,49.993
Evening_High,2020-01-01 04:12:00,0.023862,231.063,0.617,49.999
Evening_High,2020-01-01 04:15:00,0.019285,231.298,0.5954,49.998
Evening_High,2020-01-01 04:18:00,0.017206,231.649,0.5934,50.013
Evening_High,2020-01-01 04:21:00,0.027199,230.974,0.8196,49.995
Evening_High,2020-01-01 04:24:00,0.02582,232.176,0.6431,49.988
Evening_High,2020-01-01 04:27:00,0.019961,231.024,0.627,50.001
Evening_High,2020-01-01 04:30:00,0.021517,230.739,0.6204,50.0
Evening_High,2020-01-01 04:33:00,0.02613,229.778,0.7254,49.996
Evening_High,2020-01-01 04:36:00,0.011758,231.87,0.5223,50.004
Evening_High,2020-01-01 04:39:00,0.017106,230.864,0.5784,49.991
Evening_High,2020-01-01 04:42:00,0.018545,229.813,0.628,49.973
Evening_High,2020-01-01 04:45:00,0.005251,229.491,0.3569,49.99
Evening_High,2020-01-01 04:48:00,0.019552,231.878,0.6247,50.012
Evening_High,2020-01-01 04:51:00,0.020413,231.09,0.6234,49.979
Evening_High,2020-01-01 04:54:00,0.012368,230.312,0.4558,50.0
Evening_High,2020-01-01 04:57:00,0.024521,231.401,0.6598,50.009
Evening_High,2020-01-01 05:00:00,0.021434,231.07,0.6202,50.0
Evening_High,2020-01-01 05:03:00,0.019772,230.316,0.5875,49.994
Evening_High,2020-01-01 05:06:00,0.022842,231.126,0.6391,49.976
Evening_High,2020-01-01 05:09:00,0.017116,231.389,0.5333,49.983
Evening_High,2020-01-01 05:12:00,0.014304,230.311,0.4771,50.016
Evening_High,2020-01-01 05:15:00,0.021094,229.547,0.6069,50.003
Evening_High,2020-01-01 05:18:00,0.018992,230.928,0.582,49.983
Evening_High,2020-01-01 05:21:00,0.023409,230.51,0.6888,50.002
Evening_High,2020-01-01 05:24:00,0.021807,230.341,0.6462,49.984
Evening_High,2020-01-01 05:27:00,0.021975,230.402,0.6789,49.97
Evening_High,2020-01-01 05:30:00,0.01323,230.525,0.4744,49.99
Evening_High,2020-01-01 05:33:00,0.019323,231.109,0.6036,50.006
Evening_High,2020-01-01 05:36:00,0.018175,232.04,0.597,50.007
Evening_High,2020-01-01 05:39:00,0.016551,230.816,0.5903,50.019
Evening_High,2020-01-01 05:42:00,0.016,230.858,0.5376,50.005
Evening_High,2020-01-01 05:45:00,0.020522,230.633,0.5735,49.984
Evening_High,2020-01-01 05:48:00,0.017221,229.533,0.5772,49.975
Evening_High,2020-01-01 05:51:00,0.024184,232.645,0.6878,49.982
Evening_High,2020-01-01 05:54:00,0.01671,231.525,0.5177,49.976
Evening_High,2020-01-01 05:57:00,0.017198,231.549,0.5497,50.002
Evening_High,2020-01-01 06:00:00,0.026082,229.793,0.6736,49.981
Evening_High,2020-01-01 06:03:00,0.023897,230.266,0.7299,49.991
Evening_High,2020-01-01 06:06:00,0.01426,230.967,0.469,50.014
Evening_High,2020-01-01 06:09:00,0.020159,232.517,0.5476,49.985
Evening_High,2020-01-01 06:12:00,0.020111,231.574,0.6609,49.992
Evening_High,2020-01-01 06:15:00,0.017433,229.235,0.6626,49.988
Evening_High,2020-01-01 06:18:00,0.008371,229.662,0.4395,50.015
Evening_High,2020-01-01 06:21:00,0.024986,230.64,0.7507,50.005
Evening_High,2020-01-01 06:24:00,0.021263,230.733,0.618,49.99
Evening_High,2020-01-01 06:27:00,0.020092,232.057,0.6317,49.995
Evening_High,2020-01-01 06:30:00,0.020661,229.957,0.6427,49.991
Evening_High,2020-01-01 06:33:00,0.019205,231.157,0.6278,49.991
Evening_High,2020-01-01 06:36:00,0.023655,230.523,0.6707,49.985
Evening_High,2020-01-01 06:39:00,0.023795,230.802,0.7235,49.996
Evening_High,2020-01-01 06:42:00,0.015001,231.366,0.5346,49.996
Evening_High,2020-01-01 06:45:00,0.020359,233.289,0.5819,50.002
Evening_High,2020-01-01 06:48:00,0.022512,230.738,0.6503,50.004
Evening_High,2020-01-01 06:51:00,0.017339,230.464,0.5118,49.989
Evening_High,2020-01-01 06:54:00,0.016626,232.011,0.5622,49.979
Evening_High,2020-01-01 06:57:00,0.014155,230.814,0.5557,49.998
Evening_High,2020-01-01 07:00:00,0.028862,230.911,0.738,50.019
Evening_High,2020-01-01 07:03:00,0.009921,230.441,0.4831,50.011
Evening_High,2020-01-01 07:06:00,0.01548,231.722,0.5365,49.999
Evening_High,2020-01-01 07:09:00,0.013951,230.027,0.5062,49.986
Evening_High,2020-01-01 07:12:00,0.016039,232.706,0.5841,49.989
Evening_High,2020-01-01 07:15:00,0.017677,231.687,0.574,49.995
Evening_High,2020-01-01 07:18:00,0.020391,230.963,0.6502,49.99
Evening_High,2020-01-01 07:21:00,0.022614,229.853,0.706,49.996
Evening_High,2020-01-01 07:24:00,0.015789,231.492,0.5156,49.98
Evening_High,2020-01-01 07:27:00,0.023305,231.311,0.699,49.976
Evening_High,2020-01-01 07:30:00,0.017979,232.835,0.5416,50.003
Evening_High,2020-01-01 07:33:00,0.027929,231.592,0.7288,49.992
Evening_High,2020-01-01 07:36:00,0.018246,230.971,0.5488,49.975
Evening_High,2020-01-01 07:39:00,0.023653,231.105,0.6781,49.999
Evening_High,2020-01-01 07:42:00,0.028123,231.23,0.7295,50.001
Evening_High,2020-01-01 07:45:00,0.021575,229.827,0.5995,49.988
Evening_High,2020-01-01 07:48:00,0.01859,231.713,0.5403,49.991
Evening_High,2020-01-01 07:51:00,0.025797,230.562,0.7066,49.997
Evening_High,2020-01-01 07:54:00,0.005848,231.167,0.3841,49.985
Evening_High,2020-01-01 07:57:00,0.0155,230.597,0.4608,50.006
Evening_High,2020-01-01 08:00:00,0.027043,231.183,0.7753,49.998
Evening_High,2020-01-01 08:03:00,0.021171,228.956,0.6436,50.005
Evening_High,2020-01-01 08:06:00,0.018915,231.145,0.5956,49.977
Evening_High,2020-01-01 08:09:00,0.019787,230.663,0.5992,49.988
Evening_High,2020-01-01 08:12:00,0.014047,230.692,0.4106,50.027
Evening_High,2020-01-01 08:15:00,0.024873,229.624,0.7164,49.994
Evening_High,2020-01-01 08:18:00,0.023998,230.373,0.6955,49.992
Evening_High,2020-01-01 08:21:00,0.018118,233.03,0.5873,49.975
Evening_High,2020-01-01 08:24:00,0.022973,230.15,0.6653,50.016
Evening_High,2020-01-01 08:27:00,0.024043,229.782,0.647,49.998
Evening_High,2020-01-01 08:30:00,0.020173,231.302,0.6574,49.994
Evening_High,2020-01-01 08:33:00,0.017125,231.662,0.5471,50.008
Evening_High,2020-01-01 08:36:00,0.017275,231.368,0.5824,49.997
Evening_High,2020-01-01 08:39:00,0.017677,231.456,0.5584,49.99
Evening_High,2020-01-01 08:42:00,0.017866,230.747,0.581,50.021
Evening_High,2020-01-01 08:45:00,0.019425,231.17,0.5881,50.005
Evening_High,2020-01-01 08:48:00,0.016689,231.427,0.6022,49.995
Evening_High,2020-01-01 08:51:00,0.015296,231.083,0.5183,49.975
Evening_High,2020-01-01 08:54:00,0.021267,229.18,0.6186,49.992
Evening_High,2020-01-01 08:57:00,0.03478,228.841,0.8376,49.995
Evening_High,2020-01-01 09:00:00,0.013684,230.912,0.4933,49.998
Evening_High,2020-01-01 09:03:00,0.02211,231.671,0.6129,50.001
Evening_High,2020-01-01 09:06:00,0.017251,232.363,0.5377,50.003
Evening_High,2020-01-01 09:09:00,0.018754,233.222,0.5716,49.991
Evening_High,2020-01-01 09:12:00,0.017727,232.234,0.5982,50.005
Evening_High,2020-01-01 09:15:00,0.024958,231.794,0.705,49.979
Evening_High,2020-01-01 09:18:00,0.017858,231.931,0.534,49.989
Evening_High,2020-01-01 09:21:00,0.027911,230.221,0.7153,49.988
Evening_High,2020-01-01 09:24:00,0.029186,230.466,0.8467,49.985
Evening_High,2020-01-01 09:27:00,0.023577,230.653,0.7052,49.982
Evening_High,2020-01-01 09:30:00,0.020074,230.832,0.6089,49.982
Evening_High,2020-01-01 09:33:00,0.025025,230.932,0.7226,50.008
Evening_High,2020-01-01 09:36:00,0.012288,232.669,0.4618,49.983
Evening_High,2020-01-01 09:39:00,0.021109,231.734,0.6107,50.0
Evening_High,2020-01-01 09:42:00,0.022202,232.109,0.7038,49.983
Evening_High,2020-01-01 09:45:00,0.024319,230.543,0.6785,50.016
Evening_High,2020-01-01 09:48:00,0.016426,231.446,0.619,50.011
Evening_High,2020-01-01 09:51:00,0.032222,231.074,0.8249,49.99
Evening_High,2020-01-01 09:54:00,0.010426,230.124,0.4893,49.98
Evening_High,2020-01-01 09:57:00,0.018645,233.085,0.5838,49.996
Evening_High,2020-01-01 10:00:00,0.003254,232.769,0.2891,50.005
Evening_High,2020-01-01 10:03:00,0.017373,230.039,0.5692,49.988
Evening_High,2020-01-01 10:06:00,0.022142,231.93,0.6352,49.978
Evening_High,2020-01-01 10:09:00,0.020164,231.744,0.6547,49.999
Evening_High,2020-01-01 10:12:00,0.02279,229.546,0.7014,50.02
Evening_High,2020-01-01 10:15:00,0.026907,230.747,0.7251,49.995
Evening_High,2020-01-01 10:18:00,0.02375,230.923,0.6614,49.999
Evening_High,2020-01-01 10:21:00,0.023498,230.838,0.6901,50.007
Evening_High,2020-01-01 10:24:00,0.018885,230.08,0.5969,50.007
Evening_High,2020-01-01 10:27:00,0.022361,231.311,0.6308,50.007
Evening_High,2020-01-01 10:30:00,0.016494,232.158,0.5405,50.001
Evening_High,2020-01-01 10:33:00,0.0264,231.162,0.7202,49.969
Evening_High,2020-01-01 10:36:00,0.024484,229.726,0.6879,49.976
Evening_High,2020-01-01 10:39:00,0.028677,230.842,0.8077,49.98
Evening_High,2020-01-01 10:42:00,0.019195,232.215,0.6194,49.991
Evening_High,2020-01-01 10:45:00,0.022944,230.708,0.6556,50.002
Evening_High,2020-01-01 10:48:00,0.024483,230.321,0.6931,49.994
Evening_High,2020-01-01 10:51:00,0.022047,231.161,0.6463,49.988
Evening_High,2020-01-01 10:54:00,0.023712,231.787,0.6403,50.006
Evening_High,2020-01-01 10:57:00,0.020791,232.018,0.5604,49.985
Evening_High,2020-01-01 11:00:00,0.031373,231.197,0.8336,49.977
Evening_High,2020-01-01 11:03:00,0.022395,230.606,0.6566,49.989
Evening_High,2020-01-01 11:06:00,0.032842,229.379,0.8232,50.013
Evening_High,2020-01-01 11:09:00,0.025569,229.481,0.7016,49.996
Evening_High,2020-01-01 11:12:00,0.021191,230.719,0.6561,49.995
Evening_High,2020-01-01 11:15:00,0.030061,231.544,0.7143,49.99
Evening_High,2020-01-01 11:18:00,0.031453,230.102,0.7999,50.005
Evening_High,2020-01-01 11:21:00,0.017683,230.288,0.5685,49.988
Evening_High,2020-01-01 11:24:00,0.021352,232.603,0.6318,50.01
Evening_High,2020-01-01 11:27:00,0.01751,231.181,0.5306,50.026
Evening_High,2020-01-01 11:30:00,0.033042,231.683,0.8993,49.982
Evening_High,2020-01-01 11:33:00,0.028738,231.745,0.757,50.005
Evening_High,2020-01-01 11:36:00,0.016678,231.436,0.6124,50.018
Evening_High,2020-01-01 11:39:00,0.017411,229.94,0.5535,49.999
Evening_High,2020-01-01 11:42:00,0.026802,232.177,0.6889,50.008
Evening_High,2020-01-01 11:45:00,0.024639,230.231,0.655,50.006
Evening_High,2020-01-01 11:48:00,0.026029,231.63,0.6888,50.005
Evening_High,2020-01-01 11:51:00,0.019123,229.745,0.6482,50.011
Evening_High,2020-01-01 11:54:00,0.025623,232.034,0.6828,49.992
Evening_High,2020-01-01 11:57:00,0.033287,231.593,0.8334,49.98
Evening_High,2020-01-01 12:00:00,0.037485,231.545,0.9099,50.013
Evening_High,2020-01-01 12:03:00,0.017966,232.849,0.5889,49.993
Evening_High,2020-01-01 12:06:00,0.018414,231.563,0.5244,50.01
Evening_High,2020-01-01 12:09:00,0.02432,230.517,0.6978,50.001
Evening_High,2020-01-01 12:12:00,0.023799,230.393,0.6436,50.002
Evening_High,2020-01-01 12:15:00,0.017533,231.642,0.579,49.983
Evening_High,2020-01-01 12:18:00,0.01364,231.594,0.4647,50.005
Evening_High,2020-01-01 12:21:00,0.024,231.541,0.656,50.003
Evening_High,2020-01-01 12:24:00,0.036793,231.226,0.8896,50.005
Evening_High,2020-01-01 12:27:00,0.014042,230.964,0.5064,49.987
Evening_High,2020-01-01 12:30:00,0.025438,231.116,0.7241,50.008
Evening_High,2020-01-01 12:33:00,0.018643,229.904,0.6164,49.986
Evening_High,2020-01-01 12:36:00,0.016446,232.931,0.5957,49.984
Evening_High,2020-01-01 12:39:00,0.022326,230.783,0.6116,49.985
Evening_High,2020-01-01 12:42:00,0.018144,230.819,0.5455,49.991
Evening_High,2020-01-01 12:45:00,0.020751,230.407,0.627,49.987
Evening_High,2020-01-01 12:48:00,0.032724,230.77,0.8295,50.004
Evening_High,2020-01-01 12:51:00,0.032554,231.024,0.8636,49.984
Evening_High,2020-01-01 12:54:00,0.028897,229.702,0.7625,49.992
Evening_High,2020-01-01 12:57:00,0.022129,230.366,0.6579,50.002
Evening_High,2020-01-01 13:00:00,0.026441,229.969,0.7872,50.011
Evening_High,2020-01-01 13:03:00,0.033634,230.452,0.8383,49.983
Evening_High,2020-01-01 13:06:00,0.024077,231.423,0.6915,50.015
Evening_High,2020-01-01 13:09:00,0.027444,230.937,0.8089,49.999
Evening_High,2020-01-01 13:12:00,0.030125,229.828,0.8335,50.014
Evening_High,2020-01-01 13:15:00,0.024384,231.52,0.6668,50.005
Evening_High,2020-01-01 13:18:00,0.019713,230.38,0.6758,50.003
Evening_High,2020-01-01 13:21:00,0.040565,231.186,1.0201,49.994
Evening_High,2020-01-01 13:24:00,0.023328,230.282,0.6452,50.005
Evening_High,2020-01-01 13:27:00,0.031502,231.629,0.8004,49.987
Evening_High,2020-01-01 13:30:00,0.028902,231.269,0.7368,49.963
Evening_High,2020-01-01 13:33:00,0.032509,230.597,0.8108,49.981
Evening_High,2020-01-01 13:36:00,0.030848,231.719,0.7675,49.988
Evening_High,2020-01-01 13:39:00,0.041403,229.054,1.0036,50.022
Evening_High,2020-01-01 13:42:00,0.020912,230.084,0.6449,50.006
Evening_High,2020-01-01 13:45:00,0.020887,231.08,0.6504,49.996
Evening_High,2020-01-01 13:48:00,0.022283,229.619,0.6518,49.987
Evening_High,2020-01-01 13:51:00,0.029262,232.258,0.7142,50.006
Evening_High,2020-01-01 13:54:00,0.03166,229.852,0.812,49.986
Evening_High,2020-01-01 13:57:00,0.031623,229.466,0.8157,49.999
Evening_High,2020-01-01 14:00:00,0.037154,229.903,0.9415,49.995
Evening_High,2020-01-01 14:03:00,0.029881,230.67,0.804,50.002
Evening_High,2020-01-01 14:06:00,0.031698,231.227,0.8432,49.984
Evening_High,2020-01-01 14:09:00,0.020649,228.527,0.6462,49.994
Evening_High,2020-01-01 14:12:00,0.028322,231.452,0.6773,50.004
Evening_High,2020-01-01 14:15:00,0.041335,230.43,0.9745,49.995
Evening_High,2020-01-01 14:18:00,0.030739,230.667,0.7611,50.02
Evening_High,2020-01-01 14:21:00,0.031476,231.41,0.8404,49.98
Evening_High,2020-01-01 14:24:00,0.027412,230.084,0.78,50.014
Evening_High,2020-01-01 14:27:00,0.015481,231.128,0.5346,49.989
Evening_High,2020-01-01 14:30:00,0.024354,230.078,0.7476,49.988
Evening_High,2020-01-01 14:33:00,0.015881,231.712,0.5374,50.018
Evening_High,2020-01-01 14:36:00,0.033088,229.738,0.8049,49.996
Evening_High,2020-01-01 14:39:00,0.027246,230.218,0.7732,50.022
Evening_High,2020-01-01 14:42:00,0.02223,230.852,0.6692,49.99
Evening_High,2020-01-01 14:45:00,0.039755,230.286,0.9679,50.0
Evening_High,2020-01-01 14:48:00,0.035178,229.92,0.9005,50.001
Evening_High,2020-01-01 14:51:00,0.033037,230.663,0.8156,50.001
Evening_High,2020-01-01 14:54:00,0.033413,229.426,0.8376,50.01
Evening_High,2020-01-01 14:57:00,0.033403,230.342,0.8637,50.007
Evening_High,2020-01-01 15:00:00,0.031775,230.2,0.8713,49.991
Evening_High,2020-01-01 15:03:00,0.047165,229.506,1.1367,49.976
Evening_High,2020-01-01 15:06:00,0.040754,231.428,0.9771,50.011
Evening_High,2020-01-01 15:09:00,0.046618,229.631,1.1209,49.991
Evening_High,2020-01-01 15:12:00,0.022904,230.657,0.6295,49.998
Evening_High,2020-01-01 15:15:00,0.018238,230.285,0.5337,50.018
Evening_High,2020-01-01 15:18:00,0.036197,228.393,0.9156,50.003
Evening_High,2020-01-01 15:21:00,0.03614,230.874,0.8659,49.989
Evening_High,2020-01-01 15:24:00,0.026988,230.586,0.7183,50.005
Evening_High,2020-01-01 15:27:00,0.039922,229.196,0.9741,49.991
Evening_High,2020-01-01 15:30:00,0.021644,231.046,0.6734,49.995
Evening_High,2020-01-01 15:33:00,0.031693,230.261,0.8833,50.015
Evening_High,2020-01-01 15:36:00,0.028381,230.247,0.8129,49.98
Evening_High,2020-01-01 15:39:00,0.021853,231.395,0.6143,49.984
Evening_High,2020-01-01 15:42:00,0.036347,231.301,0.9041,49.988
Evening_High,2020-01-01 15:45:00,0.037752,229.137,0.9487,49.975
Evening_High,2020-01-01 15:48:00,0.040161,230.934,0.9874,49.994
Evening_High,2020-01-01 15:51:00,0.025895,231.94,0.7241,49.98
Evening_High,2020-01-01 15:54:00,0.030288,229.779,0.7225,49.987
Evening_High,2020-01-01 15:57:00,0.035324,230.39,0.9427,49.991
Evening_High,2020-01-01 16:00:00,0.033882,232.576,0.9166,49.986
Evening_High,2020-01-01 16:03:00,0.017632,230.63,0.6266,49.985
Evening_High,2020-01-01 16:06:00,0.036118,228.832,0.9336,49.974
Evening_High,2020-01-01 16:09:00,0.035706,229.7,0.9232,50.003
Evening_High,2020-01-01 16:12:00,0.021279,230.513,0.6178,50.006
Evening_High,2020-01-01 16:15:00,0.029003,230.873,0.819,50.008
Evening_High,2020-01-01 16:18:00,0.039051,231.285,0.9163,49.985
Evening_High,2020-01-01 16:21:00,0.040155,229.996,0.9289,49.965
Evening_High,2020-01-01 16:24:00,0.033143,229.897,0.8287,49.987
Evening_High,2020-01-01 16:27:00,0.026084,231.211,0.7425,49.977
Evening_High,2020-01-01 16:30:00,0.036995,230.689,0.9074,50.006
Evening_High,2020-01-01 16:33:00,0.027367,229.285,0.7568,49.992
Evening_High,2020-01-01 16:36:00,0.029188,229.838,0.7591,50.007
Evening_High,2020-01-01 16:39:00,0.027627,229.976,0.7397,50.002
Evening_High,2020-01-01 16:42:00,0.040869,230.732,0.9747,49.987
Evening_High,2020-01-01 16:45:00,0.021811,230.355,0.6489,49.975
Evening_High,2020-01-01 16:48:00,0.023759,229.821,0.7069,49.987
Evening_High,2020-01-01 16:51:00,0.024374,231.713,0.7678,49.999
Evening_High,2020-01-01 16:54:00,0.039966,229.83,0.9498,49.971
Evening_High,2020-01-01 16:57:00,0.044721,230.699,1.0739,50.0
Evening_High,2020-01-01 17:00:00,0.04963,231.865,1.1628,49.984
Evening_High,2020-01-01 17:03:00,0.038717,230.715,0.9947,50.001
Evening_High,2020-01-01 17:06:00,0.047574,231.212,1.1053,49.993
Evening_High,2020-01-01 17:09:00,0.059393,229.328,1.2998,49.991
Evening_High,2020-01-01 17:12:00,0.046944,231.231,1.0962,49.984
Evening_High,2020-01-01 17:15:00,0.060441,228.961,1.3345,49.988
Evening_High,2020-01-01 17:18:00,0.032859,230.805,0.7813,49.985
Evening_High,2020-01-01 17:21:00,0.031264,231.235,0.8755,49.993
Evening_High,2020-01-01 17:24:00,0.032579,230.114,0.8421,49.971
Evening_High,2020-01-01 17:27:00,0.059115,230.311,1.2882,49.973
Evening_High,2020-01-01 17:30:00,0.048267,229.222,1.0971,49.978
Evening_High,2020-01-01 17:33:00,0.062739,229.277,1.3784,49.993
Evening_High,2020-01-01 17:36:00,0.062831,229.147,1.3991,49.994
Evening_High,2020-01-01 17:39:00,0.057055,229.592,1.3102,49.988
Evening_High,2020-01-01 17:42:00,0.049082,230.593,1.0995,49.99
Evening_High,2020-01-01 17:45:00,0.07237,228.905,1.571,49.975
Evening_High,2020-01-01 17:48:00,0.062447,228.743,1.3807,49.983
Evening_High,2020-01-01 17:51:00,0.052738,228.833,1.2394,49.989
Evening_High,2020-01-01 17:54:00,0.046315,230.049,1.0313,50.002
Evening_High,2020-01-01 17:57:00,0.073628,228.637,1.59,49.959
Evening_High,2020-01-01 18:00:00,0.045774,229.679,1.0898,49.983
Evening_High,2020-01-01 18:03:00,0.043591,229.538,1.0201,49.992
Evening_High,2020-01-01 18:06:00,0.054595,228.715,1.2373,49.964
Evening_High,2020-01-01 18:09:00,0.072975,228.243,1.5032,50.003
Evening_High,2020-01-01 18:12:00,0.065873,230.168,1.4728,49.985
Evening_High,2020-01-01 18:15:00,0.055908,229.619,1.3503,49.986
Evening_High,2020-01-01 18:18:00,0.088152,228.294,1.7589,49.984
Evening_High,2020-01-01 18:21:00,0.060022,229.441,1.3155,49.996
Evening_High,2020-01-01 18:24:00,0.029724,230.761,0.7797,49.977
Evening_High,2020-01-01 18:27:00,0.086601,227.747,1.832,49.977
Evening_High,2020-01-01 18:30:00,0.073615,228.173,1.5177,49.986
Evening_High,2020-01-01 18:33:00,0.094322,228.156,1.9426,49.976
Evening_High,2020-01-01 18:36:00,0.072333,228.951,1.5013,49.971
Evening_High,2020-01-01 18:39:00,0.084901,227.648,1.8131,49.972
Evening_High,2020-01-01 18:42:00,0.047854,229.218,1.1553,49.981
Evening_High,2020-01-01 18:45:00,0.061011,228.886,1.3679,50.0
Evening_High,2020-01-01 18:48:00,0.071943,228.223,1.5349,49.987
Evening_High,2020-01-01 18:51:00,0.073584,228.594,1.5564,49.991
Evening_High,2020-01-01 18:54:00,0.089403,226.509,1.843,49.96
Evening_High,2020-01-01 18:57:00,0.080116,228.102,1.7337,49.988
Evening_High,2020-01-01 19:00:00,0.076548,230.955,1.6139,49.981
Evening_High,2020-01-01 19:03:00,0.07962,229.135,1.7124,49.987
Evening_High,2020-01-01 19:06:00,0.070763,230.478,1.5108,49.963
Evening_High,2020-01-01 19:09:00,0.080352,229.903,1.7033,49.956
Evening_High,2020-01-01 19:12:00,0.061843,229.609,1.3847,49.98
Evening_High,2020-01-01 19:15:00,0.081466,228.555,1.6853,49.986
Evening_High,2020-01-01 19:18:00,0.1061,227.249,2.1496,49.972
Evening_High,2020-01-01 19:21:00,0.091397,228.223,1.8739,49.995
Evening_High,2020-01-01 19:24:00,0.072379,228.834,1.5404,49.98
Evening_High,2020-01-01 19:27:00,0.063308,229.562,1.3461,49.976
Evening_High,2020-01-01 19:30:00,0.07487,228.887,1.589,49.978
Evening_High,2020-01-01 19:33:00,0.08786,227.71,1.7831,49.983
Evening_High,2020-01-01 19:36:00,0.061909,228.018,1.3518,49.983
Evening_High,2020-01-01 19:39:00,0.084923,228.574,1.782,50.0
Evening_High,2020-01-01 19:42:00,0.098824,227.368,2.056,49.986
Evening_High,2020-01-01 19:45:00,0.090265,228.749,1.8713,50.0
Evening_High,2020-01-01 19:48:00,0.095456,227.773,1.9254,50.001
Evening_High,2020-01-01 19:51:00,0.115509,226.734,2.2813,49.993
Evening_High,2020-01-01 19:54:00,0.073094,228.389,1.5155,49.964
Evening_High,2020-01-01 19:57:00,0.075028,227.597,1.6361,49.974
Evening_High,2020-01-01 20:00:00,0.070964,227.612,1.5262,49.98
Evening_High,2020-01-01 20:03:00,0.080999,228.428,1.6758,49.968
Evening_High,2020-01-01 20:06:00,0.107499,226.385,2.2172,49.943
Evening_High,2020-01-01 20:09:00,0.051577,228.727,1.1245,50.004
Evening_High,2020-01-01 20:12:00,0.096343,226.896,2.0174,49.976
Evening_High,2020-01-01 20:15:00,0.092349,227.84,1.9289,49.986
Evening_High,2020-01-01 20:18:00,0.114498,228.171,2.305,49.963
Evening_High,2020-01-01 20:21:00,0.092231,228.424,1.9175,49.977
Evening_High,2020-01-01 20:24:00,0.059022,228.68,1.3325,49.976
Evening_High,2020-01-01 20:27:00,0.090536,228.813,1.8476,49.974
Evening_High,2020-01-01 20:30:00,0.118252,226.691,2.378,49.981
Evening_High,2020-01-01 20:33:00,0.104656,226.652,2.1821,49.983
Evening_High,2020-01-01 20:36:00,0.109172,226.049,2.1832,49.956
Evening_High,2020-01-01 20:39:00,0.101248,226.919,2.1105,49.978
Evening_High,2020-01-01 20:42:00,0.064472,228.177,1.4169,49.996
Evening_High,2020-01-01 20:45:00,0.063653,227.581,1.3885,49.992
Evening_High,2020-01-01 20:48:00,0.115304,227.538,2.2765,49.948
Evening_High,2020-01-01 20:51:00,0.130402,225.066,2.5974,49.977
Evening_High,2020-01-01 20:54:00,0.0859,228.267,1.8104,49.996
Evening_High,2020-01-01 20:57:00,0.088235,227.223,1.8403,49.98
Evening_High,2020-01-01 21:00:00,0.090037,227.789,1.8038,49.989
Evening_High,2020-01-01 21:03:00,0.052681,229.341,1.186,49.977
Evening_High,2020-01-01 21:06:00,0.092342,229.274,1.9099,49.956
Evening_High,2020-01-01 21:09:00,0.041277,229.683,1.0052,49.987
Evening_High,2020-01-01 21:12:00,0.0636,229.61,1.3662,49.974
Evening_High,2020-01-01 21:15:00,0.074271,226.881,1.542,49.987
Evening_High,2020-01-01 21:18:00,0.067334,228.877,1.4578,49.993
Evening_High,2020-01-01 21:21:00,0.098917,227.739,2.0361,49.966
Evening_High,2020-01-01 21:24:00,0.062842,227.76,1.3616,49.98
Evening_High,2020-01-01 21:27:00,0.044339,231.114,1.0821,49.992
Evening_High,2020-01-01 21:30:00,0.056554,228.598,1.2997,49.988
Evening_High,2020-01-01 21:33:00,0.073387,227.409,1.5578,49.966
Evening_High,2020-01-01 21:36:00,0.072655,228.325,1.5361,49.977
Evening_High,2020-01-01 21:39:00,0.061445,228.204,1.3308,49.999
Evening_High,2020-01-01 21:42:00,0.08111,227.979,1.7414,49.987
Evening_High,2020-01-01 21:45:00,0.054862,229.305,1.2416,49.971
Evening_High,2020-01-01 21:48:00,0.061112,227.949,1.3361,49.962
Evening_High,2020-01-01 21:51:00,0.065372,229.767,1.4298,49.97
Evening_High,2020-01-01 21:54:00,0.049138,229.964,1.1233,49.976
Evening_High,2020-01-01 21:57:00,0.038138,230.894,0.9411,49.993
Evening_High,2020-01-01 22:00:00,0.070392,229.957,1.4516,49.977
Evening_High,2020-01-01 22:03:00,0.037495,231.343,0.9456,49.999
Evening_High,2020-01-01 22:06:00,0.058932,229.479,1.3622,49.985
Evening_High,2020-01-01 22:09:00,0.053667,229.324,1.1563,50.004
Evening_High,2020-01-01 22:12:00,0.050156,230.219,1.1511,49.986
Evening_High,2020-01-01 22:15:00,0.034186,229.761,0.8407,49.998
Evening_High,2020-01-01 22:18:00,0.033483,230.694,0.8653,49.986
Evening_High,2020-01-01 22:21:00,0.047382,230.8,1.1059,49.989
Evening_High,2020-01-01 22:24:00,0.025144,230.639,0.6801,50.007
Evening_High,2020-01-01 22:27:00,0.034128,230.784,0.8731,50.032
Evening_High,2020-01-01 22:30:00,0.049416,229.37,1.1221,49.983
Evening_High,2020-01-01 22:33:00,0.034093,229.416,0.8403,49.979
Evening_High,2020-01-01 22:36:00,0.048909,229.906,1.1048,49.979
Evening_High,2020-01-01 22:39:00,0.02933,231.479,0.8413,49.982
Evening_High,2020-01-01 22:42:00,0.047953,228.933,1.0683,50.018
Evening_High,2020-01-01 22:45:00,0.046026,229.463,1.0581,49.992
Evening_High,2020-01-01 22:48:00,0.05234,230.714,1.2589,49.969
Evening_High,2020-01-01 22:51:00,0.041439,229.897,1.0,49.981
Evening_High,2020-01-01 22:54:00,0.03651,229.909,0.9553,49.98
Evening_High,2020-01-01 22:57:00,0.049218,229.805,1.1187,49.991
Evening_High,2020-01-01 23:00:00,0.030061,228.659,0.8157,49.987
Evening_High,2020-01-01 23:03:00,0.037632,229.344,0.9397,49.995
Evening_High,2020-01-01 23:06:00,0.039739,230.05,0.963,49.99
Evening_High,2020-01-01 23:09:00,0.040564,230.322,1.0391,50.015
Evening_High,2020-01-01 23:12:00,0.030843,231.413,0.8352,50.007
Evening_High,2020-01-01 23:15:00,0.035479,230.48,0.9001,49.98
Evening_High,2020-01-01 23:18:00,0.024532,230.083,0.7505,49.999
Evening_High,2020-01-01 23:21:00,0.012086,230.053,0.4304,50.003
Evening_High,2020-01-01 23:24:00,0.040278,230.816,0.9438,49.998
Evening_High,2020-01-01 23:27:00,0.035674,231.075,0.9225,50.012
Evening_High,2020-01-01 23:30:00,0.036128,231.495,0.8916,49.985
Evening_High,2020-01-01 23:33:00,0.031899,231.21,0.8298,50.005
Evening_High,2020-01-01 23:36:00,0.030237,230.486,0.8228,50.021
Evening_High,2020-01-01 23:39:00,0.02928,231.136,0.7665,49.997
Evening_High,2020-01-01 23:42:00,0.024658,230.648,0.6384,50.011
Evening_High,2020-01-01 23:45:00,0.032082,230.44,0.7813,50.009
Evening_High,2020-01-01 23:48:00,0.028074,231.728,0.7667,49.983
Evening_High,2020-01-01 23:51:00,0.035387,229.912,0.8985,49.98
Evening_High,2020-01-01 23:54:00,0.029055,229.638,0.7635,50.002
Evening_High,2020-01-01 23:57:00,0.021761,230.421,0.6626,49.993
Evening_High,2020-01-02 00:00:00,0.033042,230.11,0.8436,50.001
Evening_High,2020-01-02 00:03:00,0.025829,230.971,0.7421,49.969
Evening_High,2020-01-02 00:06:00,0.017768,231.572,0.6058,49.983
Evening_High,2020-01-02 00:09:00,0.033209,230.951,0.8865,49.98
Evening_High,2020-01-02 00:12:00,0.025147,231.0,0.74,49.995
Evening_High,2020-01-02 00:15:00,0.031072,230.594,0.881,50.01
Evening_High,2020-01-02 00:18:00,0.031567,230.429,0.8391,50.004
Evening_High,2020-01-02 00:21:00,0.017112,231.718,0.5682,50.007
Evening_High,2020-01-02 00:24:00,0.02153,230.048,0.6553,50.008
Evening_High,2020-01-02 00:27:00,0.021131,231.152,0.6295,49.982
Evening_High,2020-01-02 00:30:00,0.015833,231.489,0.5674,49.984
Evening_High,2020-01-02 00:33:00,0.021499,230.878,0.6455,49.989
Evening_High,2020-01-02 00:36:00,0.018731,229.965,0.6027,49.986
Evening_High,2020-01-02 00:39:00,0.030813,229.883,0.8863,49.99
Evening_High,2020-01-02 00:42:00,0.023082,232.086,0.7067,49.991
Evening_High,2020-01-02 00:45:00,0.018776,231.285,0.633,49.995
Evening_High,2020-01-02 00:48:00,0.015357,232.601,0.5539,49.963
Evening_High,2020-01-02 00:51:00,0.015211,230.955,0.5303,49.998
Evening_High,2020-01-02 00:54:00,0.01549,231.869,0.5753,50.012
Evening_High,2020-01-02 00:57:00,0.008486,231.126,0.3809,49.992
Evening_High,2020-01-02 01:00:00,0.0285,230.357,0.7794,49.988
Evening_High,2020-01-02 01:03:00,0.021252,231.961,0.6455,49.997
Evening_High,2020-01-02 01:06:00,0.011924,230.774,0.4441,49.993
Evening_High,2020-01-02 01:09:00,0.020013,230.91,0.6163,49.989
Evening_High,2020-01-02 01:12:00,0.019556,230.898,0.5544,50.014
Evening_High,2020-01-02 01:15:00,0.018498,229.656,0.6483,49.989
Evening_High,2020-01-02 01:18:00,0.017185,229.968,0.551,49.992
Evening_High,2020-01-02 01:21:00,0.017138,230.914,0.6302,49.985
Evening_High,2020-01-02 01:24:00,0.018831,232.606,0.6033,49.988
Evening_High,2020-01-02 01:27:00,0.016468,230.433,0.5098,49.999
Evening_High,2020-01-02 01:30:00,0.018814,231.179,0.5299,49.988
Evening_High,2020-01-02 01:33:00,0.024393,232.457,0.6456,50.001
Evening_High,2020-01-02 01:36:00,0.030059,230.867,0.7627,49.988
Evening_High,2020-01-02 01:39:00,0.019099,231.95,0.5821,49.995
Evening_High,2020-01-02 01:42:00,0.0161,231.148,0.5956,49.997
Evening_High,2020-01-02 01:45:00,0.02701,230.288,0.7576,49.979
Evening_High,2020-01-02 01:48:00,0.012,230.813,0.5115,49.997
Evening_High,2020-01-02 01:51:00,0.013856,231.49,0.4994,49.984
Evening_High,2020-01-02 01:54:00,0.016416,230.903,0.5579,49.981
Evening_High,2020-01-02 01:57:00,0.018854,231.685,0.5931,49.989
Evening_High,2020-01-02 02:00:00,0.02153,231.735,0.6703,49.979
Evening_High,2020-01-02 02:03:00,0.01368,233.137,0.4881,50.01
Evening_High,2020-01-02 02:06:00,0.015257,231.849,0.5814,49.992
Evening_High,2020-01-02 02:09:00,0.020993,230.733,0.6336,49.981
Evening_High,2020-01-02 02:12:00,0.022039,231.066,0.6321,49.998
Evening_High,2020-01-02 02:15:00,0.012176,232.103,0.4923,49.996
Evening_High,2020-01-02 02:18:00,0.024706,231.067,0.7157,50.004
Evening_High,2020-01-02 02:21:00,0.015023,231.023,0.4971,49.994
Evening_High,2020-01-02 02:24:00,0.020756,231.255,0.5668,49.997
Evening_High,2020-01-02 02:27:00,0.013648,231.173,0.4117,50.006
Evening_High,2020-01-02 02:30:00,0.018814,230.908,0.6188,49.992
Evening_High,2020-01-02 02:33:00,0.013506,230.829,0.5301,50.023
Evening_High,2020-01-02 02:36:00,0.013628,232.685,0.5335,49.995
Evening_High,2020-01-02 02:39:00,0.011647,231.533,0.4489,49.972
Evening_High,2020-01-02 02:42:00,0.022187,231.976,0.6454,49.993
Evening_High,2020-01-02 02:45:00,0.015371,231.667,0.5293,49.991
Evening_High,2020-01-02 02:48:00,0.018957,229.637,0.6653,49.996
Evening_High,2020-01-02 02:51:00,0.017906,232.335,0.5405,50.017
Evening_High,2020-01-02 02:54:00,0.019139,229.982,0.5056,50.017
Evening_High,2020-01-02 02:57:00,0.02918,231.256,0.8145,49.981
Evening_High,2020-01-02 03:00:00,0.013725,230.492,0.4415,49.991
Evening_High,2020-01-02 03:03:00,0.02281,230.913,0.6561,50.004
Evening_High,2020-01-02 03:06:00,0.019482,232.164,0.561,49.996
Evening_High,2020-01-02 03:09:00,0.007644,230.835,0.3521,50.013
Evening_High,2020-01-02 03:12:00,0.013768,230.606,0.4525,49.996
Evening_High,2020-01-02 03:15:00,0.021137,231.506,0.6309,50.024
Evening_High,2020-01-02 03:18:00,0.020888,231.336,0.6776,49.989
Evening_High,2020-01-02 03:21:00,0.017298,231.791,0.5102,50.001
Evening_High,2020-01-02 03:24:00,0.014251,230.892,0.5045,49.998
Evening_High,2020-01-02 03:27:00,0.016884,230.247,0.5271,49.988
Evening_High,2020-01-02 03:30:00,0.024286,229.386,0.6345,49.995
Evening_High,2020-01-02 03:33:00,0.023903,231.24,0.6442,49.999
Evening_High,2020-01-02 03:36:00,0.019731,230.935,0.616,49.977
Evening_High,2020-01-02 03:39:00,0.010891,231.799,0.5165,49.993
Evening_High,2020-01-02 03:42:00,0.02594,231.438,0.7496,50.019
Evening_High,2020-01-02 03:45:00,0.024176,230.994,0.7019,49.98
Evening_High,2020-01-02 03:48:00,0.024492,230.439,0.6971,49.991
Evening_High,2020-01-02 03:51:00,0.027304,231.634,0.7226,50.005
Evening_High,2020-01-02 03:54:00,0.021426,229.649,0.6205,49.992
Evening_High,2020-01-02 03:57:00,0.023161,229.617,0.7153,49.99
Evening_High,2020-01-02 04:00:00,0.020339,231.786,0.6067,49.998
Evening_High,2020-01-02 04:03:00,0.022065,231.407,0.656,50.013
Evening_High,2020-01-02 04:06:00,0.019923,230.134,0.6017,49.994
Evening_High,2020-01-02 04:09:00,0.016224,230.635,0.5252,49.978
Evening_High,2020-01-02 04:12:00,0.015199,231.009,0.5802,49.989
Evening_High,2020-01-02 04:15:00,0.025454,230.803,0.688,50.014
Evening_High,2020-01-02 04:18:00,0.025804,231.289,0.7218,50.0
Evening_High,2020-01-02 04:21:00,0.024267,230.958,0.6511,50.0
Evening_High,2020-01-02 04:24:00,0.019708,229.646,0.6057,49.993
Evening_High,2020-01-02 04:27:00,0.011021,232.804,0.4828,49.991
Evening_High,2020-01-02 04:30:00,0.020242,230.824,0.5855,49.985
Evening_High,2020-01-02 04:33:00,0.020278,232.229,0.6648,50.01
Evening_High,2020-01-02 04:36:00,0.014792,232.289,0.5749,49.976
Evening_High,2020-01-02 04:39:00,0.017868,230.915,0.5289,49.999
Evening_High,2020-01-02 04:42:00,0.015825,230.52,0.4864,49.991
Evening_High,2020-01-02 04:45:00,0.023941,230.751,0.6903,49.985
Evening_High,2020-01-02 04:48:00,0.018845,230.934,0.5593,49.977
Evening_High,2020-01-02 04:51:00,0.003977,231.818,0.3354,50.012
Evening_High,2020-01-02 04:54:00,0.021092,231.124,0.653,49.967
Evening_High,2020-01-02 04:57:00,0.016146,231.293,0.5575,49.974
Evening_High,2020-01-02 05:00:00,0.024185,230.45,0.7583,50.012
Evening_High,2020-01-02 05:03:00,0.019949,230.692,0.5559,49.973
Evening_High,2020-01-02 05:06:00,0.019488,231.531,0.5791,49.984
Evening_High,2020-01-02 05:09:00,0.013341,231.828,0.4835,50.002
Evening_High,2020-01-02 05:12:00,0.017385,230.872,0.5548,49.974
Evening_High,2020-01-02 05:15:00,0.017408,232.363,0.565,49.983
Evening_High,2020-01-02 05:18:00,0.01715,230.614,0.6027,50.005
Evening_High,2020-01-02 05:21:00,0.012578,231.577,0.4279,50.018
Evening_High,2020-01-02 05:24:00,0.021893,230.33,0.7106,50.006
Evening_High,2020-01-02 05:27:00,0.027347,230.814,0.698,49.976
Evening_High,2020-01-02 05:30:00,0.025191,230.731,0.7075,49.958
Evening_High,2020-01-02 05:33:00,0.023005,229.797,0.7277,50.001
Evening_High,2020-01-02 05:36:00,0.018472,230.183,0.5578,49.996
Evening_High,2020-01-02 05:39:00,0.023423,231.541,0.6192,49.993
Evening_High,2020-01-02 05:42:00,0.019056,229.253,0.595,49.974
Evening_High,2020-01-02 05:45:00,0.021138,230.581,0.6003,49.997
Evening_High,2020-01-02 05:48:00,0.023779,231.128,0.6966,49.994
Evening_High,2020-01-02 05:51:00,0.021891,231.785,0.6408,49.963
Evening_High,2020-01-02 05:54:00,0.022775,230.597,0.6372,49.993
Evening_High,2020-01-02 05:57:00,0.028049,230.797,0.7217,49.984
Evening_High,2020-01-02 06:00:00,0.019196,232.458,0.5727,49.996
Evening_High,2020-01-02 06:03:00,0.02138,230.973,0.6004,49.977
Evening_High,2020-01-02 06:06:00,0.014661,232.857,0.546,49.976
Evening_High,2020-01-02 06:09:00,0.01869,231.283,0.6399,49.98
Evening_High,2020-01-02 06:12:00,0.023702,229.906,0.6657,49.988
Evening_High,2020-01-02 06:15:00,0.018368,231.27,0.5414,49.997
Evening_High,2020-01-02 06:18:00,0.02753,229.779,0.7698,49.995
Evening_High,2020-01-02 06:21:00,0.01548,230.937,0.5317,49.995
Evening_High,2020-01-02 06:24:00,0.027242,231.047,0.7436,49.998
Evening_High,2020-01-02 06:27:00,0.031527,231.131,0.8828,49.983
Evening_High,2020-01-02 06:30:00,0.021927,232.123,0.6008,49.998
Evening_High,2020-01-02 06:33:00,0.021592,230.658,0.6383,49.978
Evening_High,2020-01-02 06:36:00,0.019244,232.261,0.5688,50.015
Evening_High,2020-01-02 06:39:00,0.012467,230.373,0.524,49.999
Evening_High,2020-01-02 06:42:00,0.018798,230.502,0.6383,50.002
Evening_High,2020-01-02 06:45:00,0.013247,231.145,0.4365,49.978
Evening_High,2020-01-02 06:48:00,0.025259,230.698,0.678,49.975
Evening_High,2020-01-02 06:51:00,0.018336,231.193,0.6494,49.993
Evening_High,2020-01-02 06:54:00,0.012859,230.519,0.5085,49.995
Evening_High,2020-01-02 06:57:00,0.02328,231.752,0.6376,49.984
Evening_High,2020-01-02 07:00:00,0.010518,232.812,0.4634,49.98
Evening_High,2020-01-02 07:03:00,0.017423,232.012,0.5773,50.005
Evening_High,2020-01-02 07:06:00,0.024144,232.091,0.6682,50.012
Evening_High,2020-01-02 07:09:00,0.022798,232.637,0.6283,49.99
Evening_High,2020-01-02 07:12:00,0.014839,230.306,0.5371,49.996
Evening_High,2020-01-02 07:15:00,0.010945,230.232,0.4968,50.002
Evening_High,2020-01-02 07:18:00,0.027005,231.618,0.7686,49.999
Evening_High,2020-01-02 07:21:00,0.011655,231.3,0.4594,50.003
Evening_High,2020-01-02 07:24:00,0.0151,231.242,0.5155,50.031
Evening_High,2020-01-02 07:27:00,0.022657,230.39,0.6181,49.989
Evening_High,2020-01-02 07:30:00,0.020416,232.156,0.6375,49.988
Evening_High,2020-01-02 07:33:00,0.017859,229.644,0.5702,49.968
Evening_High,2020-01-02 07:36:00,0.012017,232.303,0.4146,50.007
Evening_High,2020-01-02 07:39:00,0.020843,230.275,0.6557,49.979
Evening_High,2020-01-02 07:42:00,0.016804,231.684,0.5625,50.005
Evening_High,2020-01-02 07:45:00,0.025945,231.969,0.6993,49.997
Evening_High,2020-01-02 07:48:00,0.017537,231.057,0.5508,49.988
Evening_High,2020-01-02 07:51:00,0.014138,230.112,0.4852,50.003
Evening_High,2020-01-02 07:54:00,0.019376,231.039,0.5571,49.976
Evening_High,2020-01-02 07:57:00,0.018651,230.699,0.577,50.007
Evening_High,2020-01-02 08:00:00,0.021457,229.38,0.6263,49.985
Evening_High,2020-01-02 08:03:00,0.020023,231.781,0.652,50.009
Evening_High,2020-01-02 08:06:00,0.015064,231.37,0.5035,50.011
Evening_High,2020-01-02 08:09:00,0.017301,232.234,0.58,50.005
Evening_High,2020-01-02 08:12:00,0.016057,230.262,0.5252,50.009
Evening_High,2020-01-02 08:15:00,0.021811,229.966,0.6434,49.997
Evening_High,2020-01-02 08:18:00,0.012841,231.821,0.5862,49.993
Evening_High,2020-01-02 08:21:00,0.014967,232.255,0.5037,50.021
Evening_High,2020-01-02 08:24:00,0.023339,230.789,0.6199,50.007
Evening_High,2020-01-02 08:27:00,0.019509,231.917,0.5854,50.012
Evening_High,2020-01-02 08:30:00,0.01745,230.585,0.5222,49.995
Evening_High,2020-01-02 08:33:00,0.022599,230.021,0.6407,49.988
Evening_High,2020-01-02 08:36:00,0.018582,232.516,0.6496,49.998
Evening_High,2020-01-02 08:39:00,0.015661,230.249,0.5826,50.02
Evening_High,2020-01-02 08:42:00,0.027736,229.78,0.7598,49.994
Evening_High,2020-01-02 08:45:00,0.030291,229.957,0.8332,50.006
Evening_High,2020-01-02 08:48:00,0.027357,230.218,0.7374,49.989
Evening_High,2020-01-02 08:51:00,0.018556,231.868,0.563,49.991
Evening_High,2020-01-02 08:54:00,0.022931,231.661,0.6465,49.992
Evening_High,2020-01-02 08:57:00,0.013119,231.092,0.5177,50.001
Evening_High,2020-01-02 09:00:00,0.019156,231.937,0.6024,49.98
Evening_High,2020-01-02 09:03:00,0.020385,230.372,0.6327,49.994
Evening_High,2020-01-02 09:06:00,0.011875,232.639,0.4441,50.007
Evening_High,2020-01-02 09:09:00,0.004862,232.003,0.3914,50.001
Evening_High,2020-01-02 09:12:00,0.016393,230.674,0.5464,50.001
Evening_High,2020-01-02 09:15:00,0.019051,232.715,0.5306,49.988
Evening_High,2020-01-02 09:18:00,0.011688,232.441,0.4546,49.96
Evening_High,2020-01-02 09:21:00,0.021737,230.493,0.6048,50.003
Evening_High,2020-01-02 09:24:00,0.017604,231.451,0.5857,49.975
Evening_High,2020-01-02 09:27:00,0.025176,230.513,0.698,49.981
Evening_High,2020-01-02 09:30:00,0.02462,231.786,0.6951,49.985
Evening_High,2020-01-02 09:33:00,0.02736,231.008,0.7469,49.994
Evening_High,2020-01-02 09:36:00,0.019135,231.599,0.5525,50.012
Evening_High,2020-01-02 09:39:00,0.017942,230.952,0.529,49.984
Evening_High,2020-01-02 09:42:00,0.022317,230.508,0.6053,49.982
Evening_High,2020-01-02 09:45:00,0.024007,229.813,0.715,50.001
Evening_High,2020-01-02 09:48:00,0.01723,231.099,0.5798,50.006
Evening_High,2020-01-02 09:51:00,0.022488,230.474,0.6078,49.976
Evening_High,2020-01-02 09:54:00,0.011063,231.468,0.5212,49.993
Evening_High,2020-01-02 09:57:00,0.016696,231.193,0.5526,49.994
Evening_High,2020-01-02 10:00:00,0.025011,230.767,0.6848,49.99
Evening_High,2020-01-02 10:03:00,0.025033,232.012,0.6819,49.979
Evening_High,2020-01-02 10:06:00,0.021101,231.638,0.6662,50.009
Evening_High,2020-01-02 10:09:00,0.011948,232.179,0.4807,49.983
Evening_High,2020-01-02 10:12:00,0.016761,230.658,0.5185,49.981
Evening_High,2020-01-02 10:15:00,0.02732,230.894,0.7474,50.03
Evening_High,2020-01-02 10:18:00,0.025385,231.676,0.7178,49.993
Evening_High,2020-01-02 10:21:00,0.019413,231.928,0.5603,49.987
Evening_High,2020-01-02 10:24:00,0.027411,231.795,0.7791,49.993
Evening_High,2020-01-02 10:27:00,0.02008,231.004,0.6042,50.005
Evening_High,2020-01-02 10:30:00,0.021755,229.887,0.6482,49.998
Evening_High,2020-01-02 10:33:00,0.021454,231.353,0.6313,49.972
Evening_High,2020-01-02 10:36:00,0.023979,231.256,0.6925,50.011
Evening_High,2020-01-02 10:39:00,0.020742,231.577,0.6388,49.99
Evening_High,2020-01-02 10:42:00,0.025962,230.612,0.7207,50.004
Evening_High,2020-01-02 10:45:00,0.02842,230.413,0.7628,49.975
Evening_High,2020-01-02 10:48:00,0.023402,231.14,0.6962,50.005
Evening_High,2020-01-02 10:51:00,0.022794,230.972,0.7122,49.988
Evening_High,2020-01-02 10:54:00,0.014463,231.298,0.4577,50.0
Evening_High,2020-01-02 10:57:00,0.007372,230.354,0.3639,50.002
Evening_High,2020-01-02 11:00:00,0.026288,230.813,0.7324,49.998
Evening_High,2020-01-02 11:03:00,0.011147,232.77,0.4421,49.985
Evening_High,2020-01-02 11:06:00,0.01885,232.073,0.56,50.008
Evening_High,2020-01-02 11:09:00,0.027302,230.455,0.743,49.992
Evening_High,2020-01-02 11:12:00,0.022489,231.745,0.6304,50.021
Evening_High,2020-01-02 11:15:00,0.02138,232.561,0.6451,49.987
Evening_High,2020-01-02 11:18:00,0.016006,230.938,0.5702,49.995
Evening_High,2020-01-02 11:21:00,0.020932,231.33,0.6517,49.997
Evening_High,2020-01-02 11:24:00,0.02309,231.476,0.6322,49.987
Evening_High,2020-01-02 11:27:00,0.022241,231.176,0.7018,50.018
Evening_High,2020-01-02 11:30:00,0.021568,231.676,0.6055,50.014
Evening_High,2020-01-02 11:33:00,0.032907,229.792,0.8472,49.999
Evening_High,2020-01-02 11:36:00,0.030272,230.466,0.8643,49.992
Evening_High,2020-01-02 11:39:00,0.01662,232.012,0.5371,49.986
Evening_High,2020-01-02 11:42:00,0.025582,230.775,0.6912,49.995
Evening_High,2020-01-02 11:45:00,0.020107,231.894,0.6262,49.995
Evening_High,2020-01-02 11:48:00,0.024355,231.037,0.6108,49.995
Evening_High,2020-01-02 11:51:00,0.025319,232.335,0.7474,50.016
Evening_High,2020-01-02 11:54:00,0.021304,231.295,0.6093,49.997
Evening_High,2020-01-02 11:57:00,0.019661,230.759,0.6034,49.996
Evening_High,2020-01-02 12:00:00,0.023612,230.452,0.6403,49.976
Evening_High,2020-01-02 12:03:00,0.035843,230.309,0.8838,49.993
Evening_High,2020-01-02 12:06:00,0.022982,230.862,0.6982,50.021
Evening_High,2020-01-02 12:09:00,0.025141,231.974,0.7277,50.007
Evening_High,2020-01-02 12:12:00,0.025955,230.735,0.7111,49.999
Evening_High,2020-01-02 12:15:00,0.018666,231.711,0.5321,50.0
Evening_High,2020-01-02 12:18:00,0.025828,230.316,0.6616,50.016
Evening_High,2020-01-02 12:21:00,0.02239,232.688,0.6072,49.996
Evening_High,2020-01-02 12:24:00,0.022575,231.469,0.6159,49.993
Evening_High,2020-01-02 12:27:00,0.030269,230.621,0.8022,49.99
Evening_High,2020-01-02 12:30:00,0.030583,231.963,0.8722,49.993
Evening_High,2020-01-02 12:33:00,0.016096,230.952,0.5979,50.014
Evening_High,2020-01-02 12:36:00,0.047462,230.711,1.1506,50.02
Evening_High,2020-01-02 12:39:00,0.027561,229.509,0.7285,49.96
Evening_High,2020-01-02 12:42:00,0.026404,230.911,0.7392,49.982
Evening_High,2020-01-02 12:45:00,0.022757,230.653,0.6552,49.988
Evening_High,2020-01-02 12:48:00,0.017477,230.705,0.5311,49.993
Evening_High,2020-01-02 12:51:00,0.019817,231.274,0.5988,50.01
Evening_High,2020-01-02 12:54:00,0.020715,229.937,0.5902,49.996
Evening_High,2020-01-02 12:57:00,0.018805,230.285,0.5815,49.981
Evening_High,2020-01-02 13:00:00,0.024861,231.062,0.6998,49.993
Evening_High,2020-01-02 13:03:00,0.029044,231.198,0.8149,49.985
Evening_High,2020-01-02 13:06:00,0.032894,232.245,0.8693,49.996
Evening_High,2020-01-02 13:09:00,0.017139,233.242,0.6165,49.986
Evening_High,2020-01-02 13:12:00,0.024391,230.277,0.6655,49.981
Evening_High,2020-01-02 13:15:00,0.022644,230.507,0.6468,49.973
Evening_High,2020-01-02 13:18:00,0.027715,230.711,0.6964,49.998
Evening_High,2020-01-02 13:21:00,0.026564,231.408,0.707,50.005
Evening_High,2020-01-02 13:24:00,0.032411,232.155,0.8689,49.971
Evening_High,2020-01-02 13:27:00,0.024919,231.436,0.657,49.983
Evening_High,2020-01-02 13:30:00,0.033948,229.212,0.8782,49.981
Evening_High,2020-01-02 13:33:00,0.03909,231.11,0.9545,49.991
Evening_High,2020-01-02 13:36:00,0.027575,229.158,0.7454,50.004
Evening_High,2020-01-02 13:39:00,0.029655,230.702,0.8165,50.0
Evening_High,2020-01-02 13:42:00,0.022094,229.956,0.6526,49.991
Evening_High,2020-01-02 13:45:00,0.027015,231.472,0.7385,50.006
Evening_High,2020-01-02 13:48:00,0.036146,229.169,0.9695,50.0
Evening_High,2020-01-02 13:51:00,0.03026,231.952,0.7682,50.004
Evening_High,2020-01-02 13:54:00,0.009089,230.005,0.4678,50.002
Evening_High,2020-01-02 13:57:00,0.032483,230.054,0.8426,50.005
Evening_High,2020-01-02 14:00:00,0.024369,231.265,0.5946,49.992
Evening_High,2020-01-02 14:03:00,0.027571,231.963,0.781,49.992
Evening_High,2020-01-02 14:06:00,0.033527,229.345,0.9408,50.003
Evening_High,2020-01-02 14:09:00,0.01958,231.356,0.6491,49.988
Evening_High,2020-01-02 14:12:00,0.037052,231.127,0.9229,49.974
Evening_High,2020-01-02 14:15:00,0.022694,232.182,0.6648,49.989
Evening_High,2020-01-02 14:18:00,0.030077,230.651,0.775,49.993
Evening_High,2020-01-02 14:21:00,0.023948,231.802,0.6475,50.003
Evening_High,2020-01-02 14:24:00,0.021567,231.673,0.6645,49.999
Evening_High,2020-01-02 14:27:00,0.032502,230.33,0.8186,49.975
Evening_High,2020-01-02 14:30:00,0.03404,231.206,0.8396,49.994
Evening_High,2020-01-02 14:33:00,0.034752,230.399,0.9155,49.989
Evening_High,2020-01-02 14:36:00,0.021558,230.773,0.6539,49.991
Evening_High,2020-01-02 14:39:00,0.02089,231.729,0.5791,50.003
Evening_High,2020-01-02 14:42:00,0.024122,230.795,0.6598,50.012
Evening_High,2020-01-02 14:45:00,0.031366,228.338,0.8278,50.009
Evening_High,2020-01-02 14:48:00,0.022327,230.309,0.6538,49.995
Evening_High,2020-01-02 14:51:00,0.033902,230.879,0.8982,49.975
Evening_High,2020-01-02 14:54:00,0.033448,229.946,0.8776,49.987
Evening_High,2020-01-02 14:57:00,0.030488,230.986,0.7814,49.985
Evening_High,2020-01-02 15:00:00,0.030939,230.654,0.7535,50.01
Evening_High,2020-01-02 15:03:00,0.02703,231.273,0.7212,50.005
Evening_High,2020-01-02 15:06:00,0.04426,228.856,1.0375,49.99
Evening_High,2020-01-02 15:09:00,0.026971,230.297,0.649,49.976
Evening_High,2020-01-02 15:12:00,0.021984,230.834,0.6488,49.989
Evening_High,2020-01-02 15:15:00,0.030131,231.196,0.7772,50.001
Evening_High,2020-01-02 15:18:00,0.033911,230.514,0.8228,49.99
Evening_High,2020-01-02 15:21:00,0.028128,231.202,0.7976,49.989
Evening_High,2020-01-02 15:24:00,0.032989,230.616,0.8722,49.975
Evening_High,2020-01-02 15:27:00,0.027567,231.126,0.7791,49.969
Evening_High,2020-01-02 15:30:00,0.035119,229.716,0.8664,49.979
Evening_High,2020-01-02 15:33:00,0.023639,230.47,0.6456,49.987
Evening_High,2020-01-02 15:36:00,0.030324,231.358,0.8564,49.982
Evening_High,2020-01-02 15:39:00,0.038031,229.528,0.9851,50.001
Evening_High,2020-01-02 15:42:00,0.028,230.244,0.7452,49.988
Evening_High,2020-01-02 15:45:00,0.024293,232.508,0.7512,50.013
Evening_High,2020-01-02 15:48:00,0.028909,232.033,0.7683,49.992
Evening_High,2020-01-02 15:51:00,0.032317,230.103,0.8581,49.994
Evening_High,2020-01-02 15:54:00,0.033052,230.476,0.8669,49.978
Evening_High,2020-01-02 15:57:00,0.024624,232.146,0.741,49.986
Evening_High,2020-01-02 16:00:00,0.034046,230.627,0.8553,50.002
Evening_High,2020-01-02 16:03:00,0.025797,229.798,0.6886,50.015
Evening_High,2020-01-02 16:06:00,0.027367,229.321,0.7699,49.982
Evening_High,2020-01-02 16:09:00,0.028647,232.056,0.7857,49.971
Evening_High,2020-01-02 16:12:00,0.020132,231.958,0.5667,49.994
Evening_High,2020-01-02 16:15:00,0.031662,231.282,0.8206,49.96
Evening_High,2020-01-02 16:18:00,0.0266,231.168,0.7253,49.965
Evening_High,2020-01-02 16:21:00,0.035217,229.754,0.9092,49.977
Evening_High,2020-01-02 16:24:00,0.021504,230.058,0.6649,49.999
Evening_High,2020-01-02 16:27:00,0.03156,229.497,0.7628,50.0
Evening_High,2020-01-02 16:30:00,0.021992,231.166,0.6537,49.999
Evening_High,2020-01-02 16:33:00,0.037466,231.474,0.9942,49.986
Evening_High,2020-01-02 16:36:00,0.017346,230.123,0.5922,49.987
Evening_High,2020-01-02 16:39:00,0.036996,231.775,0.917,49.972
Evening_High,2020-01-02 16:42:00,0.039712,228.647,0.9617,49.985
Evening_High,2020-01-02 16:45:00,0.034218,230.467,0.8785,49.986
Evening_High,2020-01-02 16:48:00,0.049545,228.904,1.2066,49.97
Evening_High,2020-01-02 16:51:00,0.058417,229.033,1.3348,49.987
Evening_High,2020-01-02 16:54:00,0.052837,230.553,1.2051,50.007
Evening_High,2020-01-02 16:57:00,0.058746,229.512,1.3501,49.996
Evening_High,2020-01-02 17:00:00,0.033387,231.528,0.8469,49.986
Evening_High,2020-01-02 17:03:00,0.033596,230.219,0.8129,50.007
Evening_High,2020-01-02 17:06:00,0.030178,230.537,0.7715,49.998
Evening_High,2020-01-02 17:09:00,0.038678,228.137,0.9215,49.98
Evening_High,2020-01-02 17:12:00,0.028338,231.151,0.7733,50.009
Evening_High,2020-01-02 17:15:00,0.046589,229.371,1.0747,49.966
Evening_High,2020-01-02 17:18:00,0.065785,229.994,1.5001,49.963
Evening_High,2020-01-02 17:21:00,0.029196,230.364,0.8417,50.011
Evening_High,2020-01-02 17:24:00,0.042055,229.176,0.9997,49.977
Evening_High,2020-01-02 17:27:00,0.051811,229.569,1.1467,50.002
Evening_High,2020-01-02 17:30:00,0.027152,229.471,0.748,49.994
Evening_High,2020-01-02 17:33:00,0.040876,229.795,1.0792,49.989
Evening_High,2020-01-02 17:36:00,0.042257,229.309,0.977,50.005
Evening_High,2020-01-02 17:39:00,0.051665,229.66,1.1866,49.987
Evening_High,2020-01-02 17:42:00,0.04723,230.381,1.0646,49.975
Evening_High,2020-01-02 17:45:00,0.06049,227.628,1.3616,49.988
Evening_High,2020-01-02 17:48:00,0.034692,230.679,0.8968,49.996
Evening_High,2020-01-02 17:51:00,0.064245,228.735,1.4227,49.968
Evening_High,2020-01-02 17:54:00,0.051495,230.178,1.1564,49.992
Evening_High,2020-01-02 17:57:00,0.062741,228.309,1.4004,49.996
Evening_High,2020-01-02 18:00:00,0.050304,229.128,1.1909,49.988
Evening_High,2020-01-02 18:03:00,0.060883,230.834,1.3553,50.003
Evening_High,2020-01-02 18:06:00,0.040178,229.479,0.9285,50.023
Evening_High,2020-01-02 18:09:00,0.042614,230.094,1.0135,49.964
Evening_High,2020-01-02 18:12:00,0.049098,229.37,1.1791,49.975
Evening_High,2020-01-02 18:15:00,0.071954,228.458,1.5421,49.987
Evening_High,2020-01-02 18:18:00,0.051698,228.504,1.1359,49.98
Evening_High,2020-01-02 18:21:00,0.073646,228.296,1.5408,50.018
Evening_High,2020-01-02 18:24:00,0.077072,229.001,1.6631,49.971
Evening_High,2020-01-02 18:27:00,0.057174,229.059,1.3008,49.983
Evening_High,2020-01-02 18:30:00,0.048718,230.611,1.0585,50.014
Evening_High,2020-01-02 18:33:00,0.0856,228.352,1.7764,49.978
Evening_High,2020-01-02 18:36:00,0.080053,227.845,1.6352,50.0
Evening_High,2020-01-02 18:39:00,0.062108,229.075,1.3095,49.984
Evening_High,2020-01-02 18:42:00,0.099551,227.637,1.9899,49.988
Evening_High,2020-01-02 18:45:00,0.083753,227.893,1.7594,49.958
Evening_High,2020-01-02 18:48:00,0.077407,228.011,1.5857,49.985
Evening_High,2020-01-02 18:51:00,0.075394,227.735,1.6327,49.996
Evening_High,2020-01-02 18:54:00,0.076877,228.342,1.6794,49.986
Evening_High,2020-01-02 18:57:00,0.074867,228.066,1.5987,49.969
Evening_High,2020-01-02 19:00:00,0.051296,230.514,1.1599,49.982
Evening_High,2020-01-02 19:03:00,0.081216,227.565,1.7002,49.988
Evening_High,2020-01-02 19:06:00,0.059364,229.225,1.3849,49.993
Evening_High,2020-01-02 19:09:00,0.076802,227.526,1.628,49.969
Evening_High,2020-01-02 19:12:00,0.091397,228.079,1.9051,49.978
Evening_High,2020-01-02 19:15:00,0.059686,228.077,1.3399,50.011
Evening_High,2020-01-02 19:18:00,0.112467,226.3,2.2755,49.977
Evening_High,2020-01-02 19:21:00,0.084399,228.022,1.7742,49.972
Evening_High,2020-01-02 19:24:00,0.115711,226.594,2.3428,49.963
Evening_High,2020-01-02 19:27:00,0.084623,229.109,1.8114,49.976
Evening_High,2020-01-02 19:30:00,0.11954,227.491,2.4248,49.958
Evening_High,2020-01-02 19:33:00,0.052362,229.969,1.2284,50.0
Evening_High,2020-01-02 19:36:00,0.047979,230.781,1.0336,50.009
Evening_High,2020-01-02 19:39:00,0.071978,229.508,1.5726,49.992
Evening_High,2020-01-02 19:42:00,0.075223,227.131,1.5736,50.005
Evening_High,2020-01-02 19:45:00,0.084485,229.317,1.7624,49.994
Evening_High,2020-01-02 19:48:00,0.089074,228.266,1.8773,49.973
Evening_High,2020-01-02 19:51:00,0.081346,228.016,1.7195,49.979
Evening_High,2020-01-02 19:54:00,0.076015,226.478,1.6077,49.979
Evening_High,2020-01-02 19:57:00,0.098008,228.065,1.9241,49.979
Evening_High,2020-01-02 20:00:00,0.081883,229.554,1.7194,49.988
Evening_High,2020-01-02 20:03:00,0.101269,226.46,2.0591,49.971
Evening_High,2020-01-02 20:06:00,0.084399,228.01,1.6971,49.986
Evening_High,2020-01-02 20:09:00,0.114445,226.837,2.2929,49.985
Evening_High,2020-01-02 20:12:00,0.131264,224.858,2.6249,49.956
Evening_High,2020-01-02 20:15:00,0.057232,228.339,1.3216,49.992
Evening_High,2020-01-02 20:18:00,0.111683,228.114,2.2041,49.976
Evening_High,2020-01-02 20:21:00,0.081624,227.418,1.7583,50.005
Evening_High,2020-01-02 20:24:00,0.080504,229.394,1.7022,49.974
Evening_High,2020-01-02 20:27:00,0.092643,228.256,1.9161,49.986
Evening_High,2020-01-02 20:30:00,0.071777,228.216,1.5632,49.98
Evening_High,2020-01-02 20:33:00,0.103462,227.908,2.0859,49.976
Evening_High,2020-01-02 20:36:00,0.079171,229.628,1.6606,49.98
Evening_High,2020-01-02 20:39:00,0.085542,227.704,1.7491,49.989
Evening_High,2020-01-02 20:42:00,0.091511,227.626,1.8893,49.993
Evening_High,2020-01-02 20:45:00,0.065666,228.544,1.4408,49.997
Evening_High,2020-01-02 20:48:00,0.113771,226.398,2.3074,49.958
Evening_High,2020-01-02 20:51:00,0.039174,229.199,0.9492,49.983
Evening_High,2020-01-02 20:54:00,0.087031,227.04,1.8637,49.967
Evening_High,2020-01-02 20:57:00,0.08434,228.149,1.8441,49.966
Evening_High,2020-01-02 21:00:00,0.060587,229.606,1.3624,49.971
Evening_High,2020-01-02 21:03:00,0.04695,229.985,1.1063,49.979
Evening_High,2020-01-02 21:06:00,0.071618,228.701,1.5334,49.982
Evening_High,2020-01-02 21:09:00,0.053339,228.981,1.167,49.973
Evening_High,2020-01-02 21:12:00,0.041058,229.541,1.0045,49.994
Evening_High,2020-01-02 21:15:00,0.085458,228.76,1.7771,49.979
Evening_High,2020-01-02 21:18:00,0.08696,226.172,1.7613,49.972
Evening_High,2020-01-02 21:21:00,0.082949,228.767,1.7478,49.996
Evening_High,2020-01-02 21:24:00,0.096184,227.168,2.0058,49.992
Evening_High,2020-01-02 21:27:00,0.063529,229.029,1.3942,49.983
Evening_High,2020-01-02 21:30:00,0.069372,229.149,1.5121,49.983
Evening_High,2020-01-02 21:33:00,0.059222,230.327,1.2912,49.999
Evening_High,2020-01-02 21:36:00,0.064419,228.036,1.4459,49.991
Evening_High,2020-01-02 21:39:00,0.071713,227.823,1.5562,49.973
Evening_High,2020-01-02 21:42:00,0.070557,228.736,1.537,49.971
Evening_High,2020-01-02 21:45:00,0.063931,227.386,1.4415,49.971
Evening_High,2020-01-02 21:48:00,0.033105,231.552,0.9251,50.011
Evening_High,2020-01-02 21:51:00,0.064548,229.632,1.3912,49.962
Evening_High,2020-01-02 21:54:00,0.04494,231.043,1.0291,50.007
Evening_High,2020-01-02 21:57:00,0.056723,230.115,1.2823,49.965
Evening_High,2020-01-02 22:00:00,0.049688,230.346,1.1536,49.993
Evening_High,2020-01-02 22:03:00,0.050205,228.88,1.2013,49.991
Evening_High,2020-01-02 22:06:00,0.044642,229.962,1.102,50.002
Evening_High,2020-01-02 22:09:00,0.023802,229.619,0.6317,50.003
Evening_High,2020-01-02 22:12:00,0.044606,230.081,1.0544,49.981
Evening_High,2020-01-02 22:15:00,0.063663,230.056,1.3924,49.987
Evening_High,2020-01-02 22:18:00,0.067185,229.438,1.5345,49.959
Evening_High,2020-01-02 22:21:00,0.050967,227.928,1.1598,49.995
Evening_High,2020-01-02 22:24:00,0.054597,228.38,1.2191,49.993
Evening_High,2020-01-02 22:27:00,0.037941,230.269,0.919,50.001
Evening_High,2020-01-02 22:30:00,0.049367,230.45,1.0691,49.982
Evening_High,2020-01-02 22:33:00,0.037543,231.217,0.881,50.024
Evening_High,2020-01-02 22:36:00,0.05927,230.452,1.2741,49.985
Evening_High,2020-01-02 22:39:00,0.042689,230.838,1.0698,49.995
Evening_High,2020-01-02 22:42:00,0.06166,229.903,1.392,50.014
Evening_High,2020-01-02 22:45:00,0.067925,228.843,1.4411,49.971
Evening_High,2020-01-02 22:48:00,0.051096,228.595,1.1878,49.973
Evening_High,2020-01-02 22:51:00,0.038947,230.31,0.971,50.001
Evening_High,2020-01-02 22:54:00,0.04091,231.012,0.9696,50.001
Evening_High,2020-01-02 22:57:00,0.033692,230.016,0.8979,50.031
Evening_High,2020-01-02 23:00:00,0.023473,232.148,0.7333,50.009
Evening_High,2020-01-02 23:03:00,0.046831,228.89,1.0385,49.998
Evening_High,2020-01-02 23:06:00,0.023922,230.902,0.6433,49.988
Evening_High,2020-01-02 23:09:00,0.01504,230.101,0.5167,49.996
Evening_High,2020-01-02 23:12:00,0.027136,230.819,0.7543,49.979
Evening_High,2020-01-02 23:15:00,0.036014,231.529,0.9185,49.998
Evening_High,2020-01-02 23:18:00,0.034209,229.227,0.8859,50.016
Evening_High,2020-01-02 23:21:00,0.031427,230.882,0.7735,50.009
Evening_High,2020-01-02 23:24:00,0.028699,231.328,0.8085,49.989
Evening_High,2020-01-02 23:27:00,0.033254,231.902,0.8807,49.983
Evening_High,2020-01-02 23:30:00,0.02831,231.28,0.752,49.991
Evening_High,2020-01-02 23:33:00,0.036081,230.32,0.9412,49.986
Evening_High,2020-01-02 23:36:00,0.035589,229.189,0.8834,49.987
Evening_High,2020-01-02 23:39:00,0.027405,232.03,0.7848,50.011
Evening_High,2020-01-02 23:42:00,0.013007,231.966,0.5035,50.021
Evening_High,2020-01-02 23:45:00,0.038971,229.55,0.9957,49.993
Evening_High,2020-01-02 23:48:00,0.029713,230.815,0.8434,49.973
Evening_High,2020-01-02 23:51:00,0.033854,230.371,0.8107,49.997
Evening_High,2020-01-02 23:54:00,0.026904,232.55,0.7605,49.999
Evening_High,2020-01-02 23:57:00,0.019558,232.35,0.5827,50.009
Evening_High,2020-01-03 00:00:00,0.017851,231.413,0.5217,50.013
Evening_High,2020-01-03 00:03:00,0.024119,230.473,0.6529,50.006
Evening_High,2020-01-03 00:06:00,0.018925,230.936,0.5762,49.991
Evening_High,2020-01-03 00:09:00,0.023136,231.61,0.7322,49.976
Evening_High,2020-01-03 00:12:00,0.022505,231.152,0.6633,49.996
Evening_High,2020-01-03 00:15:00,0.016827,231.581,0.5299,49.99
Evening_High,2020-01-03 00:18:00,0.029318,232.196,0.7636,49.987
Evening_High,2020-01-03 00:21:00,0.010293,231.836,0.435,50.011
Evening_High,2020-01-03 00:24:00,0.019614,231.384,0.5836,50.005
Evening_High,2020-01-03 00:27:00,0.017128,231.322,0.6165,49.975
Evening_High,2020-01-03 00:30:00,0.018005,230.875,0.5466,50.008
Evening_High,2020-01-03 00:33:00,0.01398,231.24,0.4932,49.994
Evening_High,2020-01-03 00:36:00,0.018431,231.004,0.5751,49.995
Evening_High,2020-01-03 00:39:00,0.030394,229.477,0.8135,50.001
Evening_High,2020-01-03 00:42:00,0.008546,231.855,0.3678,50.012
Evening_High,2020-01-03 00:45:00,0.015772,230.368,0.5722,49.986
Evening_High,2020-01-03 00:48:00,0.015053,231.57,0.4925,50.009
Evening_High,2020-01-03 00:51:00,0.017021,232.87,0.5515,49.995
Evening_High,2020-01-03 00:54:00,0.027972,231.947,0.7746,49.993
Evening_High,2020-01-03 00:57:00,0.030142,231.97,0.8149,49.997
Evening_High,2020-01-03 01:00:00,0.018107,230.054,0.5693,50.011
Evening_High,2020-01-03 01:03:00,0.024458,230.576,0.7366,49.989
Evening_High,2020-01-03 01:06:00,0.007141,231.211,0.4044,49.998
Evening_High,2020-01-03 01:09:00,0.014088,230.987,0.511,49.99
Evening_High,2020-01-03 01:12:00,0.021827,231.472,0.686,49.985
Evening_High,2020-01-03 01:15:00,0.023309,230.192,0.6562,49.991
Evening_High,2020-01-03 01:18:00,0.015741,230.117,0.5256,50.008
Evening_High,2020-01-03 01:21:00,0.021607,231.015,0.6632,50.006
Evening_High,2020-01-03 01:24:00,0.017893,231.369,0.5642,49.996
Evening_High,2020-01-03 01:27:00,0.016575,230.703,0.6097,49.997
Evening_High,2020-01-03 01:30:00,0.020941,231.287,0.6309,49.987
Evening_High,2020-01-03 01:33:00,0.026684,230.807,0.7596,49.988
Evening_High,2020-01-03 01:36:00,0.024407,229.226,0.6789,49.983
Evening_High,2020-01-03 01:39:00,0.019165,231.882,0.6509,49.995
Evening_High,2020-01-03 01:42:00,0.009832,231.188,0.4218,49.996
Evening_High,2020-01-03 01:45:00,0.018234,230.676,0.6343,49.972
Evening_High,2020-01-03 01:48:00,0.02136,232.896,0.6371,50.01
Evening_High,2020-01-03 01:51:00,0.028132,229.785,0.7473,49.988
Evening_High,2020-01-03 01:54:00,0.015791,230.34,0.5039,50.005
Evening_High,2020-01-03 01:57:00,0.016452,231.509,0.4789,49.993
Evening_High,2020-01-03 02:00:00,0.019946,231.926,0.6522,49.975
Evening_High,2020-01-03 02:03:00,0.013408,231.807,0.4825,50.004
Evening_High,2020-01-03 02:06:00,0.015592,231.244,0.4767,50.003
Evening_High,2020-01-03 02:09:00,0.012081,232.24,0.5112,50.015
Evening_High,2020-01-03 02:12:00,0.02069,230.712,0.6343,50.008
Evening_High,2020-01-03 02:15:00,0.015872,232.398,0.4871,50.009
Evening_High,2020-01-03 02:18:00,0.020502,230.291,0.6164,50.011
Evening_High,2020-01-03 02:21:00,0.014483,231.185,0.4995,49.969
Evening_High,2020-01-03 02:24:00,0.013655,231.375,0.4573,49.985
Evening_High,2020-01-03 02:27:00,0.006293,230.948,0.3426,50.011
Evening_High,2020-01-03 02:30:00,0.025494,230.238,0.7204,49.969
Evening_High,2020-01-03 02:33:00,0.027524,231.274,0.7549,49.984
Evening_High,2020-01-03 02:36:00,0.012634,231.367,0.4991,49.993
Evening_High,2020-01-03 02:39:00,0.01691,230.401,0.5775,50.037
Evening_High,2020-01-03 02:42:00,0.025917,229.543,0.7325,50.0
Evening_High,2020-01-03 02:45:00,0.026421,231.173,0.5985,50.008
Evening_High,2020-01-03 02:48:00,0.01848,231.914,0.6234,49.982
Evening_High,2020-01-03 02:51:00,0.013794,232.206,0.4848,49.99
Evening_High,2020-01-03 02:54:00,0.020694,230.838,0.6114,50.008
Evening_High,2020-01-03 02:57:00,0.010178,231.917,0.4501,50.004
Evening_High,2020-01-03 03:00:00,0.019225,231.236,0.583,49.999
Evening_High,2020-01-03 03:03:00,0.024912,230.448,0.7058,50.006
Evening_High,2020-01-03 03:06:00,0.011375,230.46,0.4176,50.015
Evening_High,2020-01-03 03:09:00,0.025301,230.66,0.6731,50.003
Evening_High,2020-01-03 03:12:00,0.015759,230.852,0.4743,50.01
Evening_High,2020-01-03 03:15:00,0.013098,230.497,0.5975,50.004
Evening_High,2020-01-03 03:18:00,0.020137,230.477,0.6208,49.984
Evening_High,2020-01-03 03:21:00,0.026606,231.162,0.7277,49.992
Evening_High,2020-01-03 03:24:00,0.017055,231.072,0.5643,49.995
Evening_High,2020-01-03 03:27:00,0.016253,232.427,0.4919,50.021
Evening_High,2020-01-03 03:30:00,0.019094,230.471,0.4962,49.993
Evening_High,2020-01-03 03:33:00,0.014918,232.745,0.4743,50.011
Evening_High,2020-01-03 03:36:00,0.021793,230.285,0.6308,50.005
Evening_High,2020-01-03 03:39:00,0.011125,230.42,0.3912,49.991
Evening_High,2020-01-03 03:42:00,0.01102,231.646,0.4987,49.99
Evening_High,2020-01-03 03:45:00,0.028141,230.962,0.7601,50.003
Evening_High,2020-01-03 03:48:00,0.013653,230.754,0.4413,50.002
Evening_High,2020-01-03 03:51:00,0.00535,230.156,0.3822,49.988
Evening_High,2020-01-03 03:54:00,0.018125,231.308,0.5945,50.004
Evening_High,2020-01-03 03:57:00,0.01755,230.666,0.5159,49.996
Evening_High,2020-01-03 04:00:00,0.01563,230.662,0.5849,49.976
Evening_High,2020-01-03 04:03:00,0.013071,231.227,0.4644,49.973
Evening_High,2020-01-03 04:06:00,0.019628,230.162,0.5913,49.998
Evening_High,2020-01-03 04:09:00,0.0254,229.673,0.6986,50.0
Evening_High,2020-01-03 04:12:00,0.014535,232.085,0.5834,50.007
Evening_High,2020-01-03 04:15:00,0.016679,231.717,0.5706,49.994
Evening_High,2020-01-03 04:18:00,0.022544,231.148,0.6623,49.985
Evening_High,2020-01-03 04:21:00,0.015199,232.052,0.5186,49.984
Evening_High,2020-01-03 04:24:00,0.02393,230.036,0.6682,50.019
Evening_High,2020-01-03 04:27:00,0.016851,231.093,0.5627,50.007
Evening_High,2020-01-03 04:30:00,0.009917,230.239,0.403,49.981
Evening_High,2020-01-03 04:33:00,0.0167,231.556,0.5202,50.012
Evening_High,2020-01-03 04:36:00,0.021559,231.689,0.6367,49.993
Evening_High,2020-01-03 04:39:00,0.022045,229.787,0.6787,50.004
Evening_High,2020-01-03 04:42:00,0.015027,231.715,0.5387,50.017
Evening_High,2020-01-03 04:45:00,0.019228,230.48,0.5944,50.019
Evening_High,2020-01-03 04:48:00,0.018567,229.518,0.5873,50.009
Evening_High,2020-01-03 04:51:00,0.019054,230.459,0.653,49.972
Evening_High,2020-01-03 04:54:00,0.017922,230.789,0.5786,49.996
Evening_High,2020-01-03 04:57:00,0.023002,230.884,0.6685,49.996
Evening_High,2020-01-03 05:00:00,0.019992,232.162,0.576,49.994
Evening_High,2020-01-03 05:03:00,0.019586,230.634,0.6191,50.006
Evening_High,2020-01-03 05:06:00,0.025844,231.088,0.7177,49.992
Evening_High,2020-01-03 05:09:00,0.014229,231.592,0.5316,49.995
Evening_High,2020-01-03 05:12:00,0.013727,230.965,0.4968,49.987
Evening_High,2020-01-03 05:15:00,0.016168,231.049,0.5946,49.993
Evening_High,2020-01-03 05:18:00,0.019126,231.537,0.623,50.006
Evening_High,2020-01-03 05:21:00,0.021225,230.499,0.5793,50.019
Evening_High,2020-01-03 05:24:00,0.012376,231.047,0.4587,49.998
Evening_High,2020-01-03 05:27:00,0.017058,231.393,0.4923,49.99
Evening_High,2020-01-03 05:30:00,0.024254,230.777,0.7137,49.996
Evening_High,2020-01-03 05:33:00,0.023486,231.234,0.6645,49.988
Evening_High,2020-01-03 05:36:00,0.019569,231.603,0.6356,49.999
Evening_High,2020-01-03 05:39:00,0.021528,231.695,0.6115,49.999
Evening_High,2020-01-03 05:42:00,0.013122,231.51,0.5359,50.01
Evening_High,2020-01-03 05:45:00,0.021546,232.266,0.6621,49.98
Evening_High,2020-01-03 05:48:00,0.012779,231.772,0.4266,49.993
Evening_High,2020-01-03 05:51:00,0.021532,230.8,0.6812,49.999
Evening_High,2020-01-03 05:54:00,0.025362,232.172,0.72,49.991
Evening_High,2020-01-03 05:57:00,0.019721,232.396,0.6501,49.994
Evening_High,2020-01-03 06:00:00,0.016901,230.309,0.5698,49.997
Evening_High,2020-01-03 06:03:00,0.018871,231.13,0.5995,50.006
Evening_High,2020-01-03 06:06:00,0.016281,232.226,0.5996,50.002
Evening_High,2020-01-03 06:09:00,0.024276,231.171,0.7077,49.99
Evening_High,2020-01-03 06:12:00,0.029509,230.824,0.7456,49.99
Evening_High,2020-01-03 06:15:00,0.024611,230.966,0.7307,49.997
Evening_High,2020-01-03 06:18:00,0.01124,230.994,0.4486,50.003
Evening_High,2020-01-03 06:21:00,0.010895,230.59,0.4566,50.008
Evening_High,2020-01-03 06:24:00,0.017764,230.883,0.4983,50.002
Evening_High,2020-01-03 06:27:00,0.018896,232.203,0.5903,49.987
Evening_High,2020-01-03 06:30:00,0.013869,230.609,0.4228,50.006
Evening_High,2020-01-03 06:33:00,0.01511,231.761,0.5471,50.008
Evening_High,2020-01-03 06:36:00,0.018155,231.323,0.5587,49.999
Evening_High,2020-01-03 06:39:00,0.016045,231.777,0.5228,49.98
Evening_High,2020-01-03 06:42:00,0.024555,230.605,0.7244,50.006
Evening_High,2020-01-03 06:45:00,0.018479,232.331,0.5103,49.984
Evening_High,2020-01-03 06:48:00,0.025044,231.4,0.6912,49.99
Evening_High,2020-01-03 06:51:00,0.022504,232.038,0.6088,49.987
Evening_High,2020-01-03 06:54:00,0.012614,232.343,0.4592,49.997
Evening_High,2020-01-03 06:57:00,0.018678,230.474,0.5817,49.985
Evening_High,2020-01-03 07:00:00,0.022176,232.16,0.6984,49.986
Evening_High,2020-01-03 07:03:00,0.018909,231.28,0.6515,49.993
Evening_High,2020-01-03 07:06:00,0.019147,230.769,0.6809,50.006
Evening_High,2020-01-03 07:09:00,0.021288,231.932,0.6197,49.994
Evening_High,2020-01-03 07:12:00,0.015689,231.356,0.5032,49.99
Evening_High,2020-01-03 07:15:00,0.024861,230.413,0.7104,49.969
Evening_High,2020-01-03 07:18:00,0.019056,231.919,0.5639,49.998
Evening_High,2020-01-03 07:21:00,0.023739,229.768,0.6456,50.009
Evening_High,2020-01-03 07:24:00,0.018678,231.041,0.5697,49.966
Evening_High,2020-01-03 07:27:00,0.020275,232.923,0.6192,50.003
Evening_High,2020-01-03 07:30:00,0.006668,231.664,0.3658,49.979
Evening_High,2020-01-03 07:33:00,0.030645,231.263,0.8038,49.977
Evening_High,2020-01-03 07:36:00,0.014942,232.906,0.4977,49.991
Evening_High,2020-01-03 07:39:00,0.018575,229.723,0.5875,49.977
Evening_High,2020-01-03 07:42:00,0.021515,230.746,0.6703,50.021
Evening_High,2020-01-03 07:45:00,0.017394,231.978,0.5722,49.985
Evening_High,2020-01-03 07:48:00,0.022811,230.985,0.6598,50.007
Evening_High,2020-01-03 07:51:00,0.007433,231.085,0.3527,50.001
Evening_High,2020-01-03 07:54:00,0.020946,230.689,0.6575,50.026
Evening_High,2020-01-03 07:57:00,0.026921,231.34,0.7052,49.981
Evening_High,2020-01-03 08:00:00,0.020297,230.553,0.6005,49.998
Evening_High,2020-01-03 08:03:00,0.020499,230.651,0.6216,50.012
Evening_High,2020-01-03 08:06:00,0.014876,230.325,0.5169,50.015
Evening_High,2020-01-03 08:09:00,0.020633,232.322,0.6168,50.001
Evening_High,2020-01-03 08:12:00,0.014758,231.561,0.4927,50.008
Evening_High,2020-01-03 08:15:00,0.024486,231.472,0.6828,50.001
Evening_High,2020-01-03 08:18:00,0.013743,230.9,0.4785,50.006
Evening_High,2020-01-03 08:21:00,0.015056,231.434,0.5432,49.979
Evening_High,2020-01-03 08:24:00,0.028033,230.301,0.8517,49.993
Evening_High,2020-01-03 08:27:00,0.014248,231.6,0.5324,50.024
Evening_High,2020-01-03 08:30:00,0.015133,231.606,0.5234,49.965
Evening_High,2020-01-03 08:33:00,0.026577,229.429,0.7499,49.99
Evening_High,2020-01-03 08:36:00,0.020144,230.757,0.646,50.02
Evening_High,2020-01-03 08:39:00,0.02426,230.398,0.7299,49.978
Evening_High,2020-01-03 08:42:00,0.020198,230.843,0.5983,50.009
Evening_High,2020-01-03 08:45:00,0.022667,230.755,0.7205,50.0
Evening_High,2020-01-03 08:48:00,0.013221,231.601,0.486,49.982
Evening_High,2020-01-03 08:51:00,0.01069,231.285,0.4574,49.991
Evening_High,2020-01-03 08:54:00,0.011914,231.09,0.452,49.986
Evening_High,2020-01-03 08:57:00,0.022093,230.98,0.6529,50.022
Evening_High,2020-01-03 09:00:00,0.019479,230.516,0.5831,49.996
Evening_High,2020-01-03 09:03:00,0.018255,230.481,0.5081,50.009
Evening_High,2020-01-03 09:06:00,0.015499,230.213,0.5203,50.003
Evening_High,2020-01-03 09:09:00,0.022362,230.636,0.6411,49.991
Evening_High,2020-01-03 09:12:00,0.013637,232.515,0.4451,50.005
Evening_High,2020-01-03 09:15:00,0.014692,233.61,0.5015,50.006
Evening_High,2020-01-03 09:18:00,0.022128,230.698,0.6468,50.01
Evening_High,2020-01-03 09:21:00,0.014125,231.634,0.488,49.994
Evening_High,2020-01-03 09:24:00,0.017656,232.407,0.5943,49.98
Evening_High,2020-01-03 09:27:00,0.016571,230.607,0.5788,50.009
Evening_High,2020-01-03 09:30:00,0.024383,231.459,0.7562,49.993
Evening_High,2020-01-03 09:33:00,0.020195,231.804,0.6657,49.999
Evening_High,2020-01-03 09:36:00,0.028953,229.491,0.7562,49.989
Evening_High,2020-01-03 09:39:00,0.01381,230.576,0.4741,49.989
Evening_High,2020-01-03 09:42:00,0.026993,231.197,0.6955,49.99
Evening_High,2020-01-03 09:45:00,0.021923,230.945,0.6688,50.009
Evening_High,2020-01-03 09:48:00,0.013679,231.083,0.4814,50.013
Evening_High,2020-01-03 09:51:00,0.01671,230.504,0.5345,49.998
Evening_High,2020-01-03 09:54:00,0.021376,230.336,0.6132,49.998
Evening_High,2020-01-03 09:57:00,0.015394,231.255,0.4964,49.994
Evening_High,2020-01-03 10:00:00,0.019193,231.053,0.5987,50.009
Evening_High,2020-01-03 10:03:00,0.02286,230.503,0.7246,49.996
Evening_High,2020-01-03 10:06:00,0.022036,230.332,0.6651,49.991
Evening_High,2020-01-03 10:09:00,0.028316,232.173,0.7255,49.992
Evening_High,2020-01-03 10:12:00,0.01906,231.684,0.4904,49.993
Evening_High,2020-01-03 10:15:00,0.022489,231.922,0.7005,49.993
Evening_High,2020-01-03 10:18:00,0.02958,230.422,0.7611,50.009
Evening_High,2020-01-03 10:21:00,0.018906,231.071,0.5355,50.018
Evening_High,2020-01-03 10:24:00,0.019242,229.929,0.6244,50.0
Evening_High,2020-01-03 10:27:00,0.01684,229.636,0.4928,49.992
Evening_High,2020-01-03 10:30:00,0.015464,231.321,0.5397,49.989
Evening_High,2020-01-03 10:33:00,0.018171,231.312,0.5005,50.007
Evening_High,2020-01-03 10:36:00,0.022361,231.642,0.638,49.982
Evening_High,2020-01-03 10:39:00,0.024014,231.149,0.7236,50.004
Evening_High,2020-01-03 10:42:00,0.017326,231.348,0.5034,49.988
Evening_High,2020-01-03 10:45:00,0.021835,231.893,0.636,49.998
Evening_High,2020-01-03 10:48:00,0.012082,233.102,0.4421,50.003
Evening_High,2020-01-03 10:51:00,0.025026,231.256,0.6813,50.003
Evening_High,2020-01-03 10:54:00,0.018322,231.14,0.5675,49.985
Evening_High,2020-01-03 10:57:00,0.019792,230.399,0.604,49.982
Evening_High,2020-01-03 11:00:00,0.017288,230.705,0.6107,49.996
Evening_High,2020-01-03 11:03:00,0.017343,231.719,0.5617,50.004
Evening_High,2020-01-03 11:06:00,0.025671,230.038,0.722,49.992
Evening_High,2020-01-03 11:09:00,0.021362,230.579,0.5898,49.983
Evening_High,2020-01-03 11:12:00,0.023028,231.063,0.7063,50.028
Evening_High,2020-01-03 11:15:00,0.025663,229.844,0.7732,50.01
Evening_High,2020-01-03 11:18:00,0.016692,230.456,0.4712,49.988
Evening_High,2020-01-03 11:21:00,0.019599,231.128,0.5876,49.98
Evening_High,2020-01-03 11:24:00,0.020919,230.991,0.6457,50.004
Evening_High,2020-01-03 11:27:00,0.035246,229.58,0.8896,49.985
Evening_High,2020-01-03 11:30:00,0.032411,230.913,0.8867,49.994
Evening_High,2020-01-03 11:33:00,0.020086,231.378,0.6714,50.013
Evening_High,2020-01-03 11:36:00,0.022545,230.586,0.5969,49.998
Evening_High,2020-01-03 11:39:00,0.02342,231.371,0.6348,50.015
Evening_High,2020-01-03 11:42:00,0.026326,230.648,0.7372,49.982
Evening_High,2020-01-03 11:45:00,0.023948,231.513,0.6973,50.009
Evening_High,2020-01-03 11:48:00,0.030331,229.674,0.775,49.985
Evening_High,2020-01-03 11:51:00,0.023741,230.779,0.7054,49.978
Evening_High,2020-01-03 11:54:00,0.026395,230.411,0.7234,50.014
Evening_High,2020-01-03 11:57:00,0.020775,230.676,0.5887,49.991
Evening_High,2020-01-03 12:00:00,0.027211,230.267,0.7353,49.987
Evening_High,2020-01-03 12:03:00,0.032111,231.513,0.8355,50.002
Evening_High,2020-01-03 12:06:00,0.005581,231.304,0.3652,50.003
Evening_High,2020-01-03 12:09:00,0.018908,230.394,0.6101,49.971
Evening_High,2020-01-03 12:12:00,0.031215,231.065,0.8075,49.998
Evening_High,2020-01-03 12:15:00,0.022489,230.366,0.6418,49.992
Evening_High,2020-01-03 12:18:00,0.024501,230.185,0.6653,49.995
Evening_High,2020-01-03 12:21:00,0.027841,230.794,0.7543,50.007
Evening_High,2020-01-03 12:24:00,0.020941,230.311,0.623,50.001
Evening_High,2020-01-03 12:27:00,0.023988,229.999,0.704,50.004
Evening_High,2020-01-03 12:30:00,0.037129,229.443,0.8862,49.986
Evening_High,2020-01-03 12:33:00,0.0343,230.095,0.8466,49.974
Evening_High,2020-01-03 12:36:00,0.03148,229.693,0.8121,50.005
Evening_High,2020-01-03 12:39:00,0.022175,230.627,0.7063,50.008
Evening_High,2020-01-03 12:42:00,0.021366,230.768,0.6122,50.008
Evening_High,2020-01-03 12:45:00,0.021888,232.317,0.5889,50.003
Evening_High,2020-01-03 12:48:00,0.025498,231.354,0.7219,50.002
Evening_High,2020-01-03 12:51:00,0.025701,231.477,0.7261,50.004
Evening_High,2020-01-03 12:54:00,0.02329,230.757,0.6762,50.032
Evening_High,2020-01-03 12:57:00,0.033823,232.054,0.8288,50.014
Evening_High,2020-01-03 13:00:00,0.029522,229.788,0.768,50.004
Evening_High,2020-01-03 13:03:00,0.017399,229.597,0.5789,50.018
Evening_High,2020-01-03 13:06:00,0.028588,231.425,0.7731,49.987
Evening_High,2020-01-03 13:09:00,0.026631,229.965,0.6965,50.001
Evening_High,2020-01-03 13:12:00,0.025689,230.179,0.7156,49.992
Evening_High,2020-01-03 13:15:00,0.035732,231.446,0.8777,50.004
Evening_High,2020-01-03 13:18:00,0.039699,229.427,0.9065,50.0
Evening_High,2020-01-03 13:21:00,0.02466,231.527,0.7726,49.981
Evening_High,2020-01-03 13:24:00,0.040815,229.943,0.9735,50.007
Evening_High,2020-01-03 13:27:00,0.018266,231.308,0.5699,50.006
Evening_High,2020-01-03 13:30:00,0.028369,230.702,0.7932,50.008
Evening_High,2020-01-03 13:33:00,0.024804,230.804,0.7718,49.994
Evening_High,2020-01-03 13:36:00,0.032344,230.955,0.8446,50.008
Evening_High,2020-01-03 13:39:00,0.034041,229.932,0.8687,49.996
Evening_High,2020-01-03 13:42:00,0.027246,231.551,0.7079,49.965
Evening_High,2020-01-03 13:45:00,0.028023,231.091,0.728,49.985
Evening_High,2020-01-03 13:48:00,0.022903,231.184,0.6569,49.985
Evening_High,2020-01-03 13:51:00,0.029576,229.825,0.8139,49.992
Evening_High,2020-01-03 13:54:00,0.018193,231.137,0.4714,50.038
Evening_High,2020-01-03 13:57:00,0.020853,230.639,0.6271,49.991
Evening_High,2020-01-03 14:00:00,0.026674,230.837,0.7426,49.995
Evening_High,2020-01-03 14:03:00,0.031926,230.237,0.8417,50.004
Evening_High,2020-01-03 14:06:00,0.034602,229.462,0.8247,49.994
Evening_High,2020-01-03 14:09:00,0.029698,230.585,0.7749,49.999
Evening_High,2020-01-03 14:12:00,0.024334,228.664,0.6637,50.003
Evening_High,2020-01-03 14:15:00,0.032927,231.788,0.8663,49.993
Evening_High,2020-01-03 14:18:00,0.027198,231.936,0.7543,49.987
Evening_High,2020-01-03 14:21:00,0.027988,230.844,0.7447,50.003
Evening_High,2020-01-03 14:24:00,0.031602,230.85,0.8366,49.986
Evening_High,2020-01-03 14:27:00,0.029417,232.14,0.7746,49.979
Evening_High,2020-01-03 14:30:00,0.046413,229.716,1.0436,49.981
Evening_High,2020-01-03 14:33:00,0.0315,230.57,0.8231,49.992
Evening_High,2020-01-03 14:36:00,0.034063,229.464,0.8521,49.999
Evening_High,2020-01-03 14:39:00,0.033352,230.227,0.8443,49.987
Evening_High,2020-01-03 14:42:00,0.020995,231.814,0.5895,49.98
Evening_High,2020-01-03 14:45:00,0.02701,230.528,0.7342,49.99
Evening_High,2020-01-03 14:48:00,0.03291,229.16,0.8535,50.001
Evening_High,2020-01-03 14:51:00,0.030259,230.972,0.7945,49.973
Evening_High,2020-01-03 14:54:00,0.030426,230.717,0.8722,49.974
Evening_High,2020-01-03 14:57:00,0.027819,229.922,0.7928,49.993
Evening_High,2020-01-03 15:00:00,0.025842,230.555,0.7044,50.013
Evening_High,2020-01-03 15:03:00,0.019072,231.671,0.6394,50.01
Evening_High,2020-01-03 15:06:00,0.03005,230.661,0.7744,49.995
Evening_High,2020-01-03 15:09:00,0.033798,231.48,0.8906,50.013
Evening_High,2020-01-03 15:12:00,0.020499,230.829,0.6257,49.99
Evening_High,2020-01-03 15:15:00,0.036338,228.243,0.9069,49.996
Evening_High,2020-01-03 15:18:00,0.028923,228.809,0.7585,49.996
Evening_High,2020-01-03 15:21:00,0.027507,229.886,0.7554,50.003
Evening_High,2020-01-03 15:24:00,0.015752,231.709,0.5581,49.985
Evening_High,2020-01-03 15:27:00,0.03215,231.625,0.8034,49.992
Evening_High,2020-01-03 15:30:00,0.026078,230.377,0.6915,49.995
Evening_High,2020-01-03 15:33:00,0.028576,231.322,0.7534,50.002
Evening_High,2020-01-03 15:36:00,0.024772,232.169,0.6948,49.984
Evening_High,2020-01-03 15:39:00,0.031577,229.489,0.8198,49.994
Evening_High,2020-01-03 15:42:00,0.027771,231.479,0.7954,49.997
Evening_High,2020-01-03 15:45:00,0.030139,228.974,0.7719,49.982
Evening_High,2020-01-03 15:48:00,0.025009,230.165,0.6358,50.006
Evening_High,2020-01-03 15:51:00,0.036511,230.01,0.8702,49.997
Evening_High,2020-01-03 15:54:00,0.018874,230.681,0.5337,49.988
Evening_High,2020-01-03 15:57:00,0.017197,231.702,0.5325,49.986
Evening_High,2020-01-03 16:00:00,0.025542,230.671,0.7331,50.01
Evening_High,2020-01-03 16:03:00,0.016025,230.641,0.5179,50.002
Evening_High,2020-01-03 16:06:00,0.025608,230.613,0.6887,49.987
Evening_High,2020-01-03 16:09:00,0.02143,231.729,0.6432,49.998
Evening_High,2020-01-03 16:12:00,0.030116,230.873,0.8123,49.989
Evening_High,2020-01-03 16:15:00,0.031176,231.635,0.7997,49.985
Evening_High,2020-01-03 16:18:00,0.038799,229.834,0.9318,49.982
Evening_High,2020-01-03 16:21:00,0.035183,229.622,0.8657,49.98
Evening_High,2020-01-03 16:24:00,0.037028,230.443,0.8853,49.994
Evening_High,2020-01-03 16:27:00,0.032652,231.482,0.8328,49.979
Evening_High,2020-01-03 16:30:00,0.042676,230.389,1.0114,49.981
Evening_High,2020-01-03 16:33:00,0.023595,231.148,0.6511,49.983
Evening_High,2020-01-03 16:36:00,0.051662,230.553,1.1885,49.976
Evening_High,2020-01-03 16:39:00,0.027903,230.179,0.7374,49.998
Evening_High,2020-01-03 16:42:00,0.037763,231.294,0.9053,50.0
Evening_High,2020-01-03 16:45:00,0.049865,229.308,1.153,49.975
Evening_High,2020-01-03 16:48:00,0.035914,230.106,0.8776,49.997
Evening_High,2020-01-03 16:51:00,0.049442,229.518,1.1707,49.987
Evening_High,2020-01-03 16:54:00,0.032058,231.605,0.9173,49.985
Evening_High,2020-01-03 16:57:00,0.059469,227.61,1.3191,49.961
Evening_High,2020-01-03 17:00:00,0.036025,229.806,0.8466,49.997
Evening_High,2020-01-03 17:03:00,0.041172,229.695,0.9756,49.994
Evening_High,2020-01-03 17:06:00,0.040775,228.986,0.971,50.0
Evening_High,2020-01-03 17:09:00,0.051896,229.988,1.2153,50.0
Evening_High,2020-01-03 17:12:00,0.041122,230.015,0.9802,50.003
Evening_High,2020-01-03 17:15:00,0.046654,228.646,1.0527,49.998
Evening_High,2020-01-03 17:18:00,0.047704,229.609,1.0741,49.979
Evening_High,2020-01-03 17:21:00,0.049209,229.081,1.1358,49.986
Evening_High,2020-01-03 17:24:00,0.038931,230.643,0.9326,49.967
Evening_High,2020-01-03 17:27:00,0.053379,228.634,1.2384,49.979
Evening_High,2020-01-03 17:30:00,0.045676,230.459,1.0766,49.985
Evening_High,2020-01-03 17:33:00,0.058028,229.886,1.3268,49.993
Evening_High,2020-01-03 17:36:00,0.05808,228.582,1.2889,49.981
Evening_High,2020-01-03 17:39:00,0.053227,229.193,1.1871,49.997
Evening_High,2020-01-03 17:42:00,0.053197,230.694,1.1522,49.979
Evening_High,2020-01-03 17:45:00,0.054051,230.102,1.1643,50.001
Evening_High,2020-01-03 17:48:00,0.05924,228.009,1.2911,49.982
Evening_High,2020-01-03 17:51:00,0.059326,229.499,1.3125,50.0
Evening_High,2020-01-03 17:54:00,0.059642,229.202,1.2869,49.989
Evening_High,2020-01-03 17:57:00,0.05909,228.354,1.3479,49.976
Evening_High,2020-01-03 18:00:00,0.061096,229.311,1.3717,49.978
Evening_High,2020-01-03 18:03:00,0.040045,230.032,0.9504,50.015
Evening_High,2020-01-03 18:06:00,0.053325,228.629,1.2325,49.999
Evening_High,2020-01-03 18:09:00,0.057215,229.163,1.3198,49.984
Evening_High,2020-01-03 18:12:00,0.067219,229.624,1.4732,49.978
Evening_High,2020-01-03 18:15:00,0.037434,231.178,0.924,49.993
Evening_High,2020-01-03 18:18:00,0.077532,228.922,1.6864,50.004
Evening_High,2020-01-03 18:21:00,0.065402,228.748,1.4992,49.99
Evening_High,2020-01-03 18:24:00,0.063182,230.371,1.4395,50.0
Evening_High,2020-01-03 18:27:00,0.048545,229.2,1.1676,49.953
Evening_High,2020-01-03 18:30:00,0.06014,228.557,1.2959,49.984
Evening_High,2020-01-03 18:33:00,0.080637,228.741,1.7534,49.994
Evening_High,2020-01-03 18:36:00,0.104506,227.292,2.1174,49.953
Evening_High,2020-01-03 18:39:00,0.088769,228.729,1.8285,49.994
Evening_High,2020-01-03 18:42:00,0.069975,227.77,1.5165,49.999
Evening_High,2020-01-03 18:45:00,0.059791,229.812,1.3122,49.996
Evening_High,2020-01-03 18:48:00,0.104733,226.557,2.0959,49.97
Evening_High,2020-01-03 18:51:00,0.058034,229.036,1.3195,49.995
Evening_High,2020-01-03 18:54:00,0.055419,229.804,1.195,49.982
Evening_High,2020-01-03 18:57:00,0.065101,229.817,1.4093,50.004
Evening_High,2020-01-03 19:00:00,0.0842,228.822,1.7812,49.963
Evening_High,2020-01-03 19:03:00,0.055081,228.896,1.1943,49.976
Evening_High,2020-01-03 19:06:00,0.065851,227.628,1.3673,49.982
Evening_High,2020-01-03 19:09:00,0.076932,228.93,1.6697,49.995
Evening_High,2020-01-03 19:12:00,0.090794,226.407,1.8746,49.995
Evening_High,2020-01-03 19:15:00,0.073257,228.638,1.5973,49.993
Evening_High,2020-01-03 19:18:00,0.115929,226.537,2.2825,49.983
Evening_High,2020-01-03 19:21:00,0.068395,230.154,1.5554,49.999
Evening_High,2020-01-03 19:24:00,0.06357,230.12,1.3933,49.988
Evening_High,2020-01-03 19:27:00,0.107211,225.525,2.2271,49.973
Evening_High,2020-01-03 19:30:00,0.085534,228.007,1.7357,49.966
Evening_High,2020-01-03 19:33:00,0.081641,227.982,1.726,49.99
Evening_High,2020-01-03 19:36:00,0.075916,228.123,1.6064,49.976
Evening_High,2020-01-03 19:39:00,0.072883,228.296,1.6306,49.983
Evening_High,2020-01-03 19:42:00,0.084409,226.559,1.8135,49.985
Evening_High,2020-01-03 19:45:00,0.093903,226.746,2.0091,49.976
Evening_High,2020-01-03 19:48:00,0.089394,227.704,1.863,49.978
Evening_High,2020-01-03 19:51:00,0.126625,224.591,2.4817,49.971
Evening_High,2020-01-03 19:54:00,0.078324,228.037,1.6095,50.014
Evening_High,2020-01-03 19:57:00,0.109362,226.468,2.2489,49.983
Evening_High,2020-01-03 20:00:00,0.073284,226.627,1.6117,49.964
Evening_High,2020-01-03 20:03:00,0.075575,227.007,1.6039,49.979
Evening_High,2020-01-03 20:06:00,0.072138,228.979,1.5325,49.989
Evening_High,2020-01-03 20:09:00,0.082672,229.385,1.698,49.973
Evening_High,2020-01-03 20:12:00,0.113723,226.627,2.3069,49.974
Evening_High,2020-01-03 20:15:00,0.070892,228.793,1.5386,49.991
Evening_High,2020-01-03 20:18:00,0.071646,229.364,1.5624,50.002
Evening_High,2020-01-03 20:21:00,0.067961,228.857,1.5406,49.973
Evening_High,2020-01-03 20:24:00,0.11767,225.991,2.3775,49.984
Evening_High,2020-01-03 20:27:00,0.077124,227.706,1.6409,49.971
Evening_High,2020-01-03 20:30:00,0.08014,227.935,1.7364,49.979
Evening_High,2020-01-03 20:33:00,0.088809,226.641,1.8727,49.994
Evening_High,2020-01-03 20:36:00,0.062924,229.152,1.4702,49.971
Evening_High,2020-01-03 20:39:00,0.111251,228.696,2.2915,49.981
Evening_High,2020-01-03 20:42:00,0.098274,226.997,1.999,49.975
Evening_High,2020-01-03 20:45:00,0.080005,229.297,1.6433,49.992
Evening_High,2020-01-03 20:48:00,0.062008,228.299,1.3465,49.981
Evening_High,2020-01-03 20:51:00,0.060877,230.438,1.329,49.973
Evening_High,2020-01-03 20:54:00,0.061228,228.731,1.3908,50.015
Evening_High,2020-01-03 20:57:00,0.074344,228.62,1.6269,49.981
Evening_High,2020-01-03 21:00:00,0.080312,227.785,1.7039,49.981
Evening_High,2020-01-03 21:03:00,0.073136,228.25,1.5491,50.009
Evening_High,2020-01-03 21:06:00,0.101641,228.084,2.0615,49.968
Evening_High,2020-01-03 21:09:00,0.060565,229.848,1.3372,49.997
Evening_High,2020-01-03 21:12:00,0.046425,230.916,1.1107,49.998
Evening_High,2020-01-03 21:15:00,0.074626,228.568,1.589,49.989
Evening_High,2020-01-03 21:18:00,0.037207,231.062,0.841,49.996
Evening_High,2020-01-03 21:21:00,0.078404,228.84,1.6589,49.963
Evening_High,2020-01-03 21:24:00,0.106886,227.612,2.1213,49.981
Evening_High,2020-01-03 21:27:00,0.038417,230.455,0.8943,49.989
Evening_High,2020-01-03 21:30:00,0.048564,229.855,1.1334,49.987
Evening_High,2020-01-03 21:33:00,0.096419,226.899,2.0169,49.995
Evening_High,2020-01-03 21:36:00,0.064192,229.161,1.4693,49.99
Evening_High,2020-01-03 21:39:00,0.065438,227.957,1.3789,49.999
Evening_High,2020-01-03 21:42:00,0.065173,228.601,1.4218,49.989
Evening_High,2020-01-03 21:45:00,0.073134,229.541,1.5516,49.967
Evening_High,2020-01-03 21:48:00,0.052236,229.401,1.2136,49.992
Evening_High,2020-01-03 21:51:00,0.067361,229.667,1.4168,49.958
Evening_High,2020-01-03 21:54:00,0.044469,230.017,1.0094,50.014
Evening_High,2020-01-03 21:57:00,0.037834,230.105,0.8926,49.984
Evening_High,2020-01-03 22:00:00,0.05007,228.679,1.1831,49.987
Evening_High,2020-01-03 22:03:00,0.05367,229.849,1.2103,50.01
Evening_High,2020-01-03 22:06:00,0.060504,228.187,1.3414,49.975
Evening_High,2020-01-03 22:09:00,0.047163,229.126,1.0911,49.992
Evening_High,2020-01-03 22:12:00,0.055578,231.182,1.277,49.972
Evening_High,2020-01-03 22:15:00,0.061665,230.403,1.3295,49.982
Evening_High,2020-01-03 22:18:00,0.032609,230.526,0.7892,49.989
Evening_High,2020-01-03 22:21:00,0.06636,230.648,1.4033,49.993
Evening_High,2020-01-03 22:24:00,0.032556,231.504,0.8192,50.0
Evening_High,2020-01-03 22:27:00,0.038893,231.385,0.9167,49.996
Evening_High,2020-01-03 22:30:00,0.039149,230.603,0.9552,49.983
Evening_High,2020-01-03 22:33:00,0.047609,229.603,1.1011,49.997
Evening_High,2020-01-03 22:36:00,0.035572,230.461,0.9051,49.993
Evening_High,2020-01-03 22:39:00,0.05197,229.791,1.2393,49.975
Evening_High,2020-01-03 22:42:00,0.032096,229.562,0.8358,49.984
Evening_High,2020-01-03 22:45:00,0.037119,230.958,0.9018,49.981
Evening_High,2020-01-03 22:48:00,0.049251,229.37,1.1527,49.994
Evening_High,2020-01-03 22:51:00,0.047664,229.032,1.0966,50.001
Evening_High,2020-01-03 22:54:00,0.030483,231.072,0.8206,49.984
Evening_High,2020-01-03 22:57:00,0.045062,229.445,1.0473,49.997
Evening_High,2020-01-03 23:00:00,0.047899,229.643,1.1253,49.993
Evening_High,2020-01-03 23:03:00,0.021811,229.957,0.6482,49.991
Evening_High,2020-01-03 23:06:00,0.038053,230.217,0.9795,49.966
Evening_High,2020-01-03 23:09:00,0.035866,230.043,0.9064,49.976
Evening_High,2020-01-03 23:12:00,0.03581,230.185,0.8999,49.987
Evening_High,2020-01-03 23:15:00,0.040953,229.596,0.9731,49.987
Evening_High,2020-01-03 23:18:00,0.030591,230.746,0.8227,49.959
Evening_High,2020-01-03 23:21:00,0.050589,229.612,1.2184,49.987
Evening_High,2020-01-03 23:24:00,0.019572,231.206,0.6188,49.987
Evening_High,2020-01-03 23:27:00,0.035689,230.134,0.9149,49.978
Evening_High,2020-01-03 23:30:00,0.023074,229.854,0.6759,49.986
Evening_High,2020-01-03 23:33:00,0.036398,230.592,0.8755,49.982
Evening_High,2020-01-03 23:36:00,0.022179,230.238,0.698,49.985
Evening_High,2020-01-03 23:39:00,0.023843,231.627,0.6249,49.997
Evening_High,2020-01-03 23:42:00,0.020935,230.501,0.6781,49.978
Evening_High,2020-01-03 23:45:00,0.02965,230.302,0.7674,50.0
Evening_High,2020-01-03 23:48:00,0.027506,230.848,0.7422,49.968
Evening_High,2020-01-03 23:51:00,0.036365,229.694,0.8858,50.002
Evening_High,2020-01-03 23:54:00,0.017097,231.57,0.616,49.993
Evening_High,2020-01-03 23:57:00,0.026073,230.358,0.6836,49.997
Evening_High,2020-01-04 00:00:00,0.019992,230.35,0.6756,50.008
Evening_High,2020-01-04 00:03:00,0.024146,232.239,0.647,50.008
Evening_High,2020-01-04 00:06:00,0.027845,231.72,0.7335,49.999
Evening_High,2020-01-04 00:09:00,0.027529,231.43,0.763,50.01
Evening_High,2020-01-04 00:12:00,0.027246,230.434,0.7401,49.997
Evening_High,2020-01-04 00:15:00,0.028263,230.817,0.7685,49.974
Evening_High,2020-01-04 00:18:00,0.024043,231.005,0.705,49.993
Evening_High,2020-01-04 00:21:00,0.029479,231.119,0.758,50.013
Evening_High,2020-01-04 00:24:00,0.020537,230.818,0.6361,49.997
Evening_High,2020-01-04 00:27:00,0.023292,231.513,0.6948,49.998
Evening_High,2020-01-04 00:30:00,0.027361,228.97,0.7021,50.023
Evening_High,2020-01-04 00:33:00,0.021663,232.96,0.626,50.0
Evening_High,2020-01-04 00:36:00,0.021983,231.118,0.5955,49.993
Evening_High,2020-01-04 00:39:00,0.018328,231.075,0.539,49.992
Evening_High,2020-01-04 00:42:00,0.029237,230.273,0.7542,49.974
Evening_High,2020-01-04 00:45:00,0.025427,231.507,0.6506,49.982
Evening_High,2020-01-04 00:48:00,0.017875,230.921,0.6529,49.985
Evening_High,2020-01-04 00:51:00,0.023813,230.807,0.6669,49.993
Evening_High,2020-01-04 00:54:00,0.017524,230.491,0.5527,49.995
Evening_High,2020-01-04 00:57:00,0.01968,230.4,0.539,50.008
Evening_High,2020-01-04 01:00:00,0.019704,231.735,0.6045,49.985
Evening_High,2020-01-04 01:03:00,0.021176,231.661,0.5441,50.011
Evening_High,2020-01-04 01:06:00,0.029323,231.31,0.7936,49.988
Evening_High,2020-01-04 01:09:00,0.020225,230.914,0.5636,49.993
Evening_High,2020-01-04 01:12:00,0.018925,230.394,0.6024,50.005
Evening_High,2020-01-04 01:15:00,0.01208,232.638,0.4814,50.013
Evening_High,2020-01-04 01:18:00,0.015723,230.548,0.5141,50.007
Evening_High,2020-01-04 01:21:00,0.014733,230.762,0.5026,50.0
Evening_High,2020-01-04 01:24:00,0.011723,231.596,0.4862,50.008
Evening_High,2020-01-04 01:27:00,0.03103,230.438,0.757,50.012
Evening_High,2020-01-04 01:30:00,0.023591,231.281,0.7376,49.982
Evening_High,2020-01-04 01:33:00,0.023621,230.427,0.6877,50.005
Evening_High,2020-01-04 01:36:00,0.020998,230.776,0.5899,50.018
Evening_High,2020-01-04 01:39:00,0.019394,231.57,0.6263,50.006
Evening_High,2020-01-04 01:42:00,0.02189,231.86,0.6494,50.005
Evening_High,2020-01-04 01:45:00,0.024978,229.533,0.6347,49.98
Evening_High,2020-01-04 01:48:00,0.022755,229.711,0.66,49.99
Evening_High,2020-01-04 01:51:00,0.011771,232.253,0.4209,49.991
Evening_High,2020-01-04 01:54:00,0.014932,232.119,0.5191,49.987
Evening_High,2020-01-04 01:57:00,0.016959,230.554,0.5813,49.999
Evening_High,2020-01-04 02:00:00,0.020354,232.076,0.6922,49.988
Evening_High,2020-01-04 02:03:00,0.017066,230.749,0.5743,50.002
Evening_High,2020-01-04 02:06:00,0.024343,230.918,0.7288,50.008
Evening_High,2020-01-04 02:09:00,0.012467,233.9,0.4207,49.993
Evening_High,2020-01-04 02:12:00,0.020791,232.395,0.5643,49.998
Evening_High,2020-01-04 02:15:00,0.029641,230.658,0.7361,49.985
Evening_High,2020-01-04 02:18:00,0.025325,230.242,0.6941,50.003
Evening_High,2020-01-04 02:21:00,0.013355,232.039,0.5177,49.978
Evening_High,2020-01-04 02:24:00,0.013023,231.882,0.5314,49.996
Evening_High,2020-01-04 02:27:00,0.023027,231.636,0.6617,49.983
Evening_High,2020-01-04 02:30:00,0.02869,230.281,0.8046,49.982
Evening_High,2020-01-04 02:33:00,0.01328,231.097,0.4889,49.987
Evening_High,2020-01-04 02:36:00,0.021839,231.659,0.5797,49.999
Evening_High,2020-01-04 02:39:00,0.018453,229.516,0.6193,49.983
Evening_High,2020-01-04 02:42:00,0.024565,230.488,0.677,49.982
Evening_High,2020-01-04 02:45:00,0.013934,230.739,0.517,49.991
Evening_High,2020-01-04 02:48:00,0.017856,230.819,0.5421,49.991
Evening_High,2020-01-04 02:51:00,0.022151,231.364,0.6396,49.983
Evening_High,2020-01-04 02:54:00,0.01768,232.076,0.6124,49.998
Evening_High,2020-01-04 02:57:00,0.021543,232.629,0.697,49.98
Evening_High,2020-01-04 03:00:00,0.019218,231.269,0.5572,49.98
Evening_High,2020-01-04 03:03:00,0.017235,232.052,0.5793,50.004
Evening_High,2020-01-04 03:06:00,0.011892,231.081,0.433,49.998
Evening_High,2020-01-04 03:09:00,0.019826,231.274,0.6194,49.985
Evening_High,2020-01-04 03:12:00,0.02481,230.994,0.7439,49.974
Evening_High,2020-01-04 03:15:00,0.013678,232.791,0.4913,50.001
Evening_High,2020-01-04 03:18:00,0.013092,230.229,0.4511,49.998
Evening_High,2020-01-04 03:21:00,0.00916,229.942,0.3826,50.0
Evening_High,2020-01-04 03:24:00,0.018153,230.642,0.6151,50.007
Evening_High,2020-01-04 03:27:00,0.027645,230.265,0.7393,50.0
Evening_High,2020-01-04 03:30:00,0.028483,229.211,0.7638,49.97
Evening_High,2020-01-04 03:33:00,0.026838,230.926,0.7271,50.014
Evening_High,2020-01-04 03:36:00,0.023598,232.418,0.6472,49.991
Evening_High,2020-01-04 03:39:00,0.021664,231.261,0.5648,50.0
Evening_High,2020-01-04 03:42:00,0.016114,231.26,0.5705,50.002
Evening_High,2020-01-04 03:45:00,0.019139,231.16,0.5939,50.01
Evening_High,2020-01-04 03:48:00,0.020117,229.772,0.6814,49.982
Evening_High,2020-01-04 03:51:00,0.012768,230.623,0.4914,50.007
Evening_High,2020-01-04 03:54:00,0.014964,231.064,0.4762,49.969
Evening_High,2020-01-04 03:57:00,0.013519,231.527,0.4977,49.965
Evening_High,2020-01-04 04:00:00,0.017347,231.788,0.6432,49.989
Evening_High,2020-01-04 04:03:00,0.025866,229.799,0.717,49.963
Evening_High,2020-01-04 04:06:00,0.02262,230.446,0.6242,50.011
Evening_High,2020-01-04 04:09:00,0.020196,232.184,0.6952,50.008
Evening_High,2020-01-04 04:12:00,0.01617,230.797,0.5526,49.998
Evening_High,2020-01-04 04:15:00,0.021296,231.802,0.6496,49.995
Evening_High,2020-01-04 04:18:00,0.020653,231.632,0.5632,50.01
Evening_High,2020-01-04 04:21:00,0.020672,230.772,0.6487,49.979
Evening_High,2020-01-04 04:24:00,0.022048,231.172,0.6723,50.014
Evening_High,2020-01-04 04:27:00,0.01833,230.34,0.6065,49.998
Evening_High,2020-01-04 04:30:00,0.019039,231.423,0.6185,49.997
Evening_High,2020-01-04 04:33:00,0.011875,230.787,0.3997,49.993
Evening_High,2020-01-04 04:36:00,0.018105,230.206,0.5795,50.013
Evening_High,2020-01-04 04:39:00,0.020019,231.639,0.5787,49.997
Evening_High,2020-01-04 04:42:00,0.019505,232.304,0.5658,50.013
Evening_High,2020-01-04 04:45:00,0.015606,231.134,0.533,49.992
Evening_High,2020-01-04 04:48:00,0.020378,230.44,0.5754,49.991
Evening_High,2020-01-04 04:51:00,0.020248,230.556,0.5895,49.982
Evening_High,2020-01-04 04:54:00,0.017382,232.305,0.5108,50.013
Evening_High,2020-01-04 04:57:00,0.020567,231.315,0.6511,49.995
Evening_High,2020-01-04 05:00:00,0.019754,230.489,0.6294,50.004
Evening_High,2020-01-04 05:03:00,0.008649,232.112,0.3721,49.999
Evening_High,2020-01-04 05:06:00,0.010415,233.26,0.4578,49.979
Evening_High,2020-01-04 05:09:00,0.025751,230.985,0.7398,49.983
Evening_High,2020-01-04 05:12:00,0.013816,232.288,0.4659,50.013
Evening_High,2020-01-04 05:15:00,0.007019,231.607,0.2736,49.989
Evening_High,2020-01-04 05:18:00,0.027453,231.112,0.7817,49.987
Evening_High,2020-01-04 05:21:00,0.015403,230.82,0.5425,50.008
Evening_High,2020-01-04 05:24:00,0.015774,231.077,0.6032,50.0
Evening_High,2020-01-04 05:27:00,0.020787,230.587,0.6234,50.007
Evening_High,2020-01-04 05:30:00,0.023736,231.807,0.6997,49.979
Evening_High,2020-01-04 05:33:00,0.018711,233.25,0.6001,50.006
Evening_High,2020-01-04 05:36:00,0.014865,231.203,0.4958,49.987
Evening_High,2020-01-04 05:39:00,0.018067,230.618,0.5388,49.974
Evening_High,2020-01-04 05:42:00,0.015589,231.848,0.5408,49.983
Evening_High,2020-01-04 05:45:00,0.013519,231.063,0.5008,49.998
Evening_High,2020-01-04 05:48:00,0.021301,230.343,0.6583,49.991
Evening_High,2020-01-04 05:51:00,0.020416,231.388,0.6284,50.005
Evening_High,2020-01-04 05:54:00,0.011641,231.304,0.503,49.995
Evening_High,2020-01-04 05:57:00,0.019625,230.424,0.6303,50.008
Evening_High,2020-01-04 06:00:00,0.024442,229.283,0.707,49.969
Evening_High,2020-01-04 06:03:00,0.018336,232.288,0.6155,49.983
Evening_High,2020-01-04 06:06:00,0.019406,231.16,0.5739,50.016
Evening_High,2020-01-04 06:09:00,0.021634,232.074,0.6144,49.978
Evening_High,2020-01-04 06:12:00,0.026281,232.339,0.6972,49.96
Evening_High,2020-01-04 06:15:00,0.020724,230.461,0.5917,50.012
Evening_High,2020-01-04 06:18:00,0.020863,230.581,0.6287,50.0
Evening_High,2020-01-04 06:21:00,0.018951,231.488,0.5767,49.992
Evening_High,2020-01-04 06:24:00,0.022178,230.917,0.6627,50.007
Evening_High,2020-01-04 06:27:00,0.025581,232.372,0.7473,50.005
Evening_High,2020-01-04 06:30:00,0.015973,230.881,0.4951,50.008
Evening_High,2020-01-04 06:33:00,0.016904,231.804,0.5326,50.006
Evening_High,2020-01-04 06:36:00,0.025492,231.299,0.7137,49.988
Evening_High,2020-01-04 06:39:00,0.019387,230.492,0.6067,49.979
Evening_High,2020-01-04 06:42:00,0.021523,231.861,0.5816,50.006
Evening_High,2020-01-04 06:45:00,0.016759,231.817,0.5373,49.979
Evening_High,2020-01-04 06:48:00,0.026025,229.376,0.7413,49.98
Evening_High,2020-01-04 06:51:00,0.021317,233.25,0.6434,49.997
Evening_High,2020-01-04 06:54:00,0.024831,230.477,0.6883,49.99
Evening_High,2020-01-04 06:57:00,0.015595,231.368,0.5202,49.988
Evening_High,2020-01-04 07:00:00,0.021741,232.127,0.6206,49.984
Evening_High,2020-01-04 07:03:00,0.01916,231.416,0.6584,50.011
Evening_High,2020-01-04 07:06:00,0.021737,232.739,0.6513,49.976
Evening_High,2020-01-04 07:09:00,0.014286,230.797,0.5106,50.011
Evening_High,2020-01-04 07:12:00,0.021108,231.443,0.6141,50.016
Evening_High,2020-01-04 07:15:00,0.021236,230.604,0.6541,49.986
Evening_High,2020-01-04 07:18:00,0.021904,232.21,0.6482,50.017
Evening_High,2020-01-04 07:21:00,0.017529,231.971,0.537,49.969
Evening_High,2020-01-04 07:24:00,0.018054,229.767,0.5602,50.012
Evening_High,2020-01-04 07:27:00,0.02777,231.751,0.764,50.002
Evening_High,2020-01-04 07:30:00,0.016288,230.763,0.5646,49.983
Evening_High,2020-01-04 07:33:00,0.018688,231.832,0.6607,49.985
Evening_High,2020-01-04 07:36:00,0.025014,230.252,0.7329,49.984
Evening_High,2020-01-04 07:39:00,0.02451,229.189,0.6414,50.011
Evening_High,2020-01-04 07:42:00,0.013712,229.883,0.5067,49.989
Evening_High,2020-01-04 07:45:00,0.016267,230.234,0.5184,49.984
Evening_High,2020-01-04 07:48:00,0.021696,232.435,0.6521,50.002
Evening_High,2020-01-04 07:51:00,0.020742,230.024,0.6233,49.98
Evening_High,2020-01-04 07:54:00,0.017502,229.173,0.6493,49.993
Evening_High,2020-01-04 07:57:00,0.026632,230.062,0.7248,50.003
Evening_High,2020-01-04 08:00:00,0.012669,230.633,0.4718,49.988
Evening_High,2020-01-04 08:03:00,0.016323,230.484,0.5517,49.989
Evening_High,2020-01-04 08:06:00,0.022197,231.534,0.6286,49.973
Evening_High,2020-01-04 08:09:00,0.013296,232.642,0.4753,50.005
Evening_High,2020-01-04 08:12:00,0.017701,230.01,0.5357,49.994
Evening_High,2020-01-04 08:15:00,0.026017,229.642,0.7513,49.997
Evening_High,2020-01-04 08:18:00,0.01974,229.973,0.7145,49.985
Evening_High,2020-01-04 08:21:00,0.011669,231.034,0.4615,50.014
Evening_High,2020-01-04 08:24:00,0.025561,231.298,0.7201,50.0
Evening_High,2020-01-04 08:27:00,0.020687,231.161,0.5979,49.999
Evening_High,2020-01-04 08:30:00,0.024297,230.641,0.6538,49.994
Evening_High,2020-01-04 08:33:00,0.028104,231.83,0.7406,49.971
Evening_High,2020-01-04 08:36:00,0.024592,231.374,0.7246,50.009
Evening_High,2020-01-04 08:39:00,0.019866,233.046,0.6289,49.977
Evening_High,2020-01-04 08:42:00,0.026751,230.809,0.7116,50.001
Evening_High,2020-01-04 08:45:00,0.019281,232.277,0.6499,49.995
Evening_High,2020-01-04 08:48:00,0.017062,231.863,0.4909,50.0
Evening_High,2020-01-04 08:51:00,0.031123,232.42,0.8601,49.99
Evening_High,2020-01-04 08:54:00,0.029435,231.219,0.8108,50.012
Evening_High,2020-01-04 08:57:00,0.016807,231.995,0.5537,49.991
Evening_High,2020-01-04 09:00:00,0.02134,231.361,0.6017,50.007
Evening_High,2020-01-04 09:03:00,0.019825,231.317,0.6904,50.001
Evening_High,2020-01-04 09:06:00,0.027702,229.723,0.749,49.987
Evening_High,2020-01-04 09:09:00,0.02285,231.379,0.6556,50.013
Evening_High,2020-01-04 09:12:00,0.026861,230.761,0.7367,49.999
Evening_High,2020-01-04 09:15:00,0.022586,230.649,0.5868,49.999
Evening_High,2020-01-04 09:18:00,0.028129,230.782,0.8259,50.005
Evening_High,2020-01-04 09:21:00,0.028938,229.832,0.7441,50.014
Evening_High,2020-01-04 09:24:00,0.028973,230.359,0.7998,49.995
Evening_High,2020-01-04 09:27:00,0.021792,232.157,0.6064,49.971
Evening_High,2020-01-04 09:30:00,0.022506,228.469,0.6138,49.988
Evening_High,2020-01-04 09:33:00,0.0276,229.578,0.8114,49.993
Evening_High,2020-01-04 09:36:00,0.025841,229.298,0.6853,49.988
Evening_High,2020-01-04 09:39:00,0.026684,232.015,0.7576,50.0
Evening_High,2020-01-04 09:42:00,0.022528,231.83,0.6507,50.001
Evening_High,2020-01-04 09:45:00,0.014234,231.62,0.5242,50.001
Evening_High,2020-01-04 09:48:00,0.017374,231.364,0.552,49.994
Evening_High,2020-01-04 09:51:00,0.026548,230.072,0.7475,49.985
Evening_High,2020-01-04 09:54:00,0.020301,231.583,0.5661,49.987
Evening_High,2020-01-04 09:57:00,0.032839,231.692,0.8931,49.992
Evening_High,2020-01-04 10:00:00,0.023124,231.508,0.6259,49.984
Evening_High,2020-01-04 10:03:00,0.017674,230.667,0.6139,49.993
Evening_High,2020-01-04 10:06:00,0.032434,229.479,0.8368,49.979
Evening_High,2020-01-04 10:09:00,0.015965,229.69,0.5374,49.993
Evening_High,2020-01-04 10:12:00,0.014586,230.756,0.5572,49.972
Evening_High,2020-01-04 10:15:00,0.024502,232.178,0.6814,50.004
Evening_High,2020-01-04 10:18:00,0.029476,230.547,0.7655,49.973
Evening_High,2020-01-04 10:21:00,0.019059,230.515,0.6162,49.993
Evening_High,2020-01-04 10:24:00,0.027728,229.361,0.7387,49.98
Evening_High,2020-01-04 10:27:00,0.020623,230.474,0.5269,49.977
Evening_High,2020-01-04 10:30:00,0.018869,232.494,0.6036,49.978
Evening_High,2020-01-04 10:33:00,0.019076,230.632,0.5858,49.968
Evening_High,2020-01-04 10:36:00,0.016691,230.883,0.5522,49.991
Evening_High,2020-01-04 10:39:00,0.028245,230.895,0.7677,50.002
Evening_High,2020-01-04 10:42:00,0.016261,231.293,0.5919,49.977
Evening_High,2020-01-04 10:45:00,0.034333,230.4,0.7794,50.002
Evening_High,2020-01-04 10:48:00,0.03018,230.792,0.7843,49.985
Evening_High,2020-01-04 10:51:00,0.019277,229.71,0.5965,49.989
Evening_High,2020-01-04 10:54:00,0.023345,231.671,0.66,49.992
Evening_High,2020-01-04 10:57:00,0.017871,230.836,0.5335,49.988
Evening_High,2020-01-04 11:00:00,0.023311,231.985,0.7146,49.991
Evening_High,2020-01-04 11:03:00,0.022793,231.002,0.704,49.992
Evening_High,2020-01-04 11:06:00,0.021898,229.466,0.6203,49.997
Evening_High,2020-01-04 11:09:00,0.032714,230.431,0.804,49.996
Evening_High,2020-01-04 11:12:00,0.023766,232.219,0.6632,50.003
Evening_High,2020-01-04 11:15:00,0.022751,229.639,0.6856,49.975
Evening_High,2020-01-04 11:18:00,0.022497,230.47,0.6682,49.99
Evening_High,2020-01-04 11:21:00,0.024144,230.207,0.7168,49.998
Evening_High,2020-01-04 11:24:00,0.0274,230.492,0.7674,50.007
Evening_High,2020-01-04 11:27:00,0.0201,231.668,0.6801,49.991
Evening_High,2020-01-04 11:30:00,0.023907,230.825,0.672,49.988
Evening_High,2020-01-04 11:33:00,0.026088,230.986,0.6943,50.002
Evening_High,2020-01-04 11:36:00,0.040522,229.03,0.9964,49.995
Evening_High,2020-01-04 11:39:00,0.030764,230.541,0.8125,49.985
Evening_High,2020-01-04 11:42:00,0.024809,232.061,0.6923,50.002
Evening_High,2020-01-04 11:45:00,0.02009,232.101,0.6412,50.009
Evening_High,2020-01-04 11:48:00,0.03414,229.566,0.9006,49.982
Evening_High,2020-01-04 11:51:00,0.034404,231.075,0.9405,50.002
Evening_High,2020-01-04 11:54:00,0.019746,231.887,0.5847,49.976
Evening_High,2020-01-04 11:57:00,0.027863,230.593,0.7611,50.02
Evening_High,2020-01-04 12:00:00,0.030952,230.447,0.8251,49.994
Evening_High,2020-01-04 12:03:00,0.05009,228.8,1.2092,50.006
Evening_High,2020-01-04 12:06:00,0.021352,230.852,0.6364,49.997
Evening_High,2020-01-04 12:09:00,0.010941,231.296,0.5183,49.979
Evening_High,2020-01-04 12:12:00,0.021854,231.913,0.6176,49.983
Evening_High,2020-01-04 12:15:00,0.022213,231.852,0.5704,49.99
Evening_High,2020-01-04 12:18:00,0.023988,229.632,0.6984,49.993
Evening_High,2020-01-04 12:21:00,0.016851,232.926,0.5802,50.002
Evening_High,2020-01-04 12:24:00,0.026373,230.04,0.6679,49.981
Evening_High,2020-01-04 12:27:00,0.016039,231.086,0.5383,50.006
Evening_High,2020-01-04 12:30:00,0.016433,230.313,0.543,50.009
Evening_High,2020-01-04 12:33:00,0.029234,229.251,0.806,49.988
Evening_High,2020-01-04 12:36:00,0.029602,230.473,0.7207,50.001
Evening_High,2020-01-04 12:39:00,0.026623,230.608,0.7236,49.997
Evening_High,2020-01-04 12:42:00,0.026393,230.694,0.6897,49.995
Evening_High,2020-01-04 12:45:00,0.029884,231.525,0.7964,49.967
Evening_High,2020-01-04 12:48:00,0.026266,230.418,0.715,49.973
Evening_High,2020-01-04 12:51:00,0.023882,230.527,0.6328,49.996
Evening_High,2020-01-04 12:54:00,0.018595,229.717,0.5754,49.997
Evening_High,2020-01-04 12:57:00,0.028968,229.014,0.7491,49.997
Evening_High,2020-01-04 13:00:00,0.047637,228.657,1.1026,50.002
Evening_High,2020-01-04 13:03:00,0.03353,229.655,0.857,49.986
Evening_High,2020-01-04 13:06:00,0.038599,229.128,0.8983,49.974
Evening_High,2020-01-04 13:09:00,0.025482,229.441,0.7225,50.004
Evening_High,2020-01-04 13:12:00,0.039186,231.064,0.9619,49.995
Evening_High,2020-01-04 13:15:00,0.039818,230.411,0.928,49.991
Evening_High,2020-01-04 13:18:00,0.040443,229.549,0.9606,49.97
Evening_High,2020-01-04 13:21:00,0.035819,228.669,0.867,49.994
Evening_High,2020-01-04 13:24:00,0.030013,230.327,0.7933,49.994
Evening_High,2020-01-04 13:27:00,0.023291,231.989,0.6869,49.984
Evening_High,2020-01-04 13:30:00,0.052829,230.927,1.1862,49.97
Evening_High,2020-01-04 13:33:00,0.029759,230.758,0.7832,49.99
Evening_High,2020-01-04 13:36:00,0.027466,230.057,0.7159,49.993
Evening_High,2020-01-04 13:39:00,0.020914,231.337,0.6354,50.0
Evening_High,2020-01-04 13:42:00,0.019928,232.72,0.5532,49.988
Evening_High,2020-01-04 13:45:00,0.026083,228.32,0.6951,49.969
Evening_High,2020-01-04 13:48:00,0.030006,229.82,0.742,49.966
Evening_High,2020-01-04 13:51:00,0.026436,230.304,0.7156,49.993
Evening_High,2020-01-04 13:54:00,0.032142,229.327,0.8471,50.009
Evening_High,2020-01-04 13:57:00,0.03124,231.198,0.8324,49.958
Evening_High,2020-01-04 14:00:00,0.022256,229.111,0.585,49.997
Evening_High,2020-01-04 14:03:00,0.039794,230.676,1.0404,49.995
Evening_High,2020-01-04 14:06:00,0.036521,231.094,0.9119,49.997
Evening_High,2020-01-04 14:09:00,0.028244,231.43,0.7604,50.003
Evening_High,2020-01-04 14:12:00,0.034549,229.249,0.9784,49.978
Evening_High,2020-01-04 14:15:00,0.028499,232.717,0.7053,49.99
Evening_High,2020-01-04 14:18:00,0.031151,229.956,0.7658,50.014
Evening_High,2020-01-04 14:21:00,0.037627,229.761,0.9215,49.975
Evening_High,2020-01-04 14:24:00,0.043258,228.709,1.0165,49.98
Evening_High,2020-01-04 14:27:00,0.01878,231.645,0.5991,49.973
Evening_High,2020-01-04 14:30:00,0.03061,229.808,0.7594,50.015
Evening_High,2020-01-04 14:33:00,0.027164,230.706,0.7098,49.999
Evening_High,2020-01-04 14:36:00,0.035426,230.66,0.9002,50.003
Evening_High,2020-01-04 14:39:00,0.019968,231.15,0.6665,49.982
Evening_High,2020-01-04 14:42:00,0.028099,228.682,0.7483,49.994
Evening_High,2020-01-04 14:45:00,0.024568,230.837,0.7083,49.984
Evening_High,2020-01-04 14:48:00,0.035718,230.287,0.8792,49.969
Evening_High,2020-01-04 14:51:00,0.037345,231.655,0.9034,49.991
Evening_High,2020-01-04 14:54:00,0.028741,231.465,0.7625,49.977
Evening_High,2020-01-04 14:57:00,0.02556,232.459,0.7675,50.001
Evening_High,2020-01-04 15:00:00,0.047152,229.396,1.0875,49.996
Evening_High,2020-01-04 15:03:00,0.033116,231.149,0.7628,49.978
Evening_High,2020-01-04 15:06:00,0.033218,231.201,0.881,49.992
Evening_High,2020-01-04 15:09:00,0.033039,231.31,0.8694,49.997
Evening_High,2020-01-04 15:12:00,0.033748,229.244,0.9119,50.01
Evening_High,2020-01-04 15:15:00,0.032404,230.947,0.8534,49.986
Evening_High,2020-01-04 15:18:00,0.029713,233.398,0.8181,49.982
Evening_High,2020-01-04 15:21:00,0.038417,231.587,0.9364,49.995
Evening_High,2020-01-04 15:24:00,0.025251,230.07,0.6833,49.997
Evening_High,2020-01-04 15:27:00,0.042308,230.007,0.9677,49.992
Evening_High,2020-01-04 15:30:00,0.027894,231.193,0.7893,49.984
Evening_High,2020-01-04 15:33:00,0.03508,230.884,0.9,50.002
Evening_High,2020-01-04 15:36:00,0.022568,230.745,0.62,49.989
Evening_High,2020-01-04 15:39:00,0.013989,230.917,0.5317,49.994
Evening_High,2020-01-04 15:42:00,0.031854,230.535,0.8669,50.006
Evening_High,2020-01-04 15:45:00,0.049908,228.822,1.1637,49.998
Evening_High,2020-01-04 15:48:00,0.032426,230.459,0.8386,49.976
Evening_High,2020-01-04 15:51:00,0.023274,230.814,0.7081,49.994
Evening_High,2020-01-04 15:54:00,0.031749,230.96,0.814,49.986
Evening_High,2020-01-04 15:57:00,0.02644,230.677,0.7738,50.007
Evening_High,2020-01-04 16:00:00,0.026946,230.756,0.7454,50.022
Evening_High,2020-01-04 16:03:00,0.024626,231.66,0.7491,50.0
Evening_High,2020-01-04 16:06:00,0.024611,230.779,0.7269,49.99
Evening_High,2020-01-04 16:09:00,0.038476,231.351,0.9332,50.002
Evening_High,2020-01-04 16:12:00,0.049912,228.811,1.1003,49.986
Evening_High,2020-01-04 16:15:00,0.042048,229.844,0.9925,50.015
Evening_High,2020-01-04 16:18:00,0.028935,229.073,0.8064,49.994
Evening_High,2020-01-04 16:21:00,0.023113,230.309,0.6446,49.994
Evening_High,2020-01-04 16:24:00,0.038463,229.624,0.9853,49.998
Evening_High,2020-01-04 16:27:00,0.028459,231.792,0.7469,49.971
Evening_High,2020-01-04 16:30:00,0.044737,228.159,1.0849,49.982
Evening_High,2020-01-04 16:33:00,0.042404,229.968,0.9319,49.981
Evening_High,2020-01-04 16:36:00,0.030821,230.078,0.8199,49.982
Evening_High,2020-01-04 16:39:00,0.049051,231.268,1.1251,49.992
Evening_High,2020-01-04 16:42:00,0.053885,229.44,1.2003,49.994
Evening_High,2020-01-04 16:45:00,0.042205,230.228,0.9769,49.984
Evening_High,2020-01-04 16:48:00,0.03164,230.625,0.786,49.985
Evening_High,2020-01-04 16:51:00,0.04222,228.871,1.0503,50.002
Evening_High,2020-01-04 16:54:00,0.027781,230.802,0.7454,49.991
Evening_High,2020-01-04 16:57:00,0.045253,231.305,1.0689,50.019
Evening_High,2020-01-04 17:00:00,0.044699,229.302,1.0807,49.992
Evening_High,2020-01-04 17:03:00,0.056649,229.28,1.2674,49.974
Evening_High,2020-01-04 17:06:00,0.046837,230.943,1.0972,49.99
Evening_High,2020-01-04 17:09:00,0.048113,228.26,1.0912,50.001
Evening_High,2020-01-04 17:12:00,0.04199,229.622,1.0002,49.978
Evening_High,2020-01-04 17:15:00,0.052828,228.986,1.1783,49.984
Evening_High,2020-01-04 17:18:00,0.022418,231.735,0.6476,49.98
Evening_High,2020-01-04 17:21:00,0.053637,229.344,1.2165,49.977
Evening_High,2020-01-04 17:24:00,0.049834,231.262,1.1316,50.003
Evening_High,2020-01-04 17:27:00,0.053546,229.47,1.2084,49.978
Evening_High,2020-01-04 17:30:00,0.049893,229.21,1.1972,49.993
Evening_High,2020-01-04 17:33:00,0.054985,230.496,1.2359,49.981
Evening_High,2020-01-04 17:36:00,0.07315,227.7,1.547,49.968
Evening_High,2020-01-04 17:39:00,0.08545,227.96,1.7489,49.978
Evening_High,2020-01-04 17:42:00,0.074395,229.49,1.5868,49.996
Evening_High,2020-01-04 17:45:00,0.051417,230.623,1.1481,49.992
Evening_High,2020-01-04 17:48:00,0.069186,228.182,1.5185,49.98
Evening_High,2020-01-04 17:51:00,0.055678,228.654,1.2694,49.986
Evening_High,2020-01-04 17:54:00,0.093907,228.128,1.948,49.982
Evening_High,2020-01-04 17:57:00,0.057091,228.269,1.1905,49.976
Evening_High,2020-01-04 18:00:00,0.076326,228.84,1.7047,49.993
Evening_High,2020-01-04 18:03:00,0.062125,228.767,1.4018,49.98
Evening_High,2020-01-04 18:06:00,0.055757,229.688,1.2886,49.971
Evening_High,2020-01-04 18:09:00,0.063289,228.199,1.3138,49.976
Evening_High,2020-01-04 18:12:00,0.086198,229.232,1.8086,49.994
Evening_High,2020-01-04 18:15:00,0.064701,228.2,1.3741,49.98
Evening_High,2020-01-04 18:18:00,0.053009,229.539,1.216,50.002
Evening_High,2020-01-04 18:21:00,0.06797,229.962,1.4752,49.997
Evening_High,2020-01-04 18:24:00,0.075489,228.922,1.5745,50.002
Evening_High,2020-01-04 18:27:00,0.057449,229.527,1.2502,49.987
Evening_High,2020-01-04 18:30:00,0.07291,229.446,1.6009,49.991
Evening_High,2020-01-04 18:33:00,0.01213,231.402,0.4677,49.997
Evening_High,2020-01-04 18:36:00,0.114626,225.749,2.3861,49.962
Evening_High,2020-01-04 18:39:00,0.057254,230.514,1.2898,50.0
Evening_High,2020-01-04 18:42:00,0.095121,226.587,1.9264,49.951
Evening_High,2020-01-04 18:45:00,0.050715,231.043,1.1323,49.98
Evening_High,2020-01-04 18:48:00,0.053162,229.069,1.2395,49.971
Evening_High,2020-01-04 18:51:00,0.073798,228.437,1.5154,49.969
Evening_High,2020-01-04 18:54:00,0.048131,228.377,1.1381,49.986
Evening_High,2020-01-04 18:57:00,0.074806,229.174,1.6186,49.99
Evening_High,2020-01-04 19:00:00,0.051557,230.249,1.127,49.977
Evening_High,2020-01-04 19:03:00,0.06936,230.097,1.5092,49.981
Evening_High,2020-01-04 19:06:00,0.089679,228.009,1.8603,49.979
Evening_High,2020-01-04 19:09:00,0.099555,227.632,2.0153,49.986
Evening_High,2020-01-04 19:12:00,0.139772,225.493,2.7858,49.957
Evening_High,2020-01-04 19:15:00,0.068469,229.62,1.5125,49.984
Evening_High,2020-01-04 19:18:00,0.047946,230.063,1.1055,49.98
Evening_High,2020-01-04 19:21:00,0.095598,228.673,1.9688,49.98
Evening_High,2020-01-04 19:24:00,0.089206,227.01,1.9306,49.993
Evening_High,2020-01-04 19:27:00,0.066681,228.962,1.452,50.007
Evening_High,2020-01-04 19:30:00,0.109377,226.874,2.158,49.96
Evening_High,2020-01-04 19:33:00,0.070076,228.037,1.5598,49.993
Evening_High,2020-01-04 19:36:00,0.049062,228.627,1.1555,49.997
Evening_High,2020-01-04 19:39:00,0.099362,227.955,2.0085,49.986
Evening_High,2020-01-04 19:42:00,0.101565,227.921,2.1504,49.982
Evening_High,2020-01-04 19:45:00,0.119663,227.394,2.3953,49.976
Evening_High,2020-01-04 19:48:00,0.082131,227.55,1.7147,49.99
Evening_High,2020-01-04 19:51:00,0.078161,229.86,1.65,49.973
Evening_High,2020-01-04 19:54:00,0.064343,229.044,1.4872,49.989
Evening_High,2020-01-04 19:57:00,0.087737,227.42,1.8247,49.993
Evening_High,2020-01-04 20:00:00,0.076792,228.354,1.6592,50.001
Evening_High,2020-01-04 20:03:00,0.102195,228.01,2.1163,49.947
Evening_High,2020-01-04 20:06:00,0.105429,226.938,2.14,49.97
Evening_High,2020-01-04 20:09:00,0.099375,227.011,1.98,49.986
Evening_High,2020-01-04 20:12:00,0.104207,228.989,2.2037,49.977
Evening_High,2020-01-04 20:15:00,0.075627,229.368,1.5971,49.98
Evening_High,2020-01-04 20:18:00,0.077212,226.99,1.604,49.965
Evening_High,2020-01-04 20:21:00,0.067967,228.513,1.517,49.968
Evening_High,2020-01-04 20:24:00,0.143248,226.284,2.8166,49.976
Evening_High,2020-01-04 20:27:00,0.081022,226.743,1.7526,49.973
Evening_High,2020-01-04 20:30:00,0.085607,228.958,1.7402,49.978
Evening_High,2020-01-04 20:33:00,0.026287,230.427,0.7052,49.976
Evening_High,2020-01-04 20:36:00,0.109106,225.693,2.1959,49.987
Evening_High,2020-01-04 20:39:00,0.090502,227.201,1.9118,49.994
Evening_High,2020-01-04 20:42:00,0.105172,228.051,2.0854,49.962
Evening_High,2020-01-04 20:45:00,0.10988,228.255,2.2854,49.973
Evening_High,2020-01-04 20:48:00,0.059793,231.845,1.2899,49.99
Evening_High,2020-01-04 20:51:00,0.075043,227.628,1.5806,49.987
Evening_High,2020-01-04 20:54:00,0.0965,226.986,2.0404,49.98
Evening_High,2020-01-04 20:57:00,0.04849,229.72,1.1462,49.997
Evening_High,2020-01-04 21:00:00,0.115776,226.622,2.3261,49.967
Evening_High,2020-01-04 21:03:00,0.077844,229.235,1.6721,49.981
Evening_High,2020-01-04 21:06:00,0.073776,227.838,1.5876,49.985
Evening_High,2020-01-04 21:09:00,0.083468,228.476,1.7431,49.978
Evening_High,2020-01-04 21:12:00,0.091254,228.374,1.9151,49.969
Evening_High,2020-01-04 21:15:00,0.065209,229.071,1.3139,49.993
Evening_High,2020-01-04 21:18:00,0.084508,225.888,1.8663,49.959
Evening_High,2020-01-04 21:21:00,0.091584,227.468,1.8751,49.978
Evening_High,2020-01-04 21:24:00,0.054061,229.612,1.2463,49.99
Evening_High,2020-01-04 21:27:00,0.087553,228.715,1.8664,50.0
Evening_High,2020-01-04 21:30:00,0.100754,226.595,2.0497,49.982
Evening_High,2020-01-04 21:33:00,0.077275,227.474,1.6408,49.989
Evening_High,2020-01-04 21:36:00,0.065913,229.686,1.3937,49.972
Evening_High,2020-01-04 21:39:00,0.07427,228.323,1.5682,49.98
Evening_High,2020-01-04 21:42:00,0.052462,229.662,1.209,49.991
Evening_High,2020-01-04 21:45:00,0.087377,226.569,1.8876,49.972
Evening_High,2020-01-04 21:48:00,0.091964,226.625,1.9061,49.993
Evening_High,2020-01-04 21:51:00,0.0492,229.323,1.1529,49.981
Evening_High,2020-01-04 21:54:00,0.075924,227.038,1.6533,49.963
Evening_High,2020-01-04 21:57:00,0.077603,228.382,1.6149,49.982
Evening_High,2020-01-04 22:00:00,0.059806,228.501,1.3192,49.983
Evening_High,2020-01-04 22:03:00,0.047944,228.92,1.1294,49.989
Evening_High,2020-01-04 22:06:00,0.041676,230.913,0.9575,49.983
Evening_High,2020-01-04 22:09:00,0.055884,229.387,1.255,49.994
Evening_High,2020-01-04 22:12:00,0.05905,228.056,1.3451,49.987
Evening_High,2020-01-04 22:15:00,0.047658,230.141,1.1346,49.992
Evening_High,2020-01-04 22:18:00,0.061887,227.586,1.3802,49.975
Evening_High,2020-01-04 22:21:00,0.046446,229.752,1.0922,50.001
Evening_High,2020-01-04 22:24:00,0.070704,228.092,1.5373,49.988
Evening_High,2020-01-04 22:27:00,0.042399,229.853,1.0187,49.976
Evening_High,2020-01-04 22:30:00,0.044509,230.643,1.1225,49.978
Evening_High,2020-01-04 22:33:00,0.029171,230.623,0.8146,49.98
Evening_High,2020-01-04 22:36:00,0.067449,229.187,1.4586,49.994
Evening_High,2020-01-04 22:39:00,0.055912,228.754,1.1988,49.976
Evening_High,2020-01-04 22:42:00,0.047317,230.317,1.0356,49.995
Evening_High,2020-01-04 22:45:00,0.017856,232.292,0.5589,50.007
Evening_High,2020-01-04 22:48:00,0.043952,230.65,1.047,49.978
Evening_High,2020-01-04 22:51:00,0.060078,229.43,1.2677,49.995
Evening_High,2020-01-04 22:54:00,0.0466,229.705,1.1152,49.972
Evening_High,2020-01-04 22:57:00,0.045242,229.816,1.0423,50.0
Evening_High,2020-01-04 23:00:00,0.048438,230.181,1.1055,49.971
Evening_High,2020-01-04 23:03:00,0.049209,229.116,1.1751,50.001
Evening_High,2020-01-04 23:06:00,0.038284,229.757,0.9417,49.997
Evening_High,2020-01-04 23:09:00,0.036087,230.042,0.8837,50.008
Evening_High,2020-01-04 23:12:00,0.023599,231.214,0.6058,50.011
Evening_High,2020-01-04 23:15:00,0.027129,228.899,0.738,50.004
Evening_High,2020-01-04 23:18:00,0.046026,228.089,1.0837,49.988
Evening_High,2020-01-04 23:21:00,0.030799,231.748,0.7801,49.967
Evening_High,2020-01-04 23:24:00,0.028098,231.937,0.7782,50.013
Evening_High,2020-01-04 23:27:00,0.030246,231.46,0.8541,49.971
Evening_High,2020-01-04 23:30:00,0.034964,231.563,0.8702,50.021
Evening_High,2020-01-04 23:33:00,0.0179,231.967,0.5047,49.995
Evening_High,2020-01-04 23:36:00,0.02531,229.381,0.7052,49.992
Evening_High,2020-01-04 23:39:00,0.024348,230.475,0.7024,49.989
Evening_High,2020-01-04 23:42:00,0.028244,230.361,0.7803,49.98
Evening_High,2020-01-04 23:45:00,0.033782,231.91,0.8342,49.986
Evening_High,2020-01-04 23:48:00,0.019167,230.586,0.5252,49.974
Evening_High,2020-01-04 23:51:00,0.030294,231.027,0.7888,49.975
Evening_High,2020-01-04 23:54:00,0.030937,231.306,0.7618,49.98
Evening_High,2020-01-04 23:57:00,0.037147,230.041,0.9412,49.957
Evening_High,2020-01-05 00:00:00,0.022619,230.188,0.6863,50.012
Evening_High,2020-01-05 00:03:00,0.008611,233.095,0.4419,49.987
Evening_High,2020-01-05 00:06:00,0.014684,230.993,0.4834,49.976
Evening_High,2020-01-05 00:09:00,0.03381,231.704,0.8609,49.991
Evening_High,2020-01-05 00:12:00,0.020641,231.719,0.6206,49.98
Evening_High,2020-01-05 00:15:00,0.027544,230.988,0.7346,49.997
Evening_High,2020-01-05 00:18:00,0.025667,231.003,0.6879,49.988
Evening_High,2020-01-05 00:21:00,0.018583,230.382,0.6086,50.01
Evening_High,2020-01-05 00:24:00,0.020264,231.09,0.6499,49.973
Evening_High,2020-01-05 00:27:00,0.016338,231.28,0.5271,49.994
Evening_High,2020-01-05 00:30:00,0.028199,230.694,0.7606,49.988
Evening_High,2020-01-05 00:33:00,0.01473,232.306,0.5029,49.986
Evening_High,2020-01-05 00:36:00,0.026004,230.259,0.6899,49.984
Evening_High,2020-01-05 00:39:00,0.020028,231.364,0.5398,50.007
Evening_High,2020-01-05 00:42:00,0.016495,231.031,0.5138,50.015
Evening_High,2020-01-05 00:45:00,0.018688,231.633,0.6403,49.979
Evening_High,2020-01-05 00:48:00,0.020453,232.063,0.6235,49.997
Evening_High,2020-01-05 00:51:00,0.022679,231.102,0.659,49.999
Evening_High,2020-01-05 00:54:00,0.021842,230.67,0.5983,49.979
Evening_High,2020-01-05 00:57:00,0.015216,230.576,0.5018,50.002
Evening_High,2020-01-05 01:00:00,0.017207,230.027,0.5076,49.992
Evening_High,2020-01-05 01:03:00,0.023287,231.656,0.7073,50.001
Evening_High,2020-01-05 01:06:00,0.018235,231.209,0.5679,49.989
Evening_High,2020-01-05 01:09:00,0.021849,230.779,0.6581,49.969
Evening_High,2020-01-05 01:12:00,0.022292,231.405,0.6875,49.993
Evening_High,2020-01-05 01:15:00,0.01779,230.612,0.5449,49.991
Evening_High,2020-01-05 01:18:00,0.024818,231.003,0.699,49.989
Evening_High,2020-01-05 01:21:00,0.021676,230.357,0.6271,50.005
Evening_High,2020-01-05 01:24:00,0.015109,231.332,0.5278,50.013
Evening_High,2020-01-05 01:27:00,0.017998,231.103,0.6278,50.003
Evening_High,2020-01-05 01:30:00,0.017055,230.713,0.5493,49.994
Evening_High,2020-01-05 01:33:00,0.024974,230.41,0.7563,50.006
Evening_High,2020-01-05 01:36:00,0.014491,231.199,0.5525,49.981
Evening_High,2020-01-05 01:39:00,0.013681,230.895,0.4895,50.005
Evening_High,2020-01-05 01:42:00,0.020636,229.972,0.6172,49.983
Evening_High,2020-01-05 01:45:00,0.023598,232.35,0.7038,49.989
Evening_High,2020-01-05 01:48:00,0.015773,231.044,0.5565,49.992
Evening_High,2020-01-05 01:51:00,0.01967,231.052,0.5978,50.019
Evening_High,2020-01-05 01:54:00,0.020458,230.587,0.6207,49.977
Evening_High,2020-01-05 01:57:00,0.027705,229.473,0.7567,50.015
Evening_High,2020-01-05 02:00:00,0.01597,231.42,0.5403,49.993
Evening_High,2020-01-05 02:03:00,0.019872,230.978,0.5892,50.012
Evening_High,2020-01-05 02:06:00,0.013882,232.348,0.5304,50.026
Evening_High,2020-01-05 02:09:00,0.019557,231.008,0.6096,49.999
Evening_High,2020-01-05 02:12:00,0.016476,232.254,0.5657,49.991
Evening_High,2020-01-05 02:15:00,0.023369,231.128,0.6301,50.021
Evening_High,2020-01-05 02:18:00,0.015557,230.718,0.5409,49.984
Evening_High,2020-01-05 02:21:00,0.011519,232.242,0.4778,50.007
Evening_High,2020-01-05 02:24:00,0.01846,230.775,0.566,49.998
Evening_High,2020-01-05 02:27:00,0.013468,232.178,0.4765,49.987
Evening_High,2020-01-05 02:30:00,0.026648,231.353,0.7702,49.994
Evening_High,2020-01-05 02:33:00,0.026944,230.361,0.73,49.965
Evening_High,2020-01-05 02:36:00,0.018713,231.307,0.5709,50.005
Evening_High,2020-01-05 02:39:00,0.013015,232.673,0.4761,50.012
Evening_High,2020-01-05 02:42:00,0.014463,231.573,0.4975,50.015
Evening_High,2020-01-05 02:45:00,0.021635,231.26,0.6782,50.001
Evening_High,2020-01-05 02:48:00,0.030251,231.403,0.8115,50.013
Evening_High,2020-01-05 02:51:00,0.019853,231.934,0.6131,49.991
Evening_High,2020-01-05 02:54:00,0.016164,231.777,0.5184,49.993
Evening_High,2020-01-05 02:57:00,0.015542,231.121,0.5319,49.995
Evening_High,2020-01-05 03:00:00,0.016921,229.598,0.4948,49.99
Evening_High,2020-01-05 03:03:00,0.01815,230.51,0.5991,49.999
Evening_High,2020-01-05 03:06:00,0.018809,230.684,0.567,50.008
Evening_High,2020-01-05 03:09:00,0.019228,230.642,0.6043,50.004
Evening_High,2020-01-05 03:12:00,0.011684,230.654,0.4323,50.003
Evening_High,2020-01-05 03:15:00,0.022208,231.427,0.6563,49.986
Evening_High,2020-01-05 03:18:00,0.018884,230.664,0.5992,50.008
Evening_High,2020-01-05 03:21:00,0.018877,230.764,0.6039,50.001
Evening_High,2020-01-05 03:24:00,0.014966,230.66,0.5056,49.987
Evening_High,2020-01-05 03:27:00,0.023189,231.331,0.7049,49.987
Evening_High,2020-01-05 03:30:00,0.027909,232.072,0.7597,50.007
Evening_High,2020-01-05 03:33:00,0.029877,230.613,0.7704,49.996
Evening_High,2020-01-05 03:36:00,0.020332,230.368,0.6252,49.983
Evening_High,2020-01-05 03:39:00,0.026215,229.812,0.6604,49.986
Evening_High,2020-01-05 03:42:00,0.023731,230.776,0.6676,49.996
Evening_High,2020-01-05 03:45:00,0.021629,231.529,0.7168,50.002
Evening_High,2020-01-05 03:48:00,0.028065,229.73,0.751,49.998
Evening_High,2020-01-05 03:51:00,0.021941,230.287,0.7274,50.017
Evening_High,2020-01-05 03:54:00,0.012373,232.749,0.4748,49.999
Evening_High,2020-01-05 03:57:00,0.02046,229.761,0.6075,49.976
Evening_High,2020-01-05 04:00:00,0.017281,231.484,0.5373,50.006
Evening_High,2020-01-05 04:03:00,0.010608,231.643,0.4552,49.994
Evening_High,2020-01-05 04:06:00,0.024184,231.284,0.7588,50.011
Evening_High,2020-01-05 04:09:00,0.01183,229.886,0.4206,49.998
Evening_High,2020-01-05 04:12:00,0.026384,231.463,0.6737,49.989
Evening_High,2020-01-05 04:15:00,0.01986,230.984,0.5726,50.002
Evening_High,2020-01-05 04:18:00,0.021836,232.118,0.6285,50.002
Evening_High,2020-01-05 04:21:00,0.019939,231.596,0.5615,49.993
Evening_High,2020-01-05 04:24:00,0.021731,230.849,0.6787,49.982
Evening_High,2020-01-05 04:27:00,0.012445,231.533,0.4735,50.0
Evening_High,2020-01-05 04:30:00,0.028506,230.905,0.7566,49.996
Evening_High,2020-01-05 04:33:00,0.019291,229.735,0.6125,49.995
Evening_High,2020-01-05 04:36:00,0.01478,230.036,0.53,49.978
Evening_High,2020-01-05 04:39:00,0.024357,232.307,0.6198,49.985
Evening_High,2020-01-05 04:42:00,0.01485,231.844,0.5339,50.012
Evening_High,2020-01-05 04:45:00,0.017719,231.202,0.5564,49.996
Evening_High,2020-01-05 04:48:00,0.028148,230.435,0.7828,50.013
Evening_High,2020-01-05 04:51:00,0.016046,232.074,0.5132,49.994
Evening_High,2020-01-05 04:54:00,0.024604,229.88,0.6967,49.996
Evening_High,2020-01-05 04:57:00,0.018073,231.16,0.6328,50.016
Evening_High,2020-01-05 05:00:00,0.019201,231.557,0.5895,49.998
Evening_High,2020-01-05 05:03:00,0.015801,229.947,0.5474,49.983
Evening_High,2020-01-05 05:06:00,0.019356,232.219,0.5828,49.991
Evening_High,2020-01-05 05:09:00,0.020115,232.435,0.6509,49.982
Evening_High,2020-01-05 05:12:00,0.019828,232.051,0.587,50.015
Evening_High,2020-01-05 05:15:00,0.021209,230.107,0.6133,49.997
Evening_High,2020-01-05 05:18:00,0.01182,230.982,0.522,49.997
Evening_High,2020-01-05 05:21:00,0.020978,233.101,0.6361,50.013
Evening_High,2020-01-05 05:24:00,0.028855,230.705,0.7125,49.996
Evening_High,2020-01-05 05:27:00,0.020139,231.874,0.5733,49.984
Evening_High,2020-01-05 05:30:00,0.018769,230.899,0.6088,49.997
Evening_High,2020-01-05 05:33:00,0.017356,230.318,0.5306,49.997
Evening_High,2020-01-05 05:36:00,0.01552,230.163,0.5587,49.992
Evening_High,2020-01-05 05:39:00,0.013746,231.719,0.4735,49.978
Evening_High,2020-01-05 05:42:00,0.021074,230.845,0.6343,50.006
Evening_High,2020-01-05 05:45:00,0.02695,231.897,0.7146,50.004
Evening_High,2020-01-05 05:48:00,0.016948,231.511,0.5276,49.996
Evening_High,2020-01-05 05:51:00,0.011592,231.424,0.4269,50.0
Evening_High,2020-01-05 05:54:00,0.019518,230.789,0.6558,49.966
Evening_High,2020-01-05 05:57:00,0.015719,231.728,0.4674,50.0
Evening_High,2020-01-05 06:00:00,0.025551,230.511,0.7228,50.01
Evening_High,2020-01-05 06:03:00,0.022518,230.748,0.6911,49.993
Evening_High,2020-01-05 06:06:00,0.023209,231.065,0.6391,49.999
Evening_High,2020-01-05 06:09:00,0.026595,230.777,0.683,49.98
Evening_High,2020-01-05 06:12:00,0.011535,232.914,0.4519,49.993
Evening_High,2020-01-05 06:15:00,0.014852,231.659,0.5391,50.013
Evening_High,2020-01-05 06:18:00,0.019838,231.796,0.6555,50.0
Evening_High,2020-01-05 06:21:00,0.020403,231.063,0.6063,49.999
Evening_High,2020-01-05 06:24:00,0.019694,230.496,0.5978,50.01
Evening_High,2020-01-05 06:27:00,0.013429,231.83,0.4804,49.995
Evening_High,2020-01-05 06:30:00,0.01544,230.036,0.5541,50.012
Evening_High,2020-01-05 06:33:00,0.023968,230.688,0.6493,49.984
Evening_High,2020-01-05 06:36:00,0.019423,229.863,0.6289,49.992
Evening_High,2020-01-05 06:39:00,0.01703,231.908,0.5937,49.972
Evening_High,2020-01-05 06:42:00,0.015505,231.25,0.4952,50.016
Evening_High,2020-01-05 06:45:00,0.021175,231.806,0.6685,49.982
Evening_High,2020-01-05 06:48:00,0.029494,231.743,0.7148,49.991
Evening_High,2020-01-05 06:51:00,0.026726,231.102,0.6658,49.983
Evening_High,2020-01-05 06:54:00,0.031908,230.052,0.8495,49.998
Evening_High,2020-01-05 06:57:00,0.022972,231.666,0.6503,49.993
Evening_High,2020-01-05 07:00:00,0.020281,230.15,0.6007,49.987
Evening_High,2020-01-05 07:03:00,0.025848,230.183,0.6842,49.997
Evening_High,2020-01-05 07:06:00,0.01836,231.785,0.6597,49.996
Evening_High,2020-01-05 07:09:00,0.017038,230.774,0.5093,49.991
Evening_High,2020-01-05 07:12:00,0.016246,231.614,0.54,50.0
Evening_High,2020-01-05 07:15:00,0.018549,231.353,0.5653,49.972
Evening_High,2020-01-05 07:18:00,0.023337,231.415,0.6409,49.993
Evening_High,2020-01-05 07:21:00,0.018718,232.015,0.6002,49.991
Evening_High,2020-01-05 07:24:00,0.019912,228.984,0.5989,49.996
Evening_High,2020-01-05 07:27:00,0.016795,230.449,0.5571,49.991
Evening_High,2020-01-05 07:30:00,0.012762,231.627,0.4739,50.001
Evening_High,2020-01-05 07:33:00,0.020944,232.042,0.6139,50.007
Evening_High,2020-01-05 07:36:00,0.015715,231.735,0.5361,50.009
Evening_High,2020-01-05 07:39:00,0.030989,230.205,0.8082,50.015
Evening_High,2020-01-05 07:42:00,0.027962,232.117,0.7245,49.996
Evening_High,2020-01-05 07:45:00,0.022263,231.036,0.66,50.009
Evening_High,2020-01-05 07:48:00,0.014733,230.303,0.5405,49.986
Evening_High,2020-01-05 07:51:00,0.020523,230.639,0.5784,49.976
Evening_High,2020-01-05 07:54:00,0.019657,230.315,0.6564,50.006
Evening_High,2020-01-05 07:57:00,0.018779,232.01,0.6098,49.995
Evening_High,2020-01-05 08:00:00,0.015716,231.041,0.5603,49.987
Evening_High,2020-01-05 08:03:00,0.014143,230.958,0.5197,50.006
Evening_High,2020-01-05 08:06:00,0.026496,231.833,0.7561,50.007
Evening_High,2020-01-05 08:09:00,0.030265,231.453,0.7891,50.0
Evening_High,2020-01-05 08:12:00,0.012416,231.62,0.4188,49.993
Evening_High,2020-01-05 08:15:00,0.015189,229.916,0.5453,49.981
Evening_High,2020-01-05 08:18:00,0.015685,232.94,0.5007,50.007
Evening_High,2020-01-05 08:21:00,0.025697,230.991,0.6808,49.993
Evening_High,2020-01-05 08:24:00,0.022086,231.709,0.7135,49.993
Evening_High,2020-01-05 08:27:00,0.022124,231.64,0.6852,49.994
Evening_High,2020-01-05 08:30:00,0.016841,230.544,0.5497,50.009
Evening_High,2020-01-05 08:33:00,0.01184,231.572,0.455,50.004
Evening_High,2020-01-05 08:36:00,0.030495,230.341,0.8377,49.986
Evening_High,2020-01-05 08:39:00,0.022654,229.884,0.6891,49.997
Evening_High,2020-01-05 08:42:00,0.015674,230.697,0.5204,50.009
Evening_High,2020-01-05 08:45:00,0.025576,229.416,0.7288,50.008
Evening_High,2020-01-05 08:48:00,0.016881,230.623,0.5856,49.976
Evening_High,2020-01-05 08:51:00,0.016198,231.566,0.4866,49.988
Evening_High,2020-01-05 08:54:00,0.026335,230.494,0.709,49.993
Evening_High,2020-01-05 08:57:00,0.023879,229.122,0.6507,49.973
Evening_High,2020-01-05 09:00:00,0.021009,231.081,0.6298,50.0
Evening_High,2020-01-05 09:03:00,0.023166,230.122,0.5788,50.004
Evening_High,2020-01-05 09:06:00,0.02299,230.7,0.6316,49.99
Evening_High,2020-01-05 09:09:00,0.028615,230.027,0.7269,49.99
Evening_High,2020-01-05 09:12:00,0.027789,230.285,0.7227,49.988
Evening_High,2020-01-05 09:15:00,0.020531,230.881,0.6978,49.987
Evening_High,2020-01-05 09:18:00,0.023153,230.982,0.6769,49.982
Evening_High,2020-01-05 09:21:00,0.026239,230.85,0.7179,50.002
Evening_High,2020-01-05 09:24:00,0.017125,232.113,0.5367,50.009
Evening_High,2020-01-05 09:27:00,0.020827,232.107,0.6482,49.994
Evening_High,2020-01-05 09:30:00,0.024227,231.461,0.6627,50.002
Evening_High,2020-01-05 09:33:00,0.008836,231.73,0.4302,49.996
Evening_High,2020-01-05 09:36:00,0.029333,231.973,0.783,49.985
Evening_High,2020-01-05 09:39:00,0.022804,231.332,0.6045,50.003
Evening_High,2020-01-05 09:42:00,0.027416,230.496,0.7842,50.02
Evening_High,2020-01-05 09:45:00,0.013065,231.368,0.5214,50.004
Evening_High,2020-01-05 09:48:00,0.02466,230.403,0.6791,49.988
Evening_High,2020-01-05 09:51:00,0.023561,230.133,0.6932,49.993
Evening_High,2020-01-05 09:54:00,0.012145,232.357,0.4905,49.968
Evening_High,2020-01-05 09:57:00,0.023503,230.853,0.6581,49.989
Evening_High,2020-01-05 10:00:00,0.022996,229.796,0.6577,49.985
Evening_High,2020-01-05 10:03:00,0.029684,230.578,0.7975,49.986
Evening_High,2020-01-05 10:06:00,0.018833,231.626,0.6078,49.987
Evening_High,2020-01-05 10:09:00,0.032716,230.447,0.8311,50.009
Evening_High,2020-01-05 10:12:00,0.016197,232.46,0.5067,50.006
Evening_High,2020-01-05 10:15:00,0.024055,229.756,0.6995,50.016
Evening_High,2020-01-05 10:18:00,0.027064,231.113,0.7121,49.988
Evening_High,2020-01-05 10:21:00,0.018578,230.987,0.5814,50.009
Evening_High,2020-01-05 10:24:00,0.021794,230.067,0.6836,49.984
Evening_High,2020-01-05 10:27:00,0.028324,231.028,0.7286,49.993
Evening_High,2020-01-05 10:30:00,0.023218,231.99,0.635,49.974
Evening_High,2020-01-05 10:33:00,0.032113,230.017,0.8263,49.99
Evening_High,2020-01-05 10:36:00,0.029694,229.829,0.7614,49.992
Evening_High,2020-01-05 10:39:00,0.023427,231.847,0.7056,49.974
Evening_High,2020-01-05 10:42:00,0.021487,230.87,0.6183,49.988
Evening_High,2020-01-05 10:45:00,0.023477,229.803,0.6473,49.999
Evening_High,2020-01-05 10:48:00,0.027928,230.09,0.7494,49.986
Evening_High,2020-01-05 10:51:00,0.022297,230.61,0.63,50.0
Evening_High,2020-01-05 10:54:00,0.033778,229.771,0.7723,50.016
Evening_High,2020-01-05 10:57:00,0.018205,231.025,0.5451,49.987
Evening_High,2020-01-05 11:00:00,0.019373,231.275,0.5949,49.994
Evening_High,2020-01-05 11:03:00,0.02349,230.504,0.7589,49.967
Evening_High,2020-01-05 11:06:00,0.023833,230.296,0.6364,49.994
Evening_High,2020-01-05 11:09:00,0.028558,229.272,0.7195,50.006
Evening_High,2020-01-05 11:12:00,0.025379,230.611,0.7224,49.985
Evening_High,2020-01-05 11:15:00,0.029341,231.669,0.7065,49.991
Evening_High,2020-01-05 11:18:00,0.030697,230.765,0.783,49.99
Evening_High,2020-01-05 11:21:00,0.018904,229.658,0.6037,49.986
Evening_High,2020-01-05 11:24:00,0.025793,231.497,0.6818,49.973
Evening_High,2020-01-05 11:27:00,0.021697,232.225,0.6383,50.005
Evening_High,2020-01-05 11:30:00,0.021369,231.812,0.7008,49.976
Evening_High,2020-01-05 11:33:00,0.034056,231.569,0.8488,50.005
Evening_High,2020-01-05 11:36:00,0.028795,229.977,0.784,49.992
Evening_High,2020-01-05 11:39:00,0.02003,231.009,0.6361,49.999
Evening_High,2020-01-05 11:42:00,0.020236,230.34,0.5923,49.977
Evening_High,2020-01-05 11:45:00,0.031433,230.077,0.7711,50.007
Evening_High,2020-01-05 11:48:00,0.02787,230.272,0.7176,49.988
Evening_High,2020-01-05 11:51:00,0.031687,229.549,0.8631,50.013
Evening_High,2020-01-05 11:54:00,0.022706,231.222,0.6755,49.998
Evening_High,2020-01-05 11:57:00,0.025604,231.197,0.7139,49.997
Evening_High,2020-01-05 12:00:00,0.028046,231.184,0.7311,49.998
Evening_High,2020-01-05 12:03:00,0.03532,228.651,0.8172,49.979
Evening_High,2020-01-05 12:06:00,0.035109,230.905,0.9421,49.986
Evening_High,2020-01-05 12:09:00,0.022638,230.719,0.6896,49.99
Evening_High,2020-01-05 12:12:00,0.022774,229.244,0.6287,50.008
Evening_High,2020-01-05 12:15:00,0.017009,232.119,0.6325,49.983
Evening_High,2020-01-05 12:18:00,0.022073,231.445,0.7018,50.015
Evening_High,2020-01-05 12:21:00,0.034675,230.861,0.8525,49.991
Evening_High,2020-01-05 12:24:00,0.020901,231.22,0.6718,50.003
Evening_High,2020-01-05 12:27:00,0.042359,230.242,0.989,50.001
Evening_High,2020-01-05 12:30:00,0.030254,231.95,0.8121,49.981
Evening_High,2020-01-05 12:33:00,0.023657,230.396,0.7206,49.984
Evening_High,2020-01-05 12:36:00,0.024545,231.683,0.6621,49.994
Evening_High,2020-01-05 12:39:00,0.024375,231.078,0.723,49.982
Evening_High,2020-01-05 12:42:00,0.035185,229.411,0.8684,49.995
Evening_High,2020-01-05 12:45:00,0.032641,231.254,0.8528,49.993
Evening_High,2020-01-05 12:48:00,0.031583,231.278,0.8318,50.0
Evening_High,2020-01-05 12:51:00,0.043882,230.189,1.0405,49.987
Evening_High,2020-01-05 12:54:00,0.019518,230.754,0.591,49.986
Evening_High,2020-01-05 12:57:00,0.029845,230.21,0.8383,49.988
Evening_High,2020-01-05 13:00:00,0.038803,230.553,0.9719,49.979
Evening_High,2020-01-05 13:03:00,0.0194,231.337,0.6458,50.004
Evening_High,2020-01-05 13:06:00,0.034504,231.155,0.8762,49.992
Evening_High,2020-01-05 13:09:00,0.026011,230.272,0.7277,49.981
Evening_High,2020-01-05 13:12:00,0.029235,230.106,0.7779,49.998
Evening_High,2020-01-05 13:15:00,0.02816,231.711,0.7703,50.006
Evening_High,2020-01-05 13:18:00,0.031408,230.706,0.8271,49.981
Evening_High,2020-01-05 13:21:00,0.025389,229.467,0.7329,49.99
Evening_High,2020-01-05 13:24:00,0.033098,231.799,0.8772,49.987
Evening_High,2020-01-05 13:27:00,0.026087,232.104,0.7037,50.024
Evening_High,2020-01-05 13:30:00,0.033408,229.618,0.9128,49.993
Evening_High,2020-01-05 13:33:00,0.029509,232.357,0.7797,49.984
Evening_High,2020-01-05 13:36:00,0.039341,229.221,0.9377,49.984
Evening_High,2020-01-05 13:39:00,0.04096,230.66,1.0459,49.986
Evening_High,2020-01-05 13:42:00,0.0287,231.414,0.8529,49.998
Evening_High,2020-01-05 13:45:00,0.019581,231.521,0.5711,50.005
Evening_High,2020-01-05 13:48:00,0.033831,230.639,0.8136,50.005
Evening_High,2020-01-05 13:51:00,0.034754,229.112,0.9626,50.005
Evening_High,2020-01-05 13:54:00,0.037822,230.794,0.9321,49.989
Evening_High,2020-01-05 13:57:00,0.03212,230.909,0.8024,49.993
Evening_High,2020-01-05 14:00:00,0.033271,229.015,0.8273,49.991
Evening_High,2020-01-05 14:03:00,0.027468,231.003,0.7432,49.979
Evening_High,2020-01-05 14:06:00,0.023361,229.33,0.6898,50.001
Evening_High,2020-01-05 14:09:00,0.022906,229.5,0.7009,50.003
Evening_High,2020-01-05 14:12:00,0.026702,231.806,0.7201,49.985
Evening_High,2020-01-05 14:15:00,0.026832,230.789,0.754,49.986
Evening_High,2020-01-05 14:18:00,0.016673,231.89,0.5365,50.019
Evening_High,2020-01-05 14:21:00,0.032567,230.216,0.7784,49.982
Evening_High,2020-01-05 14:24:00,0.026878,229.732,0.689,49.98
Evening_High,2020-01-05 14:27:00,0.027664,230.834,0.7822,50.003
Evening_High,2020-01-05 14:30:00,0.037741,231.395,0.9253,49.98
Evening_High,2020-01-05 14:33:00,0.021437,230.65,0.6363,49.974
Evening_High,2020-01-05 14:36:00,0.04595,230.269,1.1085,50.012
Evening_High,2020-01-05 14:39:00,0.02921,230.326,0.7552,49.99
Evening_High,2020-01-05 14:42:00,0.020943,231.445,0.6107,49.997
Evening_High,2020-01-05 14:45:00,0.043165,231.088,0.9656,49.988
Evening_High,2020-01-05 14:48:00,0.028194,231.468,0.75,49.963
Evening_High,2020-01-05 14:51:00,0.025301,231.332,0.711,50.005
Evening_High,2020-01-05 14:54:00,0.051324,230.713,1.1403,49.975
Evening_High,2020-01-05 14:57:00,0.043307,231.786,0.9986,49.989
Evening_High,2020-01-05 15:00:00,0.033312,229.968,0.8331,50.001
Evening_High,2020-01-05 15:03:00,0.030573,231.268,0.7835,49.998
Evening_High,2020-01-05 15:06:00,0.030422,230.19,0.8104,49.989
Evening_High,2020-01-05 15:09:00,0.027492,231.246,0.769,49.987
Evening_High,2020-01-05 15:12:00,0.016218,230.353,0.5055,50.015
Evening_High,2020-01-05 15:15:00,0.036391,230.163,0.9056,49.98
Evening_High,2020-01-05 15:18:00,0.023352,230.483,0.6469,50.015
Evening_High,2020-01-05 15:21:00,0.015524,230.37,0.5254,49.999
Evening_High,2020-01-05 15:24:00,0.02521,231.095,0.7082,49.985
Evening_High,2020-01-05 15:27:00,0.034355,228.69,0.8572,49.992
Evening_High,2020-01-05 15:30:00,0.021693,231.364,0.6525,49.984
Evening_High,2020-01-05 15:33:00,0.024583,232.587,0.7258,50.004
Evening_High,2020-01-05 15:36:00,0.044147,228.883,1.0364,49.984
Evening_High,2020-01-05 15:39:00,0.042792,231.418,1.0423,49.979
Evening_High,2020-01-05 15:42:00,0.036062,229.505,0.8971,49.976
Evening_High,2020-01-05 15:45:00,0.036529,229.754,0.9202,49.985
Evening_High,2020-01-05 15:48:00,0.03671,230.39,0.9167,49.985
Evening_High,2020-01-05 15:51:00,0.019673,230.774,0.6652,49.998
Evening_High,2020-01-05 15:54:00,0.03859,229.087,0.9757,49.984
Evening_High,2020-01-05 15:57:00,0.03831,229.118,0.9274,49.969
Evening_High,2020-01-05 16:00:00,0.043524,230.367,1.0104,49.979
Evening_High,2020-01-05 16:03:00,0.044182,231.407,1.0391,49.995
Evening_High,2020-01-05 16:06:00,0.036153,230.439,0.8958,49.985
Evening_High,2020-01-05 16:09:00,0.033531,230.223,0.8385,50.01
Evening_High,2020-01-05 16:12:00,0.027274,230.852,0.6912,49.997
Evening_High,2020-01-05 16:15:00,0.04294,230.165,0.9694,50.009
Evening_High,2020-01-05 16:18:00,0.032785,229.447,0.8315,50.008
Evening_High,2020-01-05 16:21:00,0.023455,230.717,0.6834,50.007
Evening_High,2020-01-05 16:24:00,0.034472,230.624,0.8758,50.007
Evening_High,2020-01-05 16:27:00,0.012545,230.128,0.5017,50.0
Evening_High,2020-01-05 16:30:00,0.044715,229.278,1.0573,50.003
Evening_High,2020-01-05 16:33:00,0.03163,229.872,0.7815,49.995
Evening_High,2020-01-05 16:36:00,0.047685,229.077,1.1018,49.999
Evening_High,2020-01-05 16:39:00,0.025637,231.164,0.6811,50.01
Evening_High,2020-01-05 16:42:00,0.022322,229.76,0.6915,50.001
Evening_High,2020-01-05 16:45:00,0.055863,229.928,1.278,50.01
Evening_High,2020-01-05 16:48:00,0.051235,230.009,1.1989,49.993
Evening_High,2020-01-05 16:51:00,0.036419,229.807,0.924,49.986
Evening_High,2020-01-05 16:54:00,0.049494,229.596,1.1081,49.987
Evening_High,2020-01-05 16:57:00,0.02425,232.095,0.6655,49.995
Evening_High,2020-01-05 17:00:00,0.023081,230.626,0.6398,49.991
Evening_High,2020-01-05 17:03:00,0.042445,229.065,0.9867,49.988
Evening_High,2020-01-05 17:06:00,0.048148,230.01,1.1004,49.992
Evening_High,2020-01-05 17:09:00,0.051055,229.307,1.1598,49.982
Evening_High,2020-01-05 17:12:00,0.055146,231.942,1.2439,49.974
Evening_High,2020-01-05 17:15:00,0.039626,230.069,0.9124,50.01
Evening_High,2020-01-05 17:18:00,0.059008,229.238,1.3723,50.002
Evening_High,2020-01-05 17:21:00,0.059144,230.319,1.2898,50.002
Evening_High,2020-01-05 17:24:00,0.044046,229.736,1.0306,49.989
Evening_High,2020-01-05 17:27:00,0.05263,229.707,1.165,49.985
Evening_High,2020-01-05 17:30:00,0.052109,229.604,1.2199,49.966
Evening_High,2020-01-05 17:33:00,0.044369,231.134,1.1027,49.972
Evening_High,2020-01-05 17:36:00,0.05106,229.543,1.1042,49.962
Evening_High,2020-01-05 17:39:00,0.067867,229.739,1.5148,49.976
Evening_High,2020-01-05 17:42:00,0.041536,229.911,0.989,50.015
Evening_High,2020-01-05 17:45:00,0.058029,229.923,1.3476,50.002
Evening_High,2020-01-05 17:48:00,0.056669,229.576,1.2767,49.984
Evening_High,2020-01-05 17:51:00,0.073344,229.067,1.6108,49.992
Evening_High,2020-01-05 17:54:00,0.047058,230.779,1.0974,49.955
Evening_High,2020-01-05 17:57:00,0.043546,229.727,1.0388,49.982
Evening_High,2020-01-05 18:00:00,0.060293,227.893,1.3186,49.961
Evening_High,2020-01-05 18:03:00,0.056594,229.125,1.2868,49.985
Evening_High,2020-01-05 18:06:00,0.098296,227.009,1.9898,49.99
Evening_High,2020-01-05 18:09:00,0.105044,228.225,2.153,49.973
Evening_High,2020-01-05 18:12:00,0.067344,230.59,1.4292,49.998
Evening_High,2020-01-05 18:15:00,0.068408,228.371,1.4994,49.974
Evening_High,2020-01-05 18:18:00,0.074324,228.816,1.6573,49.998
Evening_High,2020-01-05 18:21:00,0.04142,229.887,1.0235,49.976
Evening_High,2020-01-05 18:24:00,0.067413,229.362,1.4938,49.985
Evening_High,2020-01-05 18:27:00,0.063422,227.899,1.3772,49.997
Evening_High,2020-01-05 18:30:00,0.081418,228.565,1.6595,49.979
Evening_High,2020-01-05 18:33:00,0.055378,229.618,1.2887,49.978
Evening_High,2020-01-05 18:36:00,0.045922,231.471,1.0425,49.974
Evening_High,2020-01-05 18:39:00,0.081525,227.427,1.6976,49.972
Evening_High,2020-01-05 18:42:00,0.065143,227.378,1.4202,49.991
Evening_High,2020-01-05 18:45:00,0.063095,228.784,1.397,49.985
Evening_High,2020-01-05 18:48:00,0.09931,227.523,2.0157,49.992
Evening_High,2020-01-05 18:51:00,0.091428,228.799,1.8992,49.964
Evening_High,2020-01-05 18:54:00,0.055714,229.148,1.2358,50.003
Evening_High,2020-01-05 18:57:00,0.108278,228.081,2.2657,49.988
Evening_High,2020-01-05 19:00:00,0.09415,226.745,1.9526,49.964
Evening_High,2020-01-05 19:03:00,0.094151,227.418,1.9749,49.981
Evening_High,2020-01-05 19:06:00,0.071833,228.306,1.5412,49.965
Evening_High,2020-01-05 19:09:00,0.083855,228.713,1.7588,49.979
Evening_High,2020-01-05 19:12:00,0.11522,227.551,2.3473,49.957
Evening_High,2020-01-05 19:15:00,0.073467,229.199,1.5531,49.979
Evening_High,2020-01-05 19:18:00,0.024152,231.53,0.6443,49.987
Evening_High,2020-01-05 19:21:00,0.028678,230.486,0.7443,49.99
Evening_High,2020-01-05 19:24:00,0.125999,226.175,2.4613,49.979
Evening_High,2020-01-05 19:27:00,0.067564,228.36,1.4475,49.988
Evening_High,2020-01-05 19:30:00,0.054364,230.058,1.2484,49.978
Evening_High,2020-01-05 19:33:00,0.096223,228.048,2.0378,49.989
Evening_High,2020-01-05 19:36:00,0.090366,225.866,1.8978,50.002
Evening_High,2020-01-05 19:39:00,0.070894,227.802,1.5263,49.979
Evening_High,2020-01-05 19:42:00,0.075898,227.707,1.6459,49.98
Evening_High,2020-01-05 19:45:00,0.063266,230.165,1.383,49.972
Evening_High,2020-01-05 19:48:00,0.110899,226.079,2.2223,49.981
Evening_High,2020-01-05 19:51:00,0.081127,227.561,1.7359,49.97
Evening_High,2020-01-05 19:54:00,0.069233,226.883,1.4895,49.973
Evening_High,2020-01-05 19:57:00,0.089817,227.126,1.897,49.97
Evening_High,2020-01-05 20:00:00,0.102577,227.109,2.0766,49.983
Evening_High,2020-01-05 20:03:00,0.083609,228.192,1.8106,49.964
Evening_High,2020-01-05 20:06:00,0.092435,228.207,1.9057,49.995
Evening_High,2020-01-05 20:09:00,0.113294,226.708,2.2759,49.954
Evening_High,2020-01-05 20:12:00,0.060619,229.428,1.3379,49.976
Evening_High,2020-01-05 20:15:00,0.07825,228.078,1.6589,50.008
Evening_High,2020-01-05 20:18:00,0.094423,227.704,1.9184,49.985
Evening_High,2020-01-05 20:21:00,0.124493,227.018,2.4902,49.953
Evening_High,2020-01-05 20:24:00,0.113578,226.244,2.3235,49.983
Evening_High,2020-01-05 20:27:00,0.10949,225.946,2.1976,49.988
Evening_High,2020-01-05 20:30:00,0.072959,229.053,1.57,49.992
Evening_High,2020-01-05 20:33:00,0.084138,228.248,1.8088,49.986
Evening_High,2020-01-05 20:36:00,0.097453,226.497,1.9592,49.966
Evening_High,2020-01-05 20:39:00,0.112736,225.677,2.268,49.957
Evening_High,2020-01-05 20:42:00,0.109466,227.838,2.316,49.98
Evening_High,2020-01-05 20:45:00,0.08822,228.478,1.8455,49.991
Evening_High,2020-01-05 20:48:00,0.10763,226.311,2.1937,49.966
Evening_High,2020-01-05 20:51:00,0.094808,226.636,1.91,49.972
Evening_High,2020-01-05 20:54:00,0.0694,227.427,1.5072,49.985
Evening_High,2020-01-05 20:57:00,0.094527,227.843,1.9048,49.992
Evening_High,2020-01-05 21:00:00,0.053848,228.779,1.1912,49.982
Evening_High,2020-01-05 21:03:00,0.100075,228.64,2.0876,49.961
Evening_High,2020-01-05 21:06:00,0.076727,228.944,1.6521,49.985
Evening_High,2020-01-05 21:09:00,0.046345,229.315,1.0563,49.986
Evening_High,2020-01-05 21:12:00,0.106236,226.189,2.1314,49.988
Evening_High,2020-01-05 21:15:00,0.07894,228.249,1.696,49.987
Evening_High,2020-01-05 21:18:00,0.098726,226.893,2.0379,49.977
Evening_High,2020-01-05 21:21:00,0.043976,229.905,1.0623,49.98
Evening_High,2020-01-05 21:24:00,0.055407,229.053,1.2685,49.996
Evening_High,2020-01-05 21:27:00,0.052739,229.82,1.2299,49.982
Evening_High,2020-01-05 21:30:00,0.067756,228.724,1.483,49.965
Evening_High,2020-01-05 21:33:00,0.077901,228.838,1.6914,49.993
Evening_High,2020-01-05 21:36:00,0.056501,230.756,1.3189,50.008
Evening_High,2020-01-05 21:39:00,0.0639,228.268,1.4386,49.978
Evening_High,2020-01-05 21:42:00,0.061691,229.062,1.326,49.967
Evening_High,2020-01-05 21:45:00,0.061351,230.042,1.3154,49.977
Evening_High,2020-01-05 21:48:00,0.064428,230.607,1.3418,49.994
Evening_High,2020-01-05 21:51:00,0.071761,228.062,1.5439,49.974
Evening_High,2020-01-05 21:54:00,0.058668,229.402,1.2546,49.991
Evening_High,2020-01-05 21:57:00,0.056313,231.069,1.23,49.99
Evening_High,2020-01-05 22:00:00,0.036328,230.298,0.9185,49.989
Evening_High,2020-01-05 22:03:00,0.053823,229.723,1.2477,49.984
Evening_High,2020-01-05 22:06:00,0.036031,230.943,0.8682,49.979
Evening_High,2020-01-05 22:09:00,0.015806,231.257,0.5742,49.983
Evening_High,2020-01-05 22:12:00,0.045746,231.017,1.1032,49.982
Evening_High,2020-01-05 22:15:00,0.060165,229.714,1.3237,49.985
Evening_High,2020-01-05 22:18:00,0.042815,227.626,0.9906,49.989
Evening_High,2020-01-05 22:21:00,0.054018,230.018,1.2531,50.006
Evening_High,2020-01-05 22:24:00,0.038177,229.936,0.9819,49.999
Evening_High,2020-01-05 22:27:00,0.040243,231.422,1.0075,49.986
Evening_High,2020-01-05 22:30:00,0.040834,230.211,0.9766,50.004
Evening_High,2020-01-05 22:33:00,0.045567,230.21,1.0468,49.999
Evening_High,2020-01-05 22:36:00,0.065681,230.479,1.4317,49.973
Evening_High,2020-01-05 22:39:00,0.040942,229.553,0.9998,49.96
Evening_High,2020-01-05 22:42:00,0.050819,228.93,1.1151,49.978
Evening_High,2020-01-05 22:45:00,0.047018,229.302,1.1095,49.991
Evening_High,2020-01-05 22:48:00,0.042176,229.947,0.9844,49.988
Evening_High,2020-01-05 22:51:00,0.034683,229.938,0.792,50.007
Evening_High,2020-01-05 22:54:00,0.02643,230.998,0.8111,50.004
Evening_High,2020-01-05 22:57:00,0.055951,230.038,1.2569,50.009
Evening_High,2020-01-05 23:00:00,0.027921,231.247,0.7766,49.992
Evening_High,2020-01-05 23:03:00,0.031119,229.685,0.8164,50.001
Evening_High,2020-01-05 23:06:00,0.020392,232.228,0.6355,49.989
Evening_High,2020-01-05 23:09:00,0.031572,231.499,0.8701,50.005
Evening_High,2020-01-05 23:12:00,0.025267,230.04,0.7054,49.995
Evening_High,2020-01-05 23:15:00,0.030113,230.428,0.7878,50.009
Evening_High,2020-01-05 23:18:00,0.027514,229.695,0.8084,49.965
Evening_High,2020-01-05 23:21:00,0.038797,230.464,0.9636,49.982
Evening_High,2020-01-05 23:24:00,0.038534,232.409,0.9556,50.012
Evening_High,2020-01-05 23:27:00,0.032146,228.874,0.8393,49.996
Evening_High,2020-01-05 23:30:00,0.031897,231.069,0.8478,49.985
Evening_High,2020-01-05 23:33:00,0.034888,228.955,0.871,49.981
Evening_High,2020-01-05 23:36:00,0.027249,230.56,0.7421,49.983
Evening_High,2020-01-05 23:39:00,0.022045,231.593,0.6093,49.997
Evening_High,2020-01-05 23:42:00,0.035091,229.502,0.9122,49.988
Evening_High,2020-01-05 23:45:00,0.029529,229.843,0.8231,49.998
Evening_High,2020-01-05 23:48:00,0.025762,231.579,0.7074,49.992
Evening_High,2020-01-05 23:51:00,0.027336,231.159,0.7393,49.97
Evening_High,2020-01-05 23:54:00,0.030625,230.281,0.7856,49.989
Evening_High,2020-01-05 23:57:00,0.03827,232.266,0.9215,49.99
Evening_High,2020-01-06 00:00:00,0.020352,232.478,0.6705,50.01
Evening_High,2020-01-06 00:03:00,0.017421,231.176,0.5818,49.994
Evening_High,2020-01-06 00:06:00,0.017738,232.166,0.5851,50.017
Evening_High,2020-01-06 00:09:00,0.022802,231.893,0.6565,49.984
Evening_High,2020-01-06 00:12:00,0.024603,229.993,0.7088,50.006
Evening_High,2020-01-06 00:15:00,0.022939,232.662,0.6223,50.014
Evening_High,2020-01-06 00:18:00,0.020191,230.792,0.6216,49.993
Evening_High,2020-01-06 00:21:00,0.018194,231.045,0.5615,49.987
Evening_High,2020-01-06 00:24:00,0.019752,229.704,0.5551,49.995
Evening_High,2020-01-06 00:27:00,0.023582,230.912,0.6481,49.989
Evening_High,2020-01-06 00:30:00,0.016561,230.906,0.5668,49.982
Evening_High,2020-01-06 00:33:00,0.026916,230.219,0.6804,49.987
Evening_High,2020-01-06 00:36:00,0.018854,230.698,0.6004,49.982
Evening_High,2020-01-06 00:39:00,0.016756,231.996,0.4824,49.989
Evening_High,2020-01-06 00:42:00,0.011421,229.548,0.4653,50.023
Evening_High,2020-01-06 00:45:00,0.025155,230.723,0.6874,49.989
Evening_High,2020-01-06 00:48:00,0.011504,232.058,0.4869,49.975
Evening_High,2020-01-06 00:51:00,0.017669,232.228,0.5703,49.967
Evening_High,2020-01-06 00:54:00,0.01455,231.962,0.566,49.995
Evening_High,2020-01-06 00:57:00,0.020822,230.104,0.5744,49.999
Evening_High,2020-01-06 01:00:00,0.014336,230.219,0.4893,50.001
Evening_High,2020-01-06 01:03:00,0.019899,230.966,0.5859,50.0
Evening_High,2020-01-06 01:06:00,0.017668,230.901,0.5608,49.99
Evening_High,2020-01-06 01:09:00,0.016487,230.824,0.5662,49.986
Evening_High,2020-01-06 01:12:00,0.01373,231.147,0.4992,49.973
Evening_High,2020-01-06 01:15:00,0.019905,231.433,0.638,50.003
Evening_High,2020-01-06 01:18:00,0.011477,231.797,0.3963,50.034
Evening_High,2020-01-06 01:21:00,0.02065,231.622,0.6945,49.988
Evening_High,2020-01-06 01:24:00,0.022941,230.556,0.6428,50.003
Evening_High,2020-01-06 01:27:00,0.022871,230.947,0.6118,50.014
Evening_High,2020-01-06 01:30:00,0.023008,229.479,0.6672,49.98
Evening_High,2020-01-06 01:33:00,0.010509,230.688,0.4321,49.996
Evening_High,2020-01-06 01:36:00,0.013392,231.822,0.4412,49.997
Evening_High,2020-01-06 01:39:00,0.012554,232.284,0.4093,50.03
Evening_High,2020-01-06 01:42:00,0.014575,231.734,0.5415,49.992
Evening_High,2020-01-06 01:45:00,0.016124,230.724,0.5372,49.982
Evening_High,2020-01-06 01:48:00,0.008105,232.116,0.3953,50.0
Evening_High,2020-01-06 01:51:00,0.017868,230.363,0.6152,49.984
Evening_High,2020-01-06 01:54:00,0.01348,231.19,0.5571,50.002
Evening_High,2020-01-06 01:57:00,0.013964,233.859,0.5369,50.002
Evening_High,2020-01-06 02:00:00,0.021016,229.897,0.5699,50.016
Evening_High,2020-01-06 02:03:00,0.019112,229.962,0.56,49.986
Evening_High,2020-01-06 02:06:00,0.02325,230.931,0.628,49.989
Evening_High,2020-01-06 02:09:00,0.012688,231.199,0.447,49.994
Evening_High,2020-01-06 02:12:00,0.019664,231.242,0.6684,49.991
Evening_High,2020-01-06 02:15:00,0.008682,231.417,0.3939,50.015
Evening_High,2020-01-06 02:18:00,0.01612,230.671,0.5476,49.972
Evening_High,2020-01-06 02:21:00,0.019335,231.492,0.6323,50.027
Evening_High,2020-01-06 02:24:00,0.017594,231.871,0.6004,49.998
Evening_High,2020-01-06 02:27:00,0.020505,230.152,0.5996,49.978
Evening_High,2020-01-06 02:30:00,0.019612,231.445,0.5771,49.981
Evening_High,2020-01-06 02:33:00,0.010398,230.571,0.4492,49.989
Evening_High,2020-01-06 02:36:00,0.010168,233.115,0.4692,50.018
Evening_High,2020-01-06 02:39:00,0.023949,230.18,0.6403,49.993
Evening_High,2020-01-06 02:42:00,0.02041,229.719,0.6142,50.004
Evening_High,2020-01-06 02:45:00,0.018312,230.723,0.6041,50.004
Evening_High,2020-01-06 02:48:00,0.011877,229.935,0.3923,50.003
Evening_High,2020-01-06 02:51:00,0.021113,231.754,0.6541,50.008
Evening_High,2020-01-06 02:54:00,0.013364,231.06,0.4669,49.988
Evening_High,2020-01-06 02:57:00,0.016132,232.424,0.4991,50.006
Evening_High,2020-01-06 03:00:00,0.018302,232.3,0.6167,49.995
Evening_High,2020-01-06 03:03:00,0.021961,231.798,0.6169,50.006
Evening_High,2020-01-06 03:06:00,0.010964,230.54,0.4281,50.023
Evening_High,2020-01-06 03:09:00,0.013229,230.616,0.4003,49.994
Evening_High,2020-01-06 03:12:00,0.014122,231.181,0.5086,49.982
Evening_High,2020-01-06 03:15:00,0.01304,231.797,0.4866,49.985
Evening_High,2020-01-06 03:18:00,0.024198,231.363,0.7521,49.987
Evening_High,2020-01-06 03:21:00,0.015297,230.218,0.5695,50.0
Evening_High,2020-01-06 03:24:00,0.017261,231.537,0.5728,50.013
Evening_High,2020-01-06 03:27:00,0.015065,232.216,0.5187,50.005
Evening_High,2020-01-06 03:30:00,0.018493,228.973,0.6347,49.974
Evening_High,2020-01-06 03:33:00,0.008994,231.662,0.3688,49.996
Evening_High,2020-01-06 03:36:00,0.013257,230.175,0.4539,50.006
Evening_High,2020-01-06 03:39:00,0.012436,232.412,0.4613,49.995
Evening_High,2020-01-06 03:42:00,0.023668,231.4,0.7066,49.993
Evening_High,2020-01-06 03:45:00,0.017278,231.758,0.5823,49.994
Evening_High,2020-01-06 03:48:00,0.015205,230.453,0.5369,50.007
Evening_High,2020-01-06 03:51:00,0.012345,231.442,0.4844,50.001
Evening_High,2020-01-06 03:54:00,0.017105,230.981,0.4924,50.004
Evening_High,2020-01-06 03:57:00,0.021509,230.802,0.5978,49.979
Evening_High,2020-01-06 04:00:00,0.0207,230.104,0.6537,50.016
Evening_High,2020-01-06 04:03:00,0.018613,232.727,0.6218,49.987
Evening_High,2020-01-06 04:06:00,0.015503,231.05,0.5319,50.01
Evening_High,2020-01-06 04:09:00,0.008723,231.549,0.3973,50.014
Evening_High,2020-01-06 04:12:00,0.019662,231.659,0.5854,49.967
Evening_High,2020-01-06 04:15:00,0.01119,232.029,0.4786,50.013
Evening_High,2020-01-06 04:18:00,0.021117,230.336,0.6071,49.989
Evening_High,2020-01-06 04:21:00,0.014178,231.115,0.5287,50.014
Evening_High,2020-01-06 04:24:00,0.009737,233.79,0.4147,49.999
Evening_High,2020-01-06 04:27:00,0.018891,231.317,0.5569,49.993
Evening_High,2020-01-06 04:30:00,0.012578,230.676,0.4338,49.978
Evening_High,2020-01-06 04:33:00,0.023584,231.061,0.7809,49.978
Evening_High,2020-01-06 04:36:00,0.017398,231.462,0.5463,50.023
Evening_High,2020-01-06 04:39:00,0.020327,231.306,0.5894,50.017
Evening_High,2020-01-06 04:42:00,0.012576,231.862,0.4701,50.008
Evening_High,2020-01-06 04:45:00,0.014743,232.568,0.528,49.995
Evening_High,2020-01-06 04:48:00,0.017487,232.022,0.5398,50.007
Evening_High,2020-01-06 04:51:00,0.010268,231.597,0.4163,50.011
Evening_High,2020-01-06 04:54:00,0.01594,231.335,0.6007,49.999
Evening_High,2020-01-06 04:57:00,0.022972,231.551,0.6184,49.989
Evening_High,2020-01-06 05:00:00,0.013864,230.697,0.4819,49.986
Evening_High,2020-01-06 05:03:00,0.02497,230.922,0.6891,49.999
Evening_High,2020-01-06 05:06:00,0.011604,230.624,0.4564,50.012
Evening_High,2020-01-06 05:09:00,0.013285,229.521,0.515,49.994
Evening_High,2020-01-06 05:12:00,0.018038,231.14,0.603,49.968
Evening_High,2020-01-06 05:15:00,0.019343,230.745,0.5608,49.991
Evening_High,2020-01-06 05:18:00,0.008765,232.402,0.3904,50.005
Evening_High,2020-01-06 05:21:00,0.017788,231.632,0.5952,50.001
Evening_High,2020-01-06 05:24:00,0.021404,230.15,0.6344,49.993
Evening_High,2020-01-06 05:27:00,0.01718,231.774,0.5742,49.995
Evening_High,2020-01-06 05:30:00,0.022617,231.019,0.6498,49.991
Evening_High,2020-01-06 05:33:00,0.018179,230.255,0.5514,50.002
Evening_High,2020-01-06 05:36:00,0.012348,232.615,0.4751,50.02
Evening_High,2020-01-06 05:39:00,0.008357,231.822,0.401,50.009
Evening_High,2020-01-06 05:42:00,0.021395,231.251,0.5879,50.008
Evening_High,2020-01-06 05:45:00,0.012421,232.591,0.4664,50.013
Evening_High,2020-01-06 05:48:00,0.009741,232.61,0.4001,50.013
Evening_High,2020-01-06 05:51:00,0.02067,231.18,0.5879,50.013
Evening_High,2020-01-06 05:54:00,0.010844,231.907,0.4831,50.009
Evening_High,2020-01-06 05:57:00,0.018135,231.692,0.5508,50.006
Evening_High,2020-01-06 06:00:00,0.024027,231.514,0.6699,49.997
Evening_High,2020-01-06 06:03:00,0.011501,230.993,0.4542,49.99
Evening_High,2020-01-06 06:06:00,0.009685,230.826,0.4845,49.997
Evening_High,2020-01-06 06:09:00,0.021727,231.556,0.6194,49.979
Evening_High,2020-01-06 06:12:00,0.015428,231.034,0.5479,49.973
Evening_High,2020-01-06 06:15:00,0.01721,231.431,0.5336,49.991
Evening_High,2020-01-06 06:18:00,0.017951,231.78,0.5618,49.99
Evening_High,2020-01-06 06:21:00,0.02168,231.477,0.6278,49.967
Evening_High,2020-01-06 06:24:00,0.011011,232.04,0.4739,50.008
Evening_High,2020-01-06 06:27:00,0.022099,230.812,0.6189,50.007
Evening_High,2020-01-06 06:30:00,0.013511,230.301,0.4488,49.998
Evening_High,2020-01-06 06:33:00,0.017036,230.762,0.576,49.984
Evening_High,2020-01-06 06:36:00,0.020177,231.829,0.6221,50.003
Evening_High,2020-01-06 06:39:00,0.011969,230.983,0.4198,50.0
Evening_High,2020-01-06 06:42:00,0.014615,231.108,0.527,49.994
Evening_High,2020-01-06 06:45:00,0.011172,229.903,0.4161,50.019
Evening_High,2020-01-06 06:48:00,0.017705,229.714,0.5119,49.99
Evening_High,2020-01-06 06:51:00,0.016332,232.232,0.6276,49.989
Evening_High,2020-01-06 06:54:00,0.022052,231.42,0.6915,49.998
Evening_High,2020-01-06 06:57:00,0.025051,231.965,0.6611,49.994
Evening_High,2020-01-06 07:00:00,0.012685,230.013,0.4482,50.008
Evening_High,2020-01-06 07:03:00,0.009866,231.529,0.414,49.987
Evening_High,2020-01-06 07:06:00,0.011385,231.365,0.438,50.003
Evening_High,2020-01-06 07:09:00,0.010362,230.703,0.4655,49.962
Evening_High,2020-01-06 07:12:00,0.015134,232.954,0.5314,49.994
Evening_High,2020-01-06 07:15:00,0.014918,232.022,0.4313,50.018
Evening_High,2020-01-06 07:18:00,0.013247,230.77,0.4911,50.009
Evening_High,2020-01-06 07:21:00,0.0168,230.841,0.5655,49.989
Evening_High,2020-01-06 07:24:00,0.020375,230.757,0.5941,50.006
Evening_High,2020-01-06 07:27:00,0.021196,230.773,0.655,49.968
Evening_High,2020-01-06 07:30:00,0.017455,232.936,0.5249,49.999
Evening_High,2020-01-06 07:33:00,0.021182,231.668,0.6171,49.993
Evening_High,2020-01-06 07:36:00,0.011225,231.925,0.4127,50.021
Evening_High,2020-01-06 07:39:00,0.020398,230.928,0.6719,50.005
Evening_High,2020-01-06 07:42:00,0.012759,232.367,0.4608,50.0
Evening_High,2020-01-06 07:45:00,0.01619,231.745,0.5808,50.014
Evening_High,2020-01-06 07:48:00,0.014528,232.08,0.5479,49.994
Evening_High,2020-01-06 07:51:00,0.0173,230.355,0.575,50.005
Evening_High,2020-01-06 07:54:00,0.015859,231.06,0.6106,49.991
Evening_High,2020-01-06 07:57:00,0.016362,230.619,0.4984,49.989
Evening_High,2020-01-06 08:00:00,0.02141,230.975,0.6334,49.982
Evening_High,2020-01-06 08:03:00,0.026907,230.723,0.75,49.983
Evening_High,2020-01-06 08:06:00,0.013252,230.747,0.5136,49.986
Evening_High,2020-01-06 08:09:00,0.012927,230.357,0.4935,49.982
Evening_High,2020-01-06 08:12:00,0.018903,231.005,0.5921,50.0
Evening_High,2020-01-06 08:15:00,0.022453,231.291,0.6618,50.001
Evening_High,2020-01-06 08:18:00,0.025173,231.498,0.6835,49.973
Evening_High,2020-01-06 08:21:00,0.014618,231.539,0.4893,49.984
Evening_High,2020-01-06 08:24:00,0.015546,231.133,0.5384,49.997
Evening_High,2020-01-06 08:27:00,0.011258,232.155,0.4218,50.006
Evening_High,2020-01-06 08:30:00,0.011209,232.292,0.4132,50.001
Evening_High,2020-01-06 08:33:00,0.014713,231.941,0.4653,49.993
Evening_High,2020-01-06 08:36:00,0.020423,230.478,0.622,50.002
Evening_High,2020-01-06 08:39:00,0.016312,231.372,0.5507,50.004
Evening_High,2020-01-06 08:42:00,0.016717,230.22,0.602,50.016
Evening_High,2020-01-06 08:45:00,0.016405,232.087,0.5715,50.007
Evening_High,2020-01-06 08:48:00,0.010138,231.154,0.4651,50.001
Evening_High,2020-01-06 08:51:00,0.016056,230.8,0.614,49.999
Evening_High,2020-01-06 08:54:00,0.017175,231.454,0.5877,49.991
Evening_High,2020-01-06 08:57:00,0.015867,229.628,0.5652,49.977
Evening_High,2020-01-06 09:00:00,0.011659,230.951,0.5023,50.017
Evening_High,2020-01-06 09:03:00,0.017536,229.908,0.478,49.993
Evening_High,2020-01-06 09:06:00,0.018201,231.646,0.5728,50.001
Evening_High,2020-01-06 09:09:00,0.017695,232.028,0.5314,50.004
Evening_High,2020-01-06 09:12:00,0.020934,230.576,0.605,50.006
Evening_High,2020-01-06 09:15:00,0.010941,231.58,0.4132,50.014
Evening_High,2020-01-06 09:18:00,0.008167,232.38,0.369,50.013
Evening_High,2020-01-06 09:21:00,0.02093,232.775,0.6053,49.994
Evening_High,2020-01-06 09:24:00,0.015167,231.437,0.5447,49.995
Evening_High,2020-01-06 09:27:00,0.022776,231.513,0.6719,49.984
Evening_High,2020-01-06 09:30:00,0.01396,231.704,0.475,49.994
Evening_High,2020-01-06 09:33:00,0.00749,232.209,0.4023,50.002
Evening_High,2020-01-06 09:36:00,0.018977,230.694,0.5747,49.998
Evening_High,2020-01-06 09:39:00,0.019158,230.016,0.6097,49.976
Evening_High,2020-01-06 09:42:00,0.025837,230.674,0.7763,49.972
Evening_High,2020-01-06 09:45:00,0.02425,228.501,0.7623,49.981
Evening_High,2020-01-06 09:48:00,0.015788,230.974,0.5539,50.0
Evening_High,2020-01-06 09:51:00,0.024621,229.991,0.7208,50.013
Evening_High,2020-01-06 09:54:00,0.008119,232.561,0.4219,49.986
Evening_High,2020-01-06 09:57:00,0.016813,230.945,0.5378,49.971
Evening_High,2020-01-06 10:00:00,0.027899,229.362,0.7814,49.987
Evening_High,2020-01-06 10:03:00,0.013323,230.725,0.4521,49.984
Evening_High,2020-01-06 10:06:00,0.019409,228.488,0.5844,49.993
Evening_High,2020-01-06 10:09:00,0.013935,230.562,0.4862,49.996
Evening_High,2020-01-06 10:12:00,0.020366,232.933,0.5954,49.988
Evening_High,2020-01-06 10:15:00,0.028979,229.777,0.8393,50.002
Evening_High,2020-01-06 10:18:00,0.02185,229.986,0.6058,49.997
Evening_High,2020-01-06 10:21:00,0.018216,230.997,0.6273,49.98
Evening_High,2020-01-06 10:24:00,0.018381,233.597,0.5503,50.024
Evening_High,2020-01-06 10:27:00,0.027514,232.062,0.7546,50.008
Evening_High,2020-01-06 10:30:00,0.016377,229.736,0.5661,50.01
Evening_High,2020-01-06 10:33:00,0.013776,231.671,0.4858,49.987
Evening_High,2020-01-06 10:36:00,0.008305,232.551,0.3358,49.989
Evening_High,2020-01-06 10:39:00,0.009867,231.279,0.4212,49.998
Evening_High,2020-01-06 10:42:00,0.023856,230.737,0.6741,50.026
Evening_High,2020-01-06 10:45:00,0.024006,231.381,0.684,49.982
Evening_High,2020-01-06 10:48:00,0.019169,230.437,0.6107,49.992
Evening_High,2020-01-06 10:51:00,0.022361,230.687,0.7204,49.982
Evening_High,2020-01-06 10:54:00,0.014578,231.198,0.5099,50.025
Evening_High,2020-01-06 10:57:00,0.018549,231.846,0.6209,50.01
Evening_High,2020-01-06 11:00:00,0.024837,231.507,0.6718,50.002
Evening_High,2020-01-06 11:03:00,0.022301,232.017,0.6139,50.003
Evening_High,2020-01-06 11:06:00,0.010161,230.295,0.4413,49.997
Evening_High,2020-01-06 11:09:00,0.024252,230.547,0.7177,49.977
Evening_High,2020-01-06 11:12:00,0.029236,231.083,0.7635,49.99
Evening_High,2020-01-06 11:15:00,0.019875,231.495,0.6426,49.995
Evening_High,2020-01-06 11:18:00,0.018013,230.919,0.596,49.995
Evening_High,2020-01-06 11:21:00,0.0191,230.755,0.6008,49.996
Evening_High,2020-01-06 11:24:00,0.021342,230.297,0.62,49.987
Evening_High,2020-01-06 11:27:00,0.012579,230.304,0.4574,49.998
Evening_High,2020-01-06 11:30:00,0.010057,232.488,0.3984,49.996
Evening_High,2020-01-06 11:33:00,0.028949,230.346,0.8004,49.993
Evening_High,2020-01-06 11:36:00,0.021855,229.828,0.6385,50.006
Evening_High,2020-01-06 11:39:00,0.016978,231.138,0.5607,49.984
Evening_High,2020-01-06 11:42:00,0.032183,231.097,0.8198,49.992
Evening_High,2020-01-06 11:45:00,0.025822,230.195,0.7119,50.0
Evening_High,2020-01-06 11:48:00,0.027204,229.68,0.6882,49.966
Evening_High,2020-01-06 11:51:00,0.019294,231.841,0.608,49.978
Evening_High,2020-01-06 11:54:00,0.027768,231.224,0.7366,50.008
Evening_High,2020-01-06 11:57:00,0.023532,230.069,0.7119,50.0
Evening_High,2020-01-06 12:00:00,0.022143,228.736,0.6283,49.99
Evening_High,2020-01-06 12:03:00,0.022954,230.132,0.7245,49.991
Evening_High,2020-01-06 12:06:00,0.028691,229.869,0.7712,49.997
Evening_High,2020-01-06 12:09:00,0.017182,231.422,0.6372,49.991
Evening_High,2020-01-06 12:12:00,0.027939,231.289,0.7297,49.976
Evening_High,2020-01-06 12:15:00,0.031159,230.18,0.8076,49.99
Evening_High,2020-01-06 12:18:00,0.027685,229.999,0.69,49.988
Evening_High,2020-01-06 12:21:00,0.012616,231.57,0.4962,50.01
Evening_High,2020-01-06 12:24:00,0.022393,231.278,0.5957,50.006
Evening_High,2020-01-06 12:27:00,0.02438,231.553,0.6773,50.007
Evening_High,2020-01-06 12:30:00,0.013478,231.509,0.4342,50.007
Evening_High,2020-01-06 12:33:00,0.024639,230.085,0.6806,49.993
Evening_High,2020-01-06 12:36:00,0.025476,232.002,0.7124,49.99
Evening_High,2020-01-06 12:39:00,0.01509,230.916,0.5279,49.984
Evening_High,2020-01-06 12:42:00,0.012299,230.852,0.4346,50.003
Evening_High,2020-01-06 12:45:00,0.034172,230.515,0.8999,50.0
Evening_High,2020-01-06 12:48:00,0.026554,229.924,0.6959,50.001
Evening_High,2020-01-06 12:51:00,0.024003,231.043,0.6942,50.008
Evening_High,2020-01-06 12:54:00,0.038874,230.093,0.9379,50.022
Evening_High,2020-01-06 12:57:00,0.020852,231.281,0.647,50.001
Evening_High,2020-01-06 13:00:00,0.023807,229.72,0.7049,49.973
Evening_High,2020-01-06 13:03:00,0.013572,231.996,0.4399,49.995
Evening_High,2020-01-06 13:06:00,0.027489,229.397,0.7404,49.998
Evening_High,2020-01-06 13:09:00,0.020231,231.178,0.6337,50.0
Evening_High,2020-01-06 13:12:00,0.021039,230.117,0.6441,50.0
Evening_High,2020-01-06 13:15:00,0.025161,231.243,0.75,49.986
Evening_High,2020-01-06 13:18:00,0.028998,230.322,0.7541,49.972
Evening_High,2020-01-06 13:21:00,0.031724,231.413,0.7654,49.985
Evening_High,2020-01-06 13:24:00,0.026021,230.901,0.7815,49.986
Evening_High,2020-01-06 13:27:00,0.021223,230.1,0.6161,49.998
Evening_High,2020-01-06 13:30:00,0.027439,231.295,0.7517,49.987
Evening_High,2020-01-06 13:33:00,0.027696,231.136,0.7724,49.987
Evening_High,2020-01-06 13:36:00,0.022525,231.514,0.634,49.996
Evening_High,2020-01-06 13:39:00,0.026152,231.272,0.7885,49.988
Evening_High,2020-01-06 13:42:00,0.021335,230.861,0.6637,50.014
Evening_High,2020-01-06 13:45:00,0.02567,230.338,0.6788,49.987
Evening_High,2020-01-06 13:48:00,0.029223,230.99,0.8554,49.973
Evening_High,2020-01-06 13:51:00,0.026569,230.62,0.7481,50.0
Evening_High,2020-01-06 13:54:00,0.028878,230.749,0.816,49.999
Evening_High,2020-01-06 13:57:00,0.027788,230.771,0.6483,49.975
Evening_High,2020-01-06 14:00:00,0.01994,232.022,0.5955,49.992
Evening_High,2020-01-06 14:03:00,0.021078,232.22,0.6416,50.007
Evening_High,2020-01-06 14:06:00,0.032598,229.774,0.7778,49.997
Evening_High,2020-01-06 14:09:00,0.027891,231.864,0.8247,49.987
Evening_High,2020-01-06 14:12:00,0.025965,231.324,0.7423,49.986
Evening_High,2020-01-06 14:15:00,0.022403,230.211,0.721,49.995
Evening_High,2020-01-06 14:18:00,0.027271,230.449,0.7201,50.001
Evening_High,2020-01-06 14:21:00,0.023752,230.136,0.6983,50.013
Evening_High,2020-01-06 14:24:00,0.033103,231.004,0.851,49.993
Evening_High,2020-01-06 14:27:00,0.025913,231.117,0.6645,49.984
Evening_High,2020-01-06 14:30:00,0.021871,229.392,0.6766,50.006
Evening_High,2020-01-06 14:33:00,0.036007,229.866,0.8642,49.985
Evening_High,2020-01-06 14:36:00,0.025923,230.83,0.765,49.996
Evening_High,2020-01-06 14:39:00,0.018989,230.854,0.5355,49.988
Evening_High,2020-01-06 14:42:00,0.022,231.614,0.6663,49.986
Evening_High,2020-01-06 14:45:00,0.023293,231.823,0.7248,50.0
Evening_High,2020-01-06 14:48:00,0.029536,229.701,0.8045,49.992
Evening_High,2020-01-06 14:51:00,0.026509,232.621,0.6895,50.009
Evening_High,2020-01-06 14:54:00,0.026868,230.88,0.6568,49.975
Evening_High,2020-01-06 14:57:00,0.034002,230.839,0.8595,49.984
Evening_High,2020-01-06 15:00:00,0.023823,230.772,0.7085,49.968
Evening_High,2020-01-06 15:03:00,0.025163,230.811,0.6698,49.969
Evening_High,2020-01-06 15:06:00,0.032411,230.372,0.8691,49.981
Evening_High,2020-01-06 15:09:00,0.020269,230.191,0.5825,50.009
Evening_High,2020-01-06 15:12:00,0.035079,230.811,0.8864,49.972
Evening_High,2020-01-06 15:15:00,0.033605,230.355,0.8141,49.981
Evening_High,2020-01-06 15:18:00,0.027993,230.706,0.7695,49.981
Evening_High,2020-01-06 15:21:00,0.025808,231.363,0.7648,49.999
Evening_High,2020-01-06 15:24:00,0.027232,231.035,0.7257,49.999
Evening_High,2020-01-06 15:27:00,0.021945,233.364,0.7143,49.974
Evening_High,2020-01-06 15:30:00,0.029771,231.301,0.7894,49.993
Evening_High,2020-01-06 15:33:00,0.015453,230.796,0.5242,50.025
Evening_High,2020-01-06 15:36:00,0.029648,229.602,0.8281,50.005
Evening_High,2020-01-06 15:39:00,0.033695,230.606,0.9049,49.989
Evening_High,2020-01-06 15:42:00,0.022684,231.249,0.6834,50.012
Evening_High,2020-01-06 15:45:00,0.02562,230.95,0.7023,50.0
Evening_High,2020-01-06 15:48:00,0.019157,230.382,0.5438,49.998
Evening_High,2020-01-06 15:51:00,0.030526,230.935,0.7781,49.986
Evening_High,2020-01-06 15:54:00,0.020565,231.268,0.6276,50.013
Evening_High,2020-01-06 15:57:00,0.02182,230.904,0.6547,49.997
Evening_High,2020-01-06 16:00:00,0.010826,232.096,0.4302,50.015
Evening_High,2020-01-06 16:03:00,0.03503,230.956,0.8639,49.999
Evening_High,2020-01-06 16:06:00,0.017504,231.377,0.6153,50.001
Evening_High,2020-01-06 16:09:00,0.033318,229.727,0.8757,49.98
Evening_High,2020-01-06 16:12:00,0.021485,230.476,0.6463,49.987
Evening_High,2020-01-06 16:15:00,0.022948,231.806,0.6574,49.999
Evening_High,2020-01-06 16:18:00,0.035865,230.12,0.8057,49.992
Evening_High,2020-01-06 16:21:00,0.041931,229.729,1.0395,49.993
Evening_High,2020-01-06 16:24:00,0.040957,229.417,1.0128,49.978
Evening_High,2020-01-06 16:27:00,0.02284,231.4,0.5909,49.986
Evening_High,2020-01-06 16:30:00,0.02085,231.145,0.6276,49.985
Evening_High,2020-01-06 16:33:00,0.023399,230.437,0.6508,49.983
Evening_High,2020-01-06 16:36:00,0.059664,229.213,1.3084,49.981
Evening_High,2020-01-06 16:39:00,0.030657,228.32,0.8027,49.988
Evening_High,2020-01-06 16:42:00,0.0223,230.503,0.639,49.994
Evening_High,2020-01-06 16:45:00,0.034066,230.522,0.9113,49.993
Evening_High,2020-01-06 16:48:00,0.031315,229.986,0.8718,49.986
Evening_High,2020-01-06 16:51:00,0.035636,230.244,0.8266,50.001
Evening_High,2020-01-06 16:54:00,0.029904,230.851,0.7841,50.003
Evening_High,2020-01-06 16:57:00,0.0505,229.008,1.1684,50.001
Evening_High,2020-01-06 17:00:00,0.04188,230.499,1.0494,50.008
Evening_High,2020-01-06 17:03:00,0.043061,230.393,1.0129,49.967
Evening_High,2020-01-06 17:06:00,0.036595,230.024,0.9076,49.99
Evening_High,2020-01-06 17:09:00,0.045165,229.339,1.1093,50.002
Evening_High,2020-01-06 17:12:00,0.032785,229.967,0.8371,49.999
Evening_High,2020-01-06 17:15:00,0.041055,230.269,1.0336,49.997
Evening_High,2020-01-06 17:18:00,0.017114,232.279,0.5043,49.98
Evening_High,2020-01-06 17:21:00,0.043092,229.95,1.0267,49.988
Evening_High,2020-01-06 17:24:00,0.055592,229.626,1.2734,49.986
Evening_High,2020-01-06 17:27:00,0.048949,228.799,1.1501,49.992
Evening_High,2020-01-06 17:30:00,0.017863,229.616,0.5125,49.972
Evening_High,2020-01-06 17:33:00,0.061174,229.731,1.3877,49.954
Evening_High,2020-01-06 17:36:00,0.046188,229.833,1.1209,49.962
Evening_High,2020-01-06 17:39:00,0.069594,228.351,1.4804,49.989
Evening_High,2020-01-06 17:42:00,0.047428,229.176,1.0315,49.992
Evening_High,2020-01-06 17:45:00,0.025071,229.597,0.6962,50.004
Evening_High,2020-01-06 17:48:00,0.077627,227.936,1.602,49.989
Evening_High,2020-01-06 17:51:00,0.072766,227.643,1.5203,49.988
Evening_High,2020-01-06 17:54:00,0.030538,231.083,0.7912,49.977
Evening_High,2020-01-06 17:57:00,0.054825,228.844,1.2441,49.995
Evening_High,2020-01-06 18:00:00,0.049708,230.886,1.1707,50.001
Evening_High,2020-01-06 18:03:00,0.046332,230.695,1.0992,49.991
Evening_High,2020-01-06 18:06:00,0.061432,228.804,1.3575,49.982
Evening_High,2020-01-06 18:09:00,0.078827,227.213,1.6059,49.994
Evening_High,2020-01-06 18:12:00,0.059534,229.528,1.4039,49.991
Evening_High,2020-01-06 18:15:00,0.042362,229.975,1.0627,49.996
Evening_High,2020-01-06 18:18:00,0.076451,228.249,1.6508,49.977
Evening_High,2020-01-06 18:21:00,0.024736,230.734,0.701,50.01
Evening_High,2020-01-06 18:24:00,0.050594,230.041,1.1115,49.979
Evening_High,2020-01-06 18:27:00,0.074074,229.057,1.5422,49.972
Evening_High,2020-01-06 18:30:00,0.024179,230.768,0.6562,50.0
Evening_High,2020-01-06 18:33:00,0.028726,229.704,0.8296,50.0
Evening_High,2020-01-06 18:36:00,0.0973,229.011,2.036,49.973
Evening_High,2020-01-06 18:39:00,0.046295,230.699,1.0373,50.009
Evening_High,2020-01-06 18:42:00,0.077307,228.596,1.6925,49.983
Evening_High,2020-01-06 18:45:00,0.080327,229.278,1.7302,49.979
Evening_High,2020-01-06 18:48:00,0.054532,228.445,1.2014,49.975
Evening_High,2020-01-06 18:51:00,0.081091,229.8,1.7133,49.984
Evening_High,2020-01-06 18:54:00,0.081236,229.965,1.6788,49.978
Evening_High,2020-01-06 18:57:00,0.085916,227.645,1.783,49.994
Evening_High,2020-01-06 19:00:00,0.052558,229.148,1.2161,49.981
Evening_High,2020-01-06 19:03:00,0.044544,229.973,0.9999,49.994
Evening_High,2020-01-06 19:06:00,0.049739,229.149,1.0882,49.977
Evening_High,2020-01-06 19:09:00,0.085535,226.944,1.8121,49.985
Evening_High,2020-01-06 19:12:00,0.032992,229.09,0.8915,50.018
Evening_High,2020-01-06 19:15:00,0.110086,227.987,2.2706,49.969
Evening_High,2020-01-06 19:18:00,0.101068,226.928,2.1224,49.982
Evening_High,2020-01-06 19:21:00,0.102721,226.569,2.0046,49.987
Evening_High,2020-01-06 19:24:00,0.084185,227.379,1.7299,49.979
Evening_High,2020-01-06 19:27:00,0.023118,229.346,0.5715,49.99
Evening_High,2020-01-06 19:30:00,0.079959,228.588,1.6732,49.984
Evening_High,2020-01-06 19:33:00,0.088776,229.193,1.8978,49.978
Evening_High,2020-01-06 19:36:00,0.076403,227.72,1.6739,49.979
Evening_High,2020-01-06 19:39:00,0.076256,229.114,1.5677,50.001
Evening_High,2020-01-06 19:42:00,0.067834,229.858,1.483,50.004
Evening_High,2020-01-06 19:45:00,0.076234,228.949,1.6068,49.979
Evening_High,2020-01-06 19:48:00,0.13802,226.543,2.7221,49.968
Evening_High,2020-01-06 19:51:00,0.069472,228.77,1.4946,49.985
Evening_High,2020-01-06 19:54:00,0.052612,228.947,1.2189,49.994
Evening_High,2020-01-06 19:57:00,0.101421,228.295,2.0959,49.97
Evening_High,2020-01-06 20:00:00,0.062846,230.594,1.3971,49.978
Evening_High,2020-01-06 20:03:00,0.043298,229.656,0.9531,49.973
Evening_High,2020-01-06 20:06:00,0.052206,230.467,1.2174,49.987
Evening_High,2020-01-06 20:09:00,0.059645,228.26,1.3276,49.983
Evening_High,2020-01-06 20:12:00,0.058835,228.82,1.2999,49.976
Evening_High,2020-01-06 20:15:00,0.091299,228.045,1.918,49.964
Evening_High,2020-01-06 20:18:00,0.08517,228.217,1.7466,49.985
Evening_High,2020-01-06 20:21:00,0.075928,229.0,1.611,49.974
Evening_High,2020-01-06 20:24:00,0.035169,229.629,0.8602,49.977
Evening_High,2020-01-06 20:27:00,0.084046,227.553,1.7997,49.975
Evening_High,2020-01-06 20:30:00,0.071896,228.441,1.5383,49.973
Evening_High,2020-01-06 20:33:00,0.078817,227.15,1.6755,49.982
Evening_High,2020-01-06 20:36:00,0.075713,229.859,1.6231,49.973
Evening_High,2020-01-06 20:39:00,0.064592,228.694,1.3612,49.977
Evening_High,2020-01-06 20:42:00,0.068065,228.693,1.4119,49.959
Evening_High,2020-01-06 20:45:00,0.069946,227.988,1.5147,49.984
Evening_High,2020-01-06 20:48:00,0.074261,229.72,1.6003,50.004
Evening_High,2020-01-06 20:51:00,0.088862,227.654,1.8693,49.956
Evening_High,2020-01-06 20:54:00,0.07243,228.108,1.5618,49.985
Evening_High,2020-01-06 20:57:00,0.055744,230.172,1.214,49.997
Evening_High,2020-01-06 21:00:00,0.088492,228.519,1.7961,49.995
Evening_High,2020-01-06 21:03:00,0.097092,227.607,2.0295,49.985
Evening_High,2020-01-06 21:06:00,0.042721,229.757,1.0552,50.009
Evening_High,2020-01-06 21:09:00,0.063723,228.084,1.358,49.988
Evening_High,2020-01-06 21:12:00,0.073497,228.485,1.6198,49.963
Evening_High,2020-01-06 21:15:00,0.044189,229.33,0.9771,49.993
Evening_High,2020-01-06 21:18:00,0.041992,230.041,0.9726,49.987
Evening_High,2020-01-06 21:21:00,0.053203,229.962,1.2398,49.955
Evening_High,2020-01-06 21:24:00,0.076284,228.902,1.5874,49.966
Evening_High,2020-01-06 21:27:00,0.049557,229.839,1.1123,49.978
Evening_High,2020-01-06 21:30:00,0.062186,229.996,1.3419,50.012
Evening_High,2020-01-06 21:33:00,0.045701,230.522,1.076,49.977
Evening_High,2020-01-06 21:36:00,0.057908,227.634,1.3354,50.007
Evening_High,2020-01-06 21:39:00,0.053951,229.858,1.2377,49.983
Evening_High,2020-01-06 21:42:00,0.041652,229.752,1.0111,49.98
Evening_High,2020-01-06 21:45:00,0.0637,228.714,1.3897,49.988
Evening_High,2020-01-06 21:48:00,0.014036,231.026,0.5113,49.978
Evening_High,2020-01-06 21:51:00,0.06538,228.841,1.3926,49.965
Evening_High,2020-01-06 21:54:00,0.058007,228.708,1.262,49.976
Evening_High,2020-01-06 21:57:00,0.051875,230.269,1.1613,49.995
Evening_High,2020-01-06 22:00:00,0.038786,229.873,0.9465,50.006
Evening_High,2020-01-06 22:03:00,0.047664,229.558,1.1077,49.993
Evening_High,2020-01-06 22:06:00,0.059649,228.768,1.3093,49.989
Evening_High,2020-01-06 22:09:00,0.040096,230.29,0.9785,49.985
Evening_High,2020-01-06 22:12:00,0.041678,230.209,1.0717,50.008
Evening_High,2020-01-06 22:15:00,0.037597,231.327,0.9142,49.998
Evening_High,2020-01-06 22:18:00,0.048421,229.174,1.1527,49.996
Evening_High,2020-01-06 22:21:00,0.035705,229.482,0.9438,50.014
Evening_High,2020-01-06 22:24:00,0.060421,228.635,1.3657,50.003
Evening_High,2020-01-06 22:27:00,0.037112,230.818,0.9225,50.008
Evening_High,2020-01-06 22:30:00,0.045766,230.139,1.0763,49.978
Evening_High,2020-01-06 22:33:00,0.016634,232.01,0.5757,50.005
Evening_High,2020-01-06 22:36:00,0.032004,230.384,0.8161,49.976
Evening_High,2020-01-06 22:39:00,0.053211,230.51,1.1915,50.012
Evening_High,2020-01-06 22:42:00,0.04327,230.969,1.0292,50.012
Evening_High,2020-01-06 22:45:00,0.0274,229.77,0.7323,49.982
Evening_High,2020-01-06 22:48:00,0.029565,230.949,0.8281,49.998
Evening_High,2020-01-06 22:51:00,0.041482,229.435,1.0013,50.002
Evening_High,2020-01-06 22:54:00,0.03496,228.444,0.8388,50.008
Evening_High,2020-01-06 22:57:00,0.031151,231.414,0.7806,49.989
Evening_High,2020-01-06 23:00:00,0.020313,231.533,0.645,49.992
Evening_High,2020-01-06 23:03:00,0.023914,229.149,0.6482,50.032
Evening_High,2020-01-06 23:06:00,0.036605,230.389,0.9322,50.01
Evening_High,2020-01-06 23:09:00,0.045388,230.41,1.0799,50.005
Evening_High,2020-01-06 23:12:00,0.039389,228.791,0.9534,49.984
Evening_High,2020-01-06 23:15:00,0.030529,230.947,0.8697,49.976
Evening_High,2020-01-06 23:18:00,0.031247,230.939,0.7859,50.011
Evening_High,2020-01-06 23:21:00,0.025234,231.109,0.6911,50.003
Evening_High,2020-01-06 23:24:00,0.021931,230.592,0.6357,49.985
Evening_High,2020-01-06 23:27:00,0.025794,230.743,0.7007,49.99
Evening_High,2020-01-06 23:30:00,0.022189,231.458,0.5859,49.975
Evening_High,2020-01-06 23:33:00,0.009936,230.544,0.4069,50.021
Evening_High,2020-01-06 23:36:00,0.026127,230.345,0.7395,49.981
Evening_High,2020-01-06 23:39:00,0.01523,231.791,0.4832,49.996
Evening_High,2020-01-06 23:42:00,0.022923,231.297,0.7269,49.997
Evening_High,2020-01-06 23:45:00,0.027207,230.975,0.7533,49.986
Evening_High,2020-01-06 23:48:00,0.020121,232.435,0.6096,49.985
Evening_High,2020-01-06 23:51:00,0.023782,230.388,0.6504,50.008
Evening_High,2020-01-06 23:54:00,0.023791,231.254,0.6622,49.997
Evening_High,2020-01-06 23:57:00,0.010424,230.08,0.404,49.998
Evening_High,2020-01-07 00:00:00,0.017868,231.258,0.6069,49.998
Evening_High,2020-01-07 00:03:00,0.023426,230.633,0.6783,49.997
Evening_High,2020-01-07 00:06:00,0.011723,231.003,0.4621,49.995
Evening_High,2020-01-07 00:09:00,0.029573,230.813,0.8314,49.985
Evening_High,2020-01-07 00:12:00,0.023129,231.386,0.6665,49.993
Evening_High,2020-01-07 00:15:00,0.016785,230.676,0.5794,49.988
Evening_High,2020-01-07 00:18:00,0.027863,230.456,0.7345,49.995
Evening_High,2020-01-07 00:21:00,0.023992,230.994,0.6607,50.003
Evening_High,2020-01-07 00:24:00,0.016837,230.939,0.5578,49.994
Evening_High,2020-01-07 00:27:00,0.016721,230.885,0.5221,49.995
Evening_High,2020-01-07 00:30:00,0.025591,229.661,0.6953,49.984
Evening_High,2020-01-07 00:33:00,0.021549,231.365,0.642,49.976
Evening_High,2020-01-07 00:36:00,0.0196,229.996,0.6417,49.997
Evening_High,2020-01-07 00:39:00,0.014079,229.908,0.514,49.982
Evening_High,2020-01-07 00:42:00,0.024936,231.085,0.7685,50.005
Evening_High,2020-01-07 00:45:00,0.017097,230.714,0.5246,49.979
Evening_High,2020-01-07 00:48:00,0.017118,231.011,0.6063,50.007
Evening_High,2020-01-07 00:51:00,0.013292,231.177,0.5867,50.005
Evening_High,2020-01-07 00:54:00,0.028333,231.922,0.7158,49.976
Evening_High,2020-01-07 00:57:00,0.020702,231.664,0.6423,49.998
Evening_High,2020-01-07 01:00:00,0.020036,231.529,0.582,50.0
Evening_High,2020-01-07 01:03:00,0.025827,231.215,0.7033,49.984
Evening_High,2020-01-07 01:06:00,0.013745,232.448,0.5465,50.013
Evening_High,2020-01-07 01:09:00,0.015571,230.406,0.5015,49.991
Evening_High,2020-01-07 01:12:00,0.023947,231.194,0.6661,50.009
Evening_High,2020-01-07 01:15:00,0.019738,231.064,0.6052,50.013
Evening_High,2020-01-07 01:18:00,0.0139,231.144,0.5163,49.997
Evening_High,2020-01-07 01:21:00,0.018506,232.145,0.5173,49.972
Evening_High,2020-01-07 01:24:00,0.020357,230.908,0.5546,50.009
Evening_High,2020-01-07 01:27:00,0.018333,231.981,0.5587,50.016
Evening_High,2020-01-07 01:30:00,0.011106,230.518,0.4274,50.023
Evening_High,2020-01-07 01:33:00,0.022179,230.35,0.6882,50.029
Evening_High,2020-01-07 01:36:00,0.01373,232.722,0.5063,49.986
Evening_High,2020-01-07 01:39:00,0.019419,232.024,0.6446,49.991
Evening_High,2020-01-07 01:42:00,0.013455,232.29,0.5263,49.982
Evening_High,2020-01-07 01:45:00,0.020969,231.274,0.6041,49.99
Evening_High,2020-01-07 01:48:00,0.020302,231.394,0.6137,50.006
Evening_High,2020-01-07 01:51:00,0.024414,232.254,0.7232,49.997
Evening_High,2020-01-07 01:54:00,0.023955,229.552,0.6467,49.993
Evening_High,2020-01-07 01:57:00,0.015947,232.108,0.488,50.002
Evening_High,2020-01-07 02:00:00,0.022818,231.046,0.6577,49.993
Evening_High,2020-01-07 02:03:00,0.018339,231.622,0.6416,49.991
Evening_High,2020-01-07 02:06:00,0.012022,232.327,0.4486,50.018
Evening_High,2020-01-07 02:09:00,0.014061,231.002,0.499,50.012
Evening_High,2020-01-07 02:12:00,0.022564,230.058,0.6674,49.981
Evening_High,2020-01-07 02:15:00,0.019737,232.044,0.544,49.984
Evening_High,2020-01-07 02:18:00,0.023751,230.919,0.6611,50.008
Evening_High,2020-01-07 02:21:00,0.020042,231.075,0.606,50.002
Evening_High,2020-01-07 02:24:00,0.020182,231.468,0.6138,49.994
Evening_High,2020-01-07 02:27:00,0.025414,230.517,0.7178,49.979
Evening_High,2020-01-07 02:30:00,0.017849,231.14,0.5675,50.026
Evening_High,2020-01-07 02:33:00,0.020075,231.187,0.6345,49.991
Evening_High,2020-01-07 02:36:00,0.015693,230.474,0.5877,49.992
Evening_High,2020-01-07 02:39:00,0.011656,232.019,0.4477,49.968
Evening_High,2020-01-07 02:42:00,0.014654,231.805,0.5082,50.007
Evening_High,2020-01-07 02:45:00,0.01588,232.223,0.4589,50.005
Evening_High,2020-01-07 02:48:00,0.008855,232.457,0.4198,49.999
Evening_High,2020-01-07 02:51:00,0.023336,230.83,0.7184,49.995
Evening_High,2020-01-07 02:54:00,0.020537,231.188,0.6047,50.006
Evening_High,2020-01-07 02:57:00,0.018102,230.713,0.5618,50.016
Evening_High,2020-01-07 03:00:00,0.01123,231.638,0.4454,49.974
Evening_High,2020-01-07 03:03:00,0.015056,231.507,0.5653,49.99
Evening_High,2020-01-07 03:06:00,0.01598,231.625,0.5185,49.97
Evening_High,2020-01-07 03:09:00,0.016894,230.551,0.5202,50.013
Evening_High,2020-01-07 03:12:00,0.014122,230.372,0.4689,49.98
Evening_High,2020-01-07 03:15:00,0.017409,231.623,0.5207,50.025
Evening_High,2020-01-07 03:18:00,0.013478,231.988,0.4825,49.989
Evening_High,2020-01-07 03:21:00,0.016104,231.554,0.5537,49.997
Evening_High,2020-01-07 03:24:00,0.013898,232.202,0.4951,49.984
Evening_High,2020-01-07 03:27:00,0.018917,229.79,0.5824,49.976
Evening_High,2020-01-07 03:30:00,0.01644,230.158,0.5563,49.988
Evening_High,2020-01-07 03:33:00,0.015748,231.831,0.5124,50.002
Evening_High,2020-01-07 03:36:00,0.019679,230.938,0.5615,49.996
Evening_High,2020-01-07 03:39:00,0.020969,231.794,0.6096,50.01
Evening_High,2020-01-07 03:42:00,0.020093,230.271,0.5953,50.001
Evening_High,2020-01-07 03:45:00,0.012382,231.394,0.5242,50.009
Evening_High,2020-01-07 03:48:00,0.015227,230.638,0.5247,50.006
Evening_High,2020-01-07 03:51:00,0.021762,231.604,0.6674,49.993
Evening_High,2020-01-07 03:54:00,0.010667,229.972,0.4522,49.984
Evening_High,2020-01-07 03:57:00,0.018609,231.117,0.5716,49.983
Evening_High,2020-01-07 04:00:00,0.013026,230.439,0.4915,50.006
Evening_High,2020-01-07 04:03:00,0.015408,230.99,0.5558,49.987
Evening_High,2020-01-07 04:06:00,0.024141,229.399,0.6547,50.011
Evening_High,2020-01-07 04:09:00,0.025314,232.202,0.7236,50.001
Evening_High,2020-01-07 04:12:00,0.016407,230.989,0.5131,50.009
Evening_High,2020-01-07 04:15:00,0.02212,231.052,0.5789,49.995
Evening_High,2020-01-07 04:18:00,0.020852,230.857,0.6578,50.0
Evening_High,2020-01-07 04:21:00,0.017837,233.357,0.5837,49.996
Evening_High,2020-01-07 04:24:00,0.015909,232.245,0.5686,50.04
Evening_High,2020-01-07 04:27:00,0.014975,231.161,0.5711,49.99
Evening_High,2020-01-07 04:30:00,0.010449,232.305,0.4705,49.989
Evening_High,2020-01-07 04:33:00,0.020788,230.918,0.6728,49.99
Evening_High,2020-01-07 04:36:00,0.019149,230.933,0.6339,49.996
Evening_High,2020-01-07 04:39:00,0.014399,230.739,0.5338,49.985
Evening_High,2020-01-07 04:42:00,0.014309,231.686,0.4731,49.966
Evening_High,2020-01-07 04:45:00,0.0211,232.517,0.6048,50.01
Evening_High,2020-01-07 04:48:00,0.017498,230.929,0.5346,49.994
Evening_High,2020-01-07 04:51:00,0.008092,231.816,0.4061,49.98
Evening_High,2020-01-07 04:54:00,0.017091,229.956,0.5635,50.015
Evening_High,2020-01-07 04:57:00,0.016815,231.849,0.5069,49.994
Evening_High,2020-01-07 05:00:00,0.019363,230.256,0.5357,50.009
Evening_High,2020-01-07 05:03:00,0.020867,231.584,0.5981,49.983
Evening_High,2020-01-07 05:06:00,0.022701,232.802,0.6484,49.997
Evening_High,2020-01-07 05:09:00,0.020182,231.808,0.6314,50.006
Evening_High,2020-01-07 05:12:00,0.007251,230.814,0.3866,49.997
Evening_High,2020-01-07 05:15:00,0.022101,229.972,0.6598,49.978
Evening_High,2020-01-07 05:18:00,0.015351,230.425,0.4894,50.004
Evening_High,2020-01-07 05:21:00,0.011283,231.824,0.4574,50.005
Evening_High,2020-01-07 05:24:00,0.011765,230.746,0.411,49.994
Evening_High,2020-01-07 05:27:00,0.017921,231.288,0.5978,49.987
Evening_High,2020-01-07 05:30:00,0.017677,231.763,0.5831,49.992
Evening_High,2020-01-07 05:33:00,0.014009,229.251,0.5174,50.005
Evening_High,2020-01-07 05:36:00,0.01801,232.168,0.6373,49.99
Evening_High,2020-01-07 05:39:00,0.016735,232.851,0.5554,50.006
Evening_High,2020-01-07 05:42:00,0.015433,230.139,0.4925,50.014
Evening_High,2020-01-07 05:45:00,0.011039,230.102,0.4337,49.997
Evening_High,2020-01-07 05:48:00,0.01356,230.501,0.4336,50.001
Evening_High,2020-01-07 05:51:00,0.018682,230.372,0.5591,50.006
Evening_High,2020-01-07 05:54:00,0.019642,231.32,0.6258,49.991
Evening_High,2020-01-07 05:57:00,0.015068,232.348,0.4477,49.993
Evening_High,2020-01-07 06:00:00,0.011724,230.628,0.4349,49.996
Evening_High,2020-01-07 06:03:00,0.014829,231.92,0.6078,49.973
Evening_High,2020-01-07 06:06:00,0.014982,231.289,0.4503,49.981
Evening_High,2020-01-07 06:09:00,0.013543,231.638,0.4971,50.014
Evening_High,2020-01-07 06:12:00,0.014099,229.722,0.5535,49.969
Evening_High,2020-01-07 06:15:00,0.014035,231.292,0.5028,50.017
Evening_High,2020-01-07 06:18:00,0.012617,231.706,0.4989,50.009
Evening_High,2020-01-07 06:21:00,0.02292,231.971,0.6147,49.98
Evening_High,2020-01-07 06:24:00,0.017466,231.257,0.5945,50.022
Evening_High,2020-01-07 06:27:00,0.019623,231.38,0.6763,50.022
Evening_High,2020-01-07 06:30:00,0.011314,228.782,0.4364,50.009
Evening_High,2020-01-07 06:33:00,0.015957,231.654,0.5494,49.998
Evening_High,2020-01-07 06:36:00,0.013614,230.287,0.458,50.002
Evening_High,2020-01-07 06:39:00,0.012992,230.634,0.4746,49.994
Evening_High,2020-01-07 06:42:00,0.016876,231.738,0.514,49.992
Evening_High,2020-01-07 06:45:00,0.024276,231.141,0.703,49.982
Evening_High,2020-01-07 06:48:00,0.016126,232.044,0.5672,49.993
Evening_High,2020-01-07 06:51:00,0.014004,229.534,0.4902,49.984
Evening_High,2020-01-07 06:54:00,0.015504,231.643,0.5319,49.999
Evening_High,2020-01-07 06:57:00,0.018927,231.271,0.576,49.99
Evening_High,2020-01-07 07:00:00,0.021154,232.569,0.659,50.005
Evening_High,2020-01-07 07:03:00,0.021227,230.587,0.6337,50.001
Evening_High,2020-01-07 07:06:00,0.017306,230.102,0.5569,49.979
Evening_High,2020-01-07 07:09:00,0.014505,231.517,0.5569,50.0
Evening_High,2020-01-07 07:12:00,0.01807,230.681,0.4767,49.993
Evening_High,2020-01-07 07:15:00,0.02225,230.516,0.6191,50.011
Evening_High,2020-01-07 07:18:00,0.012675,231.573,0.5008,50.002
Evening_High,2020-01-07 07:21:00,0.011129,232.27,0.4948,50.002
Evening_High,2020-01-07 07:24:00,0.02226,231.679,0.623,50.005
Evening_High,2020-01-07 07:27:00,0.016935,231.634,0.6318,49.993
Evening_High,2020-01-07 07:30:00,0.01583,230.299,0.5393,49.992
Evening_High,2020-01-07 07:33:00,0.027385,231.491,0.7112,49.988
Evening_High,2020-01-07 07:36:00,0.014485,232.085,0.5264,50.013
Evening_High,2020-01-07 07:39:00,0.016202,231.662,0.5528,49.973
Evening_High,2020-01-07 07:42:00,0.019113,229.926,0.5549,50.023
Evening_High,2020-01-07 07:45:00,0.014168,230.523,0.4452,50.004
Evening_High,2020-01-07 07:48:00,0.028706,230.369,0.7383,49.999
Evening_High,2020-01-07 07:51:00,0.014125,231.984,0.509,49.992
Evening_High,2020-01-07 07:54:00,0.017648,231.367,0.563,49.992
Evening_High,2020-01-07 07:57:00,0.014331,232.01,0.5441,49.995
Evening_High,2020-01-07 08:00:00,0.020871,230.253,0.6481,49.993
Evening_High,2020-01-07 08:03:00,0.016334,230.242,0.5244,49.994
Evening_High,2020-01-07 08:06:00,0.013359,231.151,0.5485,50.004
Evening_High,2020-01-07 08:09:00,0.015299,231.868,0.5164,49.983
Evening_High,2020-01-07 08:12:00,0.018885,230.514,0.6293,50.005
Evening_High,2020-01-07 08:15:00,0.021456,231.002,0.6123,49.984
Evening_High,2020-01-07 08:18:00,0.027331,231.643,0.7196,49.981
Evening_High,2020-01-07 08:21:00,0.021261,228.995,0.6744,49.995
Evening_High,2020-01-07 08:24:00,0.017053,230.862,0.5502,50.015
Evening_High,2020-01-07 08:27:00,0.018235,231.761,0.6034,49.998
Evening_High,2020-01-07 08:30:00,0.017858,231.266,0.5688,49.995
Evening_High,2020-01-07 08:33:00,0.016137,232.258,0.5082,50.006
Evening_High,2020-01-07 08:36:00,0.015461,231.619,0.516,49.993
Evening_High,2020-01-07 08:39:00,0.014721,231.937,0.5511,50.004
Evening_High,2020-01-07 08:42:00,0.021104,230.593,0.5829,49.972
Evening_High,2020-01-07 08:45:00,0.013937,232.176,0.4132,50.005
Evening_High,2020-01-07 08:48:00,0.016041,231.342,0.5382,50.017
Evening_High,2020-01-07 08:51:00,0.018293,231.846,0.5928,49.999
Evening_High,2020-01-07 08:54:00,0.018138,231.519,0.6264,49.989
Evening_High,2020-01-07 08:57:00,0.015915,231.152,0.545,50.009
Evening_High,2020-01-07 09:00:00,0.025812,230.591,0.7159,49.975
Evening_High,2020-01-07 09:03:00,0.020782,231.619,0.6424,50.0
Evening_High,2020-01-07 09:06:00,0.016284,232.129,0.4707,49.99
Evening_High,2020-01-07 09:09:00,0.017097,230.8,0.5664,50.0
Evening_High,2020-01-07 09:12:00,0.018919,231.766,0.5564,50.018
Evening_High,2020-01-07 09:15:00,0.018508,231.241,0.6069,49.981
Evening_High,2020-01-07 09:18:00,0.016509,230.168,0.5545,50.016
Evening_High,2020-01-07 09:21:00,0.023423,230.47,0.6567,49.977
Evening_High,2020-01-07 09:24:00,0.016086,230.013,0.5189,49.986
Evening_High,2020-01-07 09:27:00,0.01253,231.406,0.5347,50.003
Evening_High,2020-01-07 09:30:00,0.016127,231.685,0.6628,50.002
Evening_High,2020-01-07 09:33:00,0.02028,232.044,0.653,49.992
Evening_High,2020-01-07 09:36:00,0.019891,231.066,0.6329,50.012
Evening_High,2020-01-07 09:39:00,0.014369,230.418,0.4637,50.007
Evening_High,2020-01-07 09:42:00,0.020681,231.573,0.6565,49.99
Evening_High,2020-01-07 09:45:00,0.018046,231.011,0.5789,50.01
Evening_High,2020-01-07 09:48:00,0.017719,230.9,0.5118,50.017
Evening_High,2020-01-07 09:51:00,0.016284,231.686,0.5506,49.993
Evening_High,2020-01-07 09:54:00,0.017543,230.903,0.5544,49.979
Evening_High,2020-01-07 09:57:00,0.01981,231.735,0.587,50.004
Evening_High,2020-01-07 10:00:00,0.02049,231.709,0.5951,50.008
Evening_High,2020-01-07 10:03:00,0.014206,232.101,0.4793,49.994
Evening_High,2020-01-07 10:06:00,0.016466,231.218,0.4594,49.98
Evening_High,2020-01-07 10:09:00,0.02267,231.933,0.6785,49.978
Evening_High,2020-01-07 10:12:00,0.020064,231.66,0.6504,49.979
Evening_High,2020-01-07 10:15:00,0.015605,230.681,0.4868,49.998
Evening_High,2020-01-07 10:18:00,0.019415,231.024,0.659,49.993
Evening_High,2020-01-07 10:21:00,0.021825,230.704,0.6661,49.981
Evening_High,2020-01-07 10:24:00,0.01566,230.507,0.5601,50.017
Evening_High,2020-01-07 10:27:00,0.019551,231.193,0.5691,50.011
Evening_High,2020-01-07 10:30:00,0.010584,231.327,0.4378,49.978
Evening_High,2020-01-07 10:33:00,0.019952,231.029,0.5598,49.985
Evening_High,2020-01-07 10:36:00,0.02063,230.728,0.6056,49.993
Evening_High,2020-01-07 10:39:00,0.028533,229.903,0.7771,49.986
Evening_High,2020-01-07 10:42:00,0.019223,231.067,0.5865,49.974
Evening_High,2020-01-07 10:45:00,0.01211,230.78,0.4772,49.998
Evening_High,2020-01-07 10:48:00,0.017757,232.082,0.5925,49.992
Evening_High,2020-01-07 10:51:00,0.011236,230.894,0.5104,50.019
Evening_High,2020-01-07 10:54:00,0.016694,230.556,0.5878,49.998
Evening_High,2020-01-07 10:57:00,0.013545,232.105,0.501,49.986
Evening_High,2020-01-07 11:00:00,0.02535,230.992,0.7298,50.0
Evening_High,2020-01-07 11:03:00,0.017305,230.619,0.5691,49.997
Evening_High,2020-01-07 11:06:00,0.024948,229.665,0.6494,49.982
Evening_High,2020-01-07 11:09:00,0.019045,230.588,0.5424,49.99
Evening_High,2020-01-07 11:12:00,0.011825,230.161,0.4734,49.966
Evening_High,2020-01-07 11:15:00,0.024475,231.89,0.6876,50.004
Evening_High,2020-01-07 11:18:00,0.028835,229.309,0.8032,50.013
Evening_High,2020-01-07 11:21:00,0.028653,230.496,0.68,49.998
Evening_High,2020-01-07 11:24:00,0.021067,231.711,0.6275,50.009
Evening_High,2020-01-07 11:27:00,0.024132,230.317,0.7046,49.989
Evening_High,2020-01-07 11:30:00,0.029168,232.007,0.7358,49.976
Evening_High,2020-01-07 11:33:00,0.018495,231.579,0.5769,49.979
Evening_High,2020-01-07 11:36:00,0.032506,229.522,0.8215,49.981
Evening_High,2020-01-07 11:39:00,0.019437,231.97,0.6435,50.003
Evening_High,2020-01-07 11:42:00,0.020321,231.35,0.6045,50.007
Evening_High,2020-01-07 11:45:00,0.026258,231.07,0.6854,49.979
Evening_High,2020-01-07 11:48:00,0.021352,230.444,0.656,49.988
Evening_High,2020-01-07 11:51:00,0.027309,231.858,0.6745,49.975
Evening_High,2020-01-07 11:54:00,0.016686,231.547,0.5507,49.998
Evening_High,2020-01-07 11:57:00,0.02812,231.277,0.7171,49.99
Evening_High,2020-01-07 12:00:00,0.014875,230.861,0.5329,49.975
Evening_High,2020-01-07 12:03:00,0.024733,233.027,0.6585,50.01
Evening_High,2020-01-07 12:06:00,0.029889,230.429,0.8378,49.99
Evening_High,2020-01-07 12:09:00,0.022403,231.173,0.6436,49.993
Evening_High,2020-01-07 12:12:00,0.014266,231.014,0.5577,49.98
Evening_High,2020-01-07 12:15:00,0.022622,233.437,0.6644,49.991
Evening_High,2020-01-07 12:18:00,0.027423,230.901,0.7245,49.987
Evening_High,2020-01-07 12:21:00,0.021142,232.18,0.6007,50.014
Evening_High,2020-01-07 12:24:00,0.018175,232.062,0.6205,49.982
Evening_High,2020-01-07 12:27:00,0.03712,230.721,0.8562,49.982
Evening_High,2020-01-07 12:30:00,0.023092,229.811,0.6183,49.993
Evening_High,2020-01-07 12:33:00,0.013097,232.746,0.5859,49.978
Evening_High,2020-01-07 12:36:00,0.036142,231.216,0.8727,49.983
Evening_High,2020-01-07 12:39:00,0.016311,232.498,0.4791,50.002
Evening_High,2020-01-07 12:42:00,0.036572,230.071,0.8343,49.985
Evening_High,2020-01-07 12:45:00,0.029719,230.676,0.7862,49.998
Evening_High,2020-01-07 12:48:00,0.020419,230.89,0.6377,49.983
Evening_High,2020-01-07 12:51:00,0.013043,231.298,0.4614,49.989
Evening_High,2020-01-07 12:54:00,0.030304,231.002,0.7716,50.009
Evening_High,2020-01-07 12:57:00,0.032131,230.35,0.8561,49.977
Evening_High,2020-01-07 13:00:00,0.027444,231.971,0.7497,50.008
Evening_High,2020-01-07 13:03:00,0.014936,231.027,0.5451,50.0
Evening_High,2020-01-07 13:06:00,0.026341,230.561,0.7191,50.004
Evening_High,2020-01-07 13:09:00,0.008735,230.375,0.4398,50.009
Evening_High,2020-01-07 13:12:00,0.029737,232.188,0.7532,50.01
Evening_High,2020-01-07 13:15:00,0.016068,229.939,0.5959,49.985
Evening_High,2020-01-07 13:18:00,0.017413,232.013,0.6136,50.009
Evening_High,2020-01-07 13:21:00,0.031194,230.836,0.8251,49.994
Evening_High,2020-01-07 13:24:00,0.01917,230.838,0.6465,50.005
Evening_High,2020-01-07 13:27:00,0.028006,231.7,0.7635,49.99
Evening_High,2020-01-07 13:30:00,0.010896,233.31,0.4472,50.015
Evening_High,2020-01-07 13:33:00,0.026334,230.984,0.7536,49.977
Evening_High,2020-01-07 13:36:00,0.023811,230.342,0.7082,49.989
Evening_High,2020-01-07 13:39:00,0.021477,230.764,0.6943,50.006
Evening_High,2020-01-07 13:42:00,0.025302,231.613,0.6736,49.991
Evening_High,2020-01-07 13:45:00,0.02832,231.524,0.7783,49.965
Evening_High,2020-01-07 13:48:00,0.038902,231.101,0.9798,49.971
Evening_High,2020-01-07 13:51:00,0.0315,229.778,0.7577,49.989
Evening_High,2020-01-07 13:54:00,0.029579,231.742,0.8106,49.995
Evening_High,2020-01-07 13:57:00,0.02599,230.512,0.7181,49.994
Evening_High,2020-01-07 14:00:00,0.02868,230.025,0.7338,49.988
Evening_High,2020-01-07 14:03:00,0.019837,231.947,0.5424,49.974
Evening_High,2020-01-07 14:06:00,0.031049,229.928,0.8788,50.007
Evening_High,2020-01-07 14:09:00,0.019236,230.75,0.6127,50.01
Evening_High,2020-01-07 14:12:00,0.030856,229.456,0.7366,49.971
Evening_High,2020-01-07 14:15:00,0.034149,229.85,0.8938,49.999
Evening_High,2020-01-07 14:18:00,0.015856,230.712,0.5779,50.019
Evening_High,2020-01-07 14:21:00,0.042379,229.721,0.9869,49.985
Evening_High,2020-01-07 14:24:00,0.030407,231.652,0.8049,50.006
Evening_High,2020-01-07 14:27:00,0.022866,232.565,0.6951,50.015
Evening_High,2020-01-07 14:30:00,0.028843,230.452,0.7418,49.989
Evening_High,2020-01-07 14:33:00,0.034854,230.969,0.843,49.975
Evening_High,2020-01-07 14:36:00,0.0203,231.374,0.6734,50.0
Evening_High,2020-01-07 14:39:00,0.034798,229.051,0.8459,49.984
Evening_High,2020-01-07 14:42:00,0.026092,229.881,0.6836,50.002
Evening_High,2020-01-07 14:45:00,0.031863,231.21,0.7806,49.984
Evening_High,2020-01-07 14:48:00,0.038531,229.111,0.9909,49.997
Evening_High,2020-01-07 14:51:00,0.031349,229.645,0.8976,49.983
Evening_High,2020-01-07 14:54:00,0.015691,229.797,0.5282,49.982
Evening_High,2020-01-07 14:57:00,0.027066,229.838,0.7899,49.999
Evening_High,2020-01-07 15:00:00,0.031968,231.94,0.8328,50.009
Evening_High,2020-01-07 15:03:00,0.026492,231.159,0.712,49.991
Evening_High,2020-01-07 15:06:00,0.02625,230.577,0.7329,49.98
Evening_High,2020-01-07 15:09:00,0.017118,232.087,0.5704,49.982
Evening_High,2020-01-07 15:12:00,0.025097,230.769,0.7066,49.985
Evening_High,2020-01-07 15:15:00,0.026787,230.145,0.7109,49.995
Evening_High,2020-01-07 15:18:00,0.01915,231.305,0.6402,49.987
Evening_High,2020-01-07 15:21:00,0.032714,230.067,0.8122,50.004
Evening_High,2020-01-07 15:24:00,0.030269,231.68,0.8305,49.987
Evening_High,2020-01-07 15:27:00,0.030564,230.993,0.8158,49.99
Evening_High,2020-01-07 15:30:00,0.031243,230.588,0.8182,50.007
Evening_High,2020-01-07 15:33:00,0.031359,230.224,0.7904,49.993
Evening_High,2020-01-07 15:36:00,0.032667,230.637,0.8136,49.977
Evening_High,2020-01-07 15:39:00,0.025848,230.549,0.7113,49.994
Evening_High,2020-01-07 15:42:00,0.022443,230.581,0.6513,49.994
Evening_High,2020-01-07 15:45:00,0.025463,229.854,0.7169,50.006
Evening_High,2020-01-07 15:48:00,0.016073,231.346,0.5577,49.991
Evening_High,2020-01-07 15:51:00,0.035035,231.319,0.8872,50.008
Evening_High,2020-01-07 15:54:00,0.020803,231.534,0.6841,49.988
Evening_High,2020-01-07 15:57:00,0.024844,230.755,0.7849,49.977
Evening_High,2020-01-07 16:00:00,0.019344,230.493,0.5953,49.988
Evening_High,2020-01-07 16:03:00,0.031368,230.676,0.7978,49.975
Evening_High,2020-01-07 16:06:00,0.030832,230.572,0.8699,49.974
Evening_High,2020-01-07 16:09:00,0.030147,231.43,0.8124,50.005
Evening_High,2020-01-07 16:12:00,0.023071,232.533,0.6121,50.017
Evening_High,2020-01-07 16:15:00,0.030142,230.997,0.7777,50.007
Evening_High,2020-01-07 16:18:00,0.036749,229.566,0.8731,49.978
Evening_High,2020-01-07 16:21:00,0.020389,230.378,0.6708,50.008
Evening_High,2020-01-07 16:24:00,0.032166,231.02,0.8262,49.983
Evening_High,2020-01-07 16:27:00,0.026131,229.705,0.7276,49.998
Evening_High,2020-01-07 16:30:00,0.043795,229.257,1.0427,49.999
Evening_High,2020-01-07 16:33:00,0.031042,231.129,0.8158,49.992
Evening_High,2020-01-07 16:36:00,0.041772,229.845,1.0058,49.98
Evening_High,2020-01-07 16:39:00,0.036297,230.269,0.9258,49.981
Evening_High,2020-01-07 16:42:00,0.034388,231.326,0.8356,49.989
Evening_High,2020-01-07 16:45:00,0.035165,230.934,0.833,50.016
Evening_High,2020-01-07 16:48:00,0.030504,230.664,0.7759,49.99
Evening_High,2020-01-07 16:51:00,0.034777,230.373,0.9189,49.992
Evening_High,2020-01-07 16:54:00,0.045336,230.471,1.0314,49.992
Evening_High,2020-01-07 16:57:00,0.027437,230.306,0.7295,49.984
Evening_High,2020-01-07 17:00:00,0.021547,232.021,0.6582,49.996
Evening_High,2020-01-07 17:03:00,0.02895,230.338,0.7856,50.008
Evening_High,2020-01-07 17:06:00,0.047271,230.127,1.119,49.997
Evening_High,2020-01-07 17:09:00,0.035764,231.35,0.8854,50.006
Evening_High,2020-01-07 17:12:00,0.039415,229.121,0.9662,49.977
Evening_High,2020-01-07 17:15:00,0.019524,230.795,0.6388,50.021
Evening_High,2020-01-07 17:18:00,0.040426,229.922,1.0428,49.979
Evening_High,2020-01-07 17:21:00,0.048864,228.032,1.1843,49.989
Evening_High,2020-01-07 17:24:00,0.058931,229.073,1.3522,49.984
Evening_High,2020-01-07 17:27:00,0.051615,229.04,1.1671,49.976
Evening_High,2020-01-07 17:30:00,0.024484,230.279,0.6575,50.002
Evening_High,2020-01-07 17:33:00,0.040865,229.518,0.9571,50.004
Evening_High,2020-01-07 17:36:00,0.065571,228.552,1.4486,49.979
Evening_High,2020-01-07 17:39:00,0.046112,228.533,1.0747,49.977
Evening_High,2020-01-07 17:42:00,0.050101,229.399,1.1752,49.993
Evening_High,2020-01-07 17:45:00,0.076937,227.287,1.6571,49.968
Evening_High,2020-01-07 17:48:00,0.05479,228.653,1.2179,49.984
Evening_High,2020-01-07 17:51:00,0.026877,231.417,0.7647,49.989
Evening_High,2020-01-07 17:54:00,0.042562,229.552,1.0684,49.988
Evening_High,2020-01-07 17:57:00,0.064811,228.865,1.4125,49.995
Evening_High,2020-01-07 18:00:00,0.070564,228.45,1.515,49.984
Evening_High,2020-01-07 18:03:00,0.046347,230.438,1.1058,49.983
Evening_High,2020-01-07 18:06:00,0.038169,229.662,0.9221,49.978
Evening_High,2020-01-07 18:09:00,0.061127,228.031,1.3717,49.998
Evening_High,2020-01-07 18:12:00,0.061483,230.052,1.2942,49.982
Evening_High,2020-01-07 18:15:00,0.016689,230.834,0.529,49.991
Evening_High,2020-01-07 18:18:00,0.066906,228.342,1.514,49.968
Evening_High,2020-01-07 18:21:00,0.079114,228.721,1.7307,49.972
Evening_High,2020-01-07 18:24:00,0.056336,228.086,1.3025,49.976
Evening_High,2020-01-07 18:27:00,0.042675,229.073,1.0168,49.98
Evening_High,2020-01-07 18:30:00,0.018953,231.081,0.6609,49.989
Evening_High,2020-01-07 18:33:00,0.034373,230.3,0.8478,49.989
Evening_High,2020-01-07 18:36:00,0.071661,228.948,1.5531,49.987
Evening_High,2020-01-07 18:39:00,0.064417,228.623,1.3936,50.002
Evening_High,2020-01-07 18:42:00,0.070071,228.116,1.4862,49.992
Evening_High,2020-01-07 18:45:00,0.064567,229.771,1.4759,49.996
Evening_High,2020-01-07 18:48:00,0.052371,229.168,1.2234,49.987
Evening_High,2020-01-07 18:51:00,0.066212,229.086,1.4507,49.977
Evening_High,2020-01-07 18:54:00,0.059755,229.489,1.3357,49.981
Evening_High,2020-01-07 18:57:00,0.03971,229.912,0.9417,49.983
Evening_High,2020-01-07 19:00:00,0.109142,226.848,2.1858,49.978
Evening_High,2020-01-07 19:03:00,0.053957,230.333,1.1981,49.991
Evening_High,2020-01-07 19:06:00,0.076195,229.444,1.6781,49.993
Evening_High,2020-01-07 19:09:00,0.059933,229.05,1.3407,49.973
Evening_High,2020-01-07 19:12:00,0.069214,229.195,1.5266,49.966
Evening_High,2020-01-07 19:15:00,0.103571,229.418,2.1228,49.973
Evening_High,2020-01-07 19:18:00,0.109549,227.13,2.1896,49.969
Evening_High,2020-01-07 19:21:00,0.086209,229.045,1.7766,49.982
Evening_High,2020-01-07 19:24:00,0.066117,229.099,1.4349,49.997
Evening_High,2020-01-07 19:27:00,0.050632,229.65,1.1868,49.988
Evening_High,2020-01-07 19:30:00,0.081975,228.256,1.7562,49.993
Evening_High,2020-01-07 19:33:00,0.0837,229.485,1.7582,49.971
Evening_High,2020-01-07 19:36:00,0.031355,230.118,0.7947,49.992
Evening_High,2020-01-07 19:39:00,0.047311,229.795,1.0651,50.007
Evening_High,2020-01-07 19:42:00,0.089232,228.424,1.8829,49.967
Evening_High,2020-01-07 19:45:00,0.085254,229.413,1.7906,49.978
Evening_High,2020-01-07 19:48:00,0.105559,227.429,2.1872,49.99
Evening_High,2020-01-07 19:51:00,0.041866,230.68,0.98,50.003
Evening_High,2020-01-07 19:54:00,0.062645,227.588,1.4098,49.983
Evening_High,2020-01-07 19:57:00,0.082366,228.804,1.7581,49.979
Evening_High,2020-01-07 20:00:00,0.069954,228.848,1.5181,49.988
Evening_High,2020-01-07 20:03:00,0.090152,228.766,1.8673,49.979
Evening_High,2020-01-07 20:06:00,0.070144,228.219,1.4901,49.974
Evening_High,2020-01-07 20:09:00,0.043752,230.926,1.1153,50.001
Evening_High,2020-01-07 20:12:00,0.069093,226.793,1.5334,49.979
Evening_High,2020-01-07 20:15:00,0.056645,229.909,1.2869,50.0
Evening_High,2020-01-07 20:18:00,0.085307,226.82,1.7961,49.973
Evening_High,2020-01-07 20:21:00,0.062887,227.67,1.3624,49.972
Evening_High,2020-01-07 20:24:00,0.077957,229.715,1.6273,49.972
Evening_High,2020-01-07 20:27:00,0.03673,230.244,0.9371,49.983
Evening_High,2020-01-07 20:30:00,0.081901,229.162,1.7226,49.991
Evening_High,2020-01-07 20:33:00,0.085519,227.464,1.7297,49.963
Evening_High,2020-01-07 20:36:00,0.038724,229.802,0.9538,49.998
Evening_High,2020-01-07 20:39:00,0.043757,230.378,1.0431,49.997
Evening_High,2020-01-07 20:42:00,0.097293,226.922,2.0232,49.968
Evening_High,2020-01-07 20:45:00,0.07906,228.295,1.7081,50.008
Evening_High,2020-01-07 20:48:00,0.057868,230.172,1.2863,49.995
Evening_High,2020-01-07 20:51:00,0.067242,229.229,1.4414,49.967
Evening_High,2020-01-07 20:54:00,0.05871,228.639,1.303,49.991
Evening_High,2020-01-07 20:57:00,0.050273,229.533,1.179,49.998
Evening_High,2020-01-07 21:00:00,0.074279,228.229,1.5334,49.988
Evening_High,2020-01-07 21:03:00,0.056176,230.557,1.1715,49.999
Evening_High,2020-01-07 21:06:00,0.059991,229.198,1.3568,49.991
Evening_High,2020-01-07 21:09:00,0.055904,228.166,1.2947,49.998
Evening_High,2020-01-07 21:12:00,0.068414,227.773,1.5064,49.989
Evening_High,2020-01-07 21:15:00,0.064219,229.282,1.3725,49.983
Evening_High,2020-01-07 21:18:00,0.067544,228.467,1.4623,49.992
Evening_High,2020-01-07 21:21:00,0.048913,228.038,1.086,49.983
Evening_High,2020-01-07 21:24:00,0.064641,229.809,1.4052,49.997
Evening_High,2020-01-07 21:27:00,0.03199,231.129,0.845,49.987
Evening_High,2020-01-07 21:30:00,0.036185,230.29,0.9028,49.98
Evening_High,2020-01-07 21:33:00,0.059281,229.02,1.3645,49.994
Evening_High,2020-01-07 21:36:00,0.094461,226.954,1.9273,49.972
Evening_High,2020-01-07 21:39:00,0.075749,227.678,1.585,50.003
Evening_High,2020-01-07 21:42:00,0.05831,230.073,1.2858,50.001
Evening_High,2020-01-07 21:45:00,0.049173,229.772,1.1172,49.964
Evening_High,2020-01-07 21:48:00,0.052431,230.196,1.1885,49.965
Evening_High,2020-01-07 21:51:00,0.057103,229.852,1.3264,49.983
Evening_High,2020-01-07 21:54:00,0.059117,229.536,1.3621,49.999
Evening_High,2020-01-07 21:57:00,0.044211,229.772,1.0386,49.976
Evening_High,2020-01-07 22:00:00,0.065489,229.215,1.365,49.98
Evening_High,2020-01-07 22:03:00,0.050249,230.949,1.1506,49.994
Evening_High,2020-01-07 22:06:00,0.04571,229.301,1.0236,49.986
Evening_High,2020-01-07 22:09:00,0.040713,230.923,0.9685,49.991
Evening_High,2020-01-07 22:12:00,0.041784,231.011,0.9417,49.993
Evening_High,2020-01-07 22:15:00,0.043774,230.671,1.0722,49.997
Evening_High,2020-01-07 22:18:00,0.036677,231.061,0.9279,49.999
Evening_High,2020-01-07 22:21:00,0.042684,229.754,1.0681,49.972
Evening_High,2020-01-07 22:24:00,0.038963,230.707,0.9119,49.983
Evening_High,2020-01-07 22:27:00,0.045525,229.898,1.0571,49.976
Evening_High,2020-01-07 22:30:00,0.043794,230.373,1.0007,49.981
Evening_High,2020-01-07 22:33:00,0.030598,230.732,0.8254,49.979
Evening_High,2020-01-07 22:36:00,0.046179,230.155,1.0937,49.995
Evening_High,2020-01-07 22:39:00,0.051648,230.569,1.2304,49.986
Evening_High,2020-01-07 22:42:00,0.045854,231.446,1.1051,50.004
Evening_High,2020-01-07 22:45:00,0.020453,230.093,0.586,49.978
Evening_High,2020-01-07 22:48:00,0.042896,230.522,0.983,50.0
Evening_High,2020-01-07 22:51:00,0.033088,230.551,0.7893,49.967
Evening_High,2020-01-07 22:54:00,0.043111,231.325,0.9982,49.953
Evening_High,2020-01-07 22:57:00,0.031642,230.392,0.8193,49.99
Evening_High,2020-01-07 23:00:00,0.042184,230.44,0.9811,49.982
Evening_High,2020-01-07 23:03:00,0.034119,231.774,0.8674,49.995
Evening_High,2020-01-07 23:06:00,0.013885,230.55,0.5083,50.007
Evening_High,2020-01-07 23:09:00,0.035045,230.669,0.8383,49.997
Evening_High,2020-01-07 23:12:00,0.02668,231.724,0.6516,49.98
Evening_High,2020-01-07 23:15:00,0.030935,230.48,0.8226,49.983
Evening_High,2020-01-07 23:18:00,0.024469,231.445,0.7038,50.002
Evening_High,2020-01-07 23:21:00,0.024259,229.886,0.6392,50.013
Evening_High,2020-01-07 23:24:00,0.025785,230.45,0.7068,49.994
Evening_High,2020-01-07 23:27:00,0.026274,230.054,0.6825,49.991
Evening_High,2020-01-07 23:30:00,0.025099,230.026,0.7418,49.986
Evening_High,2020-01-07 23:33:00,0.019596,229.152,0.6077,49.991
Evening_High,2020-01-07 23:36:00,0.028047,232.081,0.7783,49.999
Evening_High,2020-01-07 23:39:00,0.017696,231.283,0.59,50.01
Evening_High,2020-01-07 23:42:00,0.030423,230.589,0.8014,50.017
Evening_High,2020-01-07 23:45:00,0.020128,231.512,0.5677,49.998
Evening_High,2020-01-07 23:48:00,0.026766,229.323,0.776,50.005
Evening_High,2020-01-07 23:51:00,0.026851,229.821,0.7635,50.004
Evening_High,2020-01-07 23:54:00,0.031165,230.363,0.8433,50.004
Evening_High,2020-01-07 23:57:00,0.002089,232.299,0.3427,49.986
Evening_High,2020-01-08 00:00:00,0.032682,230.325,0.8238,50.003
Evening_High,2020-01-08 00:03:00,0.018235,233.89,0.584,49.994
Evening_High,2020-01-08 00:06:00,0.024616,231.307,0.7202,49.996
Evening_High,2020-01-08 00:09:00,0.022495,230.205,0.646,49.987
Evening_High,2020-01-08 00:12:00,0.018996,231.393,0.5973,49.998
Evening_High,2020-01-08 00:15:00,0.008853,232.491,0.401,50.004
Evening_High,2020-01-08 00:18:00,0.022602,230.62,0.6741,49.985
Evening_High,2020-01-08 00:21:00,0.017767,230.838,0.5504,50.015
Evening_High,2020-01-08 00:24:00,0.016187,231.196,0.5208,50.011
Evening_High,2020-01-08 00:27:00,0.026181,230.177,0.614,49.974
Evening_High,2020-01-08 00:30:00,0.021789,231.903,0.6574,50.004
Evening_High,2020-01-08 00:33:00,0.023474,230.359,0.698,50.009
Evening_High,2020-01-08 00:36:00,0.019202,231.263,0.6075,49.987
Evening_High,2020-01-08 00:39:00,0.006243,232.057,0.3347,49.965
Evening_High,2020-01-08 00:42:00,0.018382,230.97,0.6075,49.999
Evening_High,2020-01-08 00:45:00,0.027689,231.5,0.6824,49.983
Evening_High,2020-01-08 00:48:00,0.024841,231.453,0.7049,49.995
Evening_High,2020-01-08 00:51:00,0.022134,230.963,0.6487,49.997
Evening_High,2020-01-08 00:54:00,0.013359,232.987,0.4613,50.01
Evening_High,2020-01-08 00:57:00,0.026116,230.48,0.7256,49.991
Evening_High,2020-01-08 01:00:00,0.023072,230.666,0.7057,50.007
Evening_High,2020-01-08 01:03:00,0.016673,231.203,0.5349,49.989
Evening_High,2020-01-08 01:06:00,0.018728,231.144,0.6095,49.992
Evening_High,2020-01-08 01:09:00,0.018169,231.426,0.6094,50.0
Evening_High,2020-01-08 01:12:00,0.016267,232.612,0.5737,49.985
Evening_High,2020-01-08 01:15:00,0.014007,232.285,0.4901,49.966
Evening_High,2020-01-08 01:18:00,0.013461,231.748,0.5437,50.003
Evening_High,2020-01-08 01:21:00,0.017269,230.144,0.5819,49.993
Evening_High,2020-01-08 01:24:00,0.018411,231.071,0.6045,49.997
Evening_High,2020-01-08 01:27:00,0.013117,231.643,0.4632,50.002
Evening_High,2020-01-08 01:30:00,0.017876,230.455,0.56,50.003
Evening_High,2020-01-08 01:33:00,0.015975,230.947,0.4856,49.996
Evening_High,2020-01-08 01:36:00,0.017943,232.147,0.5587,50.011
Evening_High,2020-01-08 01:39:00,0.022186,230.549,0.6008,50.029
Evening_High,2020-01-08 01:42:00,0.019527,230.703,0.636,49.993
Evening_High,2020-01-08 01:45:00,0.012639,232.112,0.4542,49.998
Evening_High,2020-01-08 01:48:00,0.02415,231.229,0.6728,49.99
Evening_High,2020-01-08 01:51:00,0.007969,232.142,0.4024,49.986
Evening_High,2020-01-08 01:54:00,0.008692,232.059,0.4067,49.995
Evening_High,2020-01-08 01:57:00,0.021944,231.029,0.6438,50.006
Evening_High,2020-01-08 02:00:00,0.021615,232.145,0.6637,49.985
Evening_High,2020-01-08 02:03:00,0.015727,231.569,0.4964,50.009
Evening_High,2020-01-08 02:06:00,0.014351,230.684,0.4501,49.994
Evening_High,2020-01-08 02:09:00,0.012622,231.257,0.469,49.991
Evening_High,2020-01-08 02:12:00,0.01135,231.779,0.4101,49.992
Evening_High,2020-01-08 02:15:00,0.019669,231.838,0.5732,49.98
Evening_High,2020-01-08 02:18:00,0.015425,232.376,0.5212,49.993
Evening_High,2020-01-08 02:21:00,0.021632,230.396,0.6582,49.985
Evening_High,2020-01-08 02:24:00,0.014866,231.712,0.4412,49.995
Evening_High,2020-01-08 02:27:00,0.025225,230.161,0.7049,49.999
Evening_High,2020-01-08 02:30:00,0.014607,230.813,0.5317,50.001
Evening_High,2020-01-08 02:33:00,0.011517,231.02,0.4717,49.997
Evening_High,2020-01-08 02:36:00,0.01276,232.387,0.4714,49.963
Evening_High,2020-01-08 02:39:00,0.020519,231.378,0.615,49.993
Evening_High,2020-01-08 02:42:00,0.00629,231.43,0.3713,50.003
Evening_High,2020-01-08 02:45:00,0.014047,231.477,0.5175,49.987
Evening_High,2020-01-08 02:48:00,0.015687,231.401,0.5377,49.998
Evening_High,2020-01-08 02:51:00,0.022485,230.5,0.665,50.004
Evening_High,2020-01-08 02:54:00,0.015795,231.137,0.5842,49.985
Evening_High,2020-01-08 02:57:00,0.01615,230.787,0.6621,50.003
Evening_High,2020-01-08 03:00:00,0.02129,229.407,0.6187,50.016
Evening_High,2020-01-08 03:03:00,0.028713,231.216,0.8172,50.003
Evening_High,2020-01-08 03:06:00,0.01582,231.155,0.5348,49.995
Evening_High,2020-01-08 03:09:00,0.025535,231.696,0.6915,50.002
Evening_High,2020-01-08 03:12:00,0.012064,231.496,0.5771,50.003
Evening_High,2020-01-08 03:15:00,0.013002,231.987,0.5245,50.029
Evening_High,2020-01-08 03:18:00,0.015267,232.107,0.5168,49.995
Evening_High,2020-01-08 03:21:00,0.014151,231.371,0.4673,49.991
Evening_High,2020-01-08 03:24:00,0.018035,231.438,0.6027,50.0
Evening_High,2020-01-08 03:27:00,0.013188,231.643,0.5331,49.987
Evening_High,2020-01-08 03:30:00,0.022049,230.798,0.6698,49.98
Evening_High,2020-01-08 03:33:00,0.018874,231.248,0.5671,49.991
Evening_High,2020-01-08 03:36:00,0.01075,230.627,0.3732,50.014
Evening_High,2020-01-08 03:39:00,0.011793,231.809,0.4203,50.005
Evening_High,2020-01-08 03:42:00,0.019107,231.853,0.5883,49.984
Evening_High,2020-01-08 03:45:00,0.009817,231.145,0.3219,50.001
Evening_High,2020-01-08 03:48:00,0.014081,232.084,0.4795,49.991
Evening_High,2020-01-08 03:51:00,0.021632,232.742,0.6651,49.987
Evening_High,2020-01-08 03:54:00,0.010412,231.197,0.445,50.007
Evening_High,2020-01-08 03:57:00,0.02339,231.009,0.6886,49.982
Evening_High,2020-01-08 04:00:00,0.011557,230.94,0.4434,49.997
Evening_High,2020-01-08 04:03:00,0.020344,231.083,0.6174,50.001
Evening_High,2020-01-08 04:06:00,0.020019,231.553,0.6139,49.984
Evening_High,2020-01-08 04:09:00,0.015461,230.419,0.5592,50.005
Evening_High,2020-01-08 04:12:00,0.020274,230.601,0.596,49.97
Evening_High,2020-01-08 04:15:00,0.015702,231.181,0.576,49.993
Evening_High,2020-01-08 04:18:00,0.016353,231.701,0.528,49.99
Evening_High,2020-01-08 04:21:00,0.01546,232.4,0.5715,49.995
Evening_High,2020-01-08 04:24:00,0.016011,231.568,0.5195,50.004
Evening_High,2020-01-08 04:27:00,0.017434,231.515,0.5373,50.004
Evening_High,2020-01-08 04:30:00,0.014363,231.242,0.455,50.003
Evening_High,2020-01-08 04:33:00,0.015703,230.861,0.5377,49.993
Evening_High,2020-01-08 04:36:00,0.010248,231.811,0.4122,49.996
Evening_High,2020-01-08 04:39:00,0.011746,230.407,0.4312,49.995
Evening_High,2020-01-08 04:42:00,0.017279,231.184,0.5389,50.009
Evening_High,2020-01-08 04:45:00,0.018547,231.486,0.6254,50.001
Evening_High,2020-01-08 04:48:00,0.023058,230.955,0.6382,50.014
Evening_High,2020-01-08 04:51:00,0.022566,232.261,0.6393,50.01
Evening_High,2020-01-08 04:54:00,0.010227,231.708,0.4426,50.008
Evening_High,2020-01-08 04:57:00,0.02343,230.984,0.7342,49.993
Evening_High,2020-01-08 05:00:00,0.017193,232.473,0.5306,49.98
Evening_High,2020-01-08 05:03:00,0.023286,231.432,0.7024,50.007
Evening_High,2020-01-08 05:06:00,0.010955,230.544,0.429,49.992
Evening_High,2020-01-08 05:09:00,0.016318,231.425,0.5469,49.995
Evening_High,2020-01-08 05:12:00,0.015043,232.027,0.5342,50.013
Evening_High,2020-01-08 05:15:00,0.017045,229.868,0.5728,49.975
Evening_High,2020-01-08 05:18:00,0.012983,231.28,0.5061,50.001
Evening_High,2020-01-08 05:21:00,0.011715,230.826,0.4928,49.981
Evening_High,2020-01-08 05:24:00,0.010651,231.757,0.3932,49.991
Evening_High,2020-01-08 05:27:00,0.017665,230.529,0.5369,50.008
Evening_High,2020-01-08 05:30:00,0.017186,230.995,0.599,49.979
Evening_High,2020-01-08 05:33:00,0.013672,231.033,0.4731,50.014
Evening_High,2020-01-08 05:36:00,0.013828,230.586,0.446,50.01
Evening_High,2020-01-08 05:39:00,0.016893,231.236,0.5916,49.975
Evening_High,2020-01-08 05:42:00,0.020789,231.07,0.6247,50.013
Evening_High,2020-01-08 05:45:00,0.018242,230.681,0.5656,49.992
Evening_High,2020-01-08 05:48:00,0.012451,230.699,0.4682,49.995
Evening_High,2020-01-08 05:51:00,0.019672,231.139,0.6609,49.997
Evening_High,2020-01-08 05:54:00,0.020636,231.399,0.5919,50.0
Evening_High,2020-01-08 05:57:00,0.016186,231.44,0.4779,50.013
Evening_High,2020-01-08 06:00:00,0.021497,230.67,0.6461,50.005
Evening_High,2020-01-08 06:03:00,0.017331,230.126,0.5576,50.004
Evening_High,2020-01-08 06:06:00,0.020903,232.401,0.6338,50.012
Evening_High,2020-01-08 06:09:00,0.013286,230.619,0.4949,49.964
Evening_High,2020-01-08 06:12:00,0.01762,230.474,0.6011,49.987
Evening_High,2020-01-08 06:15:00,0.01302,232.122,0.4443,49.974
Evening_High,2020-01-08 06:18:00,0.018304,231.144,0.5712,50.017
Evening_High,2020-01-08 06:21:00,0.017343,230.119,0.5372,49.999
Evening_High,2020-01-08 06:24:00,0.014666,231.749,0.4919,50.012
Evening_High,2020-01-08 06:27:00,0.022595,230.079,0.6609,50.003
Evening_High,2020-01-08 06:30:00,0.016792,231.217,0.657,49.974
Evening_High,2020-01-08 06:33:00,0.022055,231.85,0.697,50.01
Evening_High,2020-01-08 06:36:00,0.016924,230.111,0.6193,49.982
Evening_High,2020-01-08 06:39:00,0.017982,230.408,0.5405,50.011
Evening_High,2020-01-08 06:42:00,0.016237,231.332,0.5255,50.002
Evening_High,2020-01-08 06:45:00,0.014137,229.15,0.527,50.002
Evening_High,2020-01-08 06:48:00,0.020656,230.837,0.5744,50.002
Evening_High,2020-01-08 06:51:00,0.025642,229.031,0.7327,50.012
Evening_High,2020-01-08 06:54:00,0.018394,231.473,0.6078,49.99
Evening_High,2020-01-08 06:57:00,0.017636,231.559,0.6047,49.975
Evening_High,2020-01-08 07:00:00,0.016066,230.825,0.5774,50.01
Evening_High,2020-01-08 07:03:00,0.018165,230.145,0.504,49.993
Evening_High,2020-01-08 07:06:00,0.015597,231.326,0.5822,49.996
Evening_High,2020-01-08 07:09:00,0.018072,231.895,0.579,49.992
Evening_High,2020-01-08 07:12:00,0.009596,232.292,0.4141,49.991
Evening_High,2020-01-08 07:15:00,0.017284,232.572,0.5529,49.999
Evening_High,2020-01-08 07:18:00,0.018344,231.192,0.5764,49.982
Evening_High,2020-01-08 07:21:00,0.019428,230.106,0.5989,50.004
Evening_High,2020-01-08 07:24:00,0.017855,231.45,0.5835,50.002
Evening_High,2020-01-08 07:27:00,0.024639,231.47,0.7142,50.006
Evening_High,2020-01-08 07:30:00,0.020329,231.448,0.6569,49.996
Evening_High,2020-01-08 07:33:00,0.020938,230.299,0.6271,50.015
Evening_High,2020-01-08 07:36:00,0.016102,231.753,0.5641,49.978
Evening_High,2020-01-08 07:39:00,0.017998,229.29,0.5919,50.01
Evening_High,2020-01-08 07:42:00,0.020046,231.416,0.5406,49.989
Evening_High,2020-01-08 07:45:00,0.015799,230.274,0.574,49.996
Evening_High,2020-01-08 07:48:00,0.017538,230.614,0.5506,49.999
Evening_High,2020-01-08 07:51:00,0.017923,230.685,0.5957,50.0
Evening_High,2020-01-08 07:54:00,0.021102,229.929,0.656,49.993
Evening_High,2020-01-08 07:57:00,0.018388,231.789,0.5955,49.977
Evening_High,2020-01-08 08:00:00,0.028485,231.076,0.7748,50.005
Evening_High,2020-01-08 08:03:00,0.019721,231.227,0.6053,49.977
Evening_High,2020-01-08 08:06:00,0.012966,231.569,0.4777,50.008
Evening_High,2020-01-08 08:09:00,0.012168,231.679,0.4578,50.009
Evening_High,2020-01-08 08:12:00,0.017812,232.235,0.5156,49.998
Evening_High,2020-01-08 08:15:00,0.004311,231.604,0.2881,50.004
Evening_High,2020-01-08 08:18:00,0.014383,231.929,0.5002,49.995
Evening_High,2020-01-08 08:21:00,0.022471,231.239,0.6581,49.995
Evening_High,2020-01-08 08:24:00,0.015611,231.26,0.551,50.025
Evening_High,2020-01-08 08:27:00,0.014648,231.134,0.5139,49.994
Evening_High,2020-01-08 08:30:00,0.017556,230.682,0.5085,50.01
Evening_High,2020-01-08 08:33:00,0.01339,231.75,0.4213,49.997
Evening_High,2020-01-08 08:36:00,0.017291,231.363,0.5535,49.997
Evening_High,2020-01-08 08:39:00,0.02775,231.967,0.8157,49.988
Evening_High,2020-01-08 08:42:00,0.022956,230.401,0.6313,49.995
Evening_High,2020-01-08 08:45:00,0.02555,231.646,0.7124,49.987
Evening_High,2020-01-08 08:48:00,0.015021,230.245,0.4689,50.014
Evening_High,2020-01-08 08:51:00,0.019911,232.442,0.5469,49.991
Evening_High,2020-01-08 08:54:00,0.022111,231.4,0.6424,50.01
Evening_High,2020-01-08 08:57:00,0.017813,230.143,0.5652,49.998
Evening_High,2020-01-08 09:00:00,0.019148,231.469,0.6069,50.002
Evening_High,2020-01-08 09:03:00,0.016441,232.223,0.5246,49.979
Evening_High,2020-01-08 09:06:00,0.017846,231.576,0.6222,50.015
Evening_High,2020-01-08 09:09:00,0.021691,231.319,0.64,49.993
Evening_High,2020-01-08 09:12:00,0.019928,232.904,0.6523,49.983
Evening_High,2020-01-08 09:15:00,0.015078,232.054,0.5235,49.995
Evening_High,2020-01-08 09:18:00,0.011958,231.235,0.4229,49.985
Evening_High,2020-01-08 09:21:00,0.023058,230.729,0.6335,50.005
Evening_High,2020-01-08 09:24:00,0.008045,231.484,0.3847,50.008
Evening_High,2020-01-08 09:27:00,0.019416,230.636,0.6046,49.99
Evening_High,2020-01-08 09:30:00,0.027535,231.007,0.7327,50.011
Evening_High,2020-01-08 09:33:00,0.015037,231.324,0.5629,49.996
Evening_High,2020-01-08 09:36:00,0.017354,230.875,0.6044,49.993
Evening_High,2020-01-08 09:39:00,0.017189,232.78,0.5833,49.991
Evening_High,2020-01-08 09:42:00,0.020023,231.306,0.5874,49.991
Evening_High,2020-01-08 09:45:00,0.018335,231.39,0.5431,49.982
Evening_High,2020-01-08 09:48:00,0.021499,230.71,0.5771,49.987
Evening_High,2020-01-08 09:51:00,0.021698,231.411,0.6739,50.001
Evening_High,2020-01-08 09:54:00,0.015293,230.602,0.5207,49.972
Evening_High,2020-01-08 09:57:00,0.02304,232.158,0.6985,49.986
Evening_High,2020-01-08 10:00:00,0.027534,230.257,0.7942,50.014
Evening_High,2020-01-08 10:03:00,0.014375,230.664,0.5266,50.017
Evening_High,2020-01-08 10:06:00,0.017501,233.192,0.6303,49.992
Evening_High,2020-01-08 10:09:00,0.011009,231.44,0.411,50.0
Evening_High,2020-01-08 10:12:00,0.017965,231.034,0.5671,50.009
Evening_High,2020-01-08 10:15:00,0.025385,230.981,0.7941,49.979
Evening_High,2020-01-08 10:18:00,0.024423,231.084,0.6116,49.992
Evening_High,2020-01-08 10:21:00,0.022805,231.798,0.6119,49.98
Evening_High,2020-01-08 10:24:00,0.017652,232.17,0.5638,50.001
Evening_High,2020-01-08 10:27:00,0.023041,231.834,0.6823,50.005
Evening_High,2020-01-08 10:30:00,0.014908,231.321,0.5711,49.996
Evening_High,2020-01-08 10:33:00,0.015871,231.304,0.5726,50.001
Evening_High,2020-01-08 10:36:00,0.018136,231.396,0.5667,49.997
Evening_High,2020-01-08 10:39:00,0.030202,230.742,0.7741,49.979
Evening_High,2020-01-08 10:42:00,0.018037,231.141,0.5463,49.977
Evening_High,2020-01-08 10:45:00,0.019665,232.469,0.5849,49.987
Evening_High,2020-01-08 10:48:00,0.021578,229.694,0.6271,49.997
Evening_High,2020-01-08 10:51:00,0.018755,228.226,0.5405,50.004
Evening_High,2020-01-08 10:54:00,0.01399,230.05,0.5029,49.988
Evening_High,2020-01-08 10:57:00,0.02922,230.259,0.7842,49.994
Evening_High,2020-01-08 11:00:00,0.029367,229.334,0.8078,49.992
Evening_High,2020-01-08 11:03:00,0.018235,230.729,0.561,50.004
Evening_High,2020-01-08 11:06:00,0.020058,229.82,0.5792,50.001
Evening_High,2020-01-08 11:09:00,0.014153,230.229,0.5279,49.987
Evening_High,2020-01-08 11:12:00,0.019909,230.966,0.631,50.011
Evening_High,2020-01-08 11:15:00,0.010412,229.96,0.4683,50.004
Evening_High,2020-01-08 11:18:00,0.032517,230.485,0.8472,49.97
Evening_High,2020-01-08 11:21:00,0.031642,230.991,0.7967,50.01
Evening_High,2020-01-08 11:24:00,0.026024,230.417,0.6865,49.979
Evening_High,2020-01-08 11:27:00,0.019614,232.515,0.5655,50.002
Evening_High,2020-01-08 11:30:00,0.019565,231.355,0.6035,50.018
Evening_High,2020-01-08 11:33:00,0.018769,231.927,0.5889,50.001
Evening_High,2020-01-08 11:36:00,0.020968,230.296,0.6731,50.021
Evening_High,2020-01-08 11:39:00,0.016406,231.766,0.5319,49.993
Evening_High,2020-01-08 11:42:00,0.021133,230.476,0.6218,49.992
Evening_High,2020-01-08 11:45:00,0.025815,230.777,0.704,50.008
Evening_High,2020-01-08 11:48:00,0.023798,229.488,0.6812,50.009
Evening_High,2020-01-08 11:51:00,0.010525,231.81,0.4251,50.017
Evening_High,2020-01-08 11:54:00,0.024727,232.256,0.6768,49.986
Evening_High,2020-01-08 11:57:00,0.008703,232.29,0.3663,50.006
Evening_High,2020-01-08 12:00:00,0.028487,230.962,0.7366,50.009
Evening_High,2020-01-08 12:03:00,0.019581,231.745,0.5415,49.997
Evening_High,2020-01-08 12:06:00,0.018191,230.992,0.5936,49.969
Evening_High,2020-01-08 12:09:00,0.014463,230.117,0.5353,49.987
Evening_High,2020-01-08 12:12:00,0.015718,230.574,0.5481,50.005
Evening_High,2020-01-08 12:15:00,0.02633,230.025,0.7446,49.985
Evening_High,2020-01-08 12:18:00,0.031716,230.741,0.81,50.001
Evening_High,2020-01-08 12:21:00,0.022353,230.715,0.6768,49.973
Evening_High,2020-01-08 12:24:00,0.018587,231.167,0.5743,50.008
Evening_High,2020-01-08 12:27:00,0.024519,231.202,0.7546,49.976
Evening_High,2020-01-08 12:30:00,0.02801,230.264,0.7711,49.973
Evening_High,2020-01-08 12:33:00,0.017053,231.195,0.6354,50.0
Evening_High,2020-01-08 12:36:00,0.029702,229.923,0.743,49.97
Evening_High,2020-01-08 12:39:00,0.023755,232.231,0.6835,49.993
Evening_High,2020-01-08 12:42:00,0.026729,231.215,0.7072,49.997
Evening_High,2020-01-08 12:45:00,0.02584,231.259,0.7229,50.004
Evening_High,2020-01-08 12:48:00,0.028481,231.125,0.7891,49.987
Evening_High,2020-01-08 12:51:00,0.029146,230.319,0.7765,49.99
Evening_High,2020-01-08 12:54:00,0.010427,231.68,0.3667,50.01
Evening_High,2020-01-08 12:57:00,0.025022,230.018,0.7063,49.996
Evening_High,2020-01-08 13:00:00,0.030734,231.859,0.8151,49.994
Evening_High,2020-01-08 13:03:00,0.036321,230.235,0.9159,49.991
Evening_High,2020-01-08 13:06:00,0.008106,230.759,0.3755,49.992
Evening_High,2020-01-08 13:09:00,0.016293,229.785,0.4978,49.969
Evening_High,2020-01-08 13:12:00,0.022047,232.815,0.6951,50.0
Evening_High,2020-01-08 13:15:00,0.015141,231.089,0.5481,49.985
Evening_High,2020-01-08 13:18:00,0.022743,231.524,0.6816,50.011
Evening_High,2020-01-08 13:21:00,0.021445,230.317,0.6224,50.012
Evening_High,2020-01-08 13:24:00,0.029296,231.125,0.7454,50.005
Evening_High,2020-01-08 13:27:00,0.020912,230.898,0.6534,49.972
Evening_High,2020-01-08 13:30:00,0.023038,230.227,0.5883,49.983
Evening_High,2020-01-08 13:33:00,0.018803,230.464,0.6283,50.016
Evening_High,2020-01-08 13:36:00,0.028351,229.682,0.7518,49.968
Evening_High,2020-01-08 13:39:00,0.030564,232.06,0.7477,49.987
Evening_High,2020-01-08 13:42:00,0.027912,230.558,0.7033,49.971
Evening_High,2020-01-08 13:45:00,0.035108,229.681,0.8261,50.0
Evening_High,2020-01-08 13:48:00,0.024403,230.082,0.6314,49.99
Evening_High,2020-01-08 13:51:00,0.027822,231.66,0.7977,49.999
Evening_High,2020-01-08 13:54:00,0.015442,229.833,0.5655,50.002
Evening_High,2020-01-08 13:57:00,0.03001,230.21,0.7692,49.999
Evening_High,2020-01-08 14:00:00,0.024413,230.637,0.6484,49.967
Evening_High,2020-01-08 14:03:00,0.028135,231.825,0.7401,50.0
Evening_High,2020-01-08 14:06:00,0.021947,231.907,0.6176,49.982
Evening_High,2020-01-08 14:09:00,0.020521,232.437,0.632,50.009
Evening_High,2020-01-08 14:12:00,0.02173,231.215,0.6253,50.005
Evening_High,2020-01-08 14:15:00,0.024949,231.957,0.6951,49.977
Evening_High,2020-01-08 14:18:00,0.020137,231.674,0.5934,49.998
Evening_High,2020-01-08 14:21:00,0.016535,231.868,0.5729,50.012
Evening_High,2020-01-08 14:24:00,0.024917,230.424,0.7164,49.994
Evening_High,2020-01-08 14:27:00,0.030647,231.269,0.8495,49.997
Evening_High,2020-01-08 14:30:00,0.030647,230.756,0.754,50.011
Evening_High,2020-01-08 14:33:00,0.024065,230.277,0.649,49.985
Evening_High,2020-01-08 14:36:00,0.027467,230.876,0.7521,49.978
Evening_High,2020-01-08 14:39:00,0.020661,230.331,0.6033,49.988
Evening_High,2020-01-08 14:42:00,0.015703,231.743,0.5203,49.991
Evening_High,2020-01-08 14:45:00,0.031566,229.809,0.7987,49.998
Evening_High,2020-01-08 14:48:00,0.018941,231.56,0.5823,49.977
Evening_High,2020-01-08 14:51:00,0.028837,229.543,0.7497,50.002
Evening_High,2020-01-08 14:54:00,0.033842,230.564,0.9204,49.997
Evening_High,2020-01-08 14:57:00,0.039595,229.342,0.9642,49.993
Evening_High,2020-01-08 15:00:00,0.034246,232.303,0.8985,50.003
Evening_High,2020-01-08 15:03:00,0.016435,231.302,0.5448,50.004
Evening_High,2020-01-08 15:06:00,0.019777,231.888,0.5677,50.009
Evening_High,2020-01-08 15:09:00,0.027668,230.493,0.7519,49.988
Evening_High,2020-01-08 15:12:00,0.027099,230.527,0.7058,49.991
Evening_High,2020-01-08 15:15:00,0.026438,231.814,0.7296,50.004
Evening_High,2020-01-08 15:18:00,0.023417,231.418,0.6976,49.993
Evening_High,2020-01-08 15:21:00,0.015154,231.494,0.5187,49.993
Evening_High,2020-01-08 15:24:00,0.033982,229.559,0.8796,49.971
Evening_High,2020-01-08 15:27:00,0.028606,232.068,0.7881,49.992
Evening_High,2020-01-08 15:30:00,0.038833,229.588,1.0124,49.975
Evening_High,2020-01-08 15:33:00,0.017585,232.981,0.5735,49.998
Evening_High,2020-01-08 15:36:00,0.024469,229.707,0.7104,49.994
Evening_High,2020-01-08 15:39:00,0.035491,230.872,0.9114,49.998
Evening_High,2020-01-08 15:42:00,0.017391,231.869,0.5976,49.982
Evening_High,2020-01-08 15:45:00,0.023145,230.132,0.6406,50.004
Evening_High,2020-01-08 15:48:00,0.031309,229.241,0.788,49.992
Evening_High,2020-01-08 15:51:00,0.027804,229.829,0.7766,50.006
Evening_High,2020-01-08 15:54:00,0.029,230.907,0.8137,49.991
Evening_High,2020-01-08 15:57:00,0.019192,231.91,0.6194,49.986
Evening_High,2020-01-08 16:00:00,0.021312,231.927,0.6012,49.979
Evening_High,2020-01-08 16:03:00,0.022686,230.063,0.6735,49.99
Evening_High,2020-01-08 16:06:00,0.029156,230.075,0.7428,50.004
Evening_High,2020-01-08 16:09:00,0.029339,231.873,0.7261,50.008
Evening_High,2020-01-08 16:12:00,0.037728,230.435,0.9387,50.004
Evening_High,2020-01-08 16:15:00,0.029481,230.369,0.8264,49.998
Evening_High,2020-01-08 16:18:00,0.030997,231.002,0.8242,49.997
Evening_High,2020-01-08 16:21:00,0.042567,228.549,1.0287,49.989
Evening_High,2020-01-08 16:24:00,0.027475,229.853,0.7277,49.999
Evening_High,2020-01-08 16:27:00,0.047232,229.095,1.1263,49.985
Evening_High,2020-01-08 16:30:00,0.029662,230.264,0.7696,49.992
Evening_High,2020-01-08 16:33:00,0.042057,229.587,1.0081,49.988
Evening_High,2020-01-08 16:36:00,0.022297,232.843,0.6849,50.001
Evening_High,2020-01-08 16:39:00,0.029493,232.126,0.7327,49.993
Evening_High,2020-01-08 16:42:00,0.026754,231.035,0.7348,49.992
Evening_High,2020-01-08 16:45:00,0.034644,230.569,0.8816,49.996
Evening_High,2020-01-08 16:48:00,0.044026,229.225,1.0215,49.974
Evening_High,2020-01-08 16:51:00,0.023185,232.085,0.6534,49.991
Evening_High,2020-01-08 16:54:00,0.037483,229.973,0.9192,49.994
Evening_High,2020-01-08 16:57:00,0.040784,230.19,1.0117,49.985
Evening_High,2020-01-08 17:00:00,0.01668,232.215,0.5399,49.988
Evening_High,2020-01-08 17:03:00,0.030315,230.414,0.8014,49.995
Evening_High,2020-01-08 17:06:00,0.04259,230.122,1.0056,49.997
Evening_High,2020-01-08 17:09:00,0.049852,229.867,1.2263,49.975
Evening_High,2020-01-08 17:12:00,0.033046,229.834,0.8369,49.984
Evening_High,2020-01-08 17:15:00,0.032146,230.164,0.8799,49.996
Evening_High,2020-01-08 17:18:00,0.035144,229.604,0.9182,49.968
Evening_High,2020-01-08 17:21:00,0.02931,230.348,0.7792,50.009
Evening_High,2020-01-08 17:24:00,0.06124,228.596,1.2663,50.001
Evening_High,2020-01-08 17:27:00,0.039114,229.223,0.8858,50.013
Evening_High,2020-01-08 17:30:00,0.038406,230.327,0.9159,49.99
Evening_High,2020-01-08 17:33:00,0.0236,230.461,0.7618,50.035
Evening_High,2020-01-08 17:36:00,0.033343,230.619,0.794,49.985
Evening_High,2020-01-08 17:39:00,0.045506,228.987,1.1041,49.982
Evening_High,2020-01-08 17:42:00,0.052403,230.243,1.2145,49.97
Evening_High,2020-01-08 17:45:00,0.037162,229.834,0.9079,49.985
Evening_High,2020-01-08 17:48:00,0.071495,229.735,1.6119,49.976
Evening_High,2020-01-08 17:51:00,0.07361,227.47,1.593,49.996
Evening_High,2020-01-08 17:54:00,0.029167,230.512,0.7817,49.989
Evening_High,2020-01-08 17:57:00,0.048411,230.724,1.1272,49.975
Evening_High,2020-01-08 18:00:00,0.066892,228.473,1.4385,49.983
Evening_High,2020-01-08 18:03:00,0.068807,227.502,1.4862,49.996
Evening_High,2020-01-08 18:06:00,0.064158,229.234,1.3945,50.0
Evening_High,2020-01-08 18:09:00,0.028527,230.727,0.7864,50.002
Evening_High,2020-01-08 18:12:00,0.027108,232.081,0.7259,49.975
Evening_High,2020-01-08 18:15:00,0.034533,231.004,0.86,49.999
Evening_High,2020-01-08 18:18:00,0.059417,227.57,1.3108,49.996
Evening_High,2020-01-08 18:21:00,0.055266,229.857,1.3216,50.001
Evening_High,2020-01-08 18:24:00,0.085698,228.411,1.7979,49.952
Evening_High,2020-01-08 18:27:00,0.057648,229.075,1.3112,49.963
Evening_High,2020-01-08 18:30:00,0.041391,230.665,1.0102,49.991
Evening_High,2020-01-08 18:33:00,0.067574,229.551,1.4111,49.997
Evening_High,2020-01-08 18:36:00,0.038127,229.688,0.9332,49.996
Evening_High,2020-01-08 18:39:00,0.036248,231.169,0.8841,50.017
Evening_High,2020-01-08 18:42:00,0.063041,228.458,1.3862,49.986
Evening_High,2020-01-08 18:45:00,0.097104,228.718,2.0448,49.973
Evening_High,2020-01-08 18:48:00,0.087686,228.246,1.8119,50.001
Evening_High,2020-01-08 18:51:00,0.045628,229.438,1.0451,49.996
Evening_High,2020-01-08 18:54:00,0.070857,227.636,1.5484,49.966
Evening_High,2020-01-08 18:57:00,0.079424,227.764,1.6648,49.965
Evening_High,2020-01-08 19:00:00,0.086761,228.458,1.7925,49.963
Evening_High,2020-01-08 19:03:00,0.075381,227.379,1.5843,49.994
Evening_High,2020-01-08 19:06:00,0.079049,229.547,1.7562,49.992
Evening_High,2020-01-08 19:09:00,0.092163,229.425,1.9904,49.97
Evening_High,2020-01-08 19:12:00,0.087796,227.906,1.8208,49.963
Evening_High,2020-01-08 19:15:00,0.05993,228.748,1.3339,49.994
Evening_High,2020-01-08 19:18:00,0.079148,227.596,1.6879,49.968
Evening_High,2020-01-08 19:21:00,0.062356,228.638,1.3636,49.971
Evening_High,2020-01-08 19:24:00,0.098542,228.04,2.0823,49.976
Evening_High,2020-01-08 19:27:00,0.075183,227.411,1.6264,49.988
Evening_High,2020-01-08 19:30:00,0.094734,227.106,1.9583,49.971
Evening_High,2020-01-08 19:33:00,0.077915,229.423,1.6625,49.996
Evening_High,2020-01-08 19:36:00,0.113684,226.9,2.3238,49.968
Evening_High,2020-01-08 19:39:00,0.090887,228.098,1.8858,49.986
Evening_High,2020-01-08 19:42:00,0.036845,229.764,0.8859,49.988
Evening_High,2020-01-08 19:45:00,0.110234,226.765,2.1887,49.978
Evening_High,2020-01-08 19:48:00,0.092377,228.313,1.9264,49.982
Evening_High,2020-01-08 19:51:00,0.112255,228.652,2.2533,49.987
Evening_High,2020-01-08 19:54:00,0.089826,227.099,1.8401,49.975
Evening_High,2020-01-08 19:57:00,0.07721,228.587,1.6602,49.992
Evening_High,2020-01-08 20:00:00,0.085553,227.475,1.7919,49.974
Evening_High,2020-01-08 20:03:00,0.033465,230.57,0.8874,49.991
Evening_High,2020-01-08 20:06:00,0.104396,227.189,2.1258,49.956
Evening_High,2020-01-08 20:09:00,0.094,227.479,1.9519,49.971
Evening_High,2020-01-08 20:12:00,0.023438,230.901,0.6764,50.007
Evening_High,2020-01-08 20:15:00,0.079071,229.581,1.6625,49.961
Evening_High,2020-01-08 20:18:00,0.07923,229.067,1.6609,49.991
Evening_High,2020-01-08 20:21:00,0.13042,228.277,2.5206,49.961
Evening_High,2020-01-08 20:24:00,0.086692,228.454,1.8436,49.979
Evening_High,2020-01-08 20:27:00,0.100988,227.087,2.0891,49.967
Evening_High,2020-01-08 20:30:00,0.066536,230.57,1.4206,49.966
Evening_High,2020-01-08 20:33:00,0.076599,226.643,1.6181,49.988
Evening_High,2020-01-08 20:36:00,0.102924,227.559,2.1282,49.95
Evening_High,2020-01-08 20:39:00,0.066967,229.489,1.5094,49.975
Evening_High,2020-01-08 20:42:00,0.062647,229.318,1.3596,49.98
Evening_High,2020-01-08 20:45:00,0.061825,228.943,1.3602,49.999
Evening_High,2020-01-08 20:48:00,0.078402,227.825,1.6971,49.994
Evening_High,2020-01-08 20:51:00,0.062348,229.491,1.3717,50.002
Evening_High,2020-01-08 20:54:00,0.079283,230.582,1.6745,49.975
Evening_High,2020-01-08 20:57:00,0.076537,228.872,1.5901,49.962
Evening_High,2020-01-08 21:00:00,0.071776,228.779,1.5392,49.976
Evening_High,2020-01-08 21:03:00,0.060418,228.306,1.3151,49.99
Evening_High,2020-01-08 21:06:00,0.075705,229.412,1.6119,49.972
Evening_High,2020-01-08 21:09:00,0.068894,229.141,1.4926,49.977
Evening_High,2020-01-08 21:12:00,0.071165,227.965,1.5705,49.975
Evening_High,2020-01-08 21:15:00,0.080477,228.765,1.687,49.977
Evening_High,2020-01-08 21:18:00,0.099077,227.774,2.0383,49.973
Evening_High,2020-01-08 21:21:00,0.074545,227.789,1.5931,49.979
Evening_High,2020-01-08 21:24:00,0.079123,229.905,1.7179,49.988
Evening_High,2020-01-08 21:27:00,0.083348,228.229,1.7337,49.986
Evening_High,2020-01-08 21:30:00,0.057756,230.334,1.2635,50.011
Evening_High,2020-01-08 21:33:00,0.032387,231.181,0.8319,49.998
Evening_High,2020-01-08 21:36:00,0.104805,226.217,2.1706,49.971
Evening_High,2020-01-08 21:39:00,0.073504,229.001,1.6014,49.987
Evening_High,2020-01-08 21:42:00,0.08622,228.575,1.8404,49.975
Evening_High,2020-01-08 21:45:00,0.061162,228.8,1.3149,49.986
Evening_High,2020-01-08 21:48:00,0.063299,229.983,1.3435,50.009
Evening_High,2020-01-08 21:51:00,0.058271,229.049,1.3141,50.0
Evening_High,2020-01-08 21:54:00,0.0401,229.381,0.9573,49.968
Evening_High,2020-01-08 21:57:00,0.019121,230.328,0.5796,50.003
Evening_High,2020-01-08 22:00:00,0.089353,229.861,1.8853,49.966
Evening_High,2020-01-08 22:03:00,0.062406,228.012,1.4341,49.984
Evening_High,2020-01-08 22:06:00,0.042934,230.681,0.99,49.973
Evening_High,2020-01-08 22:09:00,0.055095,230.015,1.2339,49.982
Evening_High,2020-01-08 22:12:00,0.054246,229.745,1.2199,49.964
Evening_High,2020-01-08 22:15:00,0.056529,228.425,1.2722,49.987
Evening_High,2020-01-08 22:18:00,0.043597,231.346,0.9959,49.979
Evening_High,2020-01-08 22:21:00,0.047358,229.059,1.1833,49.982
Evening_High,2020-01-08 22:24:00,0.040476,229.409,0.9964,49.983
Evening_High,2020-01-08 22:27:00,0.052852,228.398,1.2726,49.98
Evening_High,2020-01-08 22:30:00,0.034585,229.8,0.8456,49.966
Evening_High,2020-01-08 22:33:00,0.047035,231.734,1.1057,49.982
Evening_High,2020-01-08 22:36:00,0.050857,228.869,1.1603,49.987
Evening_High,2020-01-08 22:39:00,0.040441,230.415,1.0192,49.992
Evening_High,2020-01-08 22:42:00,0.038958,229.877,0.9313,49.963
Evening_High,2020-01-08 22:45:00,0.041282,229.447,0.9535,49.971
Evening_High,2020-01-08 22:48:00,0.029305,229.925,0.7093,49.99
Evening_High,2020-01-08 22:51:00,0.021067,231.923,0.623,49.995
Evening_High,2020-01-08 22:54:00,0.035512,229.676,0.9274,49.981
Evening_High,2020-01-08 22:57:00,0.046114,229.61,1.0455,49.988
Evening_High,2020-01-08 23:00:00,0.029618,230.359,0.7674,49.983
Evening_High,2020-01-08 23:03:00,0.027721,233.282,0.7632,49.997
Evening_High,2020-01-08 23:06:00,0.029937,229.664,0.7878,49.986
Evening_High,2020-01-08 23:09:00,0.019859,229.775,0.6049,49.997
Evening_High,2020-01-08 23:12:00,0.028792,230.86,0.708,49.996
Evening_High,2020-01-08 23:15:00,0.031025,231.969,0.7725,49.97
Evening_High,2020-01-08 23:18:00,0.021472,230.579,0.609,49.999
Evening_High,2020-01-08 23:21:00,0.01798,230.275,0.5568,50.008
Evening_High,2020-01-08 23:24:00,0.031558,230.984,0.7176,49.985
Evening_High,2020-01-08 23:27:00,0.038202,230.484,0.9334,50.01
Evening_High,2020-01-08 23:30:00,0.028511,230.391,0.716,50.001
Evening_High,2020-01-08 23:33:00,0.019117,230.308,0.5443,50.005
Evening_High,2020-01-08 23:36:00,0.023088,232.547,0.6763,49.959
Evening_High,2020-01-08 23:39:00,0.022923,231.277,0.672,50.008
Evening_High,2020-01-08 23:42:00,0.032499,230.622,0.8065,49.987
Evening_High,2020-01-08 23:45:00,0.023202,231.626,0.6721,49.973
Evening_High,2020-01-08 23:48:00,0.015725,231.107,0.4823,49.997
Evening_High,2020-01-08 23:51:00,0.023294,230.465,0.6702,49.995
Evening_High,2020-01-08 23:54:00,0.032155,229.629,0.867,50.003
Evening_High,2020-01-08 23:57:00,0.026523,229.638,0.7383,49.998
Evening_High,2020-01-09 00:00:00,0.026941,230.74,0.7636,50.002
Evening_High,2020-01-09 00:03:00,0.027942,231.307,0.7107,50.001
Evening_High,2020-01-09 00:06:00,0.02301,231.454,0.6405,50.007
Evening_High,2020-01-09 00:09:00,0.03002,231.559,0.7645,49.984
Evening_High,2020-01-09 00:12:00,0.016899,231.472,0.5179,49.992
Evening_High,2020-01-09 00:15:00,0.024886,230.36,0.668,50.02
Evening_High,2020-01-09 00:18:00,0.027142,230.149,0.7648,49.986
Evening_High,2020-01-09 00:21:00,0.023715,230.662,0.6829,49.993
Evening_High,2020-01-09 00:24:00,0.023006,231.059,0.6087,49.992
Evening_High,2020-01-09 00:27:00,0.016255,232.493,0.506,50.014
Evening_High,2020-01-09 00:30:00,0.029209,232.322,0.7676,50.0
Evening_High,2020-01-09 00:33:00,0.021062,230.547,0.5996,49.994
Evening_High,2020-01-09 00:36:00,0.022648,231.606,0.6581,49.998
Evening_High,2020-01-09 00:39:00,0.022311,231.336,0.6393,50.018
Evening_High,2020-01-09 00:42:00,0.010683,232.93,0.459,49.995
Evening_High,2020-01-09 00:45:00,0.015131,231.074,0.5863,49.974
Evening_High,2020-01-09 00:48:00,0.021682,230.259,0.6129,50.014
Evening_High,2020-01-09 00:51:00,0.020751,231.062,0.6541,49.991
Evening_High,2020-01-09 00:54:00,0.022499,230.542,0.608,49.997
Evening_High,2020-01-09 00:57:00,0.016427,229.955,0.5151,50.001
Evening_High,2020-01-09 01:00:00,0.020686,230.824,0.5508,50.005
Evening_High,2020-01-09 01:03:00,0.015747,231.927,0.5342,50.0
Evening_High,2020-01-09 01:06:00,0.021677,229.888,0.637,50.014
Evening_High,2020-01-09 01:09:00,0.018109,231.615,0.5875,49.998
Evening_High,2020-01-09 01:12:00,0.0229,231.906,0.5838,50.0
Evening_High,2020-01-09 01:15:00,0.013762,231.449,0.4993,50.002
Evening_High,2020-01-09 01:18:00,0.024109,231.907,0.6752,50.002
Evening_High,2020-01-09 01:21:00,0.030691,230.954,0.8813,49.991
Evening_High,2020-01-09 01:24:00,0.019268,231.854,0.5612,49.988
Evening_High,2020-01-09 01:27:00,0.021172,230.666,0.6074,50.006
Evening_High,2020-01-09 01:30:00,0.024761,229.618,0.6982,49.995
Evening_High,2020-01-09 01:33:00,0.022645,231.408,0.7166,49.979
Evening_High,2020-01-09 01:36:00,0.022504,231.751,0.7121,49.982
Evening_High,2020-01-09 01:39:00,0.022965,231.029,0.644,49.991
Evening_High,2020-01-09 01:42:00,0.019811,231.154,0.6117,49.972
Evening_High,2020-01-09 01:45:00,0.021299,230.82,0.7163,50.007
Evening_High,2020-01-09 01:48:00,0.017595,231.515,0.5343,49.996
Evening_High,2020-01-09 01:51:00,0.01783,230.778,0.6009,49.987
Evening_High,2020-01-09 01:54:00,0.01463,232.107,0.4933,50.008
Evening_High,2020-01-09 01:57:00,0.019253,230.744,0.5714,50.004
Evening_High,2020-01-09 02:00:00,0.012955,231.686,0.4864,49.99
Evening_High,2020-01-09 02:03:00,0.017368,231.136,0.5363,49.998
Evening_High,2020-01-09 02:06:00,0.019252,230.552,0.5845,49.98
Evening_High,2020-01-09 02:09:00,0.015358,231.407,0.511,49.977
Evening_High,2020-01-09 02:12:00,0.019253,232.418,0.4888,49.996
Evening_High,2020-01-09 02:15:00,0.017706,230.502,0.584,50.003
Evening_High,2020-01-09 02:18:00,0.009658,230.902,0.4588,50.001
Evening_High,2020-01-09 02:21:00,0.015931,230.737,0.5672,49.986
Evening_High,2020-01-09 02:24:00,0.016756,232.928,0.5268,49.992
Evening_High,2020-01-09 02:27:00,0.021357,229.697,0.5582,50.015
Evening_High,2020-01-09 02:30:00,0.013287,230.826,0.4981,50.01
Evening_High,2020-01-09 02:33:00,0.016326,231.357,0.5327,50.0
Evening_High,2020-01-09 02:36:00,0.013507,231.566,0.5258,49.994
Evening_High,2020-01-09 02:39:00,0.015395,230.873,0.5656,50.004
Evening_High,2020-01-09 02:42:00,0.013323,231.438,0.4813,49.996
Evening_High,2020-01-09 02:45:00,0.022851,230.301,0.7038,49.991
Evening_High,2020-01-09 02:48:00,0.021948,231.428,0.5539,50.021
Evening_High,2020-01-09 02:51:00,0.015335,230.751,0.5442,49.998
Evening_High,2020-01-09 02:54:00,0.014648,233.985,0.5145,50.011
Evening_High,2020-01-09 02:57:00,0.015015,231.024,0.5394,50.001
Evening_High,2020-01-09 03:00:00,0.018015,231.067,0.5509,50.007
Evening_High,2020-01-09 03:03:00,0.009929,231.706,0.4849,50.011
Evening_High,2020-01-09 03:06:00,0.007485,232.164,0.3947,49.997
Evening_High,2020-01-09 03:09:00,0.021614,231.367,0.6322,49.99
Evening_High,2020-01-09 03:12:00,0.014773,231.09,0.4989,49.988
Evening_High,2020-01-09 03:15:00,0.017561,230.97,0.5226,50.005
Evening_High,2020-01-09 03:18:00,0.024103,231.306,0.7235,50.0
Evening_High,2020-01-09 03:21:00,0.014324,231.474,0.5543,49.997
Evening_High,2020-01-09 03:24:00,0.017803,230.963,0.57,50.002
Evening_High,2020-01-09 03:27:00,0.016066,230.747,0.4976,49.989
Evening_High,2020-01-09 03:30:00,0.028962,229.999,0.8316,49.997
Evening_High,2020-01-09 03:33:00,0.017678,231.818,0.6181,49.978
Evening_High,2020-01-09 03:36:00,0.017745,230.939,0.613,49.985
Evening_High,2020-01-09 03:39:00,0.016896,232.84,0.5187,49.996
Evening_High,2020-01-09 03:42:00,0.024825,230.665,0.7357,49.996
Evening_High,2020-01-09 03:45:00,0.021748,232.289,0.6044,49.983
Evening_High,2020-01-09 03:48:00,0.019839,232.111,0.598,49.998
Evening_High,2020-01-09 03:51:00,0.022357,231.816,0.6397,50.02
Evening_High,2020-01-09 03:54:00,0.013527,231.96,0.5338,50.019
Evening_High,2020-01-09 03:57:00,0.016021,232.18,0.5159,49.997
Evening_High,2020-01-09 04:00:00,0.015816,231.271,0.4999,49.974
Evening_High,2020-01-09 04:03:00,0.018709,230.452,0.5679,49.993
Evening_High,2020-01-09 04:06:00,0.021915,231.928,0.647,50.021
Evening_High,2020-01-09 04:09:00,0.013125,233.037,0.4633,50.009
Evening_High,2020-01-09 04:12:00,0.022897,230.585,0.6936,49.985
Evening_High,2020-01-09 04:15:00,0.025814,229.465,0.7282,49.998
Evening_High,2020-01-09 04:18:00,0.014276,232.257,0.492,50.0
Evening_High,2020-01-09 04:21:00,0.019839,231.343,0.5846,49.991
Evening_High,2020-01-09 04:24:00,0.011104,230.834,0.5109,49.98
Evening_High,2020-01-09 04:27:00,0.014805,231.543,0.575,50.021
Evening_High,2020-01-09 04:30:00,0.016525,232.839,0.5123,49.989
Evening_High,2020-01-09 04:33:00,0.016761,231.788,0.5612,49.975
Evening_High,2020-01-09 04:36:00,0.01825,230.989,0.5353,49.998
Evening_High,2020-01-09 04:39:00,0.019665,231.623,0.6144,50.017
Evening_High,2020-01-09 04:42:00,0.013105,231.814,0.4886,49.985
Evening_High,2020-01-09 04:45:00,0.017262,231.695,0.6123,50.01
Evening_High,2020-01-09 04:48:00,0.004362,232.099,0.2865,49.983
Evening_High,2020-01-09 04:51:00,0.015566,230.683,0.5197,50.003
Evening_High,2020-01-09 04:54:00,0.02078,229.81,0.6924,49.999
Evening_High,2020-01-09 04:57:00,0.021225,231.349,0.6703,50.027
Evening_High,2020-01-09 05:00:00,0.015947,231.303,0.5321,50.009
Evening_High,2020-01-09 05:03:00,0.022768,231.369,0.6263,49.981
Evening_High,2020-01-09 05:06:00,0.022606,230.009,0.7029,49.997
Evening_High,2020-01-09 05:09:00,0.020221,230.382,0.6465,49.995
Evening_High,2020-01-09 05:12:00,0.02384,231.659,0.6544,49.995
Evening_High,2020-01-09 05:15:00,0.014547,230.786,0.4675,49.991
Evening_High,2020-01-09 05:18:00,0.019823,232.338,0.6176,50.003
Evening_High,2020-01-09 05:21:00,0.015117,230.289,0.5661,49.998
Evening_High,2020-01-09 05:24:00,0.017535,231.603,0.6151,49.978
Evening_High,2020-01-09 05:27:00,0.007096,231.591,0.3681,50.023
Evening_High,2020-01-09 05:30:00,0.021199,232.132,0.5787,49.994
Evening_High,2020-01-09 05:33:00,0.021547,231.644,0.6947,49.992
Evening_High,2020-01-09 05:36:00,0.013404,231.506,0.4371,49.993
Evening_High,2020-01-09 05:39:00,0.019974,231.489,0.5747,49.999
Evening_High,2020-01-09 05:42:00,0.020377,230.045,0.543,50.001
Evening_High,2020-01-09 05:45:00,0.01795,231.129,0.5609,49.996
Evening_High,2020-01-09 05:48:00,0.010564,232.198,0.4548,50.022
Evening_High,2020-01-09 05:51:00,0.019556,232.496,0.5872,49.985
Evening_High,2020-01-09 05:54:00,0.018235,230.698,0.5391,50.02
Evening_High,2020-01-09 05:57:00,0.017981,230.798,0.5848,50.008
Evening_High,2020-01-09 06:00:00,0.013957,231.514,0.49,49.997
Evening_High,2020-01-09 06:03:00,0.021566,230.542,0.6143,50.005
Evening_High,2020-01-09 06:06:00,0.014551,231.261,0.4954,49.997
Evening_High,2020-01-09 06:09:00,0.019,232.855,0.5877,49.989
Evening_High,2020-01-09 06:12:00,0.012144,230.741,0.5335,50.002
Evening_High,2020-01-09 06:15:00,0.023361,230.545,0.6997,50.002
Evening_High,2020-01-09 06:18:00,0.025722,230.007,0.7493,49.999
Evening_High,2020-01-09 06:21:00,0.014927,231.605,0.516,49.981
Evening_High,2020-01-09 06:24:00,0.018294,231.472,0.576,49.989
Evening_High,2020-01-09 06:27:00,0.019055,230.903,0.6637,50.002
Evening_High,2020-01-09 06:30:00,0.011611,230.416,0.4699,49.989
Evening_High,2020-01-09 06:33:00,0.017655,229.172,0.5869,49.994
Evening_High,2020-01-09 06:36:00,0.018717,230.12,0.5915,50.009
Evening_High,2020-01-09 06:39:00,0.018594,231.669,0.5325,49.984
Evening_High,2020-01-09 06:42:00,0.020317,231.721,0.6075,50.004
Evening_High,2020-01-09 06:45:00,0.019478,231.304,0.6088,50.025
Evening_High,2020-01-09 06:48:00,0.021563,231.979,0.6015,50.002
Evening_High,2020-01-09 06:51:00,0.031567,231.232,0.8967,49.974
Evening_High,2020-01-09 06:54:00,0.018203,229.749,0.56,49.994
Evening_High,2020-01-09 06:57:00,0.017535,230.517,0.5489,49.986
Evening_High,2020-01-09 07:00:00,0.018219,230.218,0.5596,50.0
Evening_High,2020-01-09 07:03:00,0.014222,231.262,0.5182,50.02
Evening_High,2020-01-09 07:06:00,0.018731,232.0,0.5444,49.997
Evening_High,2020-01-09 07:09:00,0.022411,231.702,0.6449,49.99
Evening_High,2020-01-09 07:12:00,0.013758,232.75,0.5061,50.008
Evening_High,2020-01-09 07:15:00,0.017301,230.43,0.5873,49.995
Evening_High,2020-01-09 07:18:00,0.025821,230.898,0.7241,49.976
Evening_High,2020-01-09 07:21:00,0.019746,231.241,0.5601,49.986
Evening_High,2020-01-09 07:24:00,0.016245,231.255,0.5054,49.981
Evening_High,2020-01-09 07:27:00,0.016137,230.133,0.6071,49.995
Evening_High,2020-01-09 07:30:00,0.022521,231.995,0.6248,49.986
Evening_High,2020-01-09 07:33:00,0.018433,230.102,0.5724,50.003
Evening_High,2020-01-09 07:36:00,0.020886,231.117,0.6499,49.99
Evening_High,2020-01-09 07:39:00,0.025108,231.95,0.6683,49.992
Evening_High,2020-01-09 07:42:00,0.015551,232.867,0.5204,49.987
Evening_High,2020-01-09 07:45:00,0.012342,231.489,0.4773,49.999
Evening_High,2020-01-09 07:48:00,0.017245,231.513,0.5335,49.982
Evening_High,2020-01-09 07:51:00,0.012513,230.541,0.5062,49.967
Evening_High,2020-01-09 07:54:00,0.022477,230.41,0.6603,50.017
Evening_High,2020-01-09 07:57:00,0.023608,231.927,0.7019,49.978
Evening_High,2020-01-09 08:00:00,0.016563,232.054,0.5282,49.998
Evening_High,2020-01-09 08:03:00,0.011362,232.391,0.4404,49.987
Evening_High,2020-01-09 08:06:00,0.015248,231.119,0.4833,50.018
Evening_High,2020-01-09 08:09:00,0.017676,230.719,0.5196,50.001
Evening_High,2020-01-09 08:12:00,0.014146,231.265,0.5018,49.983
Evening_High,2020-01-09 08:15:00,0.021006,232.112,0.6855,49.997
Evening_High,2020-01-09 08:18:00,0.018453,231.32,0.6144,49.987
Evening_High,2020-01-09 08:21:00,0.014242,230.347,0.4619,50.01
Evening_High,2020-01-09 08:24:00,0.016295,231.915,0.5226,49.984
Evening_High,2020-01-09 08:27:00,0.018614,231.052,0.5722,50.002
Evening_High,2020-01-09 08:30:00,0.019532,230.96,0.626,49.994
Evening_High,2020-01-09 08:33:00,0.017383,229.272,0.5877,49.992
Evening_High,2020-01-09 08:36:00,0.01541,229.904,0.5201,49.996
Evening_High,2020-01-09 08:39:00,0.024335,231.615,0.6594,49.978
Evening_High,2020-01-09 08:42:00,0.022156,231.242,0.6667,50.002
Evening_High,2020-01-09 08:45:00,0.017503,232.048,0.601,50.017
Evening_High,2020-01-09 08:48:00,0.016246,230.671,0.5312,49.992
Evening_High,2020-01-09 08:51:00,0.014718,231.157,0.5524,49.988
Evening_High,2020-01-09 08:54:00,0.018246,230.427,0.5537,49.994
Evening_High,2020-01-09 08:57:00,0.01844,231.15,0.6468,49.979
Evening_High,2020-01-09 09:00:00,0.024481,230.797,0.7407,50.021
Evening_High,2020-01-09 09:03:00,0.024614,231.948,0.6303,49.981
Evening_High,2020-01-09 09:06:00,0.014827,231.443,0.5029,49.986
Evening_High,2020-01-09 09:09:00,0.021864,230.977,0.6328,50.012
Evening_High,2020-01-09 09:12:00,0.023951,230.545,0.6644,49.989
Evening_High,2020-01-09 09:15:00,0.016204,232.228,0.6441,49.995
Evening_High,2020-01-09 09:18:00,0.024561,230.769,0.7425,49.993
Evening_High,2020-01-09 09:21:00,0.015811,230.304,0.4969,49.981
Evening_High,2020-01-09 09:24:00,0.021943,231.633,0.6894,49.995
Evening_High,2020-01-09 09:27:00,0.018527,230.46,0.5909,49.976
Evening_High,2020-01-09 09:30:00,0.025594,230.537,0.7599,49.996
Evening_High,2020-01-09 09:33:00,0.017908,231.495,0.5999,49.998
Evening_High,2020-01-09 09:36:00,0.024681,231.78,0.7323,49.982
Evening_High,2020-01-09 09:39:00,0.025219,230.79,0.6657,49.979
Evening_High,2020-01-09 09:42:00,0.018934,231.242,0.6345,50.005
Evening_High,2020-01-09 09:45:00,0.020285,231.651,0.6562,49.974
Evening_High,2020-01-09 09:48:00,0.016713,231.52,0.5848,50.002
Evening_High,2020-01-09 09:51:00,0.023152,232.35,0.6875,50.001
Evening_High,2020-01-09 09:54:00,0.015105,231.534,0.5461,49.999
Evening_High,2020-01-09 09:57:00,0.018645,231.567,0.564,49.99
Evening_High,2020-01-09 10:00:00,0.012727,232.253,0.4554,50.005
Evening_High,2020-01-09 10:03:00,0.027548,231.127,0.7087,49.996
Evening_High,2020-01-09 10:06:00,0.023279,230.699,0.6661,49.999
Evening_High,2020-01-09 10:09:00,0.014887,231.683,0.5619,50.014
Evening_High,2020-01-09 10:12:00,0.016939,229.409,0.483,50.032
Evening_High,2020-01-09 10:15:00,0.021527,231.709,0.6201,49.989
Evening_High,2020-01-09 10:18:00,0.014569,232.05,0.4977,49.985
Evening_High,2020-01-09 10:21:00,0.015512,231.018,0.5458,49.999
Evening_High,2020-01-09 10:24:00,0.013954,230.13,0.4759,49.994
Evening_High,2020-01-09 10:27:00,0.016331,228.902,0.5185,49.992
Evening_High,2020-01-09 10:30:00,0.017773,229.228,0.5983,49.999
Evening_High,2020-01-09 10:33:00,0.02125,230.469,0.5983,50.003
Evening_High,2020-01-09 10:36:00,0.017971,232.76,0.5564,50.0
Evening_High,2020-01-09 10:39:00,0.014524,230.901,0.4898,49.985
Evening_High,2020-01-09 10:42:00,0.023547,231.829,0.6114,49.988
Evening_High,2020-01-09 10:45:00,0.016099,231.21,0.5536,49.991
Evening_High,2020-01-09 10:48:00,0.022442,231.022,0.6889,49.986
Evening_High,2020-01-09 10:51:00,0.022417,229.766,0.6913,50.0
Evening_High,2020-01-09 10:54:00,0.030919,230.65,0.7318,50.013
Evening_High,2020-01-09 10:57:00,0.028929,231.604,0.7845,50.007
Evening_High,2020-01-09 11:00:00,0.017742,232.565,0.5761,49.995
Evening_High,2020-01-09 11:03:00,0.029687,231.179,0.8118,49.982
Evening_High,2020-01-09 11:06:00,0.019669,232.473,0.5867,50.002
Evening_High,2020-01-09 11:09:00,0.038408,229.998,0.9691,49.995
Evening_High,2020-01-09 11:12:00,0.022401,229.612,0.6086,50.006
Evening_High,2020-01-09 11:15:00,0.022174,230.808,0.6768,49.989
Evening_High,2020-01-09 11:18:00,0.025418,231.331,0.7193,50.004
Evening_High,2020-01-09 11:21:00,0.023307,230.978,0.6425,50.005
Evening_High,2020-01-09 11:24:00,0.028169,230.321,0.7893,49.997
Evening_High,2020-01-09 11:27:00,0.024437,231.666,0.6936,49.996
Evening_High,2020-01-09 11:30:00,0.024965,230.544,0.7216,49.997
Evening_High,2020-01-09 11:33:00,0.024018,232.224,0.6793,50.01
Evening_High,2020-01-09 11:36:00,0.010227,231.509,0.4652,49.991
Evening_High,2020-01-09 11:39:00,0.012806,229.578,0.5116,49.987
Evening_High,2020-01-09 11:42:00,0.023038,231.523,0.6705,49.995
Evening_High,2020-01-09 11:45:00,0.029367,228.717,0.7079,50.0
Evening_High,2020-01-09 11:48:00,0.014009,231.833,0.4475,49.99
Evening_High,2020-01-09 11:51:00,0.028358,230.271,0.7085,49.989
Evening_High,2020-01-09 11:54:00,0.026772,230.581,0.7262,50.0
Evening_High,2020-01-09 11:57:00,0.035599,230.02,0.884,49.994
Evening_High,2020-01-09 12:00:00,0.015023,231.756,0.5038,50.0
Evening_High,2020-01-09 12:03:00,0.015942,232.422,0.5787,50.013
Evening_High,2020-01-09 12:06:00,0.016804,231.211,0.5383,49.991
Evening_High,2020-01-09 12:09:00,0.012609,231.159,0.4967,49.988
Evening_High,2020-01-09 12:12:00,0.025545,231.109,0.7384,49.989
Evening_High,2020-01-09 12:15:00,0.024055,231.587,0.623,49.989
Evening_High,2020-01-09 12:18:00,0.017623,230.961,0.5513,49.999
Evening_High,2020-01-09 12:21:00,0.016265,230.227,0.5101,50.007
Evening_High,2020-01-09 12:24:00,0.021593,231.738,0.6234,49.982
Evening_High,2020-01-09 12:27:00,0.027717,230.204,0.6809,50.009
Evening_High,2020-01-09 12:30:00,0.029548,231.095,0.7336,49.982
Evening_High,2020-01-09 12:33:00,0.030902,230.202,0.821,49.995
Evening_High,2020-01-09 12:36:00,0.024098,230.527,0.608,49.987
Evening_High,2020-01-09 12:39:00,0.025707,229.909,0.7515,50.007
Evening_High,2020-01-09 12:42:00,0.03536,230.206,0.8658,49.98
Evening_High,2020-01-09 12:45:00,0.023837,230.216,0.6077,49.99
Evening_High,2020-01-09 12:48:00,0.011625,230.485,0.5019,50.004
Evening_High,2020-01-09 12:51:00,0.030268,230.815,0.8365,49.98
Evening_High,2020-01-09 12:54:00,0.017086,231.294,0.6097,49.988
Evening_High,2020-01-09 12:57:00,0.028576,231.43,0.801,49.993
Evening_High,2020-01-09 13:00:00,0.022854,230.985,0.6018,49.988
Evening_High,2020-01-09 13:03:00,0.019425,230.026,0.5889,50.014
Evening_High,2020-01-09 13:06:00,0.021953,231.098,0.6761,50.003
Evening_High,2020-01-09 13:09:00,0.032805,230.236,0.8282,50.005
Evening_High,2020-01-09 13:12:00,0.027607,230.483,0.6899,49.997
Evening_High,2020-01-09 13:15:00,0.02889,229.344,0.6761,49.997
Evening_High,2020-01-09 13:18:00,0.023224,230.462,0.6223,49.985
Evening_High,2020-01-09 13:21:00,0.019565,230.474,0.6047,49.996
Evening_High,2020-01-09 13:24:00,0.024129,231.057,0.6899,50.016
Evening_High,2020-01-09 13:27:00,0.026788,232.023,0.7342,49.988
Evening_High,2020-01-09 13:30:00,0.034085,230.307,0.9027,49.999
Evening_High,2020-01-09 13:33:00,0.035692,231.693,0.8953,49.998
Evening_High,2020-01-09 13:36:00,0.022864,229.445,0.723,50.008
Evening_High,2020-01-09 13:39:00,0.028454,230.816,0.7405,50.003
Evening_High,2020-01-09 13:42:00,0.027306,230.778,0.7646,50.007
Evening_High,2020-01-09 13:45:00,0.013886,230.578,0.4832,49.98
Evening_High,2020-01-09 13:48:00,0.034049,230.115,0.8772,49.989
Evening_High,2020-01-09 13:51:00,0.042397,231.111,1.0135,49.987
Evening_High,2020-01-09 13:54:00,0.023573,230.009,0.6458,49.981
Evening_High,2020-01-09 13:57:00,0.036004,230.766,0.892,49.989
Evening_High,2020-01-09 14:00:00,0.035811,229.478,0.9109,50.0
Evening_High,2020-01-09 14:03:00,0.033253,230.448,0.8288,50.004
Evening_High,2020-01-09 14:06:00,0.031328,230.045,0.7152,50.001
Evening_High,2020-01-09 14:09:00,0.029363,232.344,0.7834,50.009
Evening_High,2020-01-09 14:12:00,0.031192,230.793,0.7993,49.996
Evening_High,2020-01-09 14:15:00,0.025889,230.342,0.6844,49.981
Evening_High,2020-01-09 14:18:00,0.025687,228.447,0.7361,49.984
Evening_High,2020-01-09 14:21:00,0.029152,230.852,0.7393,50.017
Evening_High,2020-01-09 14:24:00,0.032592,230.018,0.795,50.004
Evening_High,2020-01-09 14:27:00,0.038005,230.168,0.8622,49.97
Evening_High,2020-01-09 14:30:00,0.013168,231.399,0.484,50.001
Evening_High,2020-01-09 14:33:00,0.02867,230.189,0.7728,49.985
Evening_High,2020-01-09 14:36:00,0.029235,230.218,0.7877,50.017
Evening_High,2020-01-09 14:39:00,0.019604,229.621,0.5421,50.002
Evening_High,2020-01-09 14:42:00,0.020674,232.013,0.5916,49.993
Evening_High,2020-01-09 14:45:00,0.033412,229.953,0.8261,49.977
Evening_High,2020-01-09 14:48:00,0.01736,232.269,0.5265,49.997
Evening_High,2020-01-09 14:51:00,0.030424,231.002,0.7868,49.999
Evening_High,2020-01-09 14:54:00,0.023753,231.168,0.6476,50.002
Evening_High,2020-01-09 14:57:00,0.02543,231.728,0.7175,49.993
Evening_High,2020-01-09 15:00:00,0.016176,231.499,0.5817,49.989
Evening_High,2020-01-09 15:03:00,0.046905,229.91,1.1348,50.006
Evening_High,2020-01-09 15:06:00,0.028968,229.707,0.7614,49.984
Evening_High,2020-01-09 15:09:00,0.023439,231.232,0.6931,49.995
Evening_High,2020-01-09 15:12:00,0.023685,231.258,0.6878,50.017
Evening_High,2020-01-09 15:15:00,0.031786,231.549,0.8305,49.987
Evening_High,2020-01-09 15:18:00,0.028706,230.561,0.7456,49.974
Evening_High,2020-01-09 15:21:00,0.025942,231.437,0.7236,49.999
Evening_High,2020-01-09 15:24:00,0.033367,231.373,0.838,49.963
Evening_High,2020-01-09 15:27:00,0.030788,230.944,0.7849,50.022
Evening_High,2020-01-09 15:30:00,0.026893,231.865,0.7334,49.993
Evening_High,2020-01-09 15:33:00,0.034041,230.179,0.88,49.974
Evening_High,2020-01-09 15:36:00,0.036221,232.179,0.9644,49.984
Evening_High,2020-01-09 15:39:00,0.027438,229.385,0.7473,50.012
Evening_High,2020-01-09 15:42:00,0.039814,228.749,0.9525,50.001
Evening_High,2020-01-09 15:45:00,0.023157,232.155,0.6857,50.016
Evening_High,2020-01-09 15:48:00,0.025048,230.107,0.6933,49.977
Evening_High,2020-01-09 15:51:00,0.03234,230.175,0.8606,50.003
Evening_High,2020-01-09 15:54:00,0.032149,230.968,0.7963,49.985
Evening_High,2020-01-09 15:57:00,0.032079,229.615,0.8229,49.997
Evening_High,2020-01-09 16:00:00,0.028779,229.393,0.7255,50.015
Evening_High,2020-01-09 16:03:00,0.035432,230.698,0.8672,49.982
Evening_High,2020-01-09 16:06:00,0.033582,231.073,0.8277,49.994
Evening_High,2020-01-09 16:09:00,0.037303,229.055,0.908,49.986
Evening_High,2020-01-09 16:12:00,0.029124,230.793,0.7593,49.988
Evening_High,2020-01-09 16:15:00,0.028972,230.915,0.7703,49.989
Evening_High,2020-01-09 16:18:00,0.027185,232.076,0.8059,50.004
Evening_High,2020-01-09 16:21:00,0.034635,229.263,0.8871,50.0
Evening_High,2020-01-09 16:24:00,0.033342,229.882,0.8479,49.993
Evening_High,2020-01-09 16:27:00,0.026456,230.789,0.7406,50.016
Evening_High,2020-01-09 16:30:00,0.039879,230.437,0.9709,50.012
Evening_High,2020-01-09 16:33:00,0.03909,231.306,0.9694,49.989
Evening_High,2020-01-09 16:36:00,0.035221,229.989,0.8145,50.0
Evening_High,2020-01-09 16:39:00,0.035925,230.641,0.881,49.994
Evening_High,2020-01-09 16:42:00,0.02096,232.001,0.6402,50.012
Evening_High,2020-01-09 16:45:00,0.041382,230.402,0.9533,49.99
Evening_High,2020-01-09 16:48:00,0.034194,230.093,0.8795,50.0
Evening_High,2020-01-09 16:51:00,0.045177,229.865,1.0405,49.997
Evening_High,2020-01-09 16:54:00,0.019338,230.912,0.6332,49.996
Evening_High,2020-01-09 16:57:00,0.038943,231.211,0.945,49.993
Evening_High,2020-01-09 17:00:00,0.046382,229.743,1.0656,49.979
Evening_High,2020-01-09 17:03:00,0.04324,231.086,1.0588,49.965
Evening_High,2020-01-09 17:06:00,0.026274,231.175,0.6592,49.981
Evening_High,2020-01-09 17:09:00,0.046212,229.16,1.054,49.976
Evening_High,2020-01-09 17:12:00,0.059098,229.607,1.3255,49.989
Evening_High,2020-01-09 17:15:00,0.054553,231.754,1.1867,49.987
Evening_High,2020-01-09 17:18:00,0.038789,230.669,0.9139,49.994
Evening_High,2020-01-09 17:21:00,0.058136,228.331,1.3,49.981
Evening_High,2020-01-09 17:24:00,0.030939,230.347,0.7955,49.983
Evening_High,2020-01-09 17:27:00,0.045146,229.464,1.103,49.983
Evening_High,2020-01-09 17:30:00,0.030261,229.569,0.7717,49.987
Evening_High,2020-01-09 17:33:00,0.044206,231.032,1.0148,49.995
Evening_High,2020-01-09 17:36:00,0.041703,229.964,1.0299,50.009
Evening_High,2020-01-09 17:39:00,0.04063,229.597,0.9874,49.986
Evening_High,2020-01-09 17:42:00,0.049707,230.239,1.1403,49.992
Evening_High,2020-01-09 17:45:00,0.022978,230.748,0.692,49.991
Evening_High,2020-01-09 17:48:00,0.057173,228.009,1.2506,49.984
Evening_High,2020-01-09 17:51:00,0.024585,229.891,0.6674,49.989
Evening_High,2020-01-09 17:54:00,0.067278,228.911,1.4695,49.975
Evening_High,2020-01-09 17:57:00,0.059538,228.52,1.3423,49.999
Evening_High,2020-01-09 18:00:00,0.070463,228.497,1.5491,49.985
Evening_High,2020-01-09 18:03:00,0.067052,228.292,1.5196,49.993
Evening_High,2020-01-09 18:06:00,0.052602,229.818,1.192,49.985
Evening_High,2020-01-09 18:09:00,0.064082,228.482,1.4417,49.971
Evening_High,2020-01-09 18:12:00,0.050792,229.298,1.2113,49.985
Evening_High,2020-01-09 18:15:00,0.053615,229.16,1.1901,49.992
Evening_High,2020-01-09 18:18:00,0.050536,229.633,1.1439,49.964
Evening_High,2020-01-09 18:21:00,0.051686,230.329,1.2114,49.984
Evening_High,2020-01-09 18:24:00,0.082318,228.581,1.6677,49.993
Evening_High,2020-01-09 18:27:00,0.083917,228.147,1.8168,49.977
Evening_High,2020-01-09 18:30:00,0.077151,227.02,1.6582,49.983
Evening_High,2020-01-09 18:33:00,0.06859,229.12,1.4852,49.977
Evening_High,2020-01-09 18:36:00,0.07992,228.889,1.6659,49.96
Evening_High,2020-01-09 18:39:00,0.074309,229.561,1.484,49.984
Evening_High,2020-01-09 18:42:00,0.040007,228.742,0.941,50.004
Evening_High,2020-01-09 18:45:00,0.068715,228.375,1.4648,49.992
Evening_High,2020-01-09 18:48:00,0.090591,228.795,1.8309,49.98
Evening_High,2020-01-09 18:51:00,0.068107,228.916,1.5167,49.985
Evening_High,2020-01-09 18:54:00,0.063974,229.307,1.4305,49.99
Evening_High,2020-01-09 18:57:00,0.095127,227.139,1.9317,49.991
Evening_High,2020-01-09 19:00:00,0.093536,227.995,1.9448,49.977
Evening_High,2020-01-09 19:03:00,0.084786,228.74,1.7791,49.989
Evening_High,2020-01-09 19:06:00,0.088699,226.883,1.8526,49.977
Evening_High,2020-01-09 19:09:00,0.080682,227.755,1.7464,49.975
Evening_High,2020-01-09 19:12:00,0.075148,228.792,1.5812,49.979
Evening_High,2020-01-09 19:15:00,0.086401,229.459,1.7917,49.964
Evening_High,2020-01-09 19:18:00,0.079379,228.061,1.6694,49.972
Evening_High,2020-01-09 19:21:00,0.076365,230.12,1.6374,49.987
Evening_High,2020-01-09 19:24:00,0.100829,227.173,2.0719,49.974
Evening_High,2020-01-09 19:27:00,0.110674,226.361,2.2454,49.966
Evening_High,2020-01-09 19:30:00,0.04248,230.482,1.0465,49.981
Evening_High,2020-01-09 19:33:00,0.046097,230.529,1.0969,50.002
Evening_High,2020-01-09 19:36:00,0.057914,230.161,1.3033,49.987
Evening_High,2020-01-09 19:39:00,0.055259,229.205,1.2143,49.995
Evening_High,2020-01-09 19:42:00,0.05005,230.077,1.1351,50.009
Evening_High,2020-01-09 19:45:00,0.082916,227.38,1.6378,49.993
Evening_High,2020-01-09 19:48:00,0.082395,228.764,1.7437,49.989
Evening_High,2020-01-09 19:51:00,0.04548,230.011,1.0451,49.986
Evening_High,2020-01-09 19:54:00,0.090515,227.785,1.8422,49.994
Evening_High,2020-01-09 19:57:00,0.073278,227.881,1.5379,49.999
Evening_High,2020-01-09 20:00:00,0.133347,226.016,2.6695,49.981
Evening_High,2020-01-09 20:03:00,0.124838,225.893,2.5511,49.962
Evening_High,2020-01-09 20:06:00,0.095109,228.488,1.9286,49.98
Evening_High,2020-01-09 20:09:00,0.077102,228.964,1.6589,49.98
Evening_High,2020-01-09 20:12:00,0.063673,230.056,1.3631,49.976
Evening_High,2020-01-09 20:15:00,0.126097,226.417,2.609,49.971
Evening_High,2020-01-09 20:18:00,0.07892,227.909,1.7207,49.975
Evening_High,2020-01-09 20:21:00,0.104702,228.006,2.0999,49.968
Evening_High,2020-01-09 20:24:00,0.068239,228.823,1.5414,49.974
Evening_High,2020-01-09 20:27:00,0.10469,226.549,2.1485,49.982
Evening_High,2020-01-09 20:30:00,0.085132,229.169,1.7239,49.969
Evening_High,2020-01-09 20:33:00,0.083298,227.444,1.7696,49.983
Evening_High,2020-01-09 20:36:00,0.080232,228.799,1.7306,49.987
Evening_High,2020-01-09 20:39:00,0.113499,226.314,2.3035,49.965
Evening_High,2020-01-09 20:42:00,0.074683,227.498,1.5684,49.981
Evening_High,2020-01-09 20:45:00,0.085613,228.183,1.8049,49.969
Evening_High,2020-01-09 20:48:00,0.074536,229.331,1.6271,49.979
Evening_High,2020-01-09 20:51:00,0.100946,227.936,2.0389,49.977
Evening_High,2020-01-09 20:54:00,0.095425,227.622,1.9196,49.985
Evening_High,2020-01-09 20:57:00,0.078732,226.973,1.7008,49.994
Evening_High,2020-01-09 21:00:00,0.093094,229.138,1.9654,49.975
Evening_High,2020-01-09 21:03:00,0.065026,229.152,1.382,49.977
Evening_High,2020-01-09 21:06:00,0.083604,227.878,1.7353,50.007
Evening_High,2020-01-09 21:09:00,0.033289,230.502,0.8565,49.988
Evening_High,2020-01-09 21:12:00,0.085563,228.342,1.8172,49.958
Evening_High,2020-01-09 21:15:00,0.056918,228.854,1.274,49.986
Evening_High,2020-01-09 21:18:00,0.060035,230.777,1.4072,49.986
Evening_High,2020-01-09 21:21:00,0.074822,227.089,1.5801,50.005
Evening_High,2020-01-09 21:24:00,0.086441,227.758,1.8079,49.998
Evening_High,2020-01-09 21:27:00,0.062068,228.854,1.3851,50.019
Evening_High,2020-01-09 21:30:00,0.050566,230.061,1.1169,50.004
Evening_High,2020-01-09 21:33:00,0.05088,229.985,1.1699,49.989
Evening_High,2020-01-09 21:36:00,0.048593,229.379,1.142,49.982
Evening_High,2020-01-09 21:39:00,0.046623,228.894,1.0759,49.959
Evening_High,2020-01-09 21:42:00,0.033138,230.358,0.7936,49.995
Evening_High,2020-01-09 21:45:00,0.041683,230.515,0.9844,49.999
Evening_High,2020-01-09 21:48:00,0.039952,231.179,0.9697,50.015
Evening_High,2020-01-09 21:51:00,0.072604,229.459,1.4973,49.986
Evening_High,2020-01-09 21:54:00,0.076051,228.146,1.5402,49.988
Evening_High,2020-01-09 21:57:00,0.061583,229.835,1.3634,49.981
Evening_High,2020-01-09 22:00:00,0.066911,228.147,1.385,50.0
Evening_High,2020-01-09 22:03:00,0.041378,229.851,0.9763,50.002
Evening_High,2020-01-09 22:06:00,0.047808,230.139,1.1025,49.99
Evening_High,2020-01-09 22:09:00,0.044964,230.209,1.0285,50.009
Evening_High,2020-01-09 22:12:00,0.041502,230.593,0.9911,49.967
Evening_High,2020-01-09 22:15:00,0.034887,231.769,0.849,50.011
Evening_High,2020-01-09 22:18:00,0.048715,230.262,1.1422,49.972
Evening_High,2020-01-09 22:21:00,0.064225,230.085,1.371,49.974
Evening_High,2020-01-09 22:24:00,0.035319,231.222,0.885,49.978
Evening_High,2020-01-09 22:27:00,0.051526,230.014,1.1824,49.983
Evening_High,2020-01-09 22:30:00,0.028896,231.161,0.7448,49.965
Evening_High,2020-01-09 22:33:00,0.020295,230.802,0.6078,50.018
Evening_High,2020-01-09 22:36:00,0.038258,228.212,0.9667,49.982
Evening_High,2020-01-09 22:39:00,0.042085,230.182,1.0342,49.998
Evening_High,2020-01-09 22:42:00,0.036721,231.074,0.9503,49.996
Evening_High,2020-01-09 22:45:00,0.029852,229.82,0.7761,50.007
Evening_High,2020-01-09 22:48:00,0.042791,231.316,0.9794,49.981
Evening_High,2020-01-09 22:51:00,0.023402,230.422,0.6652,50.001
Evening_High,2020-01-09 22:54:00,0.026924,232.715,0.7339,49.983
Evening_High,2020-01-09 22:57:00,0.034119,228.686,0.825,49.972
Evening_High,2020-01-09 23:00:00,0.046754,229.188,1.1096,49.976
Evening_High,2020-01-09 23:03:00,0.032579,231.1,0.859,49.992
Evening_High,2020-01-09 23:06:00,0.043643,231.047,1.0219,49.985
Evening_High,2020-01-09 23:09:00,0.018031,231.314,0.5365,49.98
Evening_High,2020-01-09 23:12:00,0.0417,231.194,0.9881,49.994
Evening_High,2020-01-09 23:15:00,0.037408,229.751,0.8896,49.994
Evening_High,2020-01-09 23:18:00,0.029887,230.07,0.7705,49.975
Evening_High,2020-01-09 23:21:00,0.02944,230.307,0.7636,50.009
Evening_High,2020-01-09 23:24:00,0.020856,232.11,0.6177,50.002
Evening_High,2020-01-09 23:27:00,0.028333,231.453,0.8026,49.979
Evening_High,2020-01-09 23:30:00,0.020462,230.219,0.5814,49.99
Evening_High,2020-01-09 23:33:00,0.037547,229.347,0.9249,49.993
Evening_High,2020-01-09 23:36:00,0.021962,230.614,0.681,49.976
Evening_High,2020-01-09 23:39:00,0.017949,230.651,0.6375,50.007
Evening_High,2020-01-09 23:42:00,0.033269,229.727,0.8546,49.969
Evening_High,2020-01-09 23:45:00,0.023578,232.167,0.7376,50.009
Evening_High,2020-01-09 23:48:00,0.031252,230.863,0.7852,49.989
Evening_High,2020-01-09 23:51:00,0.018573,230.366,0.6619,50.007
Evening_High,2020-01-09 23:54:00,0.018633,232.198,0.5195,49.975
Evening_High,2020-01-09 23:57:00,0.017539,231.434,0.6162,49.985
Evening_High,2020-01-10 00:00:00,0.019715,230.158,0.6122,49.988
Evening_High,2020-01-10 00:03:00,0.018825,230.708,0.6133,50.006
Evening_High,2020-01-10 00:06:00,0.018228,230.35,0.5791,50.0
Evening_High,2020-01-10 00:09:00,0.030452,229.092,0.7894,49.97
Evening_High,2020-01-10 00:12:00,0.023144,231.584,0.6435,50.001
Evening_High,2020-01-10 00:15:00,0.01969,231.13,0.565,49.996
Evening_High,2020-01-10 00:18:00,0.020817,230.907,0.6591,50.002
Evening_High,2020-01-10 00:21:00,0.028267,230.805,0.8369,50.017
Evening_High,2020-01-10 00:24:00,0.020258,230.943,0.6342,49.996
Evening_High,2020-01-10 00:27:00,0.028557,230.374,0.7771,49.996
Evening_High,2020-01-10 00:30:00,0.020077,230.682,0.655,49.994
Evening_High,2020-01-10 00:33:00,0.020766,231.766,0.5872,49.997
Evening_High,2020-01-10 00:36:00,0.027156,229.052,0.722,50.001
Evening_High,2020-01-10 00:39:00,0.026467,230.513,0.7442,49.988
Evening_High,2020-01-10 00:42:00,0.029883,230.164,0.7877,49.988
Evening_High,2020-01-10 00:45:00,0.027796,230.764,0.8285,49.993
Evening_High,2020-01-10 00:48:00,0.024556,229.946,0.708,49.991
Evening_High,2020-01-10 00:51:00,0.028463,231.693,0.7756,50.01
Evening_High,2020-01-10 00:54:00,0.015052,231.533,0.4454,50.007
Evening_High,2020-01-10 00:57:00,0.027792,231.01,0.7312,50.001
Evening_High,2020-01-10 01:00:00,0.022808,231.139,0.7144,49.995
Evening_High,2020-01-10 01:03:00,0.028512,232.222,0.7891,49.993
Evening_High,2020-01-10 01:06:00,0.012148,232.793,0.5065,50.003
Evening_High,2020-01-10 01:09:00,0.013993,231.545,0.4881,49.992
Evening_High,2020-01-10 01:12:00,0.02641,230.417,0.6802,50.01
Evening_High,2020-01-10 01:15:00,0.011681,230.518,0.4174,49.997
Evening_High,2020-01-10 01:18:00,0.021582,230.789,0.5884,49.975
Evening_High,2020-01-10 01:21:00,0.018242,231.395,0.5622,50.01
Evening_High,2020-01-10 01:24:00,0.014152,230.163,0.514,50.006
Evening_High,2020-01-10 01:27:00,0.015651,232.482,0.5036,49.988
Evening_High,2020-01-10 01:30:00,0.014359,232.178,0.4857,49.999
Evening_High,2020-01-10 01:33:00,0.011858,230.287,0.4271,49.989
Evening_High,2020-01-10 01:36:00,0.018619,231.483,0.64,49.975
Evening_High,2020-01-10 01:39:00,0.01381,230.035,0.5276,49.988
Evening_High,2020-01-10 01:42:00,0.018498,231.428,0.6066,50.014
Evening_High,2020-01-10 01:45:00,0.008671,231.896,0.3766,49.996
Evening_High,2020-01-10 01:48:00,0.010154,231.857,0.4325,50.006
Evening_High,2020-01-10 01:51:00,0.020052,231.667,0.6457,49.974
Evening_High,2020-01-10 01:54:00,0.010968,231.199,0.3767,49.981
Evening_High,2020-01-10 01:57:00,0.016483,231.492,0.5168,49.98
Evening_High,2020-01-10 02:00:00,0.02048,230.85,0.659,49.978
Evening_High,2020-01-10 02:03:00,0.024496,229.755,0.6854,50.002
Evening_High,2020-01-10 02:06:00,0.015763,231.699,0.5361,50.004
Evening_High,2020-01-10 02:09:00,0.016868,230.907,0.5617,49.988
Evening_High,2020-01-10 02:12:00,0.019388,230.489,0.6252,49.998
Evening_High,2020-01-10 02:15:00,0.013362,231.331,0.4721,49.979
Evening_High,2020-01-10 02:18:00,0.012093,232.156,0.4745,50.003
Evening_High,2020-01-10 02:21:00,0.023241,231.831,0.6782,50.026
Evening_High,2020-01-10 02:24:00,0.020726,232.113,0.5656,49.996
Evening_High,2020-01-10 02:27:00,0.018821,231.601,0.638,49.993
Evening_High,2020-01-10 02:30:00,0.012634,230.505,0.5057,50.009
Evening_High,2020-01-10 02:33:00,0.017856,232.16,0.565,49.994
Evening_High,2020-01-10 02:36:00,0.021797,231.964,0.6349,49.985
Evening_High,2020-01-10 02:39:00,0.022193,231.713,0.5879,49.98
Evening_High,2020-01-10 02:42:00,0.016064,231.043,0.5583,49.997
Evening_High,2020-01-10 02:45:00,0.019326,231.132,0.6059,49.997
Evening_High,2020-01-10 02:48:00,0.020248,231.118,0.5798,49.987
Evening_High,2020-01-10 02:51:00,0.011472,231.79,0.4423,49.996
Evening_High,2020-01-10 02:54:00,0.018031,230.883,0.5181,50.002
Evening_High,2020-01-10 02:57:00,0.02816,231.895,0.7579,49.973
Evening_High,2020-01-10 03:00:00,0.015861,231.23,0.5634,49.988
Evening_High,2020-01-10 03:03:00,0.02186,230.157,0.6265,50.013
Evening_High,2020-01-10 03:06:00,0.01582,230.538,0.581,49.991
Evening_High,2020-01-10 03:09:00,0.01957,231.931,0.6128,49.981
Evening_High,2020-01-10 03:12:00,0.01709,232.019,0.5704,49.999
Evening_High,2020-01-10 03:15:00,0.0232,230.058,0.7233,50.012
Evening_High,2020-01-10 03:18:00,0.015238,233.012,0.5246,49.993
Evening_High,2020-01-10 03:21:00,0.011423,232.414,0.5031,49.991
Evening_High,2020-01-10 03:24:00,0.014948,230.755,0.5063,50.002
Evening_High,2020-01-10 03:27:00,0.008077,231.222,0.3797,49.992
Evening_High,2020-01-10 03:30:00,0.016091,231.248,0.5008,49.964
Evening_High,2020-01-10 03:33:00,0.019037,231.628,0.5881,50.001
Evening_High,2020-01-10 03:36:00,0.016945,230.315,0.5632,50.001
Evening_High,2020-01-10 03:39:00,0.019707,230.117,0.5943,50.013
Evening_High,2020-01-10 03:42:00,0.018183,231.065,0.5926,49.995
Evening_High,2020-01-10 03:45:00,0.016107,230.523,0.5314,49.995
Evening_High,2020-01-10 03:48:00,0.027899,231.165,0.7415,50.002
Evening_High,2020-01-10 03:51:00,0.015907,231.547,0.5837,50.001
Evening_High,2020-01-10 03:54:00,0.014421,230.963,0.496,50.015
Evening_High,2020-01-10 03:57:00,0.024659,230.033,0.6915,49.986
Evening_High,2020-01-10 04:00:00,0.024071,230.358,0.6612,49.993
Evening_High,2020-01-10 04:03:00,0.022804,230.359,0.6493,50.017
Evening_High,2020-01-10 04:06:00,0.027065,229.274,0.7417,49.991
Evening_High,2020-01-10 04:09:00,0.020807,232.372,0.5919,49.995
Evening_High,2020-01-10 04:12:00,0.013956,231.213,0.5332,50.008
Evening_High,2020-01-10 04:15:00,0.025852,231.146,0.6652,50.018
Evening_High,2020-01-10 04:18:00,0.017612,231.052,0.5589,50.003
Evening_High,2020-01-10 04:21:00,0.019646,230.684,0.5657,50.001
Evening_High,2020-01-10 04:24:00,0.013987,233.332,0.5005,49.994
Evening_High,2020-01-10 04:27:00,0.013655,231.459,0.48,50.0
Evening_High,2020-01-10 04:30:00,0.01872,231.574,0.6092,49.991
Evening_High,2020-01-10 04:33:00,0.022542,231.615,0.6054,50.007
Evening_High,2020-01-10 04:36:00,0.017139,230.33,0.5754,50.008
Evening_High,2020-01-10 04:39:00,0.015417,230.709,0.5189,49.982
Evening_High,2020-01-10 04:42:00,0.026823,229.178,0.6615,49.998
Evening_High,2020-01-10 04:45:00,0.023304,231.227,0.6609,49.996
Evening_High,2020-01-10 04:48:00,0.013396,231.435,0.4805,49.989
Evening_High,2020-01-10 04:51:00,0.023269,230.119,0.6881,49.984
Evening_High,2020-01-10 04:54:00,0.02117,231.569,0.6199,49.976
Evening_High,2020-01-10 04:57:00,0.017378,231.514,0.5503,49.997
Evening_High,2020-01-10 05:00:00,0.007498,231.376,0.4066,50.009
Evening_High,2020-01-10 05:03:00,0.017661,231.639,0.5633,49.987
Evening_High,2020-01-10 05:06:00,0.013126,230.979,0.4726,49.992
Evening_High,2020-01-10 05:09:00,0.019634,231.594,0.613,49.97
Evening_High,2020-01-10 05:12:00,0.018763,231.282,0.5898,50.002
Evening_High,2020-01-10 05:15:00,0.022918,231.5,0.6887,49.988
Evening_High,2020-01-10 05:18:00,0.023076,230.437,0.6609,49.994
Evening_High,2020-01-10 05:21:00,0.022687,231.014,0.6647,50.011
Evening_High,2020-01-10 05:24:00,0.020536,230.473,0.6142,49.986
Evening_High,2020-01-10 05:27:00,0.01895,229.921,0.6564,50.007
Evening_High,2020-01-10 05:30:00,0.017749,231.477,0.5798,49.984
Evening_High,2020-01-10 05:33:00,0.022417,230.067,0.6156,49.999
Evening_High,2020-01-10 05:36:00,0.018768,230.334,0.5991,49.974
Evening_High,2020-01-10 05:39:00,0.016141,231.234,0.5683,50.019
Evening_High,2020-01-10 05:42:00,0.0189,231.013,0.5534,49.981
Evening_High,2020-01-10 05:45:00,0.018942,228.947,0.5933,50.01
Evening_High,2020-01-10 05:48:00,0.014006,232.978,0.4421,50.0
Evening_High,2020-01-10 05:51:00,0.025965,229.931,0.7184,49.989
Evening_High,2020-01-10 05:54:00,0.012152,231.33,0.5118,49.998
Evening_High,2020-01-10 05:57:00,0.018652,230.992,0.5205,49.992
Evening_High,2020-01-10 06:00:00,0.025014,230.991,0.7107,50.003
Evening_High,2020-01-10 06:03:00,0.019139,230.682,0.6,50.006
Evening_High,2020-01-10 06:06:00,0.023626,230.026,0.6479,49.99
Evening_High,2020-01-10 06:09:00,0.012465,232.214,0.4374,49.998
Evening_High,2020-01-10 06:12:00,0.019152,229.66,0.5897,49.982
Evening_High,2020-01-10 06:15:00,0.014302,231.225,0.4823,50.022
Evening_High,2020-01-10 06:18:00,0.020711,231.015,0.6111,49.983
Evening_High,2020-01-10 06:21:00,0.017396,230.421,0.5406,49.996
Evening_High,2020-01-10 06:24:00,0.011837,230.847,0.551,50.006
Evening_High,2020-01-10 06:27:00,0.024753,230.141,0.7477,49.99
Evening_High,2020-01-10 06:30:00,0.020576,230.209,0.5994,49.985
Evening_High,2020-01-10 06:33:00,0.025546,229.871,0.6892,49.982
Evening_High,2020-01-10 06:36:00,0.01292,230.967,0.498,49.989
Evening_High,2020-01-10 06:39:00,0.023267,231.224,0.6555,49.987
Evening_High,2020-01-10 06:42:00,0.019488,231.761,0.5891,49.976
Evening_High,2020-01-10 06:45:00,0.013235,232.374,0.5118,50.004
Evening_High,2020-01-10 06:48:00,0.013935,231.131,0.4756,49.99
Evening_High,2020-01-10 06:51:00,0.019626,230.692,0.626,50.001
Evening_High,2020-01-10 06:54:00,0.018359,231.477,0.5445,50.01
Evening_High,2020-01-10 06:57:00,0.020948,231.227,0.6351,49.979
Evening_High,2020-01-10 07:00:00,0.026689,229.229,0.7489,50.0
Evening_High,2020-01-10 07:03:00,0.017984,230.733,0.5806,50.004
Evening_High,2020-01-10 07:06:00,0.020645,230.575,0.6333,49.967
Evening_High,2020-01-10 07:09:00,0.022876,229.788,0.6751,49.982
Evening_High,2020-01-10 07:12:00,0.015843,231.833,0.491,49.998
Evening_High,2020-01-10 07:15:00,0.016291,231.682,0.5143,49.989
Evening_High,2020-01-10 07:18:00,0.021838,230.395,0.6668,49.975
Evening_High,2020-01-10 07:21:00,0.024251,230.494,0.6688,49.996
Evening_High,2020-01-10 07:24:00,0.008575,231.235,0.4723,50.009
Evening_High,2020-01-10 07:27:00,0.021528,230.967,0.5925,50.009
Evening_High,2020-01-10 07:30:00,0.01941,231.763,0.5946,50.001
Evening_High,2020-01-10 07:33:00,0.019391,230.629,0.5752,49.992
Evening_High,2020-01-10 07:36:00,0.013386,231.812,0.4419,49.988
Evening_High,2020-01-10 07:39:00,0.017199,231.805,0.5606,49.979
Evening_High,2020-01-10 07:42:00,0.01509,230.326,0.5835,49.997
Evening_High,2020-01-10 07:45:00,0.01911,231.111,0.5599,49.982
Evening_High,2020-01-10 07:48:00,0.013331,231.921,0.4846,49.995
Evening_High,2020-01-10 07:51:00,0.014266,231.192,0.5509,49.988
Evening_High,2020-01-10 07:54:00,0.022201,230.529,0.6618,50.014
Evening_High,2020-01-10 07:57:00,0.025101,232.097,0.7018,49.994
Evening_High,2020-01-10 08:00:00,0.016615,230.818,0.5283,50.012
Evening_High,2020-01-10 08:03:00,0.023953,230.857,0.6503,49.98
Evening_High,2020-01-10 08:06:00,0.016741,231.471,0.5808,49.995
Evening_High,2020-01-10 08:09:00,0.009527,230.967,0.4631,50.012
Evening_High,2020-01-10 08:12:00,0.024252,232.123,0.6763,50.001
Evening_High,2020-01-10 08:15:00,0.024463,230.201,0.7456,50.008
Evening_High,2020-01-10 08:18:00,0.022311,230.246,0.6024,49.981
Evening_High,2020-01-10 08:21:00,0.021943,229.503,0.6508,49.989
Evening_High,2020-01-10 08:24:00,0.024746,231.398,0.6993,49.986
Evening_High,2020-01-10 08:27:00,0.023165,230.233,0.6697,50.016
Evening_High,2020-01-10 08:30:00,0.016502,231.651,0.558,49.998
Evening_High,2020-01-10 08:33:00,0.019448,231.888,0.5964,49.987
Evening_High,2020-01-10 08:36:00,0.018985,231.397,0.6203,49.989
Evening_High,2020-01-10 08:39:00,0.016869,228.861,0.4909,49.993
Evening_High,2020-01-10 08:42:00,0.022696,230.393,0.7322,49.995
Evening_High,2020-01-10 08:45:00,0.020381,230.531,0.5981,49.98
Evening_High,2020-01-10 08:48:00,0.018013,230.383,0.6305,50.013
Evening_High,2020-01-10 08:51:00,0.023721,230.701,0.6549,49.997
Evening_High,2020-01-10 08:54:00,0.021144,230.496,0.5667,49.992
Evening_High,2020-01-10 08:57:00,0.019845,231.95,0.6055,49.991
Evening_High,2020-01-10 09:00:00,0.018889,230.965,0.5968,49.99
Evening_High,2020-01-10 09:03:00,0.018045,230.61,0.545,49.99
Evening_High,2020-01-10 09:06:00,0.027606,229.476,0.7306,49.984
Evening_High,2020-01-10 09:09:00,0.013136,230.57,0.4395,49.988
Evening_High,2020-01-10 09:12:00,0.007944,231.3,0.4119,49.996
Evening_High,2020-01-10 09:15:00,0.027179,230.162,0.7407,50.001
Evening_High,2020-01-10 09:18:00,0.013926,231.559,0.469,50.01
Evening_High,2020-01-10 09:21:00,0.016313,232.135,0.5266,49.974
Evening_High,2020-01-10 09:24:00,0.021992,231.188,0.7586,49.998
Evening_High,2020-01-10 09:27:00,0.01923,229.058,0.6009,49.986
Evening_High,2020-01-10 09:30:00,0.017504,230.433,0.5545,49.992
Evening_High,2020-01-10 09:33:00,0.018545,231.448,0.5585,50.006
Evening_High,2020-01-10 09:36:00,0.012888,230.771,0.5173,49.974
Evening_High,2020-01-10 09:39:00,0.021111,232.242,0.6001,50.01
Evening_High,2020-01-10 09:42:00,0.017384,230.91,0.605,49.987
Evening_High,2020-01-10 09:45:00,0.024581,231.874,0.671,49.995
Evening_High,2020-01-10 09:48:00,0.021643,230.64,0.6286,50.002
Evening_High,2020-01-10 09:51:00,0.017012,230.446,0.5712,50.002
Evening_High,2020-01-10 09:54:00,0.015491,231.307,0.4899,49.984
Evening_High,2020-01-10 09:57:00,0.024818,229.935,0.6544,49.975
Evening_High,2020-01-10 10:00:00,0.026216,230.392,0.7555,49.993
Evening_High,2020-01-10 10:03:00,0.015086,231.407,0.4963,50.003
Evening_High,2020-01-10 10:06:00,0.015661,231.12,0.56,49.991
Evening_High,2020-01-10 10:09:00,0.019502,231.045,0.6022,49.983
Evening_High,2020-01-10 10:12:00,0.023399,230.498,0.7064,50.003
Evening_High,2020-01-10 10:15:00,0.024465,231.345,0.7597,49.979
Evening_High,2020-01-10 10:18:00,0.022393,232.688,0.6362,49.988
Evening_High,2020-01-10 10:21:00,0.021838,230.643,0.6621,49.978
Evening_High,2020-01-10 10:24:00,0.021264,230.568,0.576,50.004
Evening_High,2020-01-10 10:27:00,0.013632,232.2,0.5015,50.026
Evening_High,2020-01-10 10:30:00,0.017401,231.234,0.5391,49.981
Evening_High,2020-01-10 10:33:00,0.025933,231.132,0.7178,50.022
Evening_High,2020-01-10 10:36:00,0.022159,230.575,0.6184,49.995
Evening_High,2020-01-10 10:39:00,0.029774,231.638,0.7772,49.985
Evening_High,2020-01-10 10:42:00,0.01979,231.667,0.5724,50.015
Evening_High,2020-01-10 10:45:00,0.01936,230.079,0.5933,50.017
Evening_High,2020-01-10 10:48:00,0.017702,231.473,0.5469,50.019
Evening_High,2020-01-10 10:51:00,0.030478,229.653,0.7559,49.979
Evening_High,2020-01-10 10:54:00,0.022094,230.858,0.6781,49.975
Evening_High,2020-01-10 10:57:00,0.024617,230.13,0.6615,50.005
Evening_High,2020-01-10 11:00:00,0.026396,230.228,0.741,49.971
Evening_High,2020-01-10 11:03:00,0.022496,230.968,0.6303,49.989
Evening_High,2020-01-10 11:06:00,0.019498,232.931,0.5985,50.005
Evening_High,2020-01-10 11:09:00,0.023133,231.256,0.7413,49.984
Evening_High,2020-01-10 11:12:00,0.03213,229.619,0.8516,49.993
Evening_High,2020-01-10 11:15:00,0.031038,230.245,0.7115,50.006
Evening_High,2020-01-10 11:18:00,0.030636,230.222,0.8776,49.985
Evening_High,2020-01-10 11:21:00,0.030638,229.858,0.7445,49.998
Evening_High,2020-01-10 11:24:00,0.016862,231.578,0.6067,49.996
Evening_High,2020-01-10 11:27:00,0.014583,230.256,0.5368,49.993
Evening_High,2020-01-10 11:30:00,0.025257,232.241,0.7353,49.982
Evening_High,2020-01-10 11:33:00,0.016492,231.858,0.5707,49.997
Evening_High,2020-01-10 11:36:00,0.031445,231.686,0.7726,49.999
Evening_High,2020-01-10 11:39:00,0.018021,231.091,0.6383,49.997
Evening_High,2020-01-10 11:42:00,0.014194,230.915,0.5293,49.999
Evening_High,2020-01-10 11:45:00,0.018135,231.452,0.527,50.0
Evening_High,2020-01-10 11:48:00,0.029649,231.738,0.7362,49.976
Evening_High,2020-01-10 11:51:00,0.018968,231.442,0.5505,50.006
Evening_High,2020-01-10 11:54:00,0.021088,230.955,0.6369,50.013
Evening_High,2020-01-10 11:57:00,0.026549,231.05,0.758,49.999
Evening_High,2020-01-10 12:00:00,0.014911,230.398,0.5504,49.991
Evening_High,2020-01-10 12:03:00,0.018464,230.948,0.5592,49.996
Evening_High,2020-01-10 12:06:00,0.027725,230.764,0.7709,49.975
Evening_High,2020-01-10 12:09:00,0.017606,230.791,0.5121,49.993
Evening_High,2020-01-10 12:12:00,0.022275,231.294,0.648,49.987
Evening_High,2020-01-10 12:15:00,0.022094,230.945,0.6197,49.998
Evening_High,2020-01-10 12:18:00,0.023296,231.314,0.7271,50.001
Evening_High,2020-01-10 12:21:00,0.028662,231.19,0.7594,49.972
Evening_High,2020-01-10 12:24:00,0.02614,229.965,0.7136,49.987
Evening_High,2020-01-10 12:27:00,0.024982,230.174,0.7022,49.987
Evening_High,2020-01-10 12:30:00,0.029997,230.149,0.8138,49.982
Evening_High,2020-01-10 12:33:00,0.024104,230.758,0.6761,50.0
Evening_High,2020-01-10 12:36:00,0.02399,229.958,0.6545,49.987
Evening_High,2020-01-10 12:39:00,0.009766,232.422,0.4463,50.011
Evening_High,2020-01-10 12:42:00,0.029906,232.184,0.8329,49.993
Evening_High,2020-01-10 12:45:00,0.027046,230.906,0.7694,49.997
Evening_High,2020-01-10 12:48:00,0.041789,230.144,0.9817,49.998
Evening_High,2020-01-10 12:51:00,0.023662,231.044,0.6855,49.994
Evening_High,2020-01-10 12:54:00,0.023462,231.582,0.6068,49.978
Evening_High,2020-01-10 12:57:00,0.016063,230.23,0.5269,50.006
Evening_High,2020-01-10 13:00:00,0.03581,229.239,0.8958,49.984
Evening_High,2020-01-10 13:03:00,0.02085,230.551,0.6717,50.002
Evening_High,2020-01-10 13:06:00,0.033338,231.018,0.804,49.976
Evening_High,2020-01-10 13:09:00,0.0313,230.996,0.8249,49.989
Evening_High,2020-01-10 13:12:00,0.029627,230.353,0.7389,50.009
Evening_High,2020-01-10 13:15:00,0.033863,230.369,0.8798,49.979
Evening_High,2020-01-10 13:18:00,0.02777,231.992,0.7675,49.979
Evening_High,2020-01-10 13:21:00,0.018966,230.324,0.6072,49.996
Evening_High,2020-01-10 13:24:00,0.008539,231.227,0.3904,49.98
Evening_High,2020-01-10 13:27:00,0.035916,231.082,0.9888,50.007
Evening_High,2020-01-10 13:30:00,0.029538,230.646,0.8361,49.994
Evening_High,2020-01-10 13:33:00,0.027826,231.266,0.7254,49.985
Evening_High,2020-01-10 13:36:00,0.022173,230.422,0.6553,49.988
Evening_High,2020-01-10 13:39:00,0.032533,231.014,0.8287,49.991
Evening_High,2020-01-10 13:42:00,0.02372,230.379,0.7252,49.983
Evening_High,2020-01-10 13:45:00,0.031508,230.411,0.7936,50.004
Evening_High,2020-01-10 13:48:00,0.033642,230.463,0.8712,49.983
Evening_High,2020-01-10 13:51:00,0.023681,231.263,0.6844,50.002
Evening_High,2020-01-10 13:54:00,0.027929,230.478,0.7783,49.986
Evening_High,2020-01-10 13:57:00,0.027298,231.96,0.7416,49.989
Evening_High,2020-01-10 14:00:00,0.031489,231.591,0.8548,50.024
Evening_High,2020-01-10 14:03:00,0.022523,230.329,0.681,49.998
Evening_High,2020-01-10 14:06:00,0.03649,229.722,0.893,50.0
Evening_High,2020-01-10 14:09:00,0.018341,231.578,0.557,49.992
Evening_High,2020-01-10 14:12:00,0.020058,230.871,0.585,50.01
Evening_High,2020-01-10 14:15:00,0.028831,230.69,0.765,50.002
Evening_High,2020-01-10 14:18:00,0.018763,230.663,0.5261,49.994
Evening_High,2020-01-10 14:21:00,0.023667,230.569,0.6876,49.994
Evening_High,2020-01-10 14:24:00,0.027784,230.772,0.8107,49.992
Evening_High,2020-01-10 14:27:00,0.027779,231.389,0.8096,49.98
Evening_High,2020-01-10 14:30:00,0.033016,229.816,0.8159,49.992
Evening_High,2020-01-10 14:33:00,0.038695,229.166,0.9057,49.997
Evening_High,2020-01-10 14:36:00,0.02629,231.747,0.7555,49.995
Evening_High,2020-01-10 14:39:00,0.025546,231.024,0.7194,50.002
Evening_High,2020-01-10 14:42:00,0.026246,230.972,0.766,49.991
Evening_High,2020-01-10 14:45:00,0.024613,231.49,0.6713,50.022
Evening_High,2020-01-10 14:48:00,0.028371,230.299,0.785,49.994
Evening_High,2020-01-10 14:51:00,0.022779,231.578,0.6502,49.993
Evening_High,2020-01-10 14:54:00,0.020616,230.115,0.5851,50.001
Evening_High,2020-01-10 14:57:00,0.026895,231.039,0.7083,49.998
Evening_High,2020-01-10 15:00:00,0.037129,228.964,0.8882,49.974
Evening_High,2020-01-10 15:03:00,0.024117,230.455,0.6647,50.011
Evening_High,2020-01-10 15:06:00,0.025909,230.266,0.732,49.992
Evening_High,2020-01-10 15:09:00,0.022162,231.394,0.6627,50.007
Evening_High,2020-01-10 15:12:00,0.036826,229.875,0.885,49.99
Evening_High,2020-01-10 15:15:00,0.029622,230.126,0.7487,49.966
Evening_High,2020-01-10 15:18:00,0.021031,230.383,0.5947,49.981
Evening_High,2020-01-10 15:21:00,0.029316,231.077,0.7643,50.009
Evening_High,2020-01-10 15:24:00,0.021237,231.475,0.6561,50.032
Evening_High,2020-01-10 15:27:00,0.037469,230.963,0.8891,49.994
Evening_High,2020-01-10 15:30:00,0.02225,230.23,0.5809,49.998
Evening_High,2020-01-10 15:33:00,0.021062,231.744,0.6607,50.018
Evening_High,2020-01-10 15:36:00,0.029081,231.121,0.7577,49.993
Evening_High,2020-01-10 15:39:00,0.039306,229.249,0.9121,49.992
Evening_High,2020-01-10 15:42:00,0.032766,230.367,0.8657,49.99
Evening_High,2020-01-10 15:45:00,0.030911,230.29,0.7616,49.997
Evening_High,2020-01-10 15:48:00,0.022068,231.526,0.6066,49.981
Evening_High,2020-01-10 15:51:00,0.032145,230.616,0.7994,49.975
Evening_High,2020-01-10 15:54:00,0.032569,231.159,0.8565,49.989
Evening_High,2020-01-10 15:57:00,0.033463,230.244,0.8852,49.994
Evening_High,2020-01-10 16:00:00,0.030891,229.897,0.8322,50.013
Evening_High,2020-01-10 16:03:00,0.038394,231.605,0.9682,50.003
Evening_High,2020-01-10 16:06:00,0.018938,231.761,0.5476,49.993
Evening_High,2020-01-10 16:09:00,0.039198,230.201,0.9013,50.004
Evening_High,2020-01-10 16:12:00,0.037619,229.106,0.8948,50.0
Evening_High,2020-01-10 16:15:00,0.030239,231.038,0.7882,50.0
Evening_High,2020-01-10 16:18:00,0.037649,228.841,0.8953,49.984
Evening_High,2020-01-10 16:21:00,0.036036,230.394,0.8251,50.017
Evening_High,2020-01-10 16:24:00,0.027268,230.37,0.8077,50.009
Evening_High,2020-01-10 16:27:00,0.037731,232.364,0.9422,49.992
Evening_High,2020-01-10 16:30:00,0.038665,229.717,0.9396,49.981
Evening_High,2020-01-10 16:33:00,0.032277,230.83,0.9175,49.989
Evening_High,2020-01-10 16:36:00,0.033245,230.502,0.8478,49.994
Evening_High,2020-01-10 16:39:00,0.031388,229.491,0.7802,49.974
Evening_High,2020-01-10 16:42:00,0.037013,231.653,0.9041,49.992
Evening_High,2020-01-10 16:45:00,0.042197,231.373,1.0354,49.981
Evening_High,2020-01-10 16:48:00,0.045031,231.008,1.0557,49.996
Evening_High,2020-01-10 16:51:00,0.05219,227.976,1.2078,50.001
Evening_High,2020-01-10 16:54:00,0.037169,230.668,0.8883,49.993
Evening_High,2020-01-10 16:57:00,0.03339,229.035,0.8067,49.983
Evening_High,2020-01-10 17:00:00,0.03591,230.94,0.8327,49.982
Evening_High,2020-01-10 17:03:00,0.046369,229.434,1.1107,49.986
Evening_High,2020-01-10 17:06:00,0.03679,230.643,0.8583,50.021
Evening_High,2020-01-10 17:09:00,0.032962,230.56,0.8139,49.989
Evening_High,2020-01-10 17:12:00,0.033966,230.301,0.8951,49.996
Evening_High,2020-01-10 17:15:00,0.040461,229.744,0.9622,49.969
Evening_High,2020-01-10 17:18:00,0.041963,230.034,1.028,50.0
Evening_High,2020-01-10 17:21:00,0.052585,229.663,1.1935,49.998
Evening_High,2020-01-10 17:24:00,0.048541,230.277,1.0882,49.996
Evening_High,2020-01-10 17:27:00,0.033121,230.683,0.857,50.005
Evening_High,2020-01-10 17:30:00,0.025335,230.752,0.7303,49.992
Evening_High,2020-01-10 17:33:00,0.046704,230.231,1.0776,49.968
Evening_High,2020-01-10 17:36:00,0.059068,228.659,1.3443,49.996
Evening_High,2020-01-10 17:39:00,0.043863,230.533,1.0509,49.987
Evening_High,2020-01-10 17:42:00,0.055261,229.608,1.2828,49.999
Evening_High,2020-01-10 17:45:00,0.043697,228.214,1.0404,49.981
Evening_High,2020-01-10 17:48:00,0.056354,228.983,1.1841,50.016
Evening_High,2020-01-10 17:51:00,0.047425,228.856,1.0519,49.978
Evening_High,2020-01-10 17:54:00,0.064695,228.286,1.4446,49.986
Evening_High,2020-01-10 17:57:00,0.032699,230.858,0.7799,49.966
Evening_High,2020-01-10 18:00:00,0.050494,231.228,1.1854,50.002
Evening_High,2020-01-10 18:03:00,0.088948,227.957,1.8017,49.983
Evening_High,2020-01-10 18:06:00,0.076989,228.571,1.6086,50.002
Evening_High,2020-01-10 18:09:00,0.06709,228.058,1.3823,49.996
Evening_High,2020-01-10 18:12:00,0.074933,227.866,1.6297,49.991
Evening_High,2020-01-10 18:15:00,0.085456,229.485,1.7784,49.966
Evening_High,2020-01-10 18:18:00,0.059612,228.767,1.2785,50.006
Evening_High,2020-01-10 18:21:00,0.063963,229.236,1.3162,50.004
Evening_High,2020-01-10 18:24:00,0.081035,230.055,1.719,49.98
Evening_High,2020-01-10 18:27:00,0.068007,228.414,1.4352,49.994
Evening_High,2020-01-10 18:30:00,0.079304,227.097,1.7143,49.972
Evening_High,2020-01-10 18:33:00,0.044425,231.139,1.0683,49.994
Evening_High,2020-01-10 18:36:00,0.061367,227.945,1.3689,49.988
Evening_High,2020-01-10 18:39:00,0.081686,227.506,1.7267,49.98
Evening_High,2020-01-10 18:42:00,0.087571,228.621,1.8217,49.956
Evening_High,2020-01-10 18:45:00,0.06384,229.553,1.4127,50.0
Evening_High,2020-01-10 18:48:00,0.108638,227.946,2.2049,49.973
Evening_High,2020-01-10 18:51:00,0.058696,228.367,1.3128,49.982
Evening_High,2020-01-10 18:54:00,0.026728,231.053,0.7159,49.992
Evening_High,2020-01-10 18:57:00,0.08607,228.887,1.7369,49.967
Evening_High,2020-01-10 19:00:00,0.061922,228.672,1.3595,49.991
Evening_High,2020-01-10 19:03:00,0.107825,228.552,2.158,49.987
Evening_High,2020-01-10 19:06:00,0.061936,229.402,1.4274,49.988
Evening_High,2020-01-10 19:09:00,0.06858,228.825,1.4966,49.967
Evening_High,2020-01-10 19:12:00,0.078193,227.989,1.7227,50.002
Evening_High,2020-01-10 19:15:00,0.095246,228.403,2.0038,49.968
Evening_High,2020-01-10 19:18:00,0.059901,230.915,1.3209,49.999
Evening_High,2020-01-10 19:21:00,0.114205,227.643,2.3966,49.97
Evening_High,2020-01-10 19:24:00,0.081956,229.386,1.6596,49.978
Evening_High,2020-01-10 19:27:00,0.112757,227.801,2.2824,49.972
Evening_High,2020-01-10 19:30:00,0.089095,227.435,1.8222,49.983
Evening_High,2020-01-10 19:33:00,0.062326,229.222,1.4116,49.984
Evening_High,2020-01-10 19:36:00,0.096094,229.336,2.0695,49.977
Evening_High,2020-01-10 19:39:00,0.068077,230.272,1.4376,49.99
Evening_High,2020-01-10 19:42:00,0.12795,226.352,2.5821,49.975
Evening_High,2020-01-10 19:45:00,0.061641,230.433,1.3802,49.971
Evening_High,2020-01-10 19:48:00,0.059053,229.631,1.3088,49.99
Evening_High,2020-01-10 19:51:00,0.088964,228.51,1.8411,49.986
Evening_High,2020-01-10 19:54:00,0.051345,230.334,1.1677,49.998
Evening_High,2020-01-10 19:57:00,0.067399,228.874,1.494,49.985
Evening_High,2020-01-10 20:00:00,0.072804,228.351,1.583,49.985
Evening_High,2020-01-10 20:03:00,0.076255,228.24,1.6468,49.993
Evening_High,2020-01-10 20:06:00,0.153048,225.603,3.061,49.963
Evening_High,2020-01-10 20:09:00,0.089296,228.54,1.8468,49.99
Evening_High,2020-01-10 20:12:00,0.044837,228.755,1.0413,50.002
Evening_High,2020-01-10 20:15:00,0.053215,228.818,1.2628,49.986
Evening_High,2020-01-10 20:18:00,0.032919,230.57,0.8647,49.991
Evening_High,2020-01-10 20:21:00,0.120093,224.527,2.4364,49.973
Evening_High,2020-01-10 20:24:00,0.089732,228.613,1.87,49.98
Evening_High,2020-01-10 20:27:00,0.09116,227.369,1.9279,49.978
Evening_High,2020-01-10 20:30:00,0.094331,227.59,1.9736,49.962
Evening_High,2020-01-10 20:33:00,0.040935,229.36,0.957,49.996
Evening_High,2020-01-10 20:36:00,0.046348,230.647,1.0947,50.0
Evening_High,2020-01-10 20:39:00,0.100097,226.625,2.0347,49.967
Evening_High,2020-01-10 20:42:00,0.145889,225.401,2.8986,49.975
Evening_High,2020-01-10 20:45:00,0.07531,226.938,1.5739,49.987
Evening_High,2020-01-10 20:48:00,0.049688,229.031,1.1816,50.006
Evening_High,2020-01-10 20:51:00,0.066745,229.048,1.4091,49.994
Evening_High,2020-01-10 20:54:00,0.074902,228.384,1.6194,49.986
Evening_High,2020-01-10 20:57:00,0.101035,226.512,2.1207,49.965
Evening_High,2020-01-10 21:00:00,0.073908,228.647,1.5589,49.972
Evening_High,2020-01-10 21:03:00,0.101897,228.31,2.0929,49.993
Evening_High,2020-01-10 21:06:00,0.080208,227.336,1.7251,49.994
Evening_High,2020-01-10 21:09:00,0.062227,229.773,1.4122,49.965
Evening_High,2020-01-10 21:12:00,0.074144,227.804,1.6187,49.998
Evening_High,2020-01-10 21:15:00,0.034741,230.651,0.9012,50.0
Evening_High,2020-01-10 21:18:00,0.099757,228.644,2.0269,49.936
Evening_High,2020-01-10 21:21:00,0.076296,230.369,1.5942,49.996
Evening_High,2020-01-10 21:24:00,0.069113,228.526,1.444,49.994
Evening_High,2020-01-10 21:27:00,0.0739,227.27,1.6055,49.978
Evening_High,2020-01-10 21:30:00,0.062241,230.365,1.3302,50.001
Evening_High,2020-01-10 21:33:00,0.069658,228.917,1.4665,49.975
Evening_High,2020-01-10 21:36:00,0.053339,229.372,1.2201,49.999
Evening_High,2020-01-10 21:39:00,0.085505,227.77,1.8091,49.977
Evening_High,2020-01-10 21:42:00,0.061796,230.197,1.3238,49.975
Evening_High,2020-01-10 21:45:00,0.042437,230.488,0.9398,49.982
Evening_High,2020-01-10 21:48:00,0.033576,231.918,0.825,49.993
Evening_High,2020-01-10 21:51:00,0.050141,229.201,1.1606,49.989
Evening_High,2020-01-10 21:54:00,0.044722,228.731,1.0522,49.991
Evening_High,2020-01-10 21:57:00,0.048673,228.459,1.1304,49.998
Evening_High,2020-01-10 22:00:00,0.059814,229.6,1.2835,49.996
Evening_High,2020-01-10 22:03:00,0.04472,229.971,1.0555,49.987
Evening_High,2020-01-10 22:06:00,0.071021,227.479,1.5534,50.001
Evening_High,2020-01-10 22:09:00,0.05258,229.209,1.2246,49.996
Evening_High,2020-01-10 22:12:00,0.055752,229.764,1.2717,49.981
Evening_High,2020-01-10 22:15:00,0.036932,230.316,0.9721,49.978
Evening_High,2020-01-10 22:18:00,0.040987,230.985,0.9953,50.009
Evening_High,2020-01-10 22:21:00,0.041331,229.956,1.0594,49.965
Evening_High,2020-01-10 22:24:00,0.040267,229.234,0.9561,49.991
Evening_High,2020-01-10 22:27:00,0.039067,231.96,0.9203,50.0
Evening_High,2020-01-10 22:30:00,0.030025,229.504,0.7331,49.988
Evening_High,2020-01-10 22:33:00,0.035028,228.836,0.8387,49.984
Evening_High,2020-01-10 22:36:00,0.041412,230.923,1.0326,50.004
Evening_High,2020-01-10 22:39:00,0.030833,229.608,0.7556,49.978
Evening_High,2020-01-10 22:42:00,0.034577,231.355,0.8881,49.978
Evening_High,2020-01-10 22:45:00,0.038947,230.857,0.9041,49.988
Evening_High,2020-01-10 22:48:00,0.048316,229.006,1.1089,49.983
Evening_High,2020-01-10 22:51:00,0.028009,228.901,0.7279,49.983
Evening_High,2020-01-10 22:54:00,0.039384,230.82,0.9017,50.002
Evening_High,2020-01-10 22:57:00,0.025635,228.933,0.7444,49.996
Evening_High,2020-01-10 23:00:00,0.037082,228.684,0.9332,49.989
Evening_High,2020-01-10 23:03:00,0.026726,230.105,0.7389,49.992
Evening_High,2020-01-10 23:06:00,0.025413,230.961,0.7249,49.994
Evening_High,2020-01-10 23:09:00,0.014164,231.868,0.5241,50.001
Evening_High,2020-01-10 23:12:00,0.038576,230.262,0.9184,49.996
Evening_High,2020-01-10 23:15:00,0.038761,231.047,0.9582,49.976
Evening_High,2020-01-10 23:18:00,0.04327,229.739,1.0299,49.999
Evening_High,2020-01-10 23:21:00,0.031404,232.039,0.8542,50.019
Evening_High,2020-01-10 23:24:00,0.036747,230.419,0.9281,49.991
Evening_High,2020-01-10 23:27:00,0.035064,230.909,0.8847,49.968
Evening_High,2020-01-10 23:30:00,0.028265,231.643,0.6931,49.997
Evening_High,2020-01-10 23:33:00,0.023935,229.923,0.701,49.986
Evening_High,2020-01-10 23:36:00,0.02578,230.635,0.6925,49.984
Evening_High,2020-01-10 23:39:00,0.028914,229.501,0.8247,49.994
Evening_High,2020-01-10 23:42:00,0.025681,229.956,0.6752,50.017
Evening_High,2020-01-10 23:45:00,0.036717,229.851,0.9278,49.985
Evening_High,2020-01-10 23:48:00,0.01703,231.504,0.5877,50.001
Evening_High,2020-01-10 23:51:00,0.0234,232.23,0.6868,49.995
Evening_High,2020-01-10 23:54:00,0.022898,231.022,0.6902,49.981
Evening_High,2020-01-10 23:57:00,0.012771,231.546,0.3884,49.995
Evening_High,2020-01-11 00:00:00,0.026426,231.368,0.6879,50.014
Evening_High,2020-01-11 00:03:00,0.03693,230.069,0.8983,49.983
Evening_High,2020-01-11 00:06:00,0.032393,230.29,0.8204,49.977
Evening_High,2020-01-11 00:09:00,0.025763,231.637,0.7227,50.002
Evening_High,2020-01-11 00:12:00,0.025879,230.811,0.6709,49.992
Evening_High,2020-01-11 00:15:00,0.009288,230.989,0.4072,50.007
Evening_High,2020-01-11 00:18:00,0.021217,229.5,0.6131,49.991
Evening_High,2020-01-11 00:21:00,0.018496,232.408,0.5429,49.993
Evening_High,2020-01-11 00:24:00,0.023761,230.814,0.7027,49.999
Evening_High,2020-01-11 00:27:00,0.026215,230.813,0.6904,49.975
Evening_High,2020-01-11 00:30:00,0.017727,230.696,0.5318,49.978
Evening_High,2020-01-11 00:33:00,0.020797,232.179,0.6273,49.998
Evening_High,2020-01-11 00:36:00,0.01891,230.647,0.5974,49.974
Evening_High,2020-01-11 00:39:00,0.023787,230.208,0.7049,49.988
Evening_High,2020-01-11 00:42:00,0.021792,230.543,0.5894,49.993
Evening_High,2020-01-11 00:45:00,0.035233,230.837,0.9181,49.981
Evening_High,2020-01-11 00:48:00,0.027532,231.992,0.7365,50.004
Evening_High,2020-01-11 00:51:00,0.030199,229.748,0.8301,49.975
Evening_High,2020-01-11 00:54:00,0.018214,229.875,0.6075,50.016
Evening_High,2020-01-11 00:57:00,0.026634,230.041,0.7014,49.998
Evening_High,2020-01-11 01:00:00,0.024302,230.93,0.7229,49.976
Evening_High,2020-01-11 01:03:00,0.02468,231.302,0.7184,49.985
Evening_High,2020-01-11 01:06:00,0.029076,231.336,0.7582,49.98
Evening_High,2020-01-11 01:09:00,0.013915,231.126,0.5024,49.977
Evening_High,2020-01-11 01:12:00,0.019991,231.879,0.5902,49.969
Evening_High,2020-01-11 01:15:00,0.032352,229.673,0.8368,50.0
Evening_High,2020-01-11 01:18:00,0.023722,231.795,0.7214,49.987
Evening_High,2020-01-11 01:21:00,0.014628,231.432,0.5266,50.013
Evening_High,2020-01-11 01:24:00,0.020123,230.739,0.6096,50.002
Evening_High,2020-01-11 01:27:00,0.020936,231.566,0.5708,49.981
Evening_High,2020-01-11 01:30:00,0.033682,232.189,0.8092,49.997
Evening_High,2020-01-11 01:33:00,0.02343,229.988,0.7046,49.997
Evening_High,2020-01-11 01:36:00,0.016356,232.056,0.5246,50.015
Evening_High,2020-01-11 01:39:00,0.027163,229.965,0.7231,49.986
Evening_High,2020-01-11 01:42:00,0.029079,229.467,0.815,49.977
Evening_High,2020-01-11 01:45:00,0.019543,231.723,0.6448,49.994
Evening_High,2020-01-11 01:48:00,0.020711,230.833,0.6275,49.992
Evening_High,2020-01-11 01:51:00,0.023486,230.412,0.624,50.01
Evening_High,2020-01-11 01:54:00,0.031705,230.335,0.7728,49.985
Evening_High,2020-01-11 01:57:00,0.026622,231.493,0.7101,49.995
Evening_High,2020-01-11 02:00:00,0.016809,231.464,0.5874,50.007
Evening_High,2020-01-11 02:03:00,0.021599,230.832,0.6588,49.978
Evening_High,2020-01-11 02:06:00,0.024679,229.463,0.657,49.999
Evening_High,2020-01-11 02:09:00,0.030253,231.026,0.767,50.001
Evening_High,2020-01-11 02:12:00,0.027653,229.372,0.7369,49.969
Evening_High,2020-01-11 02:15:00,0.028837,229.734,0.7983,50.007
Evening_High,2020-01-11 02:18:00,0.024923,230.858,0.6909,49.997
Evening_High,2020-01-11 02:21:00,0.028629,230.682,0.759,49.998
Evening_High,2020-01-11 02:24:00,0.019881,230.851,0.6291,50.012
Evening_High,2020-01-11 02:27:00,0.019871,230.889,0.5851,50.004
Evening_High,2020-01-11 02:30:00,0.026249,230.193,0.7101,49.989
Evening_High,2020-01-11 02:33:00,0.019091,231.542,0.5443,49.988
Evening_High,2020-01-11 02:36:00,0.014589,231.583,0.521,49.992
Evening_High,2020-01-11 02:39:00,0.023298,231.319,0.6866,49.996
Evening_High,2020-01-11 02:42:00,0.034024,229.475,0.8708,49.995
Evening_High,2020-01-11 02:45:00,0.026846,231.18,0.7715,49.973
Evening_High,2020-01-11 02:48:00,0.019336,229.737,0.5541,49.983
Evening_High,2020-01-11 02:51:00,0.022686,229.529,0.6967,49.993
Evening_High,2020-01-11 02:54:00,0.03377,230.369,0.8959,49.985
Evening_High,2020-01-11 02:57:00,0.019902,230.738,0.5992,50.006
Evening_High,2020-01-11 03:00:00,0.023572,230.972,0.6815,49.998
Evening_High,2020-01-11 03:03:00,0.017941,231.779,0.571,50.011
Evening_High,2020-01-11 03:06:00,0.019801,230.828,0.6472,49.989
Evening_High,2020-01-11 03:09:00,0.020984,230.541,0.6453,50.013
Evening_High,2020-01-11 03:12:00,0.02683,230.998,0.6603,49.981
Evening_High,2020-01-11 03:15:00,0.026353,231.992,0.7237,49.989
Evening_High,2020-01-11 03:18:00,0.020227,230.939,0.7019,50.001
Evening_High,2020-01-11 03:21:00,0.026325,231.758,0.7956,49.986
Evening_High,2020-01-11 03:24:00,0.029171,230.551,0.714,49.984
Evening_High,2020-01-11 03:27:00,0.021662,230.125,0.6509,49.998
Evening_High,2020-01-11 03:30:00,0.02023,231.315,0.6599,49.99
Evening_High,2020-01-11 03:33:00,0.019472,229.672,0.5309,49.986
Evening_High,2020-01-11 03:36:00,0.014163,230.65,0.4299,49.984
Evening_High,2020-01-11 03:39:00,0.020834,231.784,0.5924,50.004
Evening_High,2020-01-11 03:42:00,0.025385,230.707,0.7073,49.993
Evening_High,2020-01-11 03:45:00,0.013717,230.786,0.4945,49.997
Evening_High,2020-01-11 03:48:00,0.023108,231.356,0.6242,49.98
Evening_High,2020-01-11 03:51:00,0.027736,230.288,0.7824,49.993
Evening_High,2020-01-11 03:54:00,0.028876,230.494,0.7638,49.987
Evening_High,2020-01-11 03:57:00,0.031213,229.553,0.8276,49.989
Evening_High,2020-01-11 04:00:00,0.023414,230.17,0.6769,49.989
Evening_High,2020-01-11 04:03:00,0.020708,230.321,0.6134,49.987
Evening_High,2020-01-11 04:06:00,0.021323,231.544,0.6853,50.023
Evening_High,2020-01-11 04:09:00,0.009582,232.197,0.465,50.005
Evening_High,2020-01-11 04:12:00,0.031051,230.885,0.7838,49.993
Evening_High,2020-01-11 04:15:00,0.023807,230.34,0.6496,50.025
Evening_High,2020-01-11 04:18:00,0.021442,229.879,0.6418,50.002
Evening_High,2020-01-11 04:21:00,0.033837,230.547,0.8268,49.985
Evening_High,2020-01-11 04:24:00,0.02695,231.166,0.671,49.986
Evening_High,2020-01-11 04:27:00,0.013087,230.636,0.4407,49.996
Evening_High,2020-01-11 04:30:00,0.015465,232.674,0.5301,49.988
Evening_High,2020-01-11 04:33:00,0.031901,230.492,0.8996,49.994
Evening_High,2020-01-11 04:36:00,0.013038,231.514,0.5787,50.002
Evening_High,2020-01-11 04:39:00,0.021763,231.157,0.6723,49.984
Evening_High,2020-01-11 04:42:00,0.023889,230.176,0.6986,50.01
Evening_High,2020-01-11 04:45:00,0.014671,229.512,0.5535,50.009
Evening_High,2020-01-11 04:48:00,0.020644,231.483,0.5836,49.99
Evening_High,2020-01-11 04:51:00,0.024145,230.346,0.6464,50.004
Evening_High,2020-01-11 04:54:00,0.016754,232.342,0.5948,50.019
Evening_High,2020-01-11 04:57:00,0.012878,230.559,0.4436,49.992
Evening_High,2020-01-11 05:00:00,0.003919,232.166,0.2841,49.985
Evening_High,2020-01-11 05:03:00,0.031197,230.378,0.8004,49.983
Evening_High,2020-01-11 05:06:00,0.017879,232.154,0.514,49.982
Evening_High,2020-01-11 05:09:00,0.022691,232.078,0.7021,49.984
Evening_High,2020-01-11 05:12:00,0.013887,232.775,0.4491,50.001
Evening_High,2020-01-11 05:15:00,0.020237,230.961,0.5758,49.989
Evening_High,2020-01-11 05:18:00,0.02562,231.404,0.7363,49.991
Evening_High,2020-01-11 05:21:00,0.023129,228.93,0.6624,49.99
Evening_High,2020-01-11 05:24:00,0.015847,229.605,0.6246,49.998
Evening_High,2020-01-11 05:27:00,0.024594,231.141,0.6934,50.0
Evening_High,2020-01-11 05:30:00,0.027246,230.355,0.7557,49.985
Evening_High,2020-01-11 05:33:00,0.026279,230.984,0.689,49.994
Evening_High,2020-01-11 05:36:00,0.024618,230.946,0.6775,50.013
Evening_High,2020-01-11 05:39:00,0.027794,230.614,0.6976,49.98
Evening_High,2020-01-11 05:42:00,0.029209,230.77,0.7376,49.987
Evening_High,2020-01-11 05:45:00,0.024559,230.741,0.6599,49.991
Evening_High,2020-01-11 05:48:00,0.016235,233.635,0.5367,49.997
Evening_High,2020-01-11 05:51:00,0.018316,231.19,0.5635,49.994
Evening_High,2020-01-11 05:54:00,0.025725,230.071,0.6999,49.975
Evening_High,2020-01-11 05:57:00,0.035123,230.875,0.8696,49.988
Evening_High,2020-01-11 06:00:00,0.021468,231.35,0.6862,49.993
Evening_High,2020-01-11 06:03:00,0.01741,232.026,0.5898,50.001
Evening_High,2020-01-11 06:06:00,0.021606,230.544,0.6204,50.003
Evening_High,2020-01-11 06:09:00,0.027211,229.598,0.8085,50.012
Evening_High,2020-01-11 06:12:00,0.028776,230.54,0.771,50.004
Evening_High,2020-01-11 06:15:00,0.019084,230.846,0.641,49.997
Evening_High,2020-01-11 06:18:00,0.012887,230.325,0.5618,49.998
Evening_High,2020-01-11 06:21:00,0.027895,230.049,0.7257,49.995
Evening_High,2020-01-11 06:24:00,0.015536,231.417,0.5884,50.003
Evening_High,2020-01-11 06:27:00,0.026112,230.305,0.6992,49.999
Evening_High,2020-01-11 06:30:00,0.027525,230.991,0.7667,50.003
Evening_High,2020-01-11 06:33:00,0.01695,230.717,0.5206,50.018
Evening_High,2020-01-11 06:36:00,0.015048,232.818,0.5392,49.995
Evening_High,2020-01-11 06:39:00,0.020545,230.541,0.5942,49.989
Evening_High,2020-01-11 06:42:00,0.028423,230.624,0.7359,49.994
Evening_High,2020-01-11 06:45:00,0.022366,231.362,0.6532,49.986
Evening_High,2020-01-11 06:48:00,0.017179,230.475,0.5131,50.007
Evening_High,2020-01-11 06:51:00,0.025509,231.177,0.6662,50.005
Evening_High,2020-01-11 06:54:00,0.026935,229.867,0.7137,49.97
Evening_High,2020-01-11 06:57:00,0.010687,232.537,0.4406,50.003
Evening_High,2020-01-11 07:00:00,0.02471,230.065,0.6872,49.991
Evening_High,2020-01-11 07:03:00,0.013361,232.071,0.4807,50.0
Evening_High,2020-01-11 07:06:00,0.023084,231.589,0.6831,50.014
Evening_High,2020-01-11 07:09:00,0.021819,231.623,0.6895,50.008
Evening_High,2020-01-11 07:12:00,0.024411,231.416,0.6727,49.993
Evening_High,2020-01-11 07:15:00,0.019834,232.144,0.6156,50.01
Evening_High,2020-01-11 07:18:00,0.025286,232.024,0.6824,49.976
Evening_High,2020-01-11 07:21:00,0.023126,232.166,0.6723,49.989
Evening_High,2020-01-11 07:24:00,0.009533,232.78,0.465,50.018
Evening_High,2020-01-11 07:27:00,0.024175,230.397,0.7175,50.019
Evening_High,2020-01-11 07:30:00,0.022294,232.158,0.7078,49.988
Evening_High,2020-01-11 07:33:00,0.015404,232.165,0.4823,49.993
Evening_High,2020-01-11 07:36:00,0.02617,230.511,0.6859,49.982
Evening_High,2020-01-11 07:39:00,0.011494,231.408,0.4677,49.992
Evening_High,2020-01-11 07:42:00,0.014025,231.129,0.5279,50.004
Evening_High,2020-01-11 07:45:00,0.033051,231.066,0.8468,49.997
Evening_High,2020-01-11 07:48:00,0.021523,231.127,0.5725,49.993
Evening_High,2020-01-11 07:51:00,0.016684,229.334,0.5632,49.999
Evening_High,2020-01-11 07:54:00,0.02257,231.097,0.6775,49.98
Evening_High,2020-01-11 07:57:00,0.020825,231.421,0.6087,50.006
Evening_High,2020-01-11 08:00:00,0.01758,231.473,0.5991,49.983
Evening_High,2020-01-11 08:03:00,0.016234,232.171,0.4888,50.008
Evening_High,2020-01-11 08:06:00,0.025663,230.519,0.7399,49.997
Evening_High,2020-01-11 08:09:00,0.026037,229.984,0.7085,49.995
Evening_High,2020-01-11 08:12:00,0.025674,231.178,0.7593,49.979
Evening_High,2020-01-11 08:15:00,0.012177,231.577,0.4307,50.009
Evening_High,2020-01-11 08:18:00,0.019476,230.954,0.6068,49.994
Evening_High,2020-01-11 08:21:00,0.033368,229.975,0.8551,50.006
Evening_High,2020-01-11 08:24:00,0.024088,229.284,0.6931,49.987
Evening_High,2020-01-11 08:27:00,0.032631,230.43,0.8301,49.999
Evening_High,2020-01-11 08:30:00,0.018951,230.656,0.5777,49.999
Evening_High,2020-01-11 08:33:00,0.034745,229.962,0.9586,49.994
Evening_High,2020-01-11 08:36:00,0.024294,230.008,0.6571,50.003
Evening_High,2020-01-11 08:39:00,0.023091,230.223,0.6383,49.997
Evening_High,2020-01-11 08:42:00,0.022255,231.33,0.5571,50.006
Evening_High,2020-01-11 08:45:00,0.021575,231.449,0.6458,49.977
Evening_High,2020-01-11 08:48:00,0.018275,232.555,0.5297,49.985
Evening_High,2020-01-11 08:51:00,0.018174,230.851,0.5328,49.995
Evening_High,2020-01-11 08:54:00,0.023889,231.777,0.7501,49.993
Evening_High,2020-01-11 08:57:00,0.024206,231.993,0.6397,49.995
Evening_High,2020-01-11 09:00:00,0.028158,230.727,0.8031,50.0
Evening_High,2020-01-11 09:03:00,0.015295,230.138,0.5272,50.001
Evening_High,2020-01-11 09:06:00,0.018781,231.448,0.5714,50.005
Evening_High,2020-01-11 09:09:00,0.022346,231.087,0.6429,49.989
Evening_High,2020-01-11 09:12:00,0.029795,231.674,0.7373,49.979
Evening_High,2020-01-11 09:15:00,0.033126,230.418,0.808,49.993
Evening_High,2020-01-11 09:18:00,0.027129,230.923,0.7342,49.998
Evening_High,2020-01-11 09:21:00,0.023019,230.329,0.663,50.003
Evening_High,2020-01-11 09:24:00,0.016887,230.761,0.5889,49.991
Evening_High,2020-01-11 09:27:00,0.029128,230.346,0.7919,50.012
Evening_High,2020-01-11 09:30:00,0.016545,230.04,0.5395,50.0
Evening_High,2020-01-11 09:33:00,0.030073,229.703,0.7999,50.002
Evening_High,2020-01-11 09:36:00,0.01904,231.054,0.583,50.002
Evening_High,2020-01-11 09:39:00,0.023845,230.832,0.7054,50.005
Evening_High,2020-01-11 09:42:00,0.029887,231.415,0.7771,49.983
Evening_High,2020-01-11 09:45:00,0.022534,230.37,0.6303,50.005
Evening_High,2020-01-11 09:48:00,0.023135,229.696,0.6372,49.976
Evening_High,2020-01-11 09:51:00,0.017426,231.148,0.5437,49.991
Evening_High,2020-01-11 09:54:00,0.019701,230.227,0.6177,50.0
Evening_High,2020-01-11 09:57:00,0.015023,230.895,0.5183,49.983
Evening_High,2020-01-11 10:00:00,0.031835,230.262,0.8691,50.003
Evening_High,2020-01-11 10:03:00,0.037581,229.831,0.9506,49.982
Evening_High,2020-01-11 10:06:00,0.030216,229.844,0.8098,50.004
Evening_High,2020-01-11 10:09:00,0.02078,230.559,0.6209,49.999
Evening_High,2020-01-11 10:12:00,0.022309,231.014,0.5904,49.996
Evening_High,2020-01-11 10:15:00,0.016053,231.303,0.4983,50.006
Evening_High,2020-01-11 10:18:00,0.027008,230.252,0.7751,50.003
Evening_High,2020-01-11 10:21:00,0.022873,230.743,0.6882,49.999
Evening_High,2020-01-11 10:24:00,0.04107,230.064,0.9941,49.994
Evening_High,2020-01-11 10:27:00,0.022458,231.553,0.6906,50.007
Evening_High,2020-01-11 10:30:00,0.028524,229.496,0.7731,50.004
Evening_High,2020-01-11 10:33:00,0.008107,232.097,0.4096,50.0
Evening_High,2020-01-11 10:36:00,0.02685,231.218,0.7009,50.009
Evening_High,2020-01-11 10:39:00,0.020682,230.709,0.5548,50.004
Evening_High,2020-01-11 10:42:00,0.040536,230.138,0.9213,49.997
Evening_High,2020-01-11 10:45:00,0.027049,230.642,0.7821,49.988
Evening_High,2020-01-11 10:48:00,0.017983,230.756,0.5976,49.998
Evening_High,2020-01-11 10:51:00,0.014478,231.711,0.5042,49.981
Evening_High,2020-01-11 10:54:00,0.018716,231.519,0.5981,49.987
Evening_High,2020-01-11 10:57:00,0.028061,230.051,0.8044,50.001
Evening_High,2020-01-11 11:00:00,0.02464,230.091,0.7368,49.991
Evening_High,2020-01-11 11:03:00,0.027163,231.372,0.7471,49.994
Evening_High,2020-01-11 11:06:00,0.019753,230.895,0.6431,50.018
Evening_High,2020-01-11 11:09:00,0.023942,230.973,0.667,49.981
Evening_High,2020-01-11 11:12:00,0.021895,231.329,0.6298,49.988
Evening_High,2020-01-11 11:15:00,0.036185,230.406,0.8961,49.995
Evening_High,2020-01-11 11:18:00,0.032347,230.569,0.7695,49.997
Evening_High,2020-01-11 11:21:00,0.022299,231.331,0.6482,49.985
Evening_High,2020-01-11 11:24:00,0.027376,229.934,0.7918,49.999
Evening_High,2020-01-11 11:27:00,0.037842,229.396,0.9809,49.979
Evening_High,2020-01-11 11:30:00,0.02931,230.555,0.7818,49.989
Evening_High,2020-01-11 11:33:00,0.016165,232.069,0.5379,50.019
Evening_High,2020-01-11 11:36:00,0.018638,229.678,0.5965,50.005
Evening_High,2020-01-11 11:39:00,0.035057,231.321,0.9675,50.005
Evening_High,2020-01-11 11:42:00,0.029591,229.879,0.767,50.013
Evening_High,2020-01-11 11:45:00,0.02118,230.784,0.7031,50.012
Evening_High,2020-01-11 11:48:00,0.040296,229.927,1.0004,49.976
Evening_High,2020-01-11 11:51:00,0.036414,228.102,0.9075,49.993
Evening_High,2020-01-11 11:54:00,0.037535,230.709,0.8552,49.998
Evening_High,2020-01-11 11:57:00,0.029873,231.178,0.7684,50.009
Evening_High,2020-01-11 12:00:00,0.013039,232.128,0.4719,50.029
Evening_High,2020-01-11 12:03:00,0.029559,229.638,0.805,49.998
Evening_High,2020-01-11 12:06:00,0.019382,230.786,0.6339,50.008
Evening_High,2020-01-11 12:09:00,0.012533,232.055,0.4441,49.994
Evening_High,2020-01-11 12:12:00,0.028782,229.552,0.7521,49.987
Evening_High,2020-01-11 12:15:00,0.027941,231.296,0.752,50.014
Evening_High,2020-01-11 12:18:00,0.029242,230.191,0.8155,50.01
Evening_High,2020-01-11 12:21:00,0.028223,232.012,0.7619,50.004
Evening_High,2020-01-11 12:24:00,0.035374,231.654,0.9202,50.01
Evening_High,2020-01-11 12:27:00,0.034113,230.48,0.8529,50.008
Evening_High,2020-01-11 12:30:00,0.02057,228.616,0.5899,50.003
Evening_High,2020-01-11 12:33:00,0.014122,230.263,0.5201,50.006
Evening_High,2020-01-11 12:36:00,0.040517,230.115,0.995,49.998
Evening_High,2020-01-11 12:39:00,0.023304,230.788,0.6419,49.992
Evening_High,2020-01-11 12:42:00,0.033703,229.412,0.8326,50.006
Evening_High,2020-01-11 12:45:00,0.031608,229.572,0.7755,49.972
Evening_High,2020-01-11 12:48:00,0.02557,231.733,0.678,49.994
Evening_High,2020-01-11 12:51:00,0.029108,230.292,0.718,49.983
Evening_High,2020-01-11 12:54:00,0.033225,230.408,0.7943,50.016
Evening_High,2020-01-11 12:57:00,0.04555,228.211,1.097,49.999
Evening_High,2020-01-11 13:00:00,0.029929,231.177,0.7982,49.999
Evening_High,2020-01-11 13:03:00,0.034727,230.539,0.9163,49.984
Evening_High,2020-01-11 13:06:00,0.042515,232.21,0.9882,49.997
Evening_High,2020-01-11 13:09:00,0.035518,230.127,0.835,49.97
Evening_High,2020-01-11 13:12:00,0.030943,230.003,0.8556,50.003
Evening_High,2020-01-11 13:15:00,0.024861,230.603,0.6624,49.991
Evening_High,2020-01-11 13:18:00,0.027886,230.018,0.7111,49.997
Evening_High,2020-01-11 13:21:00,0.029063,230.599,0.7817,49.99
Evening_High,2020-01-11 13:24:00,0.038092,229.253,0.9807,50.01
Evening_High,2020-01-11 13:27:00,0.02965,230.234,0.7791,50.003
Evening_High,2020-01-11 13:30:00,0.045231,230.536,1.0267,49.988
Evening_High,2020-01-11 13:33:00,0.036609,231.694,0.9399,49.986
Evening_High,2020-01-11 13:36:00,0.027732,230.62,0.765,49.993
Evening_High,2020-01-11 13:39:00,0.029135,229.65,0.726,49.975
Evening_High,2020-01-11 13:42:00,0.025164,231.478,0.7289,49.981
Evening_High,2020-01-11 13:45:00,0.02203,230.754,0.635,49.994
Evening_High,2020-01-11 13:48:00,0.024786,229.326,0.6984,50.004
Evening_High,2020-01-11 13:51:00,0.038633,230.553,0.9776,50.01
Evening_High,2020-01-11 13:54:00,0.050427,229.075,1.1257,49.992
Evening_High,2020-01-11 13:57:00,0.043322,231.009,1.1075,49.991
Evening_High,2020-01-11 14:00:00,0.048472,230.77,1.0942,49.984
Evening_High,2020-01-11 14:03:00,0.022122,230.169,0.6395,49.992
Evening_High,2020-01-11 14:06:00,0.030291,231.059,0.8023,49.975
Evening_High,2020-01-11 14:09:00,0.027157,231.883,0.691,50.002
Evening_High,2020-01-11 14:12:00,0.033633,230.875,0.9516,49.997
Evening_High,2020-01-11 14:15:00,0.035635,229.773,0.8581,50.004
Evening_High,2020-01-11 14:18:00,0.037173,231.186,0.92,49.999
Evening_High,2020-01-11 14:21:00,0.019414,231.972,0.6013,50.013
Evening_High,2020-01-11 14:24:00,0.030066,229.899,0.8198,50.01
Evening_High,2020-01-11 14:27:00,0.03384,230.993,0.8237,50.0
Evening_High,2020-01-11 14:30:00,0.04151,229.677,0.9816,50.003
Evening_High,2020-01-11 14:33:00,0.032823,231.47,0.8626,49.997
Evening_High,2020-01-11 14:36:00,0.05541,230.832,1.2472,49.976
Evening_High,2020-01-11 14:39:00,0.046802,230.257,1.1137,49.989
Evening_High,2020-01-11 14:42:00,0.050187,229.582,1.1425,49.989
Evening_High,2020-01-11 14:45:00,0.028144,231.839,0.7481,49.988
Evening_High,2020-01-11 14:48:00,0.044361,230.866,0.9937,50.027
Evening_High,2020-01-11 14:51:00,0.027986,231.079,0.7836,49.998
Evening_High,2020-01-11 14:54:00,0.027931,229.955,0.7612,49.99
Evening_High,2020-01-11 14:57:00,0.026405,230.887,0.6948,49.991
Evening_High,2020-01-11 15:00:00,0.026237,230.254,0.6966,49.998
Evening_High,2020-01-11 15:03:00,0.041818,230.619,1.0054,50.0
Evening_High,2020-01-11 15:06:00,0.044396,229.726,1.0354,49.988
Evening_High,2020-01-11 15:09:00,0.033785,230.573,0.8365,49.991
Evening_High,2020-01-11 15:12:00,0.032241,229.708,0.8665,49.988
Evening_High,2020-01-11 15:15:00,0.03438,229.273,0.8654,49.974
Evening_High,2020-01-11 15:18:00,0.027992,230.076,0.7949,49.995
Evening_High,2020-01-11 15:21:00,0.038397,230.574,0.9332,49.984
Evening_High,2020-01-11 15:24:00,0.031603,230.761,0.8339,49.981
Evening_High,2020-01-11 15:27:00,0.027101,230.842,0.7437,49.994
Evening_High,2020-01-11 15:30:00,0.044395,229.488,1.029,50.01
Evening_High,2020-01-11 15:33:00,0.037866,229.997,0.9463,49.985
Evening_High,2020-01-11 15:36:00,0.024027,230.826,0.6813,49.985
Evening_High,2020-01-11 15:39:00,0.0246,231.933,0.6709,50.0
Evening_High,2020-01-11 15:42:00,0.037319,229.894,0.955,49.981
Evening_High,2020-01-11 15:45:00,0.034419,230.769,0.798,49.991
Evening_High,2020-01-11 15:48:00,0.035484,230.862,0.913,50.008
Evening_High,2020-01-11 15:51:00,0.028259,229.562,0.7202,49.989
Evening_High,2020-01-11 15:54:00,0.034955,229.175,0.8722,49.98
Evening_High,2020-01-11 15:57:00,0.037825,229.491,1.0002,49.983
Evening_High,2020-01-11 16:00:00,0.048576,229.353,1.0909,49.971
Evening_High,2020-01-11 16:03:00,0.046566,229.51,1.0989,49.991
Evening_High,2020-01-11 16:06:00,0.036996,229.729,0.9368,50.011
Evening_High,2020-01-11 16:09:00,0.051422,230.085,1.149,49.999
Evening_High,2020-01-11 16:12:00,0.039682,229.965,0.9446,49.985
Evening_High,2020-01-11 16:15:00,0.046324,229.743,1.05,49.989
Evening_High,2020-01-11 16:18:00,0.053428,228.918,1.178,49.967
Evening_High,2020-01-11 16:21:00,0.022881,230.945,0.7579,49.998
Evening_High,2020-01-11 16:24:00,0.034131,229.574,0.8838,49.99
Evening_High,2020-01-11 16:27:00,0.04911,229.498,1.1559,49.967
Evening_High,2020-01-11 16:30:00,0.049624,228.743,1.1706,49.995
Evening_High,2020-01-11 16:33:00,0.024087,231.85,0.689,49.978
Evening_High,2020-01-11 16:36:00,0.03303,229.486,0.8722,50.008
Evening_High,2020-01-11 16:39:00,0.030137,231.105,0.8015,49.998
Evening_High,2020-01-11 16:42:00,0.043531,229.605,1.0617,49.97
Evening_High,2020-01-11 16:45:00,0.032274,233.289,0.811,49.992
Evening_High,2020-01-11 16:48:00,0.027829,230.754,0.7331,49.95
Evening_High,2020-01-11 16:51:00,0.032438,229.928,0.8908,49.984
Evening_High,2020-01-11 16:54:00,0.043395,229.203,1.034,49.997
Evening_High,2020-01-11 16:57:00,0.053121,228.399,1.1859,49.989
Evening_High,2020-01-11 17:00:00,0.045869,229.336,1.0418,50.004
Evening_High,2020-01-11 17:03:00,0.037824,230.194,0.9667,49.993
Evening_High,2020-01-11 17:06:00,0.057408,228.256,1.3096,49.991
Evening_High,2020-01-11 17:09:00,0.061532,230.019,1.373,49.989
Evening_High,2020-01-11 17:12:00,0.065277,227.541,1.4523,49.976
Evening_High,2020-01-11 17:15:00,0.060758,227.566,1.3628,50.001
Evening_High,2020-01-11 17:18:00,0.028832,230.73,0.8192,50.002
Evening_High,2020-01-11 17:21:00,0.043577,229.857,1.0598,49.981
Evening_High,2020-01-11 17:24:00,0.028796,231.231,0.7089,49.965
Evening_High,2020-01-11 17:27:00,0.05656,228.473,1.2805,49.996
Evening_High,2020-01-11 17:30:00,0.065721,229.185,1.4467,49.991
Evening_High,2020-01-11 17:33:00,0.063096,228.966,1.3653,49.972
Evening_High,2020-01-11 17:36:00,0.043883,231.893,1.0098,49.999
Evening_High,2020-01-11 17:39:00,0.05598,229.656,1.2511,49.977
Evening_High,2020-01-11 17:42:00,0.046238,228.962,1.031,49.996
Evening_High,2020-01-11 17:45:00,0.06741,228.107,1.4594,49.983
Evening_High,2020-01-11 17:48:00,0.069119,229.515,1.4655,49.983
Evening_High,2020-01-11 17:51:00,0.026144,230.115,0.6789,49.999
Evening_High,2020-01-11 17:54:00,0.059244,229.947,1.3168,49.985
Evening_High,2020-01-11 17:57:00,0.032914,231.236,0.8169,49.981
Evening_High,2020-01-11 18:00:00,0.070149,228.551,1.5116,49.994
Evening_High,2020-01-11 18:03:00,0.067712,229.565,1.4672,49.995
Evening_High,2020-01-11 18:06:00,0.081014,227.869,1.7007,49.963
Evening_High,2020-01-11 18:09:00,0.071297,228.427,1.529,49.969
Evening_High,2020-01-11 18:12:00,0.054529,230.178,1.2581,49.965
Evening_High,2020-01-11 18:15:00,0.108598,227.31,2.1594,49.981
Evening_High,2020-01-11 18:18:00,0.057376,229.446,1.296,49.985
Evening_High,2020-01-11 18:21:00,0.066067,227.033,1.3426,49.99
Evening_High,2020-01-11 18:24:00,0.081671,228.37,1.7611,49.969
Evening_High,2020-01-11 18:27:00,0.066941,228.784,1.4421,50.0
Evening_High,2020-01-11 18:30:00,0.07404,228.388,1.5517,50.002
Evening_High,2020-01-11 18:33:00,0.082285,228.474,1.7605,50.0
Evening_High,2020-01-11 18:36:00,0.093772,225.919,1.934,50.002
Evening_High,2020-01-11 18:39:00,0.058529,228.517,1.3145,49.973
Evening_High,2020-01-11 18:42:00,0.056878,229.775,1.2558,49.976
Evening_High,2020-01-11 18:45:00,0.077472,230.009,1.6268,49.972
Evening_High,2020-01-11 18:48:00,0.104034,227.905,2.1947,50.007
Evening_High,2020-01-11 18:51:00,0.060608,229.335,1.3501,49.989
Evening_High,2020-01-11 18:54:00,0.120222,225.674,2.4427,49.972
Evening_High,2020-01-11 18:57:00,0.087443,228.161,1.8323,49.993
Evening_High,2020-01-11 19:00:00,0.101846,226.491,2.0881,49.961
Evening_High,2020-01-11 19:03:00,0.082375,227.226,1.7391,49.99
Evening_High,2020-01-11 19:06:00,0.138506,226.962,2.7632,49.972
Evening_High,2020-01-11 19:09:00,0.107621,227.062,2.1937,49.979
Evening_High,2020-01-11 19:12:00,0.103905,227.803,2.0971,49.98
Evening_High,2020-01-11 19:15:00,0.114153,225.856,2.2391,49.996
Evening_High,2020-01-11 19:18:00,0.082569,227.652,1.7869,49.97
Evening_High,2020-01-11 19:21:00,0.08821,228.296,1.8149,49.984
Evening_High,2020-01-11 19:24:00,0.104117,226.617,2.1262,49.99
Evening_High,2020-01-11 19:27:00,0.089494,226.033,1.8739,49.968
Evening_High,2020-01-11 19:30:00,0.128732,224.311,2.546,49.968
Evening_High,2020-01-11 19:33:00,0.095198,227.795,1.9277,49.972
Evening_High,2020-01-11 19:36:00,0.128926,226.764,2.5876,49.972
Evening_High,2020-01-11 19:39:00,0.103823,227.514,2.1916,49.983
Evening_High,2020-01-11 19:42:00,0.07961,228.922,1.6374,49.98
Evening_High,2020-01-11 19:45:00,0.132383,225.366,2.6204,49.961
Evening_High,2020-01-11 19:48:00,0.083974,226.97,1.7532,49.97
Evening_High,2020-01-11 19:51:00,0.105066,228.437,2.1442,49.969
Evening_High,2020-01-11 19:54:00,0.055516,229.313,1.2398,50.0
Evening_High,2020-01-11 19:57:00,0.124195,227.865,2.5065,49.979
Evening_High,2020-01-11 20:00:00,0.050599,229.882,1.1778,50.001
Evening_High,2020-01-11 20:03:00,0.092659,227.89,1.9027,49.983
Evening_High,2020-01-11 20:06:00,0.134706,225.6,2.6444,49.977
Evening_High,2020-01-11 20:09:00,0.095921,227.515,1.9978,50.0
Evening_High,2020-01-11 20:12:00,0.122319,225.7,2.4895,49.974
Evening_High,2020-01-11 20:15:00,0.132907,226.364,2.6297,49.972
Evening_High,2020-01-11 20:18:00,0.134023,225.584,2.6708,49.953
Evening_High,2020-01-11 20:21:00,0.086872,228.007,1.832,49.97
Evening_High,2020-01-11 20:24:00,0.114845,226.95,2.3753,49.963
Evening_High,2020-01-11 20:27:00,0.092246,225.935,1.9903,49.981
Evening_High,2020-01-11 20:30:00,0.090953,228.755,1.881,50.013
Evening_High,2020-01-11 20:33:00,0.086973,227.002,1.8066,49.98
Evening_High,2020-01-11 20:36:00,0.121974,226.362,2.4052,49.979
Evening_High,2020-01-11 20:39:00,0.107142,227.739,2.1113,49.989
Evening_High,2020-01-11 20:42:00,0.08428,227.643,1.7733,49.973
Evening_High,2020-01-11 20:45:00,0.111931,226.721,2.3178,49.982
Evening_High,2020-01-11 20:48:00,0.087887,228.089,1.8128,50.002
Evening_High,2020-01-11 20:51:00,0.138788,225.983,2.7703,49.967
Evening_High,2020-01-11 20:54:00,0.084423,227.081,1.7325,49.973
Evening_High,2020-01-11 20:57:00,0.074612,229.009,1.6004,49.977
Evening_High,2020-01-11 21:00:00,0.140427,226.244,2.7762,49.977
Evening_High,2020-01-11 21:03:00,0.071464,227.389,1.5476,49.985
Evening_High,2020-01-11 21:06:00,0.095954,226.792,1.9835,49.984
Evening_High,2020-01-11 21:09:00,0.080373,227.363,1.6902,49.989
Evening_High,2020-01-11 21:12:00,0.149357,226.37,2.8645,49.953
Evening_High,2020-01-11 21:15:00,0.088486,229.536,1.8021,49.982
Evening_High,2020-01-11 21:18:00,0.059364,229.573,1.3484,49.994
Evening_High,2020-01-11 21:21:00,0.075392,229.612,1.6059,49.965
Evening_High,2020-01-11 21:24:00,0.074059,227.609,1.569,49.961
Evening_High,2020-01-11 21:27:00,0.098088,228.365,2.003,49.975
Evening_High,2020-01-11 21:30:00,0.031741,231.808,0.7569,49.99
Evening_High,2020-01-11 21:33:00,0.08803,227.735,1.8115,49.984
Evening_High,2020-01-11 21:36:00,0.098865,227.301,2.0003,49.971
Evening_High,2020-01-11 21:39:00,0.058626,229.219,1.3536,49.987
Evening_High,2020-01-11 21:42:00,0.098825,228.287,1.9975,49.973
Evening_High,2020-01-11 21:45:00,0.083706,227.643,1.793,49.977
Evening_High,2020-01-11 21:48:00,0.06472,229.823,1.3763,49.991
Evening_High,2020-01-11 21:51:00,0.081382,228.104,1.8201,49.974
Evening_High,2020-01-11 21:54:00,0.076816,230.027,1.5727,49.979
Evening_High,2020-01-11 21:57:00,0.054983,227.466,1.23,49.983
Evening_High,2020-01-11 22:00:00,0.087251,227.494,1.8324,49.962
Evening_High,2020-01-11 22:03:00,0.054556,231.066,1.2346,49.984
Evening_High,2020-01-11 22:06:00,0.055055,229.972,1.2021,49.98
Evening_High,2020-01-11 22:09:00,0.060434,228.576,1.3408,49.982
Evening_High,2020-01-11 22:12:00,0.055596,229.142,1.2525,50.015
Evening_High,2020-01-11 22:15:00,0.026183,230.048,0.7461,49.969
Evening_High,2020-01-11 22:18:00,0.079578,228.842,1.7418,49.984
Evening_High,2020-01-11 22:21:00,0.070321,229.178,1.5083,49.972
Evening_High,2020-01-11 22:24:00,0.031566,230.651,0.8031,49.978
Evening_High,2020-01-11 22:27:00,0.077808,228.988,1.6774,49.964
Evening_High,2020-01-11 22:30:00,0.054572,228.916,1.2292,49.994
Evening_High,2020-01-11 22:33:00,0.06842,228.221,1.4834,49.982
Evening_High,2020-01-11 22:36:00,0.046417,229.557,1.0915,49.994
Evening_High,2020-01-11 22:39:00,0.029482,231.446,0.8447,49.982
Evening_High,2020-01-11 22:42:00,0.041559,229.911,0.9615,49.987
Evening_High,2020-01-11 22:45:00,0.074857,228.012,1.6153,49.981
Evening_High,2020-01-11 22:48:00,0.038872,230.906,0.9261,50.001
Evening_High,2020-01-11 22:51:00,0.035959,231.56,0.8895,49.986
Evening_High,2020-01-11 22:54:00,0.043651,229.579,0.9844,49.991
Evening_High,2020-01-11 22:57:00,0.050692,228.934,1.1346,49.99
Evening_High,2020-01-11 23:00:00,0.043052,228.968,1.0183,49.99
Evening_High,2020-01-11 23:03:00,0.045558,230.275,1.0516,50.005
Evening_High,2020-01-11 23:06:00,0.029366,230.27,0.7874,50.014
Evening_High,2020-01-11 23:09:00,0.042817,230.89,1.0285,49.998
Evening_High,2020-01-11 23:12:00,0.037809,228.982,0.9,49.997
Evening_High,2020-01-11 23:15:00,0.030497,231.529,0.8099,50.004
Evening_High,2020-01-11 23:18:00,0.035059,231.732,0.9336,49.998
Evening_High,2020-01-11 23:21:00,0.032746,231.48,0.8173,49.994
Evening_High,2020-01-11 23:24:00,0.025628,229.889,0.6861,49.978
Evening_High,2020-01-11 23:27:00,0.029535,231.734,0.7513,49.984
Evening_High,2020-01-11 23:30:00,0.043427,230.683,0.9901,49.981
Evening_High,2020-01-11 23:33:00,0.0393,230.896,0.9613,49.997
Evening_High,2020-01-11 23:36:00,0.052189,229.955,1.2082,49.998
Evening_High,2020-01-11 23:39:00,0.034478,231.359,0.8403,50.007
Evening_High,2020-01-11 23:42:00,0.031007,230.721,0.7999,49.989
Evening_High,2020-01-11 23:45:00,0.039211,229.536,0.9753,50.014
Evening_High,2020-01-11 23:48:00,0.02256,230.264,0.6963,50.006
Evening_High,2020-01-11 23:51:00,0.033159,230.528,0.8368,49.986
Evening_High,2020-01-11 23:54:00,0.037294,229.971,0.9062,49.983
Evening_High,2020-01-11 23:57:00,0.017243,231.898,0.5522,49.995
Evening_High,2020-01-12 00:00:00,0.038126,231.707,0.9002,50.006
Evening_High,2020-01-12 00:03:00,0.024601,231.251,0.7112,49.982
Evening_High,2020-01-12 00:06:00,0.021892,229.227,0.6817,49.985
Evening_High,2020-01-12 00:09:00,0.028902,229.925,0.8196,49.989
Evening_High,2020-01-12 00:12:00,0.017053,232.475,0.5788,49.991
Evening_High,2020-01-12 00:15:00,0.023509,232.094,0.6745,50.007
Evening_High,2020-01-12 00:18:00,0.024331,229.465,0.6386,50.002
Evening_High,2020-01-12 00:21:00,0.020597,231.982,0.6656,49.995
Evening_High,2020-01-12 00:24:00,0.019806,230.177,0.5783,49.999
Evening_High,2020-01-12 00:27:00,0.027953,230.767,0.776,49.998
Evening_High,2020-01-12 00:30:00,0.03614,229.421,0.9179,49.985
Evening_High,2020-01-12 00:33:00,0.02105,230.493,0.6192,50.01
Evening_High,2020-01-12 00:36:00,0.040937,230.374,1.026,49.978
Evening_High,2020-01-12 00:39:00,0.028245,231.665,0.738,49.985
Evening_High,2020-01-12 00:42:00,0.032761,231.185,0.8802,49.987
Evening_High,2020-01-12 00:45:00,0.017558,230.97,0.4666,50.007
Evening_High,2020-01-12 00:48:00,0.018894,231.408,0.6216,49.997
Evening_High,2020-01-12 00:51:00,0.028209,230.774,0.7419,49.997
Evening_High,2020-01-12 00:54:00,0.032149,230.723,0.7828,50.007
Evening_High,2020-01-12 00:57:00,0.016823,229.885,0.5992,50.002
Evening_High,2020-01-12 01:00:00,0.028882,230.674,0.7553,49.986
Evening_High,2020-01-12 01:03:00,0.027127,231.918,0.7615,50.001
Evening_High,2020-01-12 01:06:00,0.023862,232.431,0.6589,49.994
Evening_High,2020-01-12 01:09:00,0.024919,230.522,0.7493,50.013
Evening_High,2020-01-12 01:12:00,0.028423,229.964,0.7565,49.999
Evening_High,2020-01-12 01:15:00,0.025911,229.777,0.6714,49.981
Evening_High,2020-01-12 01:18:00,0.021837,231.879,0.6095,50.002
Evening_High,2020-01-12 01:21:00,0.034435,231.509,0.8684,50.017
Evening_High,2020-01-12 01:24:00,0.018635,231.745,0.6227,49.992
Evening_High,2020-01-12 01:27:00,0.026907,231.354,0.809,50.0
Evening_High,2020-01-12 01:30:00,0.021779,229.242,0.5371,49.998
Evening_High,2020-01-12 01:33:00,0.011092,230.298,0.5047,49.983
Evening_High,2020-01-12 01:36:00,0.032014,230.648,0.862,49.979
Evening_High,2020-01-12 01:39:00,0.026565,229.374,0.6674,50.012
Evening_High,2020-01-12 01:42:00,0.019673,230.699,0.563,49.981
Evening_High,2020-01-12 01:45:00,0.019862,232.226,0.5881,50.003
Evening_High,2020-01-12 01:48:00,0.021266,231.252,0.6701,49.978
Evening_High,2020-01-12 01:51:00,0.023994,231.258,0.6781,49.984
Evening_High,2020-01-12 01:54:00,0.022072,230.326,0.6334,50.014
Evening_High,2020-01-12 01:57:00,0.022096,229.416,0.6373,50.006
Evening_High,2020-01-12 02:00:00,0.028568,230.41,0.6972,49.983
Evening_High,2020-01-12 02:03:00,0.030359,231.078,0.7376,49.99
Evening_High,2020-01-12 02:06:00,0.025298,231.115,0.6847,50.007
Evening_High,2020-01-12 02:09:00,0.015474,230.823,0.5567,49.979
Evening_High,2020-01-12 02:12:00,0.019012,230.829,0.6111,50.011
Evening_High,2020-01-12 02:15:00,0.01504,230.416,0.5393,50.007
Evening_High,2020-01-12 02:18:00,0.01451,231.856,0.51,49.981
Evening_High,2020-01-12 02:21:00,0.024809,229.51,0.6652,49.999
Evening_High,2020-01-12 02:24:00,0.02247,230.883,0.6995,50.004
Evening_High,2020-01-12 02:27:00,0.019985,231.812,0.6385,49.983
Evening_High,2020-01-12 02:30:00,0.015563,231.901,0.5088,49.999
Evening_High,2020-01-12 02:33:00,0.018187,230.736,0.6043,50.001
Evening_High,2020-01-12 02:36:00,0.015904,231.149,0.5306,49.996
Evening_High,2020-01-12 02:39:00,0.021503,231.035,0.7315,50.008
Evening_High,2020-01-12 02:42:00,0.019942,231.515,0.6135,49.996
Evening_High,2020-01-12 02:45:00,0.026715,232.05,0.7625,50.001
Evening_High,2020-01-12 02:48:00,0.017283,231.151,0.508,49.978
Evening_High,2020-01-12 02:51:00,0.025383,231.834,0.7677,49.994
Evening_High,2020-01-12 02:54:00,0.010724,231.313,0.4628,49.974
Evening_High,2020-01-12 02:57:00,0.018606,230.33,0.5996,50.002
Evening_High,2020-01-12 03:00:00,0.013947,231.576,0.4836,50.005
Evening_High,2020-01-12 03:03:00,0.014026,231.46,0.5324,49.993
Evening_High,2020-01-12 03:06:00,0.032265,230.963,0.8197,50.016
Evening_High,2020-01-12 03:09:00,0.02972,230.016,0.7896,49.98
Evening_High,2020-01-12 03:12:00,0.018043,230.104,0.5696,50.002
Evening_High,2020-01-12 03:15:00,0.024044,231.115,0.6655,49.989
Evening_High,2020-01-12 03:18:00,0.016174,231.714,0.5111,49.994
Evening_High,2020-01-12 03:21:00,0.021023,231.965,0.6781,50.008
Evening_High,2020-01-12 03:24:00,0.027585,230.338,0.7447,49.988
Evening_High,2020-01-12 03:27:00,0.018921,230.755,0.6076,49.991
Evening_High,2020-01-12 03:30:00,0.01717,231.648,0.5131,49.986
Evening_High,2020-01-12 03:33:00,0.022225,232.052,0.6591,50.014
Evening_High,2020-01-12 03:36:00,0.019998,230.809,0.6153,49.971
Evening_High,2020-01-12 03:39:00,0.020209,231.254,0.6419,49.975
Evening_High,2020-01-12 03:42:00,0.022645,231.257,0.6282,49.974
Evening_High,2020-01-12 03:45:00,0.019803,229.6,0.6461,49.967
Evening_High,2020-01-12 03:48:00,0.034963,231.242,0.8408,49.986
Evening_High,2020-01-12 03:51:00,0.020267,231.289,0.6325,50.012
Evening_High,2020-01-12 03:54:00,0.023463,230.995,0.6554,50.006
Evening_High,2020-01-12 03:57:00,0.01144,230.997,0.4657,49.979
Evening_High,2020-01-12 04:00:00,0.01034,230.531,0.4442,49.975
Evening_High,2020-01-12 04:03:00,0.02401,231.271,0.688,50.016
Evening_High,2020-01-12 04:06:00,0.014996,230.854,0.5624,50.009
Evening_High,2020-01-12 04:09:00,0.026693,230.812,0.7245,49.987
Evening_High,2020-01-12 04:12:00,0.026611,231.285,0.7332,49.987
Evening_High,2020-01-12 04:15:00,0.024454,230.712,0.6738,49.999
Evening_High,2020-01-12 04:18:00,0.026186,232.662,0.6975,49.985
Evening_High,2020-01-12 04:21:00,0.027341,231.773,0.7788,49.979
Evening_High,2020-01-12 04:24:00,0.021071,230.683,0.6553,50.007
Evening_High,2020-01-12 04:27:00,0.013522,231.616,0.4988,49.987
Evening_High,2020-01-12 04:30:00,0.028868,230.942,0.7269,49.986
Evening_High,2020-01-12 04:33:00,0.023352,229.925,0.6527,49.999
Evening_High,2020-01-12 04:36:00,0.021896,231.027,0.6292,49.988
Evening_High,2020-01-12 04:39:00,0.022559,230.63,0.6491,49.991
Evening_High,2020-01-12 04:42:00,0.034814,230.585,0.8236,49.984
Evening_High,2020-01-12 04:45:00,0.0216,229.826,0.7391,50.001
Evening_High,2020-01-12 04:48:00,0.019019,231.125,0.5399,50.012
Evening_High,2020-01-12 04:51:00,0.024242,230.769,0.718,49.994
Evening_High,2020-01-12 04:54:00,0.01878,230.13,0.5566,50.001
Evening_High,2020-01-12 04:57:00,0.018749,231.716,0.6024,50.009
Evening_High,2020-01-12 05:00:00,0.032603,230.484,0.8323,49.993
Evening_High,2020-01-12 05:03:00,0.010051,232.08,0.4821,49.989
Evening_High,2020-01-12 05:06:00,0.011112,231.702,0.4244,50.002
Evening_High,2020-01-12 05:09:00,0.027491,229.148,0.7304,49.996
Evening_High,2020-01-12 05:12:00,0.017702,231.959,0.5565,49.988
Evening_High,2020-01-12 05:15:00,0.03104,229.532,0.7933,49.984
Evening_High,2020-01-12 05:18:00,0.016968,230.335,0.5967,49.998
Evening_High,2020-01-12 05:21:00,0.018684,230.396,0.5404,50.016
Evening_High,2020-01-12 05:24:00,0.027809,230.105,0.7983,49.992
Evening_High,2020-01-12 05:27:00,0.012681,231.613,0.5239,50.001
Evening_High,2020-01-12 05:30:00,0.026379,230.915,0.6888,49.985
Evening_High,2020-01-12 05:33:00,0.014833,232.11,0.553,49.976
Evening_High,2020-01-12 05:36:00,0.025841,230.626,0.7068,50.003
Evening_High,2020-01-12 05:39:00,0.022244,231.338,0.7116,50.021
Evening_High,2020-01-12 05:42:00,0.029631,230.52,0.7796,50.014
Evening_High,2020-01-12 05:45:00,0.021958,231.041,0.6597,49.953
Evening_High,2020-01-12 05:48:00,0.025452,230.125,0.6666,50.009
Evening_High,2020-01-12 05:51:00,0.019218,229.926,0.5412,50.003
Evening_High,2020-01-12 05:54:00,0.015255,230.917,0.4973,49.99
Evening_High,2020-01-12 05:57:00,0.024359,230.252,0.7194,49.999
Evening_High,2020-01-12 06:00:00,0.021732,231.68,0.5875,49.988
Evening_High,2020-01-12 06:03:00,0.028095,230.802,0.7911,50.001
Evening_High,2020-01-12 06:06:00,0.020437,231.197,0.6924,49.995
Evening_High,2020-01-12 06:09:00,0.008837,231.384,0.4163,50.011
Evening_High,2020-01-12 06:12:00,0.021822,230.147,0.6635,50.033
Evening_High,2020-01-12 06:15:00,0.028066,229.505,0.7399,49.985
Evening_High,2020-01-12 06:18:00,0.02543,230.289,0.6395,49.991
Evening_High,2020-01-12 06:21:00,0.016674,231.071,0.5721,49.992
Evening_High,2020-01-12 06:24:00,0.021018,229.695,0.6619,49.98
Evening_High,2020-01-12 06:27:00,0.018547,231.84,0.6419,49.972
Evening_High,2020-01-12 06:30:00,0.013698,231.029,0.4363,50.02
Evening_High,2020-01-12 06:33:00,0.012643,232.489,0.4412,50.016
Evening_High,2020-01-12 06:36:00,0.023638,231.403,0.7621,50.0
Evening_High,2020-01-12 06:39:00,0.019889,231.213,0.5854,50.002
Evening_High,2020-01-12 06:42:00,0.030065,229.79,0.8249,49.987
Evening_High,2020-01-12 06:45:00,0.029336,230.368,0.8086,50.002
Evening_High,2020-01-12 06:48:00,0.0122,230.602,0.4646,49.99
Evening_High,2020-01-12 06:51:00,0.024868,230.512,0.715,49.999
Evening_High,2020-01-12 06:54:00,0.025033,230.976,0.6927,49.99
Evening_High,2020-01-12 06:57:00,0.027155,230.169,0.7429,49.984
Evening_High,2020-01-12 07:00:00,0.025556,231.856,0.7166,50.003
Evening_High,2020-01-12 07:03:00,0.027279,230.265,0.7383,49.988
Evening_High,2020-01-12 07:06:00,0.023887,231.188,0.6938,50.007
Evening_High,2020-01-12 07:09:00,0.031065,230.096,0.8247,49.979
Evening_High,2020-01-12 07:12:00,0.027655,230.763,0.7693,50.005
Evening_High,2020-01-12 07:15:00,0.024951,231.51,0.7076,50.004
Evening_High,2020-01-12 07:18:00,0.016997,230.402,0.5275,50.0
Evening_High,2020-01-12 07:21:00,0.02434,231.078,0.7153,50.0
Evening_High,2020-01-12 07:24:00,0.028486,232.231,0.8171,49.997
Evening_High,2020-01-12 07:27:00,0.018522,230.639,0.6118,49.999
Evening_High,2020-01-12 07:30:00,0.020193,229.818,0.6141,50.01
Evening_High,2020-01-12 07:33:00,0.019098,231.441,0.584,49.997
Evening_High,2020-01-12 07:36:00,0.026651,229.326,0.7195,49.987
Evening_High,2020-01-12 07:39:00,0.033787,230.558,0.8234,50.003
Evening_High,2020-01-12 07:42:00,0.029798,231.632,0.8319,49.994
Evening_High,2020-01-12 07:45:00,0.019675,231.895,0.632,49.996
Evening_High,2020-01-12 07:48:00,0.027139,232.045,0.7421,49.985
Evening_High,2020-01-12 07:51:00,0.025613,231.268,0.7266,50.005
Evening_High,2020-01-12 07:54:00,0.028372,230.592,0.7375,49.993
Evening_High,2020-01-12 07:57:00,0.027366,231.377,0.7402,49.987
Evening_High,2020-01-12 08:00:00,0.020766,231.052,0.5674,49.971
Evening_High,2020-01-12 08:03:00,0.031488,230.102,0.8233,49.977
Evening_High,2020-01-12 08:06:00,0.023169,230.28,0.6196,49.963
Evening_High,2020-01-12 08:09:00,0.023826,231.372,0.6746,50.003
Evening_High,2020-01-12 08:12:00,0.022401,230.72,0.6232,50.007
Evening_High,2020-01-12 08:15:00,0.014452,230.666,0.5038,50.006
Evening_High,2020-01-12 08:18:00,0.026373,232.629,0.7755,49.985
Evening_High,2020-01-12 08:21:00,0.018543,230.904,0.6001,50.014
Evening_High,2020-01-12 08:24:00,0.015398,231.866,0.6072,49.979
Evening_High,2020-01-12 08:27:00,0.019073,231.412,0.5054,50.003
Evening_High,2020-01-12 08:30:00,0.022356,231.514,0.5859,50.002
Evening_High,2020-01-12 08:33:00,0.031525,230.626,0.8364,49.998
Evening_High,2020-01-12 08:36:00,0.021223,230.812,0.637,50.002
Evening_High,2020-01-12 08:39:00,0.025046,231.197,0.6832,50.013
Evening_High,2020-01-12 08:42:00,0.033164,229.467,0.8828,49.98
Evening_High,2020-01-12 08:45:00,0.021741,231.934,0.6058,49.978
Evening_High,2020-01-12 08:48:00,0.017277,231.631,0.5888,49.972
Evening_High,2020-01-12 08:51:00,0.017671,232.311,0.6475,49.984
Evening_High,2020-01-12 08:54:00,0.025723,230.103,0.7782,50.013
Evening_High,2020-01-12 08:57:00,0.020965,231.089,0.5933,50.021
Evening_High,2020-01-12 09:00:00,0.028999,232.824,0.7901,49.994
Evening_High,2020-01-12 09:03:00,0.036726,231.054,0.9372,49.986
Evening_High,2020-01-12 09:06:00,0.022099,230.882,0.6964,49.986
Evening_High,2020-01-12 09:09:00,0.026224,231.267,0.7344,49.983
Evening_High,2020-01-12 09:12:00,0.025114,229.83,0.6863,49.988
Evening_High,2020-01-12 09:15:00,0.022932,231.757,0.677,50.004
Evening_High,2020-01-12 09:18:00,0.025523,231.317,0.7172,49.982
Evening_High,2020-01-12 09:21:00,0.025651,229.225,0.6827,50.003
Evening_High,2020-01-12 09:24:00,0.033959,229.913,0.871,49.983
Evening_High,2020-01-12 09:27:00,0.027687,231.153,0.8222,49.986
Evening_High,2020-01-12 09:30:00,0.021029,230.486,0.6427,49.984
Evening_High,2020-01-12 09:33:00,0.037454,229.423,0.9254,50.003
Evening_High,2020-01-12 09:36:00,0.024654,230.832,0.6636,49.993
Evening_High,2020-01-12 09:39:00,0.022217,231.756,0.6778,50.0
Evening_High,2020-01-12 09:42:00,0.022891,230.608,0.6558,50.01
Evening_High,2020-01-12 09:45:00,0.022356,232.342,0.689,49.993
Evening_High,2020-01-12 09:48:00,0.031452,229.092,0.8722,50.002
Evening_High,2020-01-12 09:51:00,0.022642,231.56,0.6041,49.999
Evening_High,2020-01-12 09:54:00,0.024048,231.199,0.6962,49.994
Evening_High,2020-01-12 09:57:00,0.013087,231.728,0.476,49.996
Evening_High,2020-01-12 10:00:00,0.025086,231.361,0.7132,49.992
Evening_High,2020-01-12 10:03:00,0.021987,230.703,0.6606,49.999
Evening_High,2020-01-12 10:06:00,0.024644,228.829,0.664,49.987
Evening_High,2020-01-12 10:09:00,0.026217,229.449,0.6863,50.014
Evening_High,2020-01-12 10:12:00,0.020368,231.514,0.5698,50.004
Evening_High,2020-01-12 10:15:00,0.021413,231.188,0.6882,50.006
Evening_High,2020-01-12 10:18:00,0.025793,229.87,0.7183,50.014
Evening_High,2020-01-12 10:21:00,0.019025,230.689,0.6141,49.977
Evening_High,2020-01-12 10:24:00,0.024793,231.776,0.6498,50.022
Evening_High,2020-01-12 10:27:00,0.029621,230.721,0.7605,49.997
Evening_High,2020-01-12 10:30:00,0.032795,230.748,0.8084,49.984
Evening_High,2020-01-12 10:33:00,0.016592,231.124,0.542,49.992
Evening_High,2020-01-12 10:36:00,0.032922,229.228,0.835,50.007
Evening_High,2020-01-12 10:39:00,0.025884,230.696,0.7219,50.003
Evening_High,2020-01-12 10:42:00,0.022212,231.395,0.6427,49.994
Evening_High,2020-01-12 10:45:00,0.018993,231.577,0.5774,49.985
Evening_High,2020-01-12 10:48:00,0.021783,232.024,0.5843,49.969
Evening_High,2020-01-12 10:51:00,0.02456,231.178,0.6436,49.97
Evening_High,2020-01-12 10:54:00,0.022788,231.921,0.6866,50.009
Evening_High,2020-01-12 10:57:00,0.0252,229.959,0.6992,49.999
Evening_High,2020-01-12 11:00:00,0.030522,231.323,0.784,49.987
Evening_High,2020-01-12 11:03:00,0.018095,231.981,0.5769,50.0
Evening_High,2020-01-12 11:06:00,0.023321,230.796,0.6762,49.976
Evening_High,2020-01-12 11:09:00,0.025405,231.281,0.6689,50.002
Evening_High,2020-01-12 11:12:00,0.021738,230.939,0.6717,49.982
Evening_High,2020-01-12 11:15:00,0.033816,230.903,0.8577,50.002
Evening_High,2020-01-12 11:18:00,0.017704,231.323,0.5534,50.004
Evening_High,2020-01-12 11:21:00,0.012604,232.403,0.4169,49.998
Evening_High,2020-01-12 11:24:00,0.016109,230.417,0.536,49.974
Evening_High,2020-01-12 11:27:00,0.0234,232.123,0.6557,50.005
Evening_High,2020-01-12 11:30:00,0.029852,229.327,0.8404,50.002
Evening_High,2020-01-12 11:33:00,0.026969,230.333,0.731,49.993
Evening_High,2020-01-12 11:36:00,0.040698,229.058,1.0464,49.985
Evening_High,2020-01-12 11:39:00,0.026385,231.82,0.6441,50.0
Evening_High,2020-01-12 11:42:00,0.028477,230.574,0.7647,50.003
Evening_High,2020-01-12 11:45:00,0.027874,229.657,0.7335,49.988
Evening_High,2020-01-12 11:48:00,0.032546,229.83,0.8581,49.986
Evening_High,2020-01-12 11:51:00,0.040991,230.494,1.0118,49.997
Evening_High,2020-01-12 11:54:00,0.019991,230.879,0.6462,49.989
Evening_High,2020-01-12 11:57:00,0.031308,230.657,0.7886,49.984
Evening_High,2020-01-12 12:00:00,0.033438,230.288,0.8406,49.997
Evening_High,2020-01-12 12:03:00,0.019519,232.278,0.6222,50.01
Evening_High,2020-01-12 12:06:00,0.0334,229.605,0.8597,49.986
Evening_High,2020-01-12 12:09:00,0.03999,229.865,1.0272,50.008
Evening_High,2020-01-12 12:12:00,0.045133,229.76,1.0531,49.989
Evening_High,2020-01-12 12:15:00,0.023901,230.312,0.6653,50.013
Evening_High,2020-01-12 12:18:00,0.039291,229.785,0.9185,50.003
Evening_High,2020-01-12 12:21:00,0.022832,230.801,0.6215,50.011
Evening_High,2020-01-12 12:24:00,0.040024,228.308,0.9568,50.005
Evening_High,2020-01-12 12:27:00,0.033472,230.113,0.9216,50.002
Evening_High,2020-01-12 12:30:00,0.041087,231.447,0.9892,49.99
Evening_High,2020-01-12 12:33:00,0.029262,229.908,0.7205,49.996
Evening_High,2020-01-12 12:36:00,0.044255,229.9,1.0445,50.001
Evening_High,2020-01-12 12:39:00,0.031497,229.644,0.8858,49.982
Evening_High,2020-01-12 12:42:00,0.042055,231.514,1.0666,49.972
Evening_High,2020-01-12 12:45:00,0.040032,230.367,0.9451,50.01
Evening_High,2020-01-12 12:48:00,0.040982,230.651,1.0017,49.968
Evening_High,2020-01-12 12:51:00,0.031791,231.061,0.861,49.986
Evening_High,2020-01-12 12:54:00,0.029357,231.796,0.735,49.997
Evening_High,2020-01-12 12:57:00,0.02478,231.886,0.6893,49.968
Evening_High,2020-01-12 13:00:00,0.022255,231.121,0.6905,50.0
Evening_High,2020-01-12 13:03:00,0.034886,229.883,0.8965,50.002
Evening_High,2020-01-12 13:06:00,0.031367,230.833,0.8361,49.996
Evening_High,2020-01-12 13:09:00,0.023444,231.351,0.6786,50.006
Evening_High,2020-01-12 13:12:00,0.03211,231.103,0.8084,49.994
Evening_High,2020-01-12 13:15:00,0.034855,229.635,0.8751,49.986
Evening_High,2020-01-12 13:18:00,0.025585,230.862,0.7486,49.995
Evening_High,2020-01-12 13:21:00,0.032181,230.253,0.7892,49.983
Evening_High,2020-01-12 13:24:00,0.032165,231.533,0.8884,50.008
Evening_High,2020-01-12 13:27:00,0.028314,229.116,0.75,50.003
Evening_High,2020-01-12 13:30:00,0.042941,229.989,0.997,50.003
Evening_High,2020-01-12 13:33:00,0.037668,231.445,0.896,49.978
Evening_High,2020-01-12 13:36:00,0.026893,231.025,0.7153,49.976
Evening_High,2020-01-12 13:39:00,0.033911,229.726,0.839,49.999
Evening_High,2020-01-12 13:42:00,0.043017,228.816,1.0245,49.99
Evening_High,2020-01-12 13:45:00,0.038468,230.252,0.9458,49.993
Evening_High,2020-01-12 13:48:00,0.017861,232.177,0.5816,49.999
Evening_High,2020-01-12 13:51:00,0.034528,229.595,0.8341,50.013
Evening_High,2020-01-12 13:54:00,0.029933,230.907,0.7474,50.008
Evening_High,2020-01-12 13:57:00,0.044737,228.608,1.0632,50.014
Evening_High,2020-01-12 14:00:00,0.028231,230.689,0.7741,49.993
Evening_High,2020-01-12 14:03:00,0.022163,230.524,0.6065,50.009
Evening_High,2020-01-12 14:06:00,0.029536,229.639,0.7532,49.982
Evening_High,2020-01-12 14:09:00,0.01373,231.439,0.4148,49.996
Evening_High,2020-01-12 14:12:00,0.031572,230.918,0.8044,50.014
Evening_High,2020-01-12 14:15:00,0.03782,229.853,0.9357,50.003
Evening_High,2020-01-12 14:18:00,0.023687,231.625,0.6437,50.017
Evening_High,2020-01-12 14:21:00,0.006157,232.0,0.3751,49.978
Evening_High,2020-01-12 14:24:00,0.039064,228.952,0.9648,50.005
Evening_High,2020-01-12 14:27:00,0.032228,230.207,0.7908,49.996
Evening_High,2020-01-12 14:30:00,0.037854,230.124,0.9382,49.989
Evening_High,2020-01-12 14:33:00,0.029019,230.682,0.7832,49.985
Evening_High,2020-01-12 14:36:00,0.032088,231.977,0.7988,49.99
Evening_High,2020-01-12 14:39:00,0.020088,231.187,0.6011,50.01
Evening_High,2020-01-12 14:42:00,0.041179,230.151,1.0033,49.988
Evening_High,2020-01-12 14:45:00,0.0443,230.041,1.0739,49.994
Evening_High,2020-01-12 14:48:00,0.044555,228.956,1.0419,50.013
Evening_High,2020-01-12 14:51:00,0.030857,230.536,0.7842,49.988
Evening_High,2020-01-12 14:54:00,0.047677,230.415,1.0715,49.975
Evening_High,2020-01-12 14:57:00,0.044956,228.668,1.0274,49.991
Evening_High,2020-01-12 15:00:00,0.030658,230.707,0.8218,49.963
Evening_High,2020-01-12 15:03:00,0.026984,230.994,0.7284,49.983
Evening_High,2020-01-12 15:06:00,0.040115,230.617,0.9428,49.991
Evening_High,2020-01-12 15:09:00,0.028683,230.318,0.8098,49.987
Evening_High,2020-01-12 15:12:00,0.036099,231.338,0.8969,49.988
Evening_High,2020-01-12 15:15:00,0.019138,230.565,0.5863,49.996
Evening_High,2020-01-12 15:18:00,0.053454,229.665,1.2284,49.976
Evening_High,2020-01-12 15:21:00,0.036216,228.01,0.8691,49.987
Evening_High,2020-01-12 15:24:00,0.046958,228.95,1.0226,49.988
Evening_High,2020-01-12 15:27:00,0.027799,230.726,0.7525,49.974
Evening_High,2020-01-12 15:30:00,0.021155,232.004,0.6466,50.01
Evening_High,2020-01-12 15:33:00,0.043533,230.284,1.0554,49.987
Evening_High,2020-01-12 15:36:00,0.039618,231.046,0.9875,49.996
Evening_High,2020-01-12 15:39:00,0.027279,231.426,0.75,49.988
Evening_High,2020-01-12 15:42:00,0.029709,231.078,0.7559,50.005
Evening_High,2020-01-12 15:45:00,0.033239,230.388,0.8502,50.015
Evening_High,2020-01-12 15:48:00,0.035774,229.645,0.9291,49.977
Evening_High,2020-01-12 15:51:00,0.038569,231.148,0.9204,49.969
Evening_High,2020-01-12 15:54:00,0.042585,230.176,0.9769,49.983
Evening_High,2020-01-12 15:57:00,0.046912,230.021,1.1056,49.978
Evening_High,2020-01-12 16:00:00,0.047398,228.014,1.0523,50.0
Evening_High,2020-01-12 16:03:00,0.020103,231.244,0.5701,49.98
Evening_High,2020-01-12 16:06:00,0.027558,229.981,0.6942,49.981
Evening_High,2020-01-12 16:09:00,0.046174,229.322,1.1391,49.985
Evening_High,2020-01-12 16:12:00,0.036446,229.607,0.851,49.968
Evening_High,2020-01-12 16:15:00,0.0284,231.826,0.8094,49.985
Evening_High,2020-01-12 16:18:00,0.032724,228.315,0.7903,49.994
Evening_High,2020-01-12 16:21:00,0.03893,230.946,0.9541,49.984
Evening_High,2020-01-12 16:24:00,0.046374,229.352,1.1489,50.028
Evening_High,2020-01-12 16:27:00,0.036766,229.351,0.8956,49.968
Evening_High,2020-01-12 16:30:00,0.028397,230.566,0.7978,50.024
Evening_High,2020-01-12 16:33:00,0.051798,230.638,1.1514,49.983
Evening_High,2020-01-12 16:36:00,0.047827,229.94,1.088,49.978
Evening_High,2020-01-12 16:39:00,0.025167,231.142,0.7194,49.995
Evening_High,2020-01-12 16:42:00,0.050341,230.591,1.1454,49.988
Evening_High,2020-01-12 16:45:00,0.048903,230.255,1.0917,49.98
Evening_High,2020-01-12 16:48:00,0.034859,231.075,0.8186,49.984
Evening_High,2020-01-12 16:51:00,0.059458,228.985,1.3259,50.001
Evening_High,2020-01-12 16:54:00,0.041222,231.718,0.9898,49.997
Evening_High,2020-01-12 16:57:00,0.056155,229.99,1.2723,49.998
Evening_High,2020-01-12 17:00:00,0.053116,228.556,1.173,49.986
Evening_High,2020-01-12 17:03:00,0.060723,228.816,1.4018,49.985
Evening_High,2020-01-12 17:06:00,0.04121,229.926,1.0036,49.978
Evening_High,2020-01-12 17:09:00,0.0349,228.868,0.8678,49.984
Evening_High,2020-01-12 17:12:00,0.050384,230.701,1.1104,49.959
Evening_High,2020-01-12 17:15:00,0.049204,228.75,1.0885,49.988
Evening_High,2020-01-12 17:18:00,0.050324,229.841,1.124,49.993
Evening_High,2020-01-12 17:21:00,0.029966,231.074,0.7951,50.006
Evening_High,2020-01-12 17:24:00,0.060755,229.278,1.3807,49.965
Evening_High,2020-01-12 17:27:00,0.037438,229.682,0.9845,49.987
Evening_High,2020-01-12 17:30:00,0.08277,228.076,1.687,49.973
Evening_High,2020-01-12 17:33:00,0.066422,228.816,1.4258,50.011
Evening_High,2020-01-12 17:36:00,0.050609,230.492,1.2514,49.984
Evening_High,2020-01-12 17:39:00,0.046072,230.132,1.1092,49.988
Evening_High,2020-01-12 17:42:00,0.048831,229.448,1.138,49.983
Evening_High,2020-01-12 17:45:00,0.058346,227.134,1.2975,49.992
Evening_High,2020-01-12 17:48:00,0.076641,227.765,1.6256,50.004
Evening_High,2020-01-12 17:51:00,0.073852,228.515,1.6737,49.985
Evening_High,2020-01-12 17:54:00,0.069819,228.439,1.5256,49.989
Evening_High,2020-01-12 17:57:00,0.052684,230.052,1.2104,49.998
Evening_High,2020-01-12 18:00:00,0.035927,231.152,0.9408,50.004
Evening_High,2020-01-12 18:03:00,0.077885,228.384,1.7061,49.978
Evening_High,2020-01-12 18:06:00,0.084759,227.967,1.7924,49.979
Evening_High,2020-01-12 18:09:00,0.080067,229.446,1.6435,49.958
Evening_High,2020-01-12 18:12:00,0.102494,226.826,2.0714,49.981
Evening_High,2020-01-12 18:15:00,0.065054,228.527,1.3783,50.002
Evening_High,2020-01-12 18:18:00,0.08876,227.153,1.8129,49.942
Evening_High,2020-01-12 18:21:00,0.067609,228.865,1.4673,49.956
Evening_High,2020-01-12 18:24:00,0.087624,228.316,1.8703,49.987
Evening_High,2020-01-12 18:27:00,0.067656,228.88,1.4518,49.976
Evening_High,2020-01-12 18:30:00,0.089899,228.64,1.8295,49.971
Evening_High,2020-01-12 18:33:00,0.06064,228.648,1.3549,50.009
Evening_High,2020-01-12 18:36:00,0.059104,228.987,1.2956,49.993
Evening_High,2020-01-12 18:39:00,0.112736,226.913,2.241,49.98
Evening_High,2020-01-12 18:42:00,0.084631,228.837,1.7709,49.98
Evening_High,2020-01-12 18:45:00,0.099338,228.028,2.0093,49.988
Evening_High,2020-01-12 18:48:00,0.090025,228.53,1.9592,49.984
Evening_High,2020-01-12 18:51:00,0.084793,230.586,1.7696,49.979
Evening_High,2020-01-12 18:54:00,0.08277,228.142,1.7808,49.996
Evening_High,2020-01-12 18:57:00,0.112831,227.041,2.2938,49.966
Evening_High,2020-01-12 19:00:00,0.10663,225.732,2.2156,49.974
Evening_High,2020-01-12 19:03:00,0.088012,227.883,1.8768,49.981
Evening_High,2020-01-12 19:06:00,0.088699,228.6,1.8442,49.974
Evening_High,2020-01-12 19:09:00,0.131152,227.405,2.6245,49.973
Evening_High,2020-01-12 19:12:00,0.07575,227.472,1.6849,49.995
Evening_High,2020-01-12 19:15:00,0.114776,225.302,2.3694,49.959
Evening_High,2020-01-12 19:18:00,0.080979,227.834,1.762,49.969
Evening_High,2020-01-12 19:21:00,0.120976,225.997,2.4815,49.974
Evening_High,2020-01-12 19:24:00,0.114252,225.411,2.3358,49.985
Evening_High,2020-01-12 19:27:00,0.052676,229.46,1.2045,50.004
Evening_High,2020-01-12 19:30:00,0.05924,228.47,1.3385,49.984
Evening_High,2020-01-12 19:33:00,0.150514,225.751,2.9542,49.932
Evening_High,2020-01-12 19:36:00,0.103762,228.705,2.128,49.968
Evening_High,2020-01-12 19:39:00,0.065853,228.959,1.5232,49.981
Evening_High,2020-01-12 19:42:00,0.124402,225.559,2.5318,49.977
Evening_High,2020-01-12 19:45:00,0.096424,226.988,2.0031,49.99
Evening_High,2020-01-12 19:48:00,0.097243,227.058,1.9787,49.961
Evening_High,2020-01-12 19:51:00,0.08351,228.97,1.7649,49.978
Evening_High,2020-01-12 19:54:00,0.101207,226.889,2.0513,49.965
Evening_High,2020-01-12 19:57:00,0.093203,225.922,1.9272,49.989
Evening_High,2020-01-12 20:00:00,0.110151,226.598,2.1918,49.972
Evening_High,2020-01-12 20:03:00,0.124573,226.217,2.3894,49.975
Evening_High,2020-01-12 20:06:00,0.106642,228.147,2.174,49.965
Evening_High,2020-01-12 20:09:00,0.097431,227.435,2.0001,49.973
Evening_High,2020-01-12 20:12:00,0.136987,225.31,2.7656,49.993
Evening_High,2020-01-12 20:15:00,0.099091,226.799,2.0524,49.968
Evening_High,2020-01-12 20:18:00,0.113694,226.388,2.2788,49.978
Evening_High,2020-01-12 20:21:00,0.094467,226.217,1.9546,49.975
Evening_High,2020-01-12 20:24:00,0.1042,226.613,2.074,49.966
Evening_High,2020-01-12 20:27:00,0.079325,230.036,1.6284,49.987
Evening_High,2020-01-12 20:30:00,0.117772,226.751,2.3853,49.975
Evening_High,2020-01-12 20:33:00,0.0813,229.715,1.6925,49.983
Evening_High,2020-01-12 20:36:00,0.084675,228.492,1.7645,49.966
Evening_High,2020-01-12 20:39:00,0.137624,226.818,2.7061,49.963
Evening_High,2020-01-12 20:42:00,0.098426,227.378,2.0468,49.963
Evening_High,2020-01-12 20:45:00,0.087084,227.937,1.786,49.983
Evening_High,2020-01-12 20:48:00,0.098341,228.429,2.0071,49.981
Evening_High,2020-01-12 20:51:00,0.131334,226.753,2.5907,49.976
Evening_High,2020-01-12 20:54:00,0.082279,229.45,1.7496,49.992
Evening_High,2020-01-12 20:57:00,0.100061,226.654,2.0968,49.966
Evening_High,2020-01-12 21:00:00,0.111174,226.33,2.2985,49.98
Evening_High,2020-01-12 21:03:00,0.143323,224.531,2.8162,49.967
Evening_High,2020-01-12 21:06:00,0.107351,227.407,2.168,49.985
Evening_High,2020-01-12 21:09:00,0.078375,229.252,1.636,49.974
Evening_High,2020-01-12 21:12:00,0.102516,226.448,2.0917,49.972
Evening_High,2020-01-12 21:15:00,0.02904,230.189,0.7818,49.994
Evening_High,2020-01-12 21:18:00,0.089475,227.444,1.8404,49.995
Evening_High,2020-01-12 21:21:00,0.075723,228.724,1.6212,49.987
Evening_High,2020-01-12 21:24:00,0.082785,227.862,1.7348,49.983
Evening_High,2020-01-12 21:27:00,0.097199,228.207,1.9624,49.974
Evening_High,2020-01-12 21:30:00,0.097693,227.864,1.9966,49.972
Evening_High,2020-01-12 21:33:00,0.090796,228.078,1.8865,49.979
Evening_High,2020-01-12 21:36:00,0.10665,227.224,2.2013,49.988
Evening_High,2020-01-12 21:39:00,0.125707,225.575,2.5314,49.989
Evening_High,2020-01-12 21:42:00,0.084733,229.456,1.8062,49.973
Evening_High,2020-01-12 21:45:00,0.073668,227.915,1.5752,49.983
Evening_High,2020-01-12 21:48:00,0.1116,226.922,2.1918,49.986
Evening_High,2020-01-12 21:51:00,0.09234,228.323,1.9259,49.978
Evening_High,2020-01-12 21:54:00,0.069327,229.426,1.4502,49.974
Evening_High,2020-01-12 21:57:00,0.084937,228.68,1.7376,49.977
Evening_High,2020-01-12 22:00:00,0.071664,229.08,1.5405,49.996
Evening_High,2020-01-12 22:03:00,0.055306,229.171,1.2659,50.013
Evening_High,2020-01-12 22:06:00,0.050872,229.458,1.124,49.995
Evening_High,2020-01-12 22:09:00,0.099789,227.262,2.038,49.981
Evening_High,2020-01-12 22:12:00,0.040941,230.729,0.9361,49.984
Evening_High,2020-01-12 22:15:00,0.058821,229.49,1.2943,50.003
Evening_High,2020-01-12 22:18:00,0.07975,228.669,1.6631,50.001
Evening_High,2020-01-12 22:21:00,0.042371,229.516,0.9708,49.993
Evening_High,2020-01-12 22:24:00,0.058424,229.971,1.2466,49.993
Evening_High,2020-01-12 22:27:00,0.026447,231.523,0.7314,49.991
Evening_High,2020-01-12 22:30:00,0.055764,230.857,1.2446,49.99
Evening_High,2020-01-12 22:33:00,0.047356,229.122,1.0945,49.984
Evening_High,2020-01-12 22:36:00,0.045163,231.47,1.0634,49.975
Evening_High,2020-01-12 22:39:00,0.035791,231.281,0.8942,49.989
Evening_High,2020-01-12 22:42:00,0.04008,231.563,0.9477,49.978
Evening_High,2020-01-12 22:45:00,0.055768,229.905,1.2284,49.978
Evening_High,2020-01-12 22:48:00,0.048909,229.81,1.1524,49.986
Evening_High,2020-01-12 22:51:00,0.043188,230.452,1.0373,49.976
Evening_High,2020-01-12 22:54:00,0.054793,229.718,1.2273,50.001
Evening_High,2020-01-12 22:57:00,0.052527,229.86,1.1876,49.974
Evening_High,2020-01-12 23:00:00,0.047047,228.625,1.1112,49.998
Evening_High,2020-01-12 23:03:00,0.033378,230.534,0.7624,49.999
Evening_High,2020-01-12 23:06:00,0.047533,229.25,1.1487,49.99
Evening_High,2020-01-12 23:09:00,0.051763,228.451,1.2134,50.005
Evening_High,2020-01-12 23:12:00,0.047941,230.465,1.1791,49.994
Evening_High,2020-01-12 23:15:00,0.032669,229.9,0.8699,49.979
Evening_High,2020-01-12 23:18:00,0.039956,230.455,0.9766,49.995
Evening_High,2020-01-12 23:21:00,0.032936,229.239,0.8311,49.993
Evening_High,2020-01-12 23:24:00,0.026384,231.991,0.7227,49.968
Evening_High,2020-01-12 23:27:00,0.037328,229.661,0.9365,49.992
Evening_High,2020-01-12 23:30:00,0.02728,231.493,0.7378,49.997
Evening_High,2020-01-12 23:33:00,0.036656,229.982,0.9477,49.986
Evening_High,2020-01-12 23:36:00,0.030249,230.177,0.8182,49.982
Evening_High,2020-01-12 23:39:00,0.032154,230.466,0.8364,49.986
Evening_High,2020-01-12 23:42:00,0.035727,230.086,0.8823,49.988
Evening_High,2020-01-12 23:45:00,0.025704,228.874,0.7071,50.004
Evening_High,2020-01-12 23:48:00,0.033856,229.957,0.9248,49.987
Evening_High,2020-01-12 23:51:00,0.035973,229.735,0.866,49.976
Evening_High,2020-01-12 23:54:00,0.039748,228.735,1.0046,49.987
Evening_High,2020-01-12 23:57:00,0.019949,231.035,0.5899,50.007
Evening_High,2020-01-13 00:00:00,0.027046,230.606,0.6941,50.01
Evening_High,2020-01-13 00:03:00,0.028287,230.829,0.7702,49.995
Evening_High,2020-01-13 00:06:00,0.034005,229.968,0.8297,49.994
Evening_High,2020-01-13 00:09:00,0.039067,230.788,0.9836,49.98
Evening_High,2020-01-13 00:12:00,0.029577,230.678,0.7726,50.001
Evening_High,2020-01-13 00:15:00,0.024147,231.12,0.6825,49.997
Evening_High,2020-01-13 00:18:00,0.017626,231.903,0.5697,49.994
Evening_High,2020-01-13 00:21:00,0.014916,231.696,0.478,49.981
Evening_High,2020-01-13 00:24:00,0.02849,229.48,0.7751,49.972
Evening_High,2020-01-13 00:27:00,0.024031,230.875,0.6755,49.973
Evening_High,2020-01-13 00:30:00,0.017915,230.617,0.5772,50.013
Evening_High,2020-01-13 00:33:00,0.020982,231.286,0.6492,49.989
Evening_High,2020-01-13 00:36:00,0.017824,230.35,0.5098,49.982
Evening_High,2020-01-13 00:39:00,0.020882,231.976,0.6135,50.011
Evening_High,2020-01-13 00:42:00,0.02111,230.327,0.6646,50.016
Evening_High,2020-01-13 00:45:00,0.030147,230.623,0.7771,49.985
Evening_High,2020-01-13 00:48:00,0.024455,230.099,0.7127,50.0
Evening_High,2020-01-13 00:51:00,0.028105,231.981,0.829,49.977
Evening_High,2020-01-13 00:54:00,0.021495,230.438,0.6266,49.981
Evening_High,2020-01-13 00:57:00,0.018612,230.39,0.5691,50.004
Evening_High,2020-01-13 01:00:00,0.027448,232.638,0.7703,50.02
Evening_High,2020-01-13 01:03:00,0.024311,231.056,0.6455,49.991
Evening_High,2020-01-13 01:06:00,0.022283,229.876,0.6144,49.983
Evening_High,2020-01-13 01:09:00,0.019181,230.109,0.6176,49.996
Evening_High,2020-01-13 01:12:00,0.016763,230.95,0.5962,49.986
Evening_High,2020-01-13 01:15:00,0.021033,231.466,0.5806,49.999
Evening_High,2020-01-13 01:18:00,0.023947,231.115,0.6563,49.979
Evening_High,2020-01-13 01:21:00,0.018421,228.417,0.5822,49.988
Evening_High,2020-01-13 01:24:00,0.022546,229.659,0.6455,49.989
Evening_High,2020-01-13 01:27:00,0.021959,231.257,0.61,49.98
Evening_High,2020-01-13 01:30:00,0.018791,230.959,0.5632,50.001
Evening_High,2020-01-13 01:33:00,0.013535,230.703,0.5243,50.005
Evening_High,2020-01-13 01:36:00,0.010896,231.541,0.5479,49.978
Evening_High,2020-01-13 01:39:00,0.025438,230.695,0.699,49.993
Evening_High,2020-01-13 01:42:00,0.0125,230.595,0.5014,49.978
Evening_High,2020-01-13 01:45:00,0.015435,232.773,0.5331,49.981
Evening_High,2020-01-13 01:48:00,0.018334,230.674,0.564,49.995
Evening_High,2020-01-13 01:51:00,0.013399,230.757,0.5567,49.995
Evening_High,2020-01-13 01:54:00,0.019486,230.717,0.6372,49.973
Evening_High,2020-01-13 01:57:00,0.021536,231.337,0.6873,50.0
Evening_High,2020-01-13 02:00:00,0.017418,231.887,0.5522,49.98
Evening_High,2020-01-13 02:03:00,0.015519,230.402,0.5573,49.994
Evening_High,2020-01-13 02:06:00,0.018654,230.942,0.5453,49.99
Evening_High,2020-01-13 02:09:00,0.018995,230.181,0.5437,49.981
Evening_High,2020-01-13 02:12:00,0.015069,231.242,0.5278,49.984
Evening_High,2020-01-13 02:15:00,0.013624,230.343,0.5085,50.001
Evening_High,2020-01-13 02:18:00,0.018833,230.631,0.5289,50.004
Evening_High,2020-01-13 02:21:00,0.018556,233.046,0.6167,50.009
Evening_High,2020-01-13 02:24:00,0.020076,231.566,0.6421,50.001
Evening_High,2020-01-13 02:27:00,0.021339,232.513,0.7094,50.004
Evening_High,2020-01-13 02:30:00,0.021521,230.512,0.6467,49.976
Evening_High,2020-01-13 02:33:00,0.018498,231.206,0.5879,50.014
Evening_High,2020-01-13 02:36:00,0.015422,231.47,0.55,50.0
Evening_High,2020-01-13 02:39:00,0.020395,228.439,0.5827,49.976
Evening_High,2020-01-13 02:42:00,0.016812,231.795,0.5133,50.014
Evening_High,2020-01-13 02:45:00,0.019513,231.94,0.5278,49.995
Evening_High,2020-01-13 02:48:00,0.027852,230.75,0.7554,49.99
Evening_High,2020-01-13 02:51:00,0.016672,231.24,0.5752,49.969
Evening_High,2020-01-13 02:54:00,0.02196,230.285,0.695,49.988
Evening_High,2020-01-13 02:57:00,0.01961,231.031,0.6111,49.996
Evening_High,2020-01-13 03:00:00,0.016014,231.772,0.5476,50.003
Evening_High,2020-01-13 03:03:00,0.010913,231.396,0.407,50.003
Evening_High,2020-01-13 03:06:00,0.017047,231.264,0.5361,49.982
Evening_High,2020-01-13 03:09:00,0.028195,229.056,0.7492,50.017
Evening_High,2020-01-13 03:12:00,0.025478,230.556,0.6928,49.986
Evening_High,2020-01-13 03:15:00,0.017673,229.975,0.582,50.003
Evening_High,2020-01-13 03:18:00,0.018743,231.615,0.5573,50.011
Evening_High,2020-01-13 03:21:00,0.015697,230.91,0.5221,49.998
Evening_High,2020-01-13 03:24:00,0.013022,230.904,0.5258,49.997
Evening_High,2020-01-13 03:27:00,0.01521,231.289,0.5601,49.999
Evening_High,2020-01-13 03:30:00,0.025632,231.823,0.7033,49.988
Evening_High,2020-01-13 03:33:00,0.020913,230.909,0.6118,49.98
Evening_High,2020-01-13 03:36:00,0.019282,231.046,0.6368,50.006
Evening_High,2020-01-13 03:39:00,0.021792,230.909,0.5991,50.015
Evening_High,2020-01-13 03:42:00,0.020481,232.241,0.6404,49.994
Evening_High,2020-01-13 03:45:00,0.019964,230.15,0.6321,49.993
Evening_High,2020-01-13 03:48:00,0.025577,230.47,0.7036,49.993
Evening_High,2020-01-13 03:51:00,0.019996,229.454,0.6542,49.997
Evening_High,2020-01-13 03:54:00,0.018049,231.43,0.5419,50.015
Evening_High,2020-01-13 03:57:00,0.022842,231.567,0.6563,49.997
Evening_High,2020-01-13 04:00:00,0.020231,230.471,0.6578,50.012
Evening_High,2020-01-13 04:03:00,0.015845,231.974,0.5048,49.987
Evening_High,2020-01-13 04:06:00,0.019999,231.726,0.6612,49.989
Evening_High,2020-01-13 04:09:00,0.024352,230.814,0.7258,49.981
Evening_High,2020-01-13 04:12:00,0.021924,232.4,0.6403,49.99
Evening_High,2020-01-13 04:15:00,0.020612,231.529,0.5699,50.008
Evening_High,2020-01-13 04:18:00,0.009162,231.175,0.4067,50.003
Evening_High,2020-01-13 04:21:00,0.020127,231.807,0.5847,49.986
Evening_High,2020-01-13 04:24:00,0.018153,231.523,0.5598,49.989
Evening_High,2020-01-13 04:27:00,0.007926,231.304,0.3409,49.976
Evening_High,2020-01-13 04:30:00,0.024576,232.91,0.6863,50.016
Evening_High,2020-01-13 04:33:00,0.0186,231.453,0.5948,50.03
Evening_High,2020-01-13 04:36:00,0.023001,231.967,0.6434,50.009
Evening_High,2020-01-13 04:39:00,0.021241,231.169,0.5793,50.015
Evening_High,2020-01-13 04:42:00,0.021116,232.247,0.6261,49.999
Evening_High,2020-01-13 04:45:00,0.015154,230.842,0.5734,49.981
Evening_High,2020-01-13 04:48:00,0.017076,230.645,0.6081,50.001
Evening_High,2020-01-13 04:51:00,0.016302,230.763,0.482,49.984
Evening_High,2020-01-13 04:54:00,0.011258,230.765,0.4726,49.997
Evening_High,2020-01-13 04:57:00,0.016741,231.022,0.5518,49.988
Evening_High,2020-01-13 05:00:00,0.017923,231.098,0.6221,50.021
Evening_High,2020-01-13 05:03:00,0.023075,229.927,0.703,50.011
Evening_High,2020-01-13 05:06:00,0.014409,230.056,0.4262,50.013
Evening_High,2020-01-13 05:09:00,0.014906,231.606,0.5273,50.008
Evening_High,2020-01-13 05:12:00,0.022681,231.305,0.6189,49.996
Evening_High,2020-01-13 05:15:00,0.026411,231.194,0.7254,49.991
Evening_High,2020-01-13 05:18:00,0.022674,229.896,0.6845,49.998
Evening_High,2020-01-13 05:21:00,0.023464,231.179,0.7221,49.971
Evening_High,2020-01-13 05:24:00,0.015385,230.713,0.5328,50.006
Evening_High,2020-01-13 05:27:00,0.017441,231.196,0.5685,49.999
Evening_High,2020-01-13 05:30:00,0.021436,230.442,0.6699,50.001
Evening_High,2020-01-13 05:33:00,0.019976,229.817,0.5988,49.981
Evening_High,2020-01-13 05:36:00,0.014813,230.864,0.5273,49.974
Evening_High,2020-01-13 05:39:00,0.01504,232.557,0.5187,50.01
Evening_High,2020-01-13 05:42:00,0.022153,231.29,0.672,49.986
Evening_High,2020-01-13 05:45:00,0.018499,231.562,0.6353,49.996
Evening_High,2020-01-13 05:48:00,0.013224,232.464,0.4751,49.988
Evening_High,2020-01-13 05:51:00,0.01734,230.468,0.5769,49.994
Evening_High,2020-01-13 05:54:00,0.014132,232.811,0.476,50.017
Evening_High,2020-01-13 05:57:00,0.029207,230.477,0.7364,49.994
Evening_High,2020-01-13 06:00:00,0.019528,230.305,0.6063,49.991
Evening_High,2020-01-13 06:03:00,0.017577,231.334,0.4996,49.996
Evening_High,2020-01-13 06:06:00,0.021433,231.147,0.602,49.996
Evening_High,2020-01-13 06:09:00,0.01929,232.743,0.5907,49.999
Evening_High,2020-01-13 06:12:00,0.01767,231.708,0.5608,49.989
Evening_High,2020-01-13 06:15:00,0.020564,230.038,0.6006,50.013
Evening_High,2020-01-13 06:18:00,0.013202,231.979,0.4749,49.979
Evening_High,2020-01-13 06:21:00,0.016492,232.328,0.5383,49.992
Evening_High,2020-01-13 06:24:00,0.013729,230.553,0.4693,50.0
Evening_High,2020-01-13 06:27:00,0.020533,229.622,0.5835,50.009
Evening_High,2020-01-13 06:30:00,0.022762,231.875,0.7374,50.0
Evening_High,2020-01-13 06:33:00,0.015355,231.652,0.5055,50.0
Evening_High,2020-01-13 06:36:00,0.022687,231.406,0.6547,50.001
Evening_High,2020-01-13 06:39:00,0.016933,232.261,0.5942,49.996
Evening_High,2020-01-13 06:42:00,0.02413,230.858,0.6638,50.005
Evening_High,2020-01-13 06:45:00,0.029387,229.371,0.8014,50.002
Evening_High,2020-01-13 06:48:00,0.01395,231.422,0.5578,50.006
Evening_High,2020-01-13 06:51:00,0.018011,230.98,0.5723,50.007
Evening_High,2020-01-13 06:54:00,0.018611,230.218,0.5934,49.991
Evening_High,2020-01-13 06:57:00,0.019432,230.693,0.6088,49.981
Evening_High,2020-01-13 07:00:00,0.027155,231.371,0.7793,49.991
Evening_High,2020-01-13 07:03:00,0.011347,230.673,0.385,49.986
Evening_High,2020-01-13 07:06:00,0.013845,229.748,0.4922,50.009
Evening_High,2020-01-13 07:09:00,0.026156,229.719,0.7416,49.984
Evening_High,2020-01-13 07:12:00,0.021745,229.577,0.5551,49.995
Evening_High,2020-01-13 07:15:00,0.019366,231.252,0.6006,49.996
Evening_High,2020-01-13 07:18:00,0.019078,231.352,0.5454,49.997
Evening_High,2020-01-13 07:21:00,0.013743,231.708,0.5188,49.971
Evening_High,2020-01-13 07:24:00,0.025526,230.272,0.7274,49.995
Evening_High,2020-01-13 07:27:00,0.008769,231.294,0.3692,49.997
Evening_High,2020-01-13 07:30:00,0.014447,231.108,0.5236,50.002
Evening_High,2020-01-13 07:33:00,0.022086,230.663,0.6628,49.994
Evening_High,2020-01-13 07:36:00,0.024204,230.841,0.7098,49.999
Evening_High,2020-01-13 07:39:00,0.019602,233.032,0.5717,49.998
Evening_High,2020-01-13 07:42:00,0.024607,232.067,0.6831,49.975
Evening_High,2020-01-13 07:45:00,0.023306,231.355,0.6764,49.975
Evening_High,2020-01-13 07:48:00,0.021763,230.487,0.6596,49.991
Evening_High,2020-01-13 07:51:00,0.009093,231.747,0.391,49.992
Evening_High,2020-01-13 07:54:00,0.026069,230.819,0.725,49.991
Evening_High,2020-01-13 07:57:00,0.018645,231.743,0.6214,50.004
Evening_High,2020-01-13 08:00:00,0.022275,230.572,0.7081,49.983
Evening_High,2020-01-13 08:03:00,0.019902,232.6,0.5906,49.979
Evening_High,2020-01-13 08:06:00,0.020207,230.447,0.6539,49.991
Evening_High,2020-01-13 08:09:00,0.019888,230.853,0.6379,49.987
Evening_High,2020-01-13 08:12:00,0.022923,231.056,0.6796,49.992
Evening_High,2020-01-13 08:15:00,0.020933,230.416,0.6066,50.02
Evening_High,2020-01-13 08:18:00,0.019813,230.717,0.5813,50.011
Evening_High,2020-01-13 08:21:00,0.026689,230.22,0.7539,49.996
Evening_High,2020-01-13 08:24:00,0.028702,231.054,0.7381,49.997
Evening_High,2020-01-13 08:27:00,0.024954,230.407,0.7238,49.999
Evening_High,2020-01-13 08:30:00,0.023116,230.712,0.6728,49.976
Evening_High,2020-01-13 08:33:00,0.017644,231.919,0.5439,49.979
Evening_High,2020-01-13 08:36:00,0.010639,231.706,0.3936,49.996
Evening_High,2020-01-13 08:39:00,0.017309,230.854,0.5643,49.988
Evening_High,2020-01-13 08:42:00,0.020902,232.517,0.6327,49.983
Evening_High,2020-01-13 08:45:00,0.020622,230.464,0.644,49.982
Evening_High,2020-01-13 08:48:00,0.016012,231.803,0.4775,49.997
Evening_High,2020-01-13 08:51:00,0.02267,229.973,0.6428,50.0
Evening_High,2020-01-13 08:54:00,0.021977,231.488,0.6393,49.996
Evening_High,2020-01-13 08:57:00,0.016721,229.447,0.5462,50.005
Evening_High,2020-01-13 09:00:00,0.020814,231.523,0.6545,50.018
Evening_High,2020-01-13 09:03:00,0.010834,231.024,0.4194,50.0
Evening_High,2020-01-13 09:06:00,0.019333,229.247,0.5587,49.997
Evening_High,2020-01-13 09:09:00,0.019617,231.682,0.5677,49.987
Evening_High,2020-01-13 09:12:00,0.016671,231.989,0.5344,50.01
Evening_High,2020-01-13 09:15:00,0.026268,229.834,0.7194,49.997
Evening_High,2020-01-13 09:18:00,0.02562,232.534,0.7548,49.996
Evening_High,2020-01-13 09:21:00,0.025284,230.815,0.7402,49.997
Evening_High,2020-01-13 09:24:00,0.02488,230.499,0.6333,49.999
Evening_High,2020-01-13 09:27:00,0.02282,230.381,0.6571,50.015
Evening_High,2020-01-13 09:30:00,0.022274,230.337,0.6274,49.991
Evening_High,2020-01-13 09:33:00,0.01823,231.518,0.6063,49.987
Evening_High,2020-01-13 09:36:00,0.022707,229.995,0.6528,49.974
Evening_High,2020-01-13 09:39:00,0.010921,230.721,0.5182,50.017
Evening_High,2020-01-13 09:42:00,0.012863,230.291,0.4935,49.988
Evening_High,2020-01-13 09:45:00,0.018233,230.771,0.6188,49.989
Evening_High,2020-01-13 09:48:00,0.016591,232.674,0.6019,49.993
Evening_High,2020-01-13 09:51:00,0.019394,230.856,0.5943,49.995
Evening_High,2020-01-13 09:54:00,0.018689,230.503,0.5742,49.983
Evening_High,2020-01-13 09:57:00,0.027996,231.043,0.7393,49.982
Evening_High,2020-01-13 10:00:00,0.018299,231.144,0.5789,49.979
Evening_High,2020-01-13 10:03:00,0.019414,230.815,0.6081,49.978
Evening_High,2020-01-13 10:06:00,0.015498,230.75,0.5766,49.987
Evening_High,2020-01-13 10:09:00,0.015904,231.734,0.5212,49.977
Evening_High,2020-01-13 10:12:00,0.012836,233.041,0.4871,50.004
Evening_High,2020-01-13 10:15:00,0.021836,230.101,0.6375,49.983
Evening_High,2020-01-13 10:18:00,0.026318,230.518,0.7541,50.01
Evening_High,2020-01-13 10:21:00,0.023049,232.076,0.6191,49.987
Evening_High,2020-01-13 10:24:00,0.03012,231.079,0.7168,49.985
Evening_High,2020-01-13 10:27:00,0.024034,230.214,0.6388,49.989
Evening_High,2020-01-13 10:30:00,0.025024,230.611,0.6665,49.998
Evening_High,2020-01-13 10:33:00,0.022466,229.905,0.6821,49.99
Evening_High,2020-01-13 10:36:00,0.034989,230.452,0.8395,49.997
Evening_High,2020-01-13 10:39:00,0.0138,230.707,0.479,50.016
Evening_High,2020-01-13 10:42:00,0.020922,231.33,0.573,49.982
Evening_High,2020-01-13 10:45:00,0.009366,231.538,0.4084,50.004
Evening_High,2020-01-13 10:48:00,0.027269,231.468,0.6869,49.98
Evening_High,2020-01-13 10:51:00,0.029261,230.815,0.7824,49.984
Evening_High,2020-01-13 10:54:00,0.014689,231.084,0.5565,49.987
Evening_High,2020-01-13 10:57:00,0.021909,230.152,0.6973,50.016
Evening_High,2020-01-13 11:00:00,0.02332,230.403,0.6678,50.017
Evening_High,2020-01-13 11:03:00,0.025516,230.096,0.7035,49.978
Evening_High,2020-01-13 11:06:00,0.01749,231.435,0.5442,50.008
Evening_High,2020-01-13 11:09:00,0.022488,230.733,0.6908,50.025
Evening_High,2020-01-13 11:12:00,0.019013,232.496,0.6042,49.998
Evening_High,2020-01-13 11:15:00,0.026132,229.962,0.6804,50.004
Evening_High,2020-01-13 11:18:00,0.031087,230.154,0.7308,50.015
Evening_High,2020-01-13 11:21:00,0.027742,231.927,0.7494,50.002
Evening_High,2020-01-13 11:24:00,0.022132,230.405,0.6193,50.011
Evening_High,2020-01-13 11:27:00,0.026159,230.738,0.7265,50.0
Evening_High,2020-01-13 11:30:00,0.018156,230.774,0.593,50.008
Evening_High,2020-01-13 11:33:00,0.010638,232.923,0.4237,50.006
Evening_High,2020-01-13 11:36:00,0.020566,231.55,0.5879,50.011
Evening_High,2020-01-13 11:39:00,0.034046,230.875,0.9079,50.006
Evening_High,2020-01-13 11:42:00,0.034121,230.97,0.8834,50.001
Evening_High,2020-01-13 11:45:00,0.018946,231.969,0.5631,49.99
Evening_High,2020-01-13 11:48:00,0.018288,231.359,0.5685,49.999
Evening_High,2020-01-13 11:51:00,0.030022,230.233,0.8102,49.98
Evening_High,2020-01-13 11:54:00,0.020393,231.214,0.5676,50.002
Evening_High,2020-01-13 11:57:00,0.026075,229.711,0.7109,49.971
Evening_High,2020-01-13 12:00:00,0.03601,230.269,0.9539,49.988
Evening_High,2020-01-13 12:03:00,0.027589,230.72,0.7551,49.963
Evening_High,2020-01-13 12:06:00,0.029679,230.481,0.7913,50.009
Evening_High,2020-01-13 12:09:00,0.027825,233.183,0.7669,49.98
Evening_High,2020-01-13 12:12:00,0.036083,229.634,0.954,49.981
Evening_High,2020-01-13 12:15:00,0.024749,229.499,0.6891,49.985
Evening_High,2020-01-13 12:18:00,0.035401,229.417,0.8557,50.007
Evening_High,2020-01-13 12:21:00,0.024468,231.738,0.6714,49.984
Evening_High,2020-01-13 12:24:00,0.012313,231.675,0.4319,49.999
Evening_High,2020-01-13 12:27:00,0.021112,230.445,0.6043,50.003
Evening_High,2020-01-13 12:30:00,0.026863,230.579,0.7112,49.99
Evening_High,2020-01-13 12:33:00,0.033529,229.747,0.8527,49.989
Evening_High,2020-01-13 12:36:00,0.03627,230.05,0.8955,49.988
Evening_High,2020-01-13 12:39:00,0.032193,229.151,0.8186,50.01
Evening_High,2020-01-13 12:42:00,0.025448,230.347,0.6957,49.994
Evening_High,2020-01-13 12:45:00,0.021103,231.446,0.6154,49.979
Evening_High,2020-01-13 12:48:00,0.025082,230.295,0.7124,49.984
Evening_High,2020-01-13 12:51:00,0.02468,230.762,0.6929,49.993
Evening_High,2020-01-13 12:54:00,0.024028,230.803,0.6275,49.993
Evening_High,2020-01-13 12:57:00,0.029036,229.728,0.8129,49.998
Evening_High,2020-01-13 13:00:00,0.033426,231.669,0.8576,49.989
Evening_High,2020-01-13 13:03:00,0.019413,231.793,0.5817,50.005
Evening_High,2020-01-13 13:06:00,0.020876,230.267,0.6655,50.002
Evening_High,2020-01-13 13:09:00,0.035746,229.214,0.9119,49.994
Evening_High,2020-01-13 13:12:00,0.029542,229.728,0.8243,49.998
Evening_High,2020-01-13 13:15:00,0.030931,230.048,0.8152,50.001
Evening_High,2020-01-13 13:18:00,0.023732,231.555,0.7018,49.995
Evening_High,2020-01-13 13:21:00,0.037065,229.411,0.8765,49.957
Evening_High,2020-01-13 13:24:00,0.029373,230.521,0.8335,49.986
Evening_High,2020-01-13 13:27:00,0.029129,231.105,0.7327,49.992
Evening_High,2020-01-13 13:30:00,0.026639,230.706,0.746,49.977
Evening_High,2020-01-13 13:33:00,0.028703,229.886,0.7772,49.996
Evening_High,2020-01-13 13:36:00,0.030372,231.136,0.7932,50.012
Evening_High,2020-01-13 13:39:00,0.024055,230.305,0.7129,49.988
Evening_High,2020-01-13 13:42:00,0.018709,229.74,0.5822,50.01
Evening_High,2020-01-13 13:45:00,0.033406,230.18,0.8123,49.989
Evening_High,2020-01-13 13:48:00,0.014131,231.17,0.4736,49.995
Evening_High,2020-01-13 13:51:00,0.023462,230.005,0.6508,49.995
Evening_High,2020-01-13 13:54:00,0.02024,232.17,0.6009,49.986
Evening_High,2020-01-13 13:57:00,0.034633,231.911,0.8559,49.975
Evening_High,2020-01-13 14:00:00,0.038825,228.915,0.9359,49.989
Evening_High,2020-01-13 14:03:00,0.033329,230.955,0.7995,50.0
Evening_High,2020-01-13 14:06:00,0.025141,230.643,0.7482,50.012
Evening_High,2020-01-13 14:09:00,0.036858,229.577,0.9332,49.98
Evening_High,2020-01-13 14:12:00,0.033215,229.21,0.878,49.995
Evening_High,2020-01-13 14:15:00,0.044537,230.152,0.9944,49.974
Evening_High,2020-01-13 14:18:00,0.028455,231.453,0.7554,49.983
Evening_High,2020-01-13 14:21:00,0.039653,230.604,1.0049,49.985
Evening_High,2020-01-13 14:24:00,0.028198,229.992,0.8023,49.99
Evening_High,2020-01-13 14:27:00,0.019616,231.212,0.5743,49.978
Evening_High,2020-01-13 14:30:00,0.039345,230.255,0.9432,49.995
Evening_High,2020-01-13 14:33:00,0.03357,231.452,0.8682,49.992
Evening_High,2020-01-13 14:36:00,0.017291,229.948,0.5177,50.01
Evening_High,2020-01-13 14:39:00,0.033263,230.829,0.8396,49.988
Evening_High,2020-01-13 14:42:00,0.035384,228.89,0.8794,49.988
Evening_High,2020-01-13 14:45:00,0.034853,231.55,0.901,49.991
Evening_High,2020-01-13 14:48:00,0.040563,231.367,0.9772,49.986
Evening_High,2020-01-13 14:51:00,0.033767,232.426,0.84,49.976
Evening_High,2020-01-13 14:54:00,0.036234,230.21,0.9374,50.0
Evening_High,2020-01-13 14:57:00,0.023002,231.124,0.6669,49.999
Evening_High,2020-01-13 15:00:00,0.029621,230.082,0.694,50.004
Evening_High,2020-01-13 15:03:00,0.037792,231.492,0.9232,49.99
Evening_High,2020-01-13 15:06:00,0.034436,231.064,0.8845,50.008
Evening_High,2020-01-13 15:09:00,0.038489,230.485,0.9318,49.993
Evening_High,2020-01-13 15:12:00,0.025737,230.388,0.7657,50.001
Evening_High,2020-01-13 15:15:00,0.023091,232.254,0.6276,49.974
Evening_High,2020-01-13 15:18:00,0.024037,231.44,0.687,49.987
Evening_High,2020-01-13 15:21:00,0.022856,231.036,0.6035,49.995
Evening_High,2020-01-13 15:24:00,0.036078,229.995,0.8763,49.999
Evening_High,2020-01-13 15:27:00,0.028848,231.179,0.7609,50.0
Evening_High,2020-01-13 15:30:00,0.031007,230.846,0.8153,50.001
Evening_High,2020-01-13 15:33:00,0.036256,232.2,0.8992,49.99
Evening_High,2020-01-13 15:36:00,0.02772,230.948,0.7108,50.009
Evening_High,2020-01-13 15:39:00,0.020601,230.401,0.666,49.998
Evening_High,2020-01-13 15:42:00,0.029853,230.243,0.8143,49.974
Evening_High,2020-01-13 15:45:00,0.035685,231.811,0.925,49.997
Evening_High,2020-01-13 15:48:00,0.034438,229.292,0.8791,50.006
Evening_High,2020-01-13 15:51:00,0.034396,231.238,0.9169,50.005
Evening_High,2020-01-13 15:54:00,0.03907,230.345,0.9038,50.009
Evening_High,2020-01-13 15:57:00,0.038272,230.286,0.9162,50.007
Evening_High,2020-01-13 16:00:00,0.038142,229.464,0.967,49.97
Evening_High,2020-01-13 16:03:00,0.041269,230.09,1.0337,50.011
Evening_High,2020-01-13 16:06:00,0.022809,230.507,0.6696,50.002
Evening_High,2020-01-13 16:09:00,0.021379,231.688,0.639,49.991
Evening_High,2020-01-13 16:12:00,0.034112,231.606,0.9323,49.968
Evening_High,2020-01-13 16:15:00,0.025126,231.507,0.7455,49.984
Evening_High,2020-01-13 16:18:00,0.034845,230.495,0.875,49.97
Evening_High,2020-01-13 16:21:00,0.03392,229.907,0.8764,49.995
Evening_High,2020-01-13 16:24:00,0.040329,230.271,0.9682,49.993
Evening_High,2020-01-13 16:27:00,0.037032,230.755,0.8792,50.006
Evening_High,2020-01-13 16:30:00,0.037398,229.253,0.9285,49.978
Evening_High,2020-01-13 16:33:00,0.022097,228.872,0.6469,49.986
Evening_High,2020-01-13 16:36:00,0.037242,229.783,0.8749,50.015
Evening_High,2020-01-13 16:39:00,0.048947,230.332,1.1224,49.981
Evening_High,2020-01-13 16:42:00,0.041239,229.769,0.959,50.007
Evening_High,2020-01-13 16:45:00,0.031021,230.907,0.8592,49.991
Evening_High,2020-01-13 16:48:00,0.049583,230.207,1.1186,49.99
Evening_High,2020-01-13 16:51:00,0.041171,228.131,0.9346,49.993
Evening_High,2020-01-13 16:54:00,0.03222,231.202,0.8201,49.979
Evening_High,2020-01-13 16:57:00,0.047782,228.564,1.109,49.984
Evening_High,2020-01-13 17:00:00,0.036963,231.122,0.8878,49.972
Evening_High,2020-01-13 17:03:00,0.050917,229.451,1.1969,49.991
Evening_High,2020-01-13 17:06:00,0.017289,232.232,0.4885,49.997
Evening_High,2020-01-13 17:09:00,0.022346,231.014,0.6509,50.0
Evening_High,2020-01-13 17:12:00,0.048189,228.456,1.1725,49.985
Evening_High,2020-01-13 17:15:00,0.059135,230.218,1.3002,50.012
Evening_High,2020-01-13 17:18:00,0.045966,229.719,1.071,49.994
Evening_High,2020-01-13 17:21:00,0.04818,228.908,1.1117,50.009
Evening_High,2020-01-13 17:24:00,0.041852,230.014,1.0094,49.998
Evening_High,2020-01-13 17:27:00,0.046064,229.868,1.1159,49.984
Evening_High,2020-01-13 17:30:00,0.0386,230.473,0.9196,49.984
Evening_High,2020-01-13 17:33:00,0.054654,229.643,1.2518,49.971
Evening_High,2020-01-13 17:36:00,0.057857,229.914,1.2567,49.987
Evening_High,2020-01-13 17:39:00,0.053184,229.973,1.2248,49.986
Evening_High,2020-01-13 17:42:00,0.065635,228.923,1.3338,49.983
Evening_High,2020-01-13 17:45:00,0.026837,229.292,0.7785,49.977
Evening_High,2020-01-13 17:48:00,0.038039,229.447,0.9017,50.007
Evening_High,2020-01-13 17:51:00,0.050499,230.453,1.1886,49.99
Evening_High,2020-01-13 17:54:00,0.052105,230.292,1.155,50.008
Evening_High,2020-01-13 17:57:00,0.062906,229.869,1.4179,49.977
Evening_High,2020-01-13 18:00:00,0.067186,228.675,1.4925,49.97
Evening_High,2020-01-13 18:03:00,0.032995,230.209,0.8077,50.006
Evening_High,2020-01-13 18:06:00,0.069031,228.507,1.5018,49.954
Evening_High,2020-01-13 18:09:00,0.074516,228.017,1.6299,49.978
Evening_High,2020-01-13 18:12:00,0.079749,227.47,1.677,49.982
Evening_High,2020-01-13 18:15:00,0.051445,230.424,1.1835,49.983
Evening_High,2020-01-13 18:18:00,0.074878,228.035,1.6063,49.985
Evening_High,2020-01-13 18:21:00,0.074243,229.227,1.611,49.98
Evening_High,2020-01-13 18:24:00,0.067331,229.605,1.441,49.994
Evening_High,2020-01-13 18:27:00,0.064318,228.745,1.3719,49.983
Evening_High,2020-01-13 18:30:00,0.061727,229.761,1.2974,49.992
Evening_High,2020-01-13 18:33:00,0.080469,228.992,1.7099,50.003
Evening_High,2020-01-13 18:36:00,0.046796,229.954,1.0487,49.991
Evening_High,2020-01-13 18:39:00,0.119542,225.883,2.4705,49.994
Evening_High,2020-01-13 18:42:00,0.062231,229.152,1.2972,49.987
Evening_High,2020-01-13 18:45:00,0.039894,229.859,0.9739,50.007
Evening_High,2020-01-13 18:48:00,0.07295,228.62,1.5593,49.988
Evening_High,2020-01-13 18:51:00,0.083557,228.437,1.7369,49.993
Evening_High,2020-01-13 18:54:00,0.098242,227.971,2.004,50.002
Evening_High,2020-01-13 18:57:00,0.053836,228.852,1.1959,49.995
Evening_High,2020-01-13 19:00:00,0.074157,229.387,1.6199,49.962
Evening_High,2020-01-13 19:03:00,0.08301,227.756,1.7684,49.972
Evening_High,2020-01-13 19:06:00,0.085673,227.653,1.7858,50.003
Evening_High,2020-01-13 19:09:00,0.074993,228.937,1.5744,50.0
Evening_High,2020-01-13 19:12:00,0.085247,227.088,1.732,49.96
Evening_High,2020-01-13 19:15:00,0.081972,228.142,1.7194,49.995
Evening_High,2020-01-13 19:18:00,0.080075,228.219,1.6639,49.97
Evening_High,2020-01-13 19:21:00,0.098964,226.568,2.0156,49.972
Evening_High,2020-01-13 19:24:00,0.075664,229.633,1.6362,49.984
Evening_High,2020-01-13 19:27:00,0.068367,228.377,1.5293,49.992
Evening_High,2020-01-13 19:30:00,0.067986,228.598,1.4418,49.943
Evening_High,2020-01-13 19:33:00,0.145654,225.466,2.8843,49.974
Evening_High,2020-01-13 19:36:00,0.087663,227.346,1.7967,49.989
Evening_High,2020-01-13 19:39:00,0.102944,227.431,2.0567,49.983
Evening_High,2020-01-13 19:42:00,0.076234,228.932,1.6069,49.994
Evening_High,2020-01-13 19:45:00,0.108029,227.396,2.1628,49.982
Evening_High,2020-01-13 19:48:00,0.11528,227.906,2.3338,49.967
Evening_High,2020-01-13 19:51:00,0.113116,226.631,2.3178,49.972
Evening_High,2020-01-13 19:54:00,0.139137,225.96,2.8069,49.993
Evening_High,2020-01-13 19:57:00,0.069357,229.657,1.4851,49.977
Evening_High,2020-01-13 20:00:00,0.098868,229.319,2.0524,49.987
Evening_High,2020-01-13 20:03:00,0.087016,227.22,1.839,49.952
Evening_High,2020-01-13 20:06:00,0.1025,225.792,2.0985,49.97
Evening_High,2020-01-13 20:09:00,0.078622,230.37,1.6583,49.987
Evening_High,2020-01-13 20:12:00,0.098251,228.346,1.9866,49.955
Evening_High,2020-01-13 20:15:00,0.080703,229.421,1.6952,49.98
Evening_High,2020-01-13 20:18:00,0.035996,229.999,0.909,49.988
Evening_High,2020-01-13 20:21:00,0.087216,227.809,1.8088,49.964
Evening_High,2020-01-13 20:24:00,0.064428,229.334,1.4135,49.985
Evening_High,2020-01-13 20:27:00,0.101074,227.329,2.0418,49.977
Evening_High,2020-01-13 20:30:00,0.103049,225.784,2.1209,49.968
Evening_High,2020-01-13 20:33:00,0.10603,228.061,2.1628,49.992
Evening_High,2020-01-13 20:36:00,0.106239,227.311,2.1184,49.963
Evening_High,2020-01-13 20:39:00,0.091817,228.549,1.8864,49.993
Evening_High,2020-01-13 20:42:00,0.087477,227.506,1.8413,49.987
Evening_High,2020-01-13 20:45:00,0.095491,227.936,2.0013,49.973
Evening_High,2020-01-13 20:48:00,0.122628,227.237,2.4007,49.986
Evening_High,2020-01-13 20:51:00,0.066484,229.15,1.467,49.993
Evening_High,2020-01-13 20:54:00,0.069297,228.537,1.4731,49.98
Evening_High,2020-01-13 20:57:00,0.103342,226.798,2.0954,49.959
Evening_High,2020-01-13 21:00:00,0.100523,226.255,2.1005,49.97
Evening_High,2020-01-13 21:03:00,0.100625,229.0,2.0492,49.981
Evening_High,2020-01-13 21:06:00,0.120669,226.721,2.3503,49.984
Evening_High,2020-01-13 21:09:00,0.095479,227.57,1.9401,49.98
Evening_High,2020-01-13 21:12:00,0.107912,227.03,2.2743,49.97
Evening_High,2020-01-13 21:15:00,0.116971,226.518,2.4027,49.983
Evening_High,2020-01-13 21:18:00,0.075523,229.508,1.6178,50.006
Evening_High,2020-01-13 21:21:00,0.06308,228.015,1.3864,50.005
Evening_High,2020-01-13 21:24:00,0.076493,229.962,1.6106,49.993
Evening_High,2020-01-13 21:27:00,0.094736,228.011,1.952,49.972
Evening_High,2020-01-13 21:30:00,0.085337,229.3,1.8209,49.99
Evening_High,2020-01-13 21:33:00,0.044578,230.894,1.036,49.968
Evening_High,2020-01-13 21:36:00,0.043947,229.865,1.0044,49.995
Evening_High,2020-01-13 21:39:00,0.086172,229.626,1.8337,49.992
Evening_High,2020-01-13 21:42:00,0.085213,226.066,1.7806,49.994
Evening_High,2020-01-13 21:45:00,0.070823,228.901,1.6079,49.97
Evening_High,2020-01-13 21:48:00,0.054936,228.569,1.2967,49.984
Evening_High,2020-01-13 21:51:00,0.057504,228.206,1.2735,49.992
Evening_High,2020-01-13 21:54:00,0.074512,227.564,1.6077,49.965
Evening_High,2020-01-13 21:57:00,0.063094,228.799,1.3548,49.992
Evening_High,2020-01-13 22:00:00,0.078264,227.342,1.6374,49.963
Evening_High,2020-01-13 22:03:00,0.054771,229.23,1.1825,49.991
Evening_High,2020-01-13 22:06:00,0.059638,229.41,1.2715,49.998
Evening_High,2020-01-13 22:09:00,0.03529,229.227,0.9337,49.991
Evening_High,2020-01-13 22:12:00,0.067758,229.101,1.4432,49.981
Evening_High,2020-01-13 22:15:00,0.04413,229.824,1.0269,49.964
Evening_High,2020-01-13 22:18:00,0.065647,229.806,1.3918,49.968
Evening_High,2020-01-13 22:21:00,0.041824,231.391,1.048,49.984
Evening_High,2020-01-13 22:24:00,0.041777,229.93,1.0009,49.993
Evening_High,2020-01-13 22:27:00,0.033429,231.017,0.8354,49.981
Evening_High,2020-01-13 22:30:00,0.036862,229.847,0.9208,50.005
Evening_High,2020-01-13 22:33:00,0.058413,229.009,1.3483,50.006
Evening_High,2020-01-13 22:36:00,0.030179,230.242,0.721,50.003
Evening_High,2020-01-13 22:39:00,0.052899,229.662,1.1968,49.984
Evening_High,2020-01-13 22:42:00,0.04764,227.728,1.1138,49.968
Evening_High,2020-01-13 22:45:00,0.035431,230.496,0.8905,49.976
Evening_High,2020-01-13 22:48:00,0.040403,229.803,0.9758,49.989
Evening_High,2020-01-13 22:51:00,0.048184,229.525,1.1511,49.978
Evening_High,2020-01-13 22:54:00,0.044423,231.262,1.0709,49.976
Evening_High,2020-01-13 22:57:00,0.054038,229.343,1.2552,49.986
Evening_High,2020-01-13 23:00:00,0.041301,231.097,1.0348,49.98
Evening_High,2020-01-13 23:03:00,0.044415,229.379,1.0229,50.003
Evening_High,2020-01-13 23:06:00,0.038209,230.285,0.9314,49.962
Evening_High,2020-01-13 23:09:00,0.033978,230.601,0.8586,50.004
Evening_High,2020-01-13 23:12:00,0.039123,229.714,0.938,49.995
Evening_High,2020-01-13 23:15:00,0.035589,229.676,0.9419,49.996
Evening_High,2020-01-13 23:18:00,0.024405,232.204,0.6382,49.958
Evening_High,2020-01-13 23:21:00,0.046976,229.546,1.0669,49.981
Evening_High,2020-01-13 23:24:00,0.030981,230.785,0.7856,49.996
Evening_High,2020-01-13 23:27:00,0.03962,228.818,0.8862,49.988
Evening_High,2020-01-13 23:30:00,0.045835,230.896,1.0764,49.995
Evening_High,2020-01-13 23:33:00,0.039218,230.232,0.936,49.983
Evening_High,2020-01-13 23:36:00,0.039328,230.371,0.9141,49.997
Evening_High,2020-01-13 23:39:00,0.033361,229.468,0.8536,49.994
Evening_High,2020-01-13 23:42:00,0.034139,231.043,0.8974,49.996
Evening_High,2020-01-13 23:45:00,0.029066,231.149,0.81,49.995
Evening_High,2020-01-13 23:48:00,0.027728,230.972,0.6764,49.985
Evening_High,2020-01-13 23:51:00,0.040314,230.555,0.9851,49.973
Evening_High,2020-01-13 23:54:00,0.031916,230.153,0.8025,49.982
Evening_High,2020-01-13 23:57:00,0.022036,232.428,0.5807,50.013
Evening_High,2020-01-14 00:00:00,0.017174,229.67,0.484,50.018
Evening_High,2020-01-14 00:03:00,0.033886,230.489,0.8413,50.004
Evening_High,2020-01-14 00:06:00,0.03215,230.291,0.8781,49.987
Evening_High,2020-01-14 00:09:00,0.027447,231.598,0.8002,50.001
Evening_High,2020-01-14 00:12:00,0.037478,231.391,0.9796,50.002
Evening_High,2020-01-14 00:15:00,0.024443,229.057,0.7231,50.018
Evening_High,2020-01-14 00:18:00,0.018745,231.456,0.6003,49.996
Evening_High,2020-01-14 00:21:00,0.025873,230.187,0.6555,49.967
Evening_High,2020-01-14 00:24:00,0.034703,230.588,0.86,49.994
Evening_High,2020-01-14 00:27:00,0.026649,232.109,0.7476,49.996
Evening_High,2020-01-14 00:30:00,0.020981,230.0,0.6401,49.971
Evening_High,2020-01-14 00:33:00,0.027727,229.473,0.7336,49.996
Evening_High,2020-01-14 00:36:00,0.017277,229.775,0.5567,50.009
Evening_High,2020-01-14 00:39:00,0.015009,230.949,0.4839,49.981
Evening_High,2020-01-14 00:42:00,0.024705,230.707,0.6719,49.989
Evening_High,2020-01-14 00:45:00,0.020708,230.51,0.6721,49.974
Evening_High,2020-01-14 00:48:00,0.01566,231.502,0.515,50.004
Evening_High,2020-01-14 00:51:00,0.023295,230.679,0.7384,49.986
Evening_High,2020-01-14 00:54:00,0.014356,231.016,0.5467,49.984
Evening_High,2020-01-14 00:57:00,0.024718,231.156,0.7308,49.993
Evening_High,2020-01-14 01:00:00,0.014887,231.427,0.532,49.992
Evening_High,2020-01-14 01:03:00,0.025286,229.823,0.764,50.0
Evening_High,2020-01-14 01:06:00,0.022239,230.159,0.6272,50.01
Evening_High,2020-01-14 01:09:00,0.007381,232.207,0.4062,49.991
Evening_High,2020-01-14 01:12:00,0.026901,230.749,0.7988,50.012
Evening_High,2020-01-14 01:15:00,0.023295,231.23,0.694,50.0
Evening_High,2020-01-14 01:18:00,0.019381,229.353,0.529,49.996
Evening_High,2020-01-14 01:21:00,0.017275,231.701,0.6139,50.005
Evening_High,2020-01-14 01:24:00,0.014461,230.477,0.5004,49.986
Evening_High,2020-01-14 01:27:00,0.027892,231.881,0.7342,49.987
Evening_High,2020-01-14 01:30:00,0.023185,230.797,0.6805,49.987
Evening_High,2020-01-14 01:33:00,0.020395,231.04,0.5625,49.979
Evening_High,2020-01-14 01:36:00,0.026993,231.528,0.7351,49.997
Evening_High,2020-01-14 01:39:00,0.009871,230.737,0.376,49.988
Evening_High,2020-01-14 01:42:00,0.016479,231.752,0.61,50.008
Evening_High,2020-01-14 01:45:00,0.010758,230.843,0.4942,49.98
Evening_High,2020-01-14 01:48:00,0.022981,229.579,0.6733,49.996
Evening_High,2020-01-14 01:51:00,0.022155,228.758,0.6877,50.014
Evening_High,2020-01-14 01:54:00,0.008464,230.301,0.376,50.005
Evening_High,2020-01-14 01:57:00,0.010676,230.359,0.426,50.011
Evening_High,2020-01-14 02:00:00,0.02659,231.02,0.725,49.981
Evening_High,2020-01-14 02:03:00,0.017217,231.601,0.5393,49.986
Evening_High,2020-01-14 02:06:00,0.018507,231.235,0.5887,49.983
Evening_High,2020-01-14 02:09:00,0.019546,230.879,0.6537,50.001
Evening_High,2020-01-14 02:12:00,0.012865,230.538,0.4975,49.986
Evening_High,2020-01-14 02:15:00,0.023655,229.408,0.7338,49.983
Evening_High,2020-01-14 02:18:00,0.018005,230.247,0.6149,50.022
Evening_High,2020-01-14 02:21:00,0.015396,230.042,0.4657,50.013
Evening_High,2020-01-14 02:24:00,0.021048,231.632,0.6899,49.984
Evening_High,2020-01-14 02:27:00,0.02329,230.098,0.6708,49.963
Evening_High,2020-01-14 02:30:00,0.014588,229.475,0.5253,49.994
Evening_High,2020-01-14 02:33:00,0.012497,232.309,0.4334,49.998
Evening_High,2020-01-14 02:36:00,0.018596,230.607,0.5928,49.985
Evening_High,2020-01-14 02:39:00,0.009618,230.912,0.4157,50.003
Evening_High,2020-01-14 02:42:00,0.018073,230.405,0.5451,50.013
Evening_High,2020-01-14 02:45:00,0.022431,230.94,0.6655,50.018
Evening_High,2020-01-14 02:48:00,0.018937,230.73,0.6407,49.99
Evening_High,2020-01-14 02:51:00,0.022941,231.576,0.7149,49.989
Evening_High,2020-01-14 02:54:00,0.027011,230.306,0.7414,49.987
Evening_High,2020-01-14 02:57:00,0.022617,230.763,0.6394,49.996
Evening_High,2020-01-14 03:00:00,0.025926,230.196,0.662,50.003
Evening_High,2020-01-14 03:03:00,0.028864,231.802,0.8282,50.011
Evening_High,2020-01-14 03:06:00,0.014406,230.378,0.4364,49.979
Evening_High,2020-01-14 03:09:00,0.021557,230.151,0.6249,49.995
Evening_High,2020-01-14 03:12:00,0.009941,231.414,0.4098,49.997
Evening_High,2020-01-14 03:15:00,0.019466,230.83,0.6469,49.997
Evening_High,2020-01-14 03:18:00,0.011033,232.831,0.4652,49.977
Evening_High,2020-01-14 03:21:00,0.024749,230.77,0.7244,50.021
Evening_High,2020-01-14 03:24:00,0.016975,231.216,0.5526,49.993
Evening_High,2020-01-14 03:27:00,0.020735,232.68,0.6165,50.001
Evening_High,2020-01-14 03:30:00,0.020022,230.424,0.5674,49.986
Evening_High,2020-01-14 03:33:00,0.028869,231.195,0.7845,49.99
Evening_High,2020-01-14 03:36:00,0.02356,230.866,0.6548,50.009
Evening_High,2020-01-14 03:39:00,0.022118,232.623,0.6461,49.988
Evening_High,2020-01-14 03:42:00,0.025197,230.883,0.69,49.989
Evening_High,2020-01-14 03:45:00,0.008644,232.137,0.4294,50.008
Evening_High,2020-01-14 03:48:00,0.02128,229.815,0.6275,49.99
Evening_High,2020-01-14 03:51:00,0.024101,230.843,0.686,50.006
Evening_High,2020-01-14 03:54:00,0.02035,232.946,0.6162,50.009
Evening_High,2020-01-14 03:57:00,0.019532,231.108,0.5803,49.989
Evening_High,2020-01-14 04:00:00,0.018564,231.045,0.6429,50.012
Evening_High,2020-01-14 04:03:00,0.019331,229.835,0.5614,50.011
Evening_High,2020-01-14 04:06:00,0.014976,230.106,0.5472,49.99
Evening_High,2020-01-14 04:09:00,0.011133,230.045,0.4358,50.006
Evening_High,2020-01-14 04:12:00,0.01792,231.987,0.5987,49.986
Evening_High,2020-01-14 04:15:00,0.019064,230.52,0.6031,49.999
Evening_High,2020-01-14 04:18:00,0.020996,231.16,0.6254,50.025
Evening_High,2020-01-14 04:21:00,0.019807,231.84,0.6157,49.99
Evening_High,2020-01-14 04:24:00,0.016043,230.559,0.5189,49.995
Evening_High,2020-01-14 04:27:00,0.017775,231.491,0.5833,49.996
Evening_High,2020-01-14 04:30:00,0.017705,232.323,0.5821,49.982
Evening_High,2020-01-14 04:33:00,0.029527,231.178,0.8306,49.995
Evening_High,2020-01-14 04:36:00,0.021714,229.831,0.6862,49.997
Evening_High,2020-01-14 04:39:00,0.022969,230.994,0.6444,50.002
Evening_High,2020-01-14 04:42:00,0.033097,231.443,0.8722,50.02
Evening_High,2020-01-14 04:45:00,0.010264,230.08,0.4662,49.984
Evening_High,2020-01-14 04:48:00,0.018287,231.754,0.5675,49.995
Evening_High,2020-01-14 04:51:00,0.017941,231.013,0.5814,49.987
Evening_High,2020-01-14 04:54:00,0.022653,230.973,0.6482,50.004
Evening_High,2020-01-14 04:57:00,0.019186,230.85,0.6021,49.998
Evening_High,2020-01-14 05:00:00,0.013113,231.279,0.4674,50.008
Evening_High,2020-01-14 05:03:00,0.02231,231.099,0.6464,50.008
Evening_High,2020-01-14 05:06:00,0.018323,230.831,0.6137,49.972
Evening_High,2020-01-14 05:09:00,0.015412,231.458,0.5263,49.977
Evening_High,2020-01-14 05:12:00,0.017045,232.317,0.5359,49.981
Evening_High,2020-01-14 05:15:00,0.016917,229.975,0.5434,49.996
Evening_High,2020-01-14 05:18:00,0.013989,230.132,0.4155,50.003
Evening_High,2020-01-14 05:21:00,0.019696,231.4,0.5813,50.002
Evening_High,2020-01-14 05:24:00,0.017041,230.823,0.6014,49.976
Evening_High,2020-01-14 05:27:00,0.013874,230.568,0.4756,49.999
Evening_High,2020-01-14 05:30:00,0.02119,231.102,0.6637,49.974
Evening_High,2020-01-14 05:33:00,0.019335,229.634,0.6398,50.003
Evening_High,2020-01-14 05:36:00,0.017127,230.873,0.5765,50.002
Evening_High,2020-01-14 05:39:00,0.01648,232.159,0.5119,49.998
Evening_High,2020-01-14 05:42:00,0.015022,231.78,0.6112,49.994
Evening_High,2020-01-14 05:45:00,0.02758,230.476,0.7111,50.0
Evening_High,2020-01-14 05:48:00,0.011643,231.468,0.4562,49.991
Evening_High,2020-01-14 05:51:00,0.02575,230.207,0.7169,49.995
Evening_High,2020-01-14 05:54:00,0.019976,229.622,0.61,49.994
Evening_High,2020-01-14 05:57:00,0.015313,231.621,0.4759,49.993
Evening_High,2020-01-14 06:00:00,0.024738,231.123,0.7256,49.996
Evening_High,2020-01-14 06:03:00,0.035138,230.782,0.9417,49.996
Evening_High,2020-01-14 06:06:00,0.022483,232.0,0.6765,50.006
Evening_High,2020-01-14 06:09:00,0.021756,232.569,0.6658,49.99
Evening_High,2020-01-14 06:12:00,0.017191,231.566,0.5655,49.987
Evening_High,2020-01-14 06:15:00,0.019036,230.883,0.6389,50.001
Evening_High,2020-01-14 06:18:00,0.018925,231.652,0.5275,50.0
Evening_High,2020-01-14 06:21:00,0.013546,231.57,0.5434,49.996
Evening_High,2020-01-14 06:24:00,0.013906,230.512,0.5511,49.997
Evening_High,2020-01-14 06:27:00,0.02492,231.298,0.6916,50.008
Evening_High,2020-01-14 06:30:00,0.015523,231.398,0.4903,50.02
Evening_High,2020-01-14 06:33:00,0.020789,231.197,0.6064,49.972
Evening_High,2020-01-14 06:36:00,0.022979,231.165,0.6278,50.001
Evening_High,2020-01-14 06:39:00,0.019518,231.425,0.5725,49.995
Evening_High,2020-01-14 06:42:00,0.02285,229.814,0.6557,50.032
Evening_High,2020-01-14 06:45:00,0.027775,230.692,0.6947,49.977
Evening_High,2020-01-14 06:48:00,0.019314,231.626,0.6061,50.007
Evening_High,2020-01-14 06:51:00,0.023747,231.214,0.6388,49.971
Evening_High,2020-01-14 06:54:00,0.013742,231.393,0.4686,50.001
Evening_High,2020-01-14 06:57:00,0.016907,230.769,0.5243,49.995
Evening_High,2020-01-14 07:00:00,0.013074,229.46,0.4869,49.984
Evening_High,2020-01-14 07:03:00,0.015683,232.114,0.4862,49.98
Evening_High,2020-01-14 07:06:00,0.019801,231.552,0.6628,50.002
Evening_High,2020-01-14 07:09:00,0.020458,230.199,0.6372,49.982
Evening_High,2020-01-14 07:12:00,0.015574,230.669,0.5436,49.983
Evening_High,2020-01-14 07:15:00,0.016239,229.841,0.5316,50.016
Evening_High,2020-01-14 07:18:00,0.015581,230.94,0.5231,50.005
Evening_High,2020-01-14 07:21:00,0.018432,230.389,0.553,50.012
Evening_High,2020-01-14 07:24:00,0.01493,231.209,0.5017,49.986
Evening_High,2020-01-14 07:27:00,0.013055,231.796,0.4796,49.999
Evening_High,2020-01-14 07:30:00,0.021548,230.787,0.6336,50.023
Evening_High,2020-01-14 07:33:00,0.023032,231.725,0.6557,49.987
Evening_High,2020-01-14 07:36:00,0.01529,231.643,0.5904,50.0
Evening_High,2020-01-14 07:39:00,0.018772,230.828,0.5768,50.003
Evening_High,2020-01-14 07:42:00,0.028912,229.885,0.8158,49.992
Evening_High,2020-01-14 07:45:00,0.011399,231.156,0.4747,49.996
Evening_High,2020-01-14 07:48:00,0.012888,231.271,0.5217,49.993
Evening_High,2020-01-14 07:51:00,0.021274,230.174,0.6558,50.002
Evening_High,2020-01-14 07:54:00,0.019954,231.302,0.6132,49.979
Evening_High,2020-01-14 07:57:00,0.019172,230.907,0.6195,50.019
Evening_High,2020-01-14 08:00:00,0.020991,230.847,0.673,49.995
Evening_High,2020-01-14 08:03:00,0.018181,231.439,0.5578,50.006
Evening_High,2020-01-14 08:06:00,0.018601,232.162,0.5909,50.002
Evening_High,2020-01-14 08:09:00,0.011686,231.4,0.4771,50.003
Evening_High,2020-01-14 08:12:00,0.021728,230.093,0.6769,50.006
Evening_High,2020-01-14 08:15:00,0.024045,232.503,0.6755,50.026
Evening_High,2020-01-14 08:18:00,0.021493,231.675,0.6496,49.998
Evening_High,2020-01-14 08:21:00,0.024197,232.093,0.7128,50.008
Evening_High,2020-01-14 08:24:00,0.026796,229.78,0.7713,50.009
Evening_High,2020-01-14 08:27:00,0.014864,230.951,0.5727,50.005
Evening_High,2020-01-14 08:30:00,0.024039,232.211,0.6512,49.986
Evening_High,2020-01-14 08:33:00,0.019954,231.91,0.6258,50.001
Evening_High,2020-01-14 08:36:00,0.018848,229.85,0.5758,50.01
Evening_High,2020-01-14 08:39:00,0.014737,232.517,0.4594,50.009
Evening_High,2020-01-14 08:42:00,0.020365,230.081,0.6373,49.996
Evening_High,2020-01-14 08:45:00,0.018655,231.629,0.5715,49.984
Evening_High,2020-01-14 08:48:00,0.019048,231.197,0.5818,49.998
Evening_High,2020-01-14 08:51:00,0.013404,231.435,0.4994,49.995
Evening_High,2020-01-14 08:54:00,0.022542,229.573,0.5967,50.014
Evening_High,2020-01-14 08:57:00,0.014256,232.441,0.4743,49.996
Evening_High,2020-01-14 09:00:00,0.027832,230.701,0.7221,50.018
Evening_High,2020-01-14 09:03:00,0.02423,230.849,0.71,50.015
Evening_High,2020-01-14 09:06:00,0.008566,233.553,0.4013,49.968
Evening_High,2020-01-14 09:09:00,0.020028,230.235,0.6811,50.007
Evening_High,2020-01-14 09:12:00,0.019997,231.938,0.6229,50.008
Evening_High,2020-01-14 09:15:00,0.01581,231.695,0.5496,50.002
Evening_High,2020-01-14 09:18:00,0.021387,231.532,0.6547,50.0
Evening_High,2020-01-14 09:21:00,0.022381,230.949,0.7124,50.016
Evening_High,2020-01-14 09:24:00,0.022833,232.626,0.6269,50.011
Evening_High,2020-01-14 09:27:00,0.015474,231.446,0.5572,50.013
Evening_High,2020-01-14 09:30:00,0.020348,230.691,0.6161,49.996
Evening_High,2020-01-14 09:33:00,0.016274,232.216,0.5404,49.981
Evening_High,2020-01-14 09:36:00,0.023033,230.422,0.6374,49.994
Evening_High,2020-01-14 09:39:00,0.02358,230.726,0.651,50.015
Evening_High,2020-01-14 09:42:00,0.016993,230.984,0.5586,49.964
Evening_High,2020-01-14 09:45:00,0.01935,230.922,0.5824,49.988
Evening_High,2020-01-14 09:48:00,0.030722,230.796,0.8105,49.992
Evening_High,2020-01-14 09:51:00,0.023729,230.596,0.6952,50.0
Evening_High,2020-01-14 09:54:00,0.018913,231.573,0.6113,49.987
Evening_High,2020-01-14 09:57:00,0.02283,230.498,0.5905,50.011
Evening_High,2020-01-14 10:00:00,0.019288,233.005,0.6229,49.975
Evening_High,2020-01-14 10:03:00,0.009526,229.876,0.4053,50.005
Evening_High,2020-01-14 10:06:00,0.020816,232.842,0.6323,49.995
Evening_High,2020-01-14 10:09:00,0.023337,229.955,0.7314,50.006
Evening_High,2020-01-14 10:12:00,0.0215,231.685,0.6642,49.987
Evening_High,2020-01-14 10:15:00,0.022301,231.061,0.617,49.986
Evening_High,2020-01-14 10:18:00,0.028219,230.494,0.7396,50.005
Evening_High,2020-01-14 10:21:00,0.020311,231.066,0.6325,50.01
Evening_High,2020-01-14 10:24:00,0.025197,231.235,0.6673,50.009
Evening_High,2020-01-14 10:27:00,0.02142,229.769,0.6312,49.991
Evening_High,2020-01-14 10:30:00,0.0124,232.173,0.4868,49.977
Evening_High,2020-01-14 10:33:00,0.025828,230.788,0.7256,49.992
Evening_High,2020-01-14 10:36:00,0.015124,230.658,0.5984,50.008
Evening_High,2020-01-14 10:39:00,0.024773,231.563,0.6749,50.006
Evening_High,2020-01-14 10:42:00,0.031961,230.209,0.8303,49.976
Evening_High,2020-01-14 10:45:00,0.024552,231.788,0.7649,50.03
Evening_High,2020-01-14 10:48:00,0.027069,231.203,0.6718,49.999
Evening_High,2020-01-14 10:51:00,0.026365,230.571,0.6889,49.99
Evening_High,2020-01-14 10:54:00,0.026854,232.255,0.6814,50.002
Evening_High,2020-01-14 10:57:00,0.020501,231.159,0.6522,49.983
Evening_High,2020-01-14 11:00:00,0.018955,230.418,0.5436,49.995
Evening_High,2020-01-14 11:03:00,0.025197,231.613,0.741,49.987
Evening_High,2020-01-14 11:06:00,0.015536,230.308,0.513,49.991
Evening_High,2020-01-14 11:09:00,0.023283,231.358,0.6636,50.012
Evening_High,2020-01-14 11:12:00,0.035652,229.784,0.8946,49.975
Evening_High,2020-01-14 11:15:00,0.01874,233.276,0.6061,50.014
Evening_High,2020-01-14 11:18:00,0.030981,230.226,0.8555,50.004
Evening_High,2020-01-14 11:21:00,0.013143,230.905,0.5051,49.988
Evening_High,2020-01-14 11:24:00,0.030306,230.092,0.7195,50.013
Evening_High,2020-01-14 11:27:00,0.026941,232.264,0.7494,49.992
Evening_High,2020-01-14 11:30:00,0.023282,230.667,0.6785,49.992
Evening_High,2020-01-14 11:33:00,0.02562,231.131,0.7341,49.988
Evening_High,2020-01-14 11:36:00,0.031429,231.808,0.8461,50.012
Evening_High,2020-01-14 11:39:00,0.022268,231.206,0.6691,49.987
Evening_High,2020-01-14 11:42:00,0.019933,230.139,0.654,49.979
Evening_High,2020-01-14 11:45:00,0.036204,229.323,0.8711,49.995
Evening_High,2020-01-14 11:48:00,0.018731,232.805,0.5806,50.007
Evening_High,2020-01-14 11:51:00,0.02236,230.671,0.6719,49.984
Evening_High,2020-01-14 11:54:00,0.019166,232.119,0.6335,49.972
Evening_High,2020-01-14 11:57:00,0.01597,230.856,0.4977,50.003
Evening_High,2020-01-14 12:00:00,0.018313,231.269,0.5536,49.994
Evening_High,2020-01-14 12:03:00,0.02656,229.584,0.7659,50.006
Evening_High,2020-01-14 12:06:00,0.016721,231.312,0.5452,49.985
Evening_High,2020-01-14 12:09:00,0.028914,230.424,0.7992,49.98
Evening_High,2020-01-14 12:12:00,0.021033,230.741,0.6304,50.0
Evening_High,2020-01-14 12:15:00,0.024838,231.749,0.6834,49.97
Evening_High,2020-01-14 12:18:00,0.031021,228.536,0.863,49.984
Evening_High,2020-01-14 12:21:00,0.027826,231.295,0.7417,49.985
Evening_High,2020-01-14 12:24:00,0.023976,229.379,0.6848,49.996
Evening_High,2020-01-14 12:27:00,0.035171,230.503,0.9227,50.02
Evening_High,2020-01-14 12:30:00,0.022308,230.2,0.6233,49.998
Evening_High,2020-01-14 12:33:00,0.03289,230.915,0.7916,50.014
Evening_High,2020-01-14 12:36:00,0.028564,229.72,0.7281,50.006
Evening_High,2020-01-14 12:39:00,0.025299,231.324,0.6929,50.0
Evening_High,2020-01-14 12:42:00,0.024196,230.285,0.6804,49.999
Evening_High,2020-01-14 12:45:00,0.020599,228.861,0.6003,49.994
Evening_High,2020-01-14 12:48:00,0.034514,229.919,0.8283,49.97
Evening_High,2020-01-14 12:51:00,0.036232,229.808,0.8796,49.995
Evening_High,2020-01-14 12:54:00,0.013437,232.328,0.5141,50.015
Evening_High,2020-01-14 12:57:00,0.016237,231.674,0.5717,49.998
Evening_High,2020-01-14 13:00:00,0.021251,231.798,0.6574,49.989
Evening_High,2020-01-14 13:03:00,0.039622,229.807,0.9175,49.991
Evening_High,2020-01-14 13:06:00,0.028196,231.427,0.7333,50.001
Evening_High,2020-01-14 13:09:00,0.027171,230.106,0.7709,49.986
Evening_High,2020-01-14 13:12:00,0.025316,229.713,0.6517,50.001
Evening_High,2020-01-14 13:15:00,0.047889,230.65,1.0988,49.995
Evening_High,2020-01-14 13:18:00,0.023567,232.243,0.7238,50.014
Evening_High,2020-01-14 13:21:00,0.024149,230.728,0.6209,49.986
Evening_High,2020-01-14 13:24:00,0.017416,230.955,0.5005,50.005
Evening_High,2020-01-14 13:27:00,0.024844,231.302,0.7318,49.988
Evening_High,2020-01-14 13:30:00,0.034817,230.339,0.9127,50.007
Evening_High,2020-01-14 13:33:00,0.034205,231.397,0.841,49.988
Evening_High,2020-01-14 13:36:00,0.027483,232.241,0.7164,50.003
Evening_High,2020-01-14 13:39:00,0.019155,232.32,0.5215,50.001
Evening_High,2020-01-14 13:42:00,0.024238,233.142,0.7234,50.005
Evening_High,2020-01-14 13:45:00,0.029066,230.796,0.7881,49.999
Evening_High,2020-01-14 13:48:00,0.027818,231.53,0.7691,49.989
Evening_High,2020-01-14 13:51:00,0.035712,228.517,0.8644,49.987
Evening_High,2020-01-14 13:54:00,0.017801,231.728,0.5622,49.969
Evening_High,2020-01-14 13:57:00,0.026693,231.179,0.6735,49.982
Evening_High,2020-01-14 14:00:00,0.028939,229.571,0.7434,50.003
Evening_High,2020-01-14 14:03:00,0.038777,230.242,0.9319,49.981
Evening_High,2020-01-14 14:06:00,0.035412,230.019,0.9276,49.987
Evening_High,2020-01-14 14:09:00,0.030565,230.256,0.7383,49.969
Evening_High,2020-01-14 14:12:00,0.036086,230.574,0.9307,49.988
Evening_High,2020-01-14 14:15:00,0.030631,230.213,0.7904,49.973
Evening_High,2020-01-14 14:18:00,0.017963,231.809,0.569,50.022
Evening_High,2020-01-14 14:21:00,0.035154,229.708,0.8601,49.998
Evening_High,2020-01-14 14:24:00,0.021859,231.105,0.6128,50.014
Evening_High,2020-01-14 14:27:00,0.025659,230.121,0.7041,50.002
Evening_High,2020-01-14 14:30:00,0.030491,229.386,0.8554,49.981
Evening_High,2020-01-14 14:33:00,0.03405,230.72,0.8903,49.985
Evening_High,2020-01-14 14:36:00,0.02248,230.494,0.6785,49.996
Evening_High,2020-01-14 14:39:00,0.038651,231.292,0.9441,49.967
Evening_High,2020-01-14 14:42:00,0.031048,230.918,0.7972,50.012
Evening_High,2020-01-14 14:45:00,0.025051,230.12,0.7071,49.981
Evening_High,2020-01-14 14:48:00,0.024156,232.633,0.6603,49.988
Evening_High,2020-01-14 14:51:00,0.022872,230.023,0.6433,49.992
Evening_High,2020-01-14 14:54:00,0.024525,230.644,0.7147,49.983
Evening_High,2020-01-14 14:57:00,0.029611,232.3,0.7801,49.987
Evening_High,2020-01-14 15:00:00,0.025452,230.839,0.7115,50.007
Evening_High,2020-01-14 15:03:00,0.026295,231.208,0.7784,50.007
Evening_High,2020-01-14 15:06:00,0.039379,229.831,0.9159,49.989
Evening_High,2020-01-14 15:09:00,0.032146,230.902,0.8217,49.982
Evening_High,2020-01-14 15:12:00,0.021598,230.436,0.663,50.004
Evening_High,2020-01-14 15:15:00,0.036497,230.361,0.876,49.986
Evening_High,2020-01-14 15:18:00,0.038705,229.143,0.9292,49.983
Evening_High,2020-01-14 15:21:00,0.031478,230.874,0.7714,49.981
Evening_High,2020-01-14 15:24:00,0.039312,230.56,0.8852,49.984
Evening_High,2020-01-14 15:27:00,0.024913,229.162,0.659,50.0
Evening_High,2020-01-14 15:30:00,0.024185,230.354,0.7142,50.001
Evening_High,2020-01-14 15:33:00,0.035519,231.699,0.8875,50.002
Evening_High,2020-01-14 15:36:00,0.028962,232.239,0.8051,50.011
Evening_High,2020-01-14 15:39:00,0.030036,230.906,0.8227,49.994
Evening_High,2020-01-14 15:42:00,0.030362,230.974,0.843,50.002
Evening_High,2020-01-14 15:45:00,0.034576,229.573,0.8772,49.987
Evening_High,2020-01-14 15:48:00,0.016314,229.133,0.5165,49.993
Evening_High,2020-01-14 15:51:00,0.019042,231.129,0.5402,50.018
Evening_High,2020-01-14 15:54:00,0.034651,231.446,0.8377,49.973
Evening_High,2020-01-14 15:57:00,0.050066,229.554,1.1377,49.991
Evening_High,2020-01-14 16:00:00,0.02182,230.591,0.5659,50.024
Evening_High,2020-01-14 16:03:00,0.027203,231.641,0.7731,49.973
Evening_High,2020-01-14 16:06:00,0.032085,230.763,0.7903,50.006
Evening_High,2020-01-14 16:09:00,0.039685,230.514,0.9187,50.014
Evening_High,2020-01-14 16:12:00,0.039693,230.888,0.9389,49.987
Evening_High,2020-01-14 16:15:00,0.043775,230.399,1.056,49.991
Evening_High,2020-01-14 16:18:00,0.039981,229.344,0.9418,49.987
Evening_High,2020-01-14 16:21:00,0.022309,230.273,0.6703,50.006
Evening_High,2020-01-14 16:24:00,0.028204,231.5,0.7423,50.011
Evening_High,2020-01-14 16:27:00,0.053666,228.584,1.2231,49.985
Evening_High,2020-01-14 16:30:00,0.033262,229.675,0.847,49.995
Evening_High,2020-01-14 16:33:00,0.042214,229.147,1.0471,49.991
Evening_High,2020-01-14 16:36:00,0.041079,231.276,0.9702,49.998
Evening_High,2020-01-14 16:39:00,0.037651,229.875,0.8834,50.007
Evening_High,2020-01-14 16:42:00,0.039676,229.338,0.9337,49.987
Evening_High,2020-01-14 16:45:00,0.040862,231.963,0.9671,50.002
Evening_High,2020-01-14 16:48:00,0.029957,230.032,0.7926,49.989
Evening_High,2020-01-14 16:51:00,0.046088,229.989,1.0759,49.994
Evening_High,2020-01-14 16:54:00,0.040565,231.732,0.926,49.971
Evening_High,2020-01-14 16:57:00,0.046554,228.414,1.0756,49.998
Evening_High,2020-01-14 17:00:00,0.048975,230.744,1.1104,49.975
Evening_High,2020-01-14 17:03:00,0.03739,230.653,0.9484,49.976
Evening_High,2020-01-14 17:06:00,0.048684,228.909,1.0352,49.989
Evening_High,2020-01-14 17:09:00,0.033003,230.956,0.8087,49.996
Evening_High,2020-01-14 17:12:00,0.044794,229.562,1.072,49.984
Evening_High,2020-01-14 17:15:00,0.041349,229.81,1.0149,50.002
Evening_High,2020-01-14 17:18:00,0.060664,227.938,1.3379,49.988
Evening_High,2020-01-14 17:21:00,0.048969,231.263,1.1263,49.976
Evening_High,2020-01-14 17:24:00,0.045431,229.831,1.0573,49.988
Evening_High,2020-01-14 17:27:00,0.046402,228.08,1.1328,49.981
Evening_High,2020-01-14 17:30:00,0.046004,230.01,1.1087,49.993
Evening_High,2020-01-14 17:33:00,0.044685,230.199,1.0877,50.006
Evening_High,2020-01-14 17:36:00,0.037841,231.097,0.9285,49.991
Evening_High,2020-01-14 17:39:00,0.072011,228.516,1.5369,49.982
Evening_High,2020-01-14 17:42:00,0.084151,228.264,1.7145,49.99
Evening_High,2020-01-14 17:45:00,0.065795,228.55,1.4217,49.983
Evening_High,2020-01-14 17:48:00,0.043148,229.9,1.0362,49.993
Evening_High,2020-01-14 17:51:00,0.059827,228.906,1.3088,50.002
Evening_High,2020-01-14 17:54:00,0.060138,230.182,1.3622,49.992
Evening_High,2020-01-14 17:57:00,0.080121,228.396,1.7012,49.973
Evening_High,2020-01-14 18:00:00,0.032415,230.799,0.8894,50.003
Evening_High,2020-01-14 18:03:00,0.085203,227.513,1.7857,49.987
Evening_High,2020-01-14 18:06:00,0.084073,227.931,1.7505,49.992
Evening_High,2020-01-14 18:09:00,0.045056,230.126,1.0659,49.972
Evening_High,2020-01-14 18:12:00,0.07276,228.896,1.5438,49.986
Evening_High,2020-01-14 18:15:00,0.060401,229.185,1.332,49.983
Evening_High,2020-01-14 18:18:00,0.076276,229.93,1.6082,49.996
Evening_High,2020-01-14 18:21:00,0.076565,226.924,1.6474,49.971
Evening_High,2020-01-14 18:24:00,0.076205,228.916,1.6444,49.986
Evening_High,2020-01-14 18:27:00,0.066541,228.822,1.4152,49.987
Evening_High,2020-01-14 18:30:00,0.060019,229.191,1.3563,50.0
Evening_High,2020-01-14 18:33:00,0.030654,232.383,0.7801,50.013
Evening_High,2020-01-14 18:36:00,0.096288,228.726,1.9976,49.993
Evening_High,2020-01-14 18:39:00,0.055119,230.29,1.2673,49.977
Evening_High,2020-01-14 18:42:00,0.07657,228.016,1.5887,49.98
Evening_High,2020-01-14 18:45:00,0.076,229.038,1.6552,49.999
Evening_High,2020-01-14 18:48:00,0.084827,227.549,1.7747,49.973
Evening_High,2020-01-14 18:51:00,0.100015,227.861,2.0179,49.976
Evening_High,2020-01-14 18:54:00,0.086163,226.946,1.7827,49.956
Evening_High,2020-01-14 18:57:00,0.029696,230.037,0.8122,49.979
Evening_High,2020-01-14 19:00:00,0.073466,228.512,1.4859,49.968
Evening_High,2020-01-14 19:03:00,0.048589,229.298,1.1674,50.005
Evening_High,2020-01-14 19:06:00,0.086703,227.781,1.7602,49.987
Evening_High,2020-01-14 19:09:00,0.076062,228.28,1.6214,49.992
Evening_High,2020-01-14 19:12:00,0.113612,225.962,2.2986,49.964
Evening_High,2020-01-14 19:15:00,0.086139,227.433,1.7907,49.975
Evening_High,2020-01-14 19:18:00,0.082558,227.83,1.7112,49.979
Evening_High,2020-01-14 19:21:00,0.094382,227.388,1.94,49.976
Evening_High,2020-01-14 19:24:00,0.107406,226.359,2.2417,49.968
Evening_High,2020-01-14 19:27:00,0.104123,226.644,2.0975,49.997
Evening_High,2020-01-14 19:30:00,0.05026,229.137,1.1846,49.987
Evening_High,2020-01-14 19:33:00,0.106938,227.117,2.1617,49.97
Evening_High,2020-01-14 19:36:00,0.106636,226.5,2.1528,49.989
Evening_High,2020-01-14 19:39:00,0.096715,228.483,1.9662,49.976
Evening_High,2020-01-14 19:42:00,0.146262,225.845,2.8913,49.953
Evening_High,2020-01-14 19:45:00,0.031183,230.192,0.7797,49.972
Evening_High,2020-01-14 19:48:00,0.106639,226.902,2.1654,49.971
Evening_High,2020-01-14 19:51:00,0.113973,226.221,2.2815,49.957
Evening_High,2020-01-14 19:54:00,0.061312,229.675,1.358,49.996
Evening_High,2020-01-14 19:57:00,0.087853,227.449,1.8121,49.992
Evening_High,2020-01-14 20:00:00,0.102255,227.227,2.0895,49.974
Evening_High,2020-01-14 20:03:00,0.062215,229.043,1.4007,49.985
Evening_High,2020-01-14 20:06:00,0.073237,229.82,1.4894,49.994
Evening_High,2020-01-14 20:09:00,0.049711,229.139,1.1772,50.004
Evening_High,2020-01-14 20:12:00,0.079661,230.125,1.6751,49.975
Evening_High,2020-01-14 20:15:00,0.069875,229.617,1.5464,49.982
Evening_High,2020-01-14 20:18:00,0.074603,228.559,1.5877,49.986
Evening_High,2020-01-14 20:21:00,0.112446,228.005,2.2216,49.961
Evening_High,2020-01-14 20:24:00,0.117783,226.782,2.3189,49.991
Evening_High,2020-01-14 20:27:00,0.046725,230.48,1.1078,50.013
Evening_High,2020-01-14 20:30:00,0.146742,226.115,2.8968,49.956
Evening_High,2020-01-14 20:33:00,0.095751,227.584,2.0422,49.969
Evening_High,2020-01-14 20:36:00,0.096073,226.624,1.9079,49.971
Evening_High,2020-01-14 20:39:00,0.095582,227.104,2.0153,49.981
Evening_High,2020-01-14 20:42:00,0.086275,229.593,1.7643,49.972
Evening_High,2020-01-14 20:45:00,0.0735,227.685,1.575,49.99
Evening_High,2020-01-14 20:48:00,0.081605,228.262,1.717,49.967
Evening_High,2020-01-14 20:51:00,0.097378,228.423,1.9432,50.009
Evening_High,2020-01-14 20:54:00,0.098316,228.374,2.0207,49.981
Evening_High,2020-01-14 20:57:00,0.08448,227.429,1.7731,49.95
Evening_High,2020-01-14 21:00:00,0.073589,228.703,1.5996,49.956
Evening_High,2020-01-14 21:03:00,0.106844,227.485,2.2037,49.975
Evening_High,2020-01-14 21:06:00,0.102135,227.785,2.0923,49.973
Evening_High,2020-01-14 21:09:00,0.082114,228.502,1.7037,49.983
Evening_High,2020-01-14 21:12:00,0.079531,227.661,1.5791,49.97
Evening_High,2020-01-14 21:15:00,0.088369,227.982,1.8589,49.987
Evening_High,2020-01-14 21:18:00,0.068422,228.323,1.4758,49.978
Evening_High,2020-01-14 21:21:00,0.066239,229.45,1.3876,49.991
Evening_High,2020-01-14 21:24:00,0.039527,230.554,0.9559,49.982
Evening_High,2020-01-14 21:27:00,0.083535,228.32,1.8064,49.956
Evening_High,2020-01-14 21:30:00,0.122926,227.442,2.4918,49.981
Evening_High,2020-01-14 21:33:00,0.064236,228.523,1.3544,49.988
Evening_High,2020-01-14 21:36:00,0.08439,228.812,1.7803,49.973
Evening_High,2020-01-14 21:39:00,0.095641,226.585,1.9614,49.973
Evening_High,2020-01-14 21:42:00,0.078901,229.037,1.6224,49.981
Evening_High,2020-01-14 21:45:00,0.066071,229.481,1.3993,49.98
Evening_High,2020-01-14 21:48:00,0.071899,228.359,1.5621,49.996
Evening_High,2020-01-14 21:51:00,0.066332,227.856,1.4734,49.987
Evening_High,2020-01-14 21:54:00,0.056981,228.794,1.2558,49.989
Evening_High,2020-01-14 21:57:00,0.061441,229.151,1.331,50.003
Evening_High,2020-01-14 22:00:00,0.046854,229.074,1.0962,49.995
Evening_High,2020-01-14 22:03:00,0.03626,229.99,0.9269,50.012
Evening_High,2020-01-14 22:06:00,0.053321,228.854,1.2313,49.996
Evening_High,2020-01-14 22:09:00,0.049012,229.991,1.1695,49.995
Evening_High,2020-01-14 22:12:00,0.04941,230.932,1.1252,49.982
Evening_High,2020-01-14 22:15:00,0.084357,228.392,1.8073,49.987
Evening_High,2020-01-14 22:18:00,0.053317,229.477,1.1497,49.984
Evening_High,2020-01-14 22:21:00,0.067197,229.859,1.4652,49.996
Evening_High,2020-01-14 22:24:00,0.057087,227.849,1.2435,49.996
Evening_High,2020-01-14 22:27:00,0.05191,229.268,1.2031,50.001
Evening_High,2020-01-14 22:30:00,0.065238,229.477,1.3802,49.998
Evening_High,2020-01-14 22:33:00,0.031214,231.028,0.8109,49.986
Evening_High,2020-01-14 22:36:00,0.043042,228.635,1.0124,49.982
Evening_High,2020-01-14 22:39:00,0.034296,230.967,0.8054,50.011
Evening_High,2020-01-14 22:42:00,0.048628,228.179,1.1364,49.995
Evening_High,2020-01-14 22:45:00,0.041802,230.512,0.9361,49.991
Evening_High,2020-01-14 22:48:00,0.044289,228.733,1.061,50.012
Evening_High,2020-01-14 22:51:00,0.039491,230.989,0.966,49.999
Evening_High,2020-01-14 22:54:00,0.048783,231.779,1.1237,49.99
Evening_High,2020-01-14 22:57:00,0.035898,231.123,0.8811,49.985
Evening_High,2020-01-14 23:00:00,0.028793,231.157,0.7518,49.989
Evening_High,2020-01-14 23:03:00,0.035065,230.414,0.8534,50.0
Evening_High,2020-01-14 23:06:00,0.039221,229.654,0.9415,49.996
Evening_High,2020-01-14 23:09:00,0.032923,231.484,0.8072,49.977
Evening_High,2020-01-14 23:12:00,0.03987,230.804,0.9986,50.001
Evening_High,2020-01-14 23:15:00,0.036814,231.46,0.8812,50.007
Evening_High,2020-01-14 23:18:00,0.031938,228.987,0.8511,49.976
Evening_High,2020-01-14 23:21:00,0.03099,231.476,0.7888,49.999
Evening_High,2020-01-14 23:24:00,0.0271,230.571,0.6799,50.011
Evening_High,2020-01-14 23:27:00,0.025771,229.486,0.7179,49.996
Evening_High,2020-01-14 23:30:00,0.023395,231.838,0.6617,49.999
Evening_High,2020-01-14 23:33:00,0.03318,230.583,0.9165,49.978
Evening_High,2020-01-14 23:36:00,0.026956,230.743,0.7215,49.984
Evening_High,2020-01-14 23:39:00,0.029626,230.256,0.7273,49.964
Evening_High,2020-01-14 23:42:00,0.023998,229.93,0.6754,50.009
Evening_High,2020-01-14 23:45:00,0.025943,230.171,0.7177,50.007
Evening_High,2020-01-14 23:48:00,0.011611,231.711,0.4432,49.997
Evening_High,2020-01-14 23:51:00,0.02434,231.524,0.6857,49.992
Evening_High,2020-01-14 23:54:00,0.0168,232.506,0.5782,49.992
Evening_High,2020-01-14 23:57:00,0.02938,230.66,0.8084,49.985
