meter,x_Timestamp,t_kWh,z_Avg Voltage (Volt),z_Avg Current (Amp),y_Freq (Hz)
Morning_High,2020-01-01 00:00:00,0.018733,231.122,0.5771,49.992
Morning_High,2020-01-01 00:03:00,0.020246,229.688,0.6069,49.993
Morning_High,2020-01-01 00:06:00,0.013759,231.068,0.5667,49.994
Morning_High,2020-01-01 00:09:00,0.01518,230.525,0.5145,49.999
Morning_High,2020-01-01 00:12:00,0.021218,230.432,0.6628,50.008
Morning_High,2020-01-01 00:15:00,0.014242,232.846,0.4953,49.985
Morning_High,2020-01-01 00:18:00,0.020228,230.867,0.7056,49.986
Morning_High,2020-01-01 00:21:00,0.014417,232.444,0.5363,50.013
Morning_High,2020-01-01 00:24:00,0.018765,232.311,0.5474,49.975
Morning_High,2020-01-01 00:27:00,0.011422,230.766,0.4929,49.99
Morning_High,2020-01-01 00:30:00,0.02186,230.673,0.5961,49.993
Morning_High,2020-01-01 00:33:00,0.014223,231.217,0.5121,49.997
Morning_High,2020-01-01 00:36:00,0.017879,230.554,0.6117,49.977
Morning_High,2020-01-01 00:39:00,0.027677,230.004,0.7377,49.988
Morning_High,2020-01-01 00:42:00,0.016763,231.257,0.5414,49.997
Morning_High,2020-01-01 00:45:00,0.008891,232.473,0.4018,50.012
Morning_High,2020-01-01 00:48:00,0.016165,230.331,0.5446,50.008
Morning_High,2020-01-01 00:51:00,0.016516,229.083,0.5703,49.978
Morning_High,2020-01-01 00:54:00,0.018123,231.015,0.5604,49.977
Morning_High,2020-01-01 00:57:00,0.016319,230.95,0.5557,50.006
Morning_High,2020-01-01 01:00:00,0.020066,231.697,0.5632,49.998
Morning_High,2020-01-01 01:03:00,0.015711,230.775,0.5494,49.995
Morning_High,2020-01-01 01:06:00,0.015888,230.27,0.5306,50.042
Morning_High,2020-01-01 01:09:00,0.025747,230.93,0.7406,50.006
Morning_High,2020-01-01 01:12:00,0.011376,231.479,0.47,50.002
Morning_High,2020-01-01 01:15:00,0.014283,231.1,0.5603,49.985
Morning_High,2020-01-01 01:18:00,0.014325,231.467,0.5236,49.984
Morning_High,2020-01-01 01:21:00,0.014177,231.691,0.5262,49.995
Morning_High,2020-01-01 01:24:00,0.019588,231.26,0.5861,50.018
Morning_High,2020-01-01 01:27:00,0.018674,232.084,0.6115,50.006
Morning_High,2020-01-01 01:30:00,0.012862,232.934,0.414,49.999
Morning_High,2020-01-01 01:33:00,0.009331,231.068,0.4052,50.006
Morning_High,2020-01-01 01:36:00,0.018557,230.65,0.5678,49.975
Morning_High,2020-01-01 01:39:00,0.019787,229.818,0.5667,49.991
Morning_High,2020-01-01 01:42:00,0.013563,230.979,0.5111,49.995
Morning_High,2020-01-01 01:45:00,0.017267,230.417,0.5767,50.002
Morning_High,2020-01-01 01:48:00,0.019434,231.156,0.663,49.999
Morning_High,2020-01-01 01:51:00,0.011548,231.514,0.4622,50.007
Morning_High,2020-01-01 01:54:00,0.019624,231.462,0.6144,49.993
Morning_High,2020-01-01 01:57:00,0.010146,233.08,0.4532,49.996
Morning_High,2020-01-01 02:00:00,0.020908,230.418,0.5815,50.008
Morning_High,2020-01-01 02:03:00,0.016434,230.941,0.4805,50.016
Morning_High,2020-01-01 02:06:00,0.014697,231.876,0.5431,49.99
Morning_High,2020-01-01 02:09:00,0.013813,231.482,0.5473,50.004
Morning_High,2020-01-01 02:12:00,0.021062,230.9,0.5827,49.974
Morning_High,2020-01-01 02:15:00,0.008733,231.224,0.3925,49.985
Morning_High,2020-01-01 02:18:00,0.021001,229.915,0.6088,49.992
Morning_High,2020-01-01 02:21:00,0.013307,231.293,0.5154,49.998
Morning_High,2020-01-01 02:24:00,0.021707,231.376,0.6616,50.007
Morning_High,2020-01-01 02:27:00,0.021892,230.261,0.6756,50.001
Morning_High,2020-01-01 02:30:00,0.018163,232.304,0.5527,49.987
Morning_High,2020-01-01 02:33:00,0.015065,230.122,0.5056,49.995
Morning_High,2020-01-01 02:36:00,0.017488,231.501,0.5486,50.002
Morning_High,2020-01-01 02:39:00,0.015843,230.045,0.4892,49.987
Morning_High,2020-01-01 02:42:00,0.022431,230.799,0.6481,49.995
Morning_High,2020-01-01 02:45:00,0.018913,230.759,0.5976,49.991
Morning_High,2020-01-01 02:48:00,0.016287,230.178,0.4901,50.008
Morning_High,2020-01-01 02:51:00,0.018563,232.598,0.5144,50.007
Morning_High,2020-01-01 02:54:00,0.008935,231.774,0.4252,49.986
Morning_High,2020-01-01 02:57:00,0.014132,231.568,0.4533,50.006
Morning_High,2020-01-01 03:00:00,0.010284,232.426,0.4765,49.986
Morning_High,2020-01-01 03:03:00,0.01797,229.636,0.5473,49.992
Morning_High,2020-01-01 03:06:00,0.017304,231.375,0.6501,49.997
Morning_High,2020-01-01 03:09:00,0.024181,231.344,0.7131,49.997
Morning_High,2020-01-01 03:12:00,0.016129,231.875,0.5476,50.003
Morning_High,2020-01-01 03:15:00,0.0214,231.598,0.6459,50.004
Morning_High,2020-01-01 03:18:00,0.022645,230.789,0.66,50.004
Morning_High,2020-01-01 03:21:00,0.018885,229.873,0.503,49.983
Morning_High,2020-01-01 03:24:00,0.016648,231.734,0.5637,49.986
Morning_High,2020-01-01 03:27:00,0.018426,232.311,0.5986,50.016
Morning_High,2020-01-01 03:30:00,0.025221,230.663,0.7008,49.985
Morning_High,2020-01-01 03:33:00,0.01241,232.241,0.4613,49.998
Morning_High,2020-01-01 03:36:00,0.012664,230.939,0.4506,50.006
Morning_High,2020-01-01 03:39:00,0.021444,229.759,0.644,49.993
Morning_High,2020-01-01 03:42:00,0.020674,232.313,0.6277,49.998
Morning_High,2020-01-01 03:45:00,0.014859,231.512,0.513,50.002
Morning_High,2020-01-01 03:48:00,0.013663,230.635,0.4566,50.01
Morning_High,2020-01-01 03:51:00,0.014573,230.628,0.5746,49.991
Morning_High,2020-01-01 03:54:00,0.017266,231.249,0.5475,49.99
Morning_High,2020-01-01 03:57:00,0.021217,229.184,0.6204,50.004
Morning_High,2020-01-01 04:00:00,0.031508,229.82,0.7916,49.994
Morning_High,2020-01-01 04:03:00,0.024784,229.277,0.6996,49.966
Morning_High,2020-01-01 04:06:00,0.01556,230.548,0.5933,49.989
Morning_High,2020-01-01 04:09:00,0.016678,231.338,0.5641,49.984
Morning_High,2020-01-01 04:12:00,0.012792,231.76,0.4437,49.985
Morning_High,2020-01-01 04:15:00,0.027762,231.258,0.7943,49.981
Morning_High,2020-01-01 04:18:00,0.018923,232.744,0.5639,49.991
Morning_High,2020-01-01 04:21:00,0.016166,230.471,0.6342,49.985
Morning_High,2020-01-01 04:24:00,0.033512,229.123,0.8303,49.989
Morning_High,2020-01-01 04:27:00,0.018229,231.411,0.5556,49.99
Morning_High,2020-01-01 04:30:00,0.021128,233.683,0.6609,49.985
Morning_High,2020-01-01 04:33:00,0.019328,231.304,0.5669,50.005
Morning_High,2020-01-01 04:36:00,0.0224,230.653,0.6372,49.988
Morning_High,2020-01-01 04:39:00,0.018655,229.832,0.5671,49.989
Morning_High,2020-01-01 04:42:00,0.010297,231.47,0.3801,49.991
Morning_High,2020-01-01 04:45:00,0.029767,228.504,0.8425,49.998
Morning_High,2020-01-01 04:48:00,0.024402,230.411,0.6352,49.985
Morning_High,2020-01-01 04:51:00,0.031806,229.437,0.9182,49.994
Morning_High,2020-01-01 04:54:00,0.024521,231.667,0.6742,49.984
Morning_High,2020-01-01 04:57:00,0.03557,231.636,0.9564,49.992
Morning_High,2020-01-01 05:00:00,0.042143,230.679,1.0551,49.984
Morning_High,2020-01-01 05:03:00,0.025201,230.879,0.6583,49.972
Morning_High,2020-01-01 05:06:00,0.03262,228.916,0.8065,50.009
Morning_High,2020-01-01 05:09:00,0.024304,231.125,0.7043,49.996
Morning_High,2020-01-01 05:12:00,0.021528,230.221,0.6521,49.995
Morning_High,2020-01-01 05:15:00,0.036558,229.069,0.8626,49.992
Morning_High,2020-01-01 05:18:00,0.035274,229.68,0.902,49.97
Morning_High,2020-01-01 05:21:00,0.025425,230.898,0.667,50.01
Morning_High,2020-01-01 05:24:00,0.025235,230.625,0.7131,49.983
Morning_High,2020-01-01 05:27:00,0.043236,230.501,1.0459,49.972
Morning_High,2020-01-01 05:30:00,0.031699,231.373,0.829,49.999
Morning_High,2020-01-01 05:33:00,0.04795,228.287,1.0632,50.005
Morning_High,2020-01-01 05:36:00,0.051141,227.947,1.1765,49.993
Morning_High,2020-01-01 05:39:00,0.035008,231.762,0.8527,49.981
Morning_High,2020-01-01 05:42:00,0.035227,228.723,0.843,50.01
Morning_High,2020-01-01 05:45:00,0.057053,227.933,1.2278,49.997
Morning_High,2020-01-01 05:48:00,0.054737,229.582,1.257,49.991
Morning_High,2020-01-01 05:51:00,0.042018,230.087,0.9871,50.005
Morning_High,2020-01-01 05:54:00,0.049362,228.397,1.1376,49.989
Morning_High,2020-01-01 05:57:00,0.043072,230.296,1.0401,49.996
Morning_High,2020-01-01 06:00:00,0.038909,230.302,0.9059,49.979
Morning_High,2020-01-01 06:03:00,0.040892,230.058,0.9866,49.975
Morning_High,2020-01-01 06:06:00,0.026771,230.24,0.7369,50.009
Morning_High,2020-01-01 06:09:00,0.045498,230.497,1.0715,49.98
Morning_High,2020-01-01 06:12:00,0.061429,228.514,1.301,49.977
Morning_High,2020-01-01 06:15:00,0.051112,228.258,1.1779,49.992
Morning_High,2020-01-01 06:18:00,0.039909,230.013,0.9813,49.999
Morning_High,2020-01-01 06:21:00,0.0605,230.04,1.3274,49.988
Morning_High,2020-01-01 06:24:00,0.056041,229.431,1.2111,49.963
Morning_High,2020-01-01 06:27:00,0.056245,229.037,1.2841,50.01
Morning_High,2020-01-01 06:30:00,0.054484,229.271,1.1808,49.993
Morning_High,2020-01-01 06:33:00,0.071804,225.993,1.54,49.976
Morning_High,2020-01-01 06:36:00,0.061449,228.09,1.442,49.972
Morning_High,2020-01-01 06:39:00,0.041738,228.511,0.999,49.971
Morning_High,2020-01-01 06:42:00,0.056365,229.202,1.2746,49.978
Morning_High,2020-01-01 06:45:00,0.034842,229.771,0.8327,49.998
Morning_High,2020-01-01 06:48:00,0.079632,228.283,1.7021,49.964
Morning_High,2020-01-01 06:51:00,0.05655,229.175,1.2197,50.004
Morning_High,2020-01-01 06:54:00,0.065945,227.314,1.4029,49.973
Morning_High,2020-01-01 06:57:00,0.047406,228.739,1.0933,49.976
Morning_High,2020-01-01 07:00:00,0.064495,228.685,1.4078,49.984
Morning_High,2020-01-01 07:03:00,0.064073,227.569,1.3649,49.961
Morning_High,2020-01-01 07:06:00,0.088637,227.542,1.9259,49.986
Morning_High,2020-01-01 07:09:00,0.07455,227.265,1.5241,49.947
Morning_High,2020-01-01 07:12:00,0.073229,228.324,1.5915,49.964
Morning_High,2020-01-01 07:15:00,0.081521,225.522,1.7051,49.973
Morning_High,2020-01-01 07:18:00,0.051174,230.049,1.1577,49.99
Morning_High,2020-01-01 07:21:00,0.076215,227.27,1.5928,49.978
Morning_High,2020-01-01 07:24:00,0.076518,227.215,1.5799,49.969
Morning_High,2020-01-01 07:27:00,0.044616,229.807,1.0765,50.002
Morning_High,2020-01-01 07:30:00,0.069836,228.275,1.4949,49.961
Morning_High,2020-01-01 07:33:00,0.046513,228.805,1.1253,50.005
Morning_High,2020-01-01 07:36:00,0.062318,227.861,1.4204,49.991
Morning_High,2020-01-01 07:39:00,0.038104,229.413,0.933,49.993
Morning_High,2020-01-01 07:42:00,0.068271,228.401,1.4817,49.979
Morning_High,2020-01-01 07:45:00,0.050861,228.748,1.1726,49.991
Morning_High,2020-01-01 07:48:00,0.082049,227.64,1.7482,49.996
Morning_High,2020-01-01 07:51:00,0.045479,229.021,1.1011,49.993
Morning_High,2020-01-01 07:54:00,0.083503,226.155,1.7668,49.969
Morning_High,2020-01-01 07:57:00,0.065275,227.715,1.3835,49.991
Morning_High,2020-01-01 08:00:00,0.070565,226.122,1.4743,49.98
Morning_High,2020-01-01 08:03:00,0.068065,228.896,1.4967,49.99
Morning_High,2020-01-01 08:06:00,0.057561,229.749,1.2707,49.999
Morning_High,2020-01-01 08:09:00,0.088879,227.236,1.8829,49.968
Morning_High,2020-01-01 08:12:00,0.055518,229.119,1.2504,49.986
Morning_High,2020-01-01 08:15:00,0.066562,228.697,1.5089,49.987
Morning_High,2020-01-01 08:18:00,0.050836,230.793,1.1729,49.987
Morning_High,2020-01-01 08:21:00,0.073375,227.459,1.5407,49.996
Morning_High,2020-01-01 08:24:00,0.056973,228.574,1.2311,49.965
Morning_High,2020-01-01 08:27:00,0.054058,230.51,1.2561,49.957
Morning_High,2020-01-01 08:30:00,0.08204,227.106,1.75,49.977
Morning_High,2020-01-01 08:33:00,0.083423,227.808,1.7487,49.974
Morning_High,2020-01-01 08:36:00,0.093858,226.731,1.9703,49.989
Morning_High,2020-01-01 08:39:00,0.052622,228.82,1.2005,49.977
Morning_High,2020-01-01 08:42:00,0.054579,228.32,1.1883,49.984
Morning_High,2020-01-01 08:45:00,0.076694,227.951,1.6214,49.985
Morning_High,2020-01-01 08:48:00,0.064695,227.981,1.3956,49.996
Morning_High,2020-01-01 08:51:00,0.08151,227.951,1.7576,49.981
Morning_High,2020-01-01 08:54:00,0.083475,227.23,1.717,49.996
Morning_High,2020-01-01 08:57:00,0.086555,227.984,1.805,49.971
Morning_High,2020-01-01 09:00:00,0.081982,227.873,1.7038,49.97
Morning_High,2020-01-01 09:03:00,0.06234,227.786,1.3366,49.981
Morning_High,2020-01-01 09:06:00,0.062211,227.478,1.3797,49.978
Morning_High,2020-01-01 09:09:00,0.061754,229.414,1.2879,49.981
Morning_High,2020-01-01 09:12:00,0.051531,229.399,1.1503,49.992
Morning_High,2020-01-01 09:15:00,0.048619,228.252,1.1428,49.984
Morning_High,2020-01-01 09:18:00,0.057022,229.624,1.3203,49.958
Morning_High,2020-01-01 09:21:00,0.065892,229.17,1.3948,49.964
Morning_High,2020-01-01 09:24:00,0.03628,230.017,0.9113,49.985
Morning_High,2020-01-01 09:27:00,0.06063,228.947,1.3043,49.98
Morning_High,2020-01-01 09:30:00,0.053429,228.873,1.1295,49.978
Morning_High,2020-01-01 09:33:00,0.028445,230.27,0.8289,50.01
Morning_High,2020-01-01 09:36:00,0.05334,230.016,1.1712,49.997
Morning_High,2020-01-01 09:39:00,0.050026,229.048,1.1772,49.988
Morning_High,2020-01-01 09:42:00,0.054516,229.824,1.1619,49.973
Morning_High,2020-01-01 09:45:00,0.041293,229.614,1.008,50.005
Morning_High,2020-01-01 09:48:00,0.069905,228.151,1.5051,49.984
Morning_High,2020-01-01 09:51:00,0.026882,230.237,0.7352,49.992
Morning_High,2020-01-01 09:54:00,0.047415,230.12,1.1132,49.982
Morning_High,2020-01-01 09:57:00,0.053358,229.289,1.2337,49.984
Morning_High,2020-01-01 10:00:00,0.024465,230.223,0.7289,49.981
Morning_High,2020-01-01 10:03:00,0.033565,230.435,0.8339,49.983
Morning_High,2020-01-01 10:06:00,0.046641,229.349,1.0732,49.97
Morning_High,2020-01-01 10:09:00,0.051628,228.126,1.1984,49.979
Morning_High,2020-01-01 10:12:00,0.030934,230.292,0.8213,49.971
Morning_High,2020-01-01 10:15:00,0.028601,228.732,0.7776,49.982
Morning_High,2020-01-01 10:18:00,0.041066,230.04,0.9916,49.979
Morning_High,2020-01-01 10:21:00,0.044807,229.427,1.0747,49.981
Morning_High,2020-01-01 10:24:00,0.048195,229.602,1.0548,50.001
Morning_High,2020-01-01 10:27:00,0.050137,229.089,1.1438,49.994
Morning_High,2020-01-01 10:30:00,0.02812,231.767,0.6823,50.004
Morning_High,2020-01-01 10:33:00,0.035775,230.17,0.8053,49.969
Morning_High,2020-01-01 10:36:00,0.036487,230.955,0.9369,49.992
Morning_High,2020-01-01 10:39:00,0.032039,231.897,0.8425,49.961
Morning_High,2020-01-01 10:42:00,0.036554,229.512,0.9207,50.001
Morning_High,2020-01-01 10:45:00,0.025285,231.034,0.7256,49.974
Morning_High,2020-01-01 10:48:00,0.031557,231.367,0.8118,50.004
Morning_High,2020-01-01 10:51:00,0.029782,229.802,0.7649,49.998
Morning_High,2020-01-01 10:54:00,0.02908,231.53,0.7536,49.989
Morning_High,2020-01-01 10:57:00,0.021407,231.035,0.5812,49.983
Morning_High,2020-01-01 11:00:00,0.031377,230.032,0.8525,49.977
Morning_High,2020-01-01 11:03:00,0.043938,229.308,1.0518,50.003
Morning_High,2020-01-01 11:06:00,0.050702,228.397,1.1547,50.009
Morning_High,2020-01-01 11:09:00,0.022468,231.669,0.6197,50.002
Morning_High,2020-01-01 11:12:00,0.025204,229.72,0.7414,49.995
Morning_High,2020-01-01 11:15:00,0.019053,230.457,0.578,50.01
Morning_High,2020-01-01 11:18:00,0.02182,229.454,0.6699,49.985
Morning_High,2020-01-01 11:21:00,0.023127,229.024,0.728,49.99
Morning_High,2020-01-01 11:24:00,0.022594,230.21,0.6322,49.992
Morning_High,2020-01-01 11:27:00,0.017465,230.565,0.551,49.989
Morning_High,2020-01-01 11:30:00,0.023658,229.949,0.6743,49.985
Morning_High,2020-01-01 11:33:00,0.020052,230.284,0.538,49.99
Morning_High,2020-01-01 11:36:00,0.011546,231.012,0.4884,49.994
Morning_High,2020-01-01 11:39:00,0.023952,231.024,0.6809,49.995
Morning_High,2020-01-01 11:42:00,0.024922,230.705,0.7168,49.995
Morning_High,2020-01-01 11:45:00,0.024496,230.961,0.7369,49.977
Morning_High,2020-01-01 11:48:00,0.023949,230.662,0.6709,49.992
Morning_High,2020-01-01 11:51:00,0.022824,230.97,0.673,50.011
Morning_High,2020-01-01 11:54:00,0.017376,231.015,0.5438,49.992
Morning_High,2020-01-01 11:57:00,0.026599,230.425,0.7427,50.002
Morning_High,2020-01-01 12:00:00,0.014127,231.647,0.5146,49.997
Morning_High,2020-01-01 12:03:00,0.017867,232.932,0.6172,49.991
Morning_High,2020-01-01 12:06:00,0.019543,231.647,0.6187,49.98
Morning_High,2020-01-01 12:09:00,0.019957,229.681,0.5968,49.983
Morning_High,2020-01-01 12:12:00,0.016507,230.782,0.5253,49.986
Morning_High,2020-01-01 12:15:00,0.024847,230.538,0.6945,49.978
Morning_High,2020-01-01 12:18:00,0.016069,230.153,0.5305,50.013
Morning_High,2020-01-01 12:21:00,0.016755,231.965,0.5221,50.004
Morning_High,2020-01-01 12:24:00,0.018733,229.94,0.56,49.998
Morning_High,2020-01-01 12:27:00,0.019176,231.185,0.5466,49.995
Morning_High,2020-01-01 12:30:00,0.02001,231.43,0.6589,49.972
Morning_High,2020-01-01 12:33:00,0.019849,230.609,0.5263,50.016
Morning_High,2020-01-01 12:36:00,0.019978,231.285,0.5795,49.988
Morning_High,2020-01-01 12:39:00,0.019204,231.623,0.5596,49.989
Morning_High,2020-01-01 12:42:00,0.017112,229.387,0.5578,49.994
Morning_High,2020-01-01 12:45:00,0.013315,230.339,0.519,49.979
Morning_High,2020-01-01 12:48:00,0.018921,230.15,0.5947,49.994
Morning_High,2020-01-01 12:51:00,0.020131,230.704,0.6195,49.992
Morning_High,2020-01-01 12:54:00,0.018319,230.752,0.6027,50.004
Morning_High,2020-01-01 12:57:00,0.020651,230.42,0.5811,49.999
Morning_High,2020-01-01 13:00:00,0.016399,231.215,0.5576,50.009
Morning_High,2020-01-01 13:03:00,0.015033,231.564,0.5447,50.002
Morning_High,2020-01-01 13:06:00,0.017556,231.653,0.5384,50.006
Morning_High,2020-01-01 13:09:00,0.00993,231.445,0.4609,49.996
Morning_High,2020-01-01 13:12:00,0.020634,230.328,0.6036,50.01
Morning_High,2020-01-01 13:15:00,0.016926,229.934,0.5647,49.99
Morning_High,2020-01-01 13:18:00,0.019197,232.505,0.617,49.981
Morning_High,2020-01-01 13:21:00,0.015513,233.023,0.5023,49.993
Morning_High,2020-01-01 13:24:00,0.026534,231.451,0.7245,49.996
Morning_High,2020-01-01 13:27:00,0.015044,230.399,0.532,50.002
Morning_High,2020-01-01 13:30:00,0.017531,231.932,0.596,49.995
Morning_High,2020-01-01 13:33:00,0.015302,231.153,0.5136,50.001
Morning_High,2020-01-01 13:36:00,0.018266,231.53,0.5926,49.979
Morning_High,2020-01-01 13:39:00,0.014561,232.301,0.4843,50.003
Morning_High,2020-01-01 13:42:00,0.016466,231.44,0.5137,49.988
Morning_High,2020-01-01 13:45:00,0.011023,231.68,0.4631,49.986
Morning_High,2020-01-01 13:48:00,0.022384,229.753,0.6688,50.018
Morning_High,2020-01-01 13:51:00,0.013122,229.431,0.4801,49.987
Morning_High,2020-01-01 13:54:00,0.019125,231.233,0.6578,50.015
Morning_High,2020-01-01 13:57:00,0.012678,231.732,0.4954,49.998
Morning_High,2020-01-01 14:00:00,0.013214,232.42,0.4653,50.001
Morning_High,2020-01-01 14:03:00,0.009367,232.199,0.427,49.991
Morning_High,2020-01-01 14:06:00,0.016615,231.373,0.6416,49.985
Morning_High,2020-01-01 14:09:00,0.021769,230.187,0.6191,49.992
Morning_High,2020-01-01 14:12:00,0.01505,231.585,0.4603,49.998
Morning_High,2020-01-01 14:15:00,0.015589,231.51,0.496,49.978
Morning_High,2020-01-01 14:18:00,0.005681,231.293,0.3767,50.009
Morning_High,2020-01-01 14:21:00,0.017463,231.8,0.5868,49.99
Morning_High,2020-01-01 14:24:00,0.018027,231.755,0.5502,50.0
Morning_High,2020-01-01 14:27:00,0.020826,230.47,0.5879,49.985
Morning_High,2020-01-01 14:30:00,0.013942,231.977,0.5373,49.998
Morning_High,2020-01-01 14:33:00,0.014953,231.755,0.5015,49.994
Morning_High,2020-01-01 14:36:00,0.015546,229.033,0.5493,49.992
Morning_High,2020-01-01 14:39:00,0.007098,232.487,0.2633,49.994
Morning_High,2020-01-01 14:42:00,0.019493,231.858,0.5575,50.005
Morning_High,2020-01-01 14:45:00,0.017962,231.414,0.5591,50.0
Morning_High,2020-01-01 14:48:00,0.017745,230.42,0.557,50.016
Morning_High,2020-01-01 14:51:00,0.014123,230.402,0.5593,50.011
Morning_High,2020-01-01 14:54:00,0.018973,231.017,0.5897,49.984
Morning_High,2020-01-01 14:57:00,0.018541,230.562,0.5822,50.013
Morning_High,2020-01-01 15:00:00,0.014499,232.059,0.483,50.003
Morning_High,2020-01-01 15:03:00,0.02037,229.622,0.6245,49.992
Morning_High,2020-01-01 15:06:00,0.015937,230.621,0.5676,50.005
Morning_High,2020-01-01 15:09:00,0.017399,230.543,0.5651,50.012
Morning_High,2020-01-01 15:12:00,0.010547,230.128,0.4356,49.978
Morning_High,2020-01-01 15:15:00,0.01404,230.252,0.5004,49.997
Morning_High,2020-01-01 15:18:00,0.013393,230.251,0.4783,49.994
Morning_High,2020-01-01 15:21:00,0.016198,231.078,0.5273,49.961
Morning_High,2020-01-01 15:24:00,0.020143,230.243,0.6189,49.994
Morning_High,2020-01-01 15:27:00,0.013854,230.608,0.4904,50.007
Morning_High,2020-01-01 15:30:00,0.017138,231.425,0.5916,50.003
Morning_High,2020-01-01 15:33:00,0.019699,230.302,0.5788,49.996
Morning_High,2020-01-01 15:36:00,0.014371,231.86,0.4962,49.963
Morning_High,2020-01-01 15:39:00,0.017531,231.565,0.5836,50.016
Morning_High,2020-01-01 15:42:00,0.012565,230.456,0.5061,49.997
Morning_High,2020-01-01 15:45:00,0.015893,230.196,0.5848,50.002
Morning_High,2020-01-01 15:48:00,0.017786,232.536,0.5771,49.984
Morning_High,2020-01-01 15:51:00,0.008069,232.227,0.3398,49.999
Morning_High,2020-01-01 15:54:00,0.01939,231.726,0.6442,49.991
Morning_High,2020-01-01 15:57:00,0.020299,231.253,0.617,50.007
Morning_High,2020-01-01 16:00:00,0.021916,229.059,0.6314,49.988
Morning_High,2020-01-01 16:03:00,0.017982,231.689,0.5646,49.992
Morning_High,2020-01-01 16:06:00,0.015485,230.514,0.5631,50.004
Morning_High,2020-01-01 16:09:00,0.014681,230.714,0.5606,49.99
Morning_High,2020-01-01 16:12:00,0.01678,231.359,0.6021,50.015
Morning_High,2020-01-01 16:15:00,0.015806,231.608,0.5573,49.982
Morning_High,2020-01-01 16:18:00,0.013592,231.957,0.5043,49.979
Morning_High,2020-01-01 16:21:00,0.024887,230.75,0.6586,49.989
Morning_High,2020-01-01 16:24:00,0.023455,232.218,0.6803,49.991
Morning_High,2020-01-01 16:27:00,0.023531,228.577,0.6915,49.979
Morning_High,2020-01-01 16:30:00,0.017056,231.52,0.527,49.993
Morning_High,2020-01-01 16:33:00,0.012331,232.028,0.4877,49.994
Morning_High,2020-01-01 16:36:00,0.02015,231.003,0.5521,50.015
Morning_High,2020-01-01 16:39:00,0.018116,230.253,0.5619,49.998
Morning_High,2020-01-01 16:42:00,0.016463,230.397,0.5117,50.0
Morning_High,2020-01-01 16:45:00,0.016437,232.684,0.5261,49.995
Morning_High,2020-01-01 16:48:00,0.021048,230.107,0.7054,49.985
Morning_High,2020-01-01 16:51:00,0.016169,230.391,0.5064,49.998
Morning_High,2020-01-01 16:54:00,0.023754,230.235,0.7116,49.99
Morning_High,2020-01-01 16:57:00,0.017126,230.596,0.6203,49.975
Morning_High,2020-01-01 17:00:00,0.018581,231.473,0.5235,50.0
Morning_High,2020-01-01 17:03:00,0.021433,230.588,0.5924,49.999
Morning_High,2020-01-01 17:06:00,0.018737,230.935,0.6085,49.986
Morning_High,2020-01-01 17:09:00,0.022371,230.35,0.6833,50.0
Morning_High,2020-01-01 17:12:00,0.013309,231.843,0.4926,49.987
Morning_High,2020-01-01 17:15:00,0.02047,232.033,0.6397,49.992
Morning_High,2020-01-01 17:18:00,0.028916,230.569,0.8557,49.982
Morning_High,2020-01-01 17:21:00,0.024168,231.929,0.7359,50.015
Morning_High,2020-01-01 17:24:00,0.018264,232.025,0.5614,49.99
Morning_High,2020-01-01 17:27:00,0.022341,229.935,0.6558,49.991
Morning_High,2020-01-01 17:30:00,0.016793,230.696,0.5209,50.005
Morning_High,2020-01-01 17:33:00,0.009561,230.799,0.4649,50.015
Morning_High,2020-01-01 17:36:00,0.01523,232.059,0.5073,49.984
Morning_High,2020-01-01 17:39:00,0.018973,231.3,0.613,49.967
Morning_High,2020-01-01 17:42:00,0.025099,231.12,0.7352,49.981
Morning_High,2020-01-01 17:45:00,0.017793,231.7,0.5537,49.992
Morning_High,2020-01-01 17:48:00,0.015965,230.969,0.5594,50.001
Morning_High,2020-01-01 17:51:00,0.022259,231.323,0.6562,49.989
Morning_High,2020-01-01 17:54:00,0.017034,229.787,0.5543,49.991
Morning_High,2020-01-01 17:57:00,0.014676,231.441,0.5258,49.985
Morning_High,2020-01-01 18:00:00,0.026896,230.099,0.7402,49.973
Morning_High,2020-01-01 18:03:00,0.022197,229.64,0.6711,49.997
Morning_High,2020-01-01 18:06:00,0.025198,230.052,0.6892,49.974
Morning_High,2020-01-01 18:09:00,0.019005,231.452,0.5748,49.956
Morning_High,2020-01-01 18:12:00,0.015477,229.416,0.4912,49.992
Morning_High,2020-01-01 18:15:00,0.01389,231.54,0.5253,50.004
Morning_High,2020-01-01 18:18:00,0.017026,230.837,0.5164,49.96
Morning_High,2020-01-01 18:21:00,0.018625,229.87,0.5481,50.001
Morning_High,2020-01-01 18:24:00,0.026171,230.089,0.7358,50.018
Morning_High,2020-01-01 18:27:00,0.026795,230.275,0.7545,50.0
Morning_High,2020-01-01 18:30:00,0.020318,230.863,0.6606,49.99
Morning_High,2020-01-01 18:33:00,0.020504,230.343,0.6302,49.977
Morning_High,2020-01-01 18:36:00,0.019386,231.073,0.6141,50.0
Morning_High,2020-01-01 18:39:00,0.01476,231.43,0.5088,49.971
Morning_High,2020-01-01 18:42:00,0.023283,230.121,0.6963,49.984
Morning_High,2020-01-01 18:45:00,0.030799,230.267,0.7679,49.978
Morning_High,2020-01-01 18:48:00,0.016739,231.586,0.5622,50.008
Morning_High,2020-01-01 18:51:00,0.018461,231.445,0.5283,49.996
Morning_High,2020-01-01 18:54:00,0.027323,230.683,0.7762,49.988
Morning_High,2020-01-01 18:57:00,0.014502,231.452,0.5664,49.993
Morning_High,2020-01-01 19:00:00,0.018372,229.182,0.5837,49.969
Morning_High,2020-01-01 19:03:00,0.025309,230.431,0.6963,49.982
Morning_High,2020-01-01 19:06:00,0.016094,230.85,0.5485,50.007
Morning_High,2020-01-01 19:09:00,0.024938,229.461,0.6698,49.991
Morning_High,2020-01-01 19:12:00,0.01959,229.731,0.5716,49.976
Morning_High,2020-01-01 19:15:00,0.025708,231.277,0.7444,49.985
Morning_High,2020-01-01 19:18:00,0.01743,231.374,0.5377,49.972
Morning_High,2020-01-01 19:21:00,0.024433,230.962,0.7146,49.985
Morning_High,2020-01-01 19:24:00,0.02812,231.598,0.7563,49.996
Morning_High,2020-01-01 19:27:00,0.020809,231.913,0.6178,50.007
Morning_High,2020-01-01 19:30:00,0.024199,230.004,0.7304,49.994
Morning_High,2020-01-01 19:33:00,0.021627,230.189,0.6382,49.971
Morning_High,2020-01-01 19:36:00,0.031612,229.959,0.7565,49.996
Morning_High,2020-01-01 19:39:00,0.028496,230.647,0.7836,50.004
Morning_High,2020-01-01 19:42:00,0.034363,230.777,0.8786,49.98
Morning_High,2020-01-01 19:45:00,0.030304,229.313,0.7789,49.986
Morning_High,2020-01-01 19:48:00,0.027185,231.009,0.7519,49.993
Morning_High,2020-01-01 19:51:00,0.033591,229.051,0.8288,50.003
Morning_High,2020-01-01 19:54:00,0.023986,230.043,0.6557,49.996
Morning_High,2020-01-01 19:57:00,0.034818,229.7,0.8768,49.99
Morning_High,2020-01-01 20:00:00,0.016984,231.274,0.4927,49.998
Morning_High,2020-01-01 20:03:00,0.033259,230.412,0.9279,49.993
Morning_High,2020-01-01 20:06:00,0.028837,231.592,0.7182,49.979
Morning_High,2020-01-01 20:09:00,0.026777,231.305,0.6519,49.99
Morning_High,2020-01-01 20:12:00,0.031365,229.377,0.8079,50.018
Morning_High,2020-01-01 20:15:00,0.038667,229.81,0.9066,49.975
Morning_High,2020-01-01 20:18:00,0.036363,228.755,0.8919,49.984
Morning_High,2020-01-01 20:21:00,0.025042,229.318,0.7465,49.975
Morning_High,2020-01-01 20:24:00,0.015697,230.579,0.5155,50.006
Morning_High,2020-01-01 20:27:00,0.022568,229.842,0.6336,49.969
Morning_High,2020-01-01 20:30:00,0.022056,229.912,0.6842,49.989
Morning_High,2020-01-01 20:33:00,0.022979,231.695,0.6403,49.977
Morning_High,2020-01-01 20:36:00,0.021947,230.986,0.6663,49.998
Morning_High,2020-01-01 20:39:00,0.031953,229.539,0.8909,49.993
Morning_High,2020-01-01 20:42:00,0.022933,230.165,0.6673,49.996
Morning_High,2020-01-01 20:45:00,0.025237,230.238,0.6781,49.988
Morning_High,2020-01-01 20:48:00,0.017661,230.52,0.4948,49.966
Morning_High,2020-01-01 20:51:00,0.033987,231.179,0.8743,50.002
Morning_High,2020-01-01 20:54:00,0.032425,229.806,0.831,49.984
Morning_High,2020-01-01 20:57:00,0.033538,230.445,0.8858,50.02
Morning_High,2020-01-01 21:00:00,0.023188,231.328,0.6771,49.99
Morning_High,2020-01-01 21:03:00,0.027095,229.447,0.7198,49.985
Morning_High,2020-01-01 21:06:00,0.020679,229.911,0.6251,49.999
Morning_High,2020-01-01 21:09:00,0.028339,229.616,0.8484,50.003
Morning_High,2020-01-01 21:12:00,0.021942,229.955,0.6164,49.987
Morning_High,2020-01-01 21:15:00,0.016959,229.207,0.5787,49.988
Morning_High,2020-01-01 21:18:00,0.023634,230.945,0.7239,49.981
Morning_High,2020-01-01 21:21:00,0.024751,230.357,0.6648,49.998
Morning_High,2020-01-01 21:24:00,0.018168,231.763,0.5739,49.993
Morning_High,2020-01-01 21:27:00,0.023169,231.111,0.6943,49.997
Morning_High,2020-01-01 21:30:00,0.017706,232.023,0.5043,50.004
Morning_High,2020-01-01 21:33:00,0.019215,231.451,0.5651,50.002
Morning_High,2020-01-01 21:36:00,0.020599,230.985,0.6354,50.011
Morning_High,2020-01-01 21:39:00,0.021546,232.009,0.6366,50.004
Morning_High,2020-01-01 21:42:00,0.01264,230.501,0.4853,49.989
Morning_High,2020-01-01 21:45:00,0.01993,231.501,0.5366,50.0
Morning_High,2020-01-01 21:48:00,0.02293,230.487,0.6736,49.973
Morning_High,2020-01-01 21:51:00,0.030755,229.366,0.7177,49.996
Morning_High,2020-01-01 21:54:00,0.019373,230.915,0.6165,50.003
Morning_High,2020-01-01 21:57:00,0.025905,231.151,0.7016,50.0
Morning_High,2020-01-01 22:00:00,0.019864,232.072,0.6328,49.984
Morning_High,2020-01-01 22:03:00,0.014099,231.324,0.5281,50.001
Morning_High,2020-01-01 22:06:00,0.013883,231.902,0.513,49.99
Morning_High,2020-01-01 22:09:00,0.027127,229.291,0.7174,49.993
Morning_High,2020-01-01 22:12:00,0.022691,229.496,0.6393,49.969
Morning_High,2020-01-01 22:15:00,0.018744,230.876,0.6253,50.009
Morning_High,2020-01-01 22:18:00,0.017085,231.742,0.6081,49.991
Morning_High,2020-01-01 22:21:00,0.020461,231.127,0.5555,50.007
Morning_High,2020-01-01 22:24:00,0.013368,231.104,0.4642,50.001
Morning_High,2020-01-01 22:27:00,0.014172,230.935,0.4675,49.98
Morning_High,2020-01-01 22:30:00,0.014752,231.535,0.5036,50.002
Morning_High,2020-01-01 22:33:00,0.019222,230.661,0.6388,49.982
Morning_High,2020-01-01 22:36:00,0.015492,231.445,0.5592,49.998
Morning_High,2020-01-01 22:39:00,0.018555,230.09,0.6226,49.984
Morning_High,2020-01-01 22:42:00,0.015789,231.311,0.5676,49.994
Morning_High,2020-01-01 22:45:00,0.016315,231.349,0.5113,49.998
Morning_High,2020-01-01 22:48:00,0.020284,229.644,0.5694,49.989
Morning_High,2020-01-01 22:51:00,0.020791,231.36,0.6128,50.016
Morning_High,2020-01-01 22:54:00,0.021458,231.257,0.609,49.984
Morning_High,2020-01-01 22:57:00,0.019657,230.702,0.6602,50.009
Morning_High,2020-01-01 23:00:00,0.018847,231.556,0.558,49.991
Morning_High,2020-01-01 23:03:00,0.017363,231.629,0.5932,49.998
Morning_High,2020-01-01 23:06:00,0.018643,230.62,0.5526,49.993
Morning_High,2020-01-01 23:09:00,0.014621,231.923,0.4926,49.985
Morning_High,2020-01-01 23:12:00,0.012744,232.079,0.4968,49.991
Morning_High,2020-01-01 23:15:00,0.016652,230.674,0.5783,49.986
Morning_High,2020-01-01 23:18:00,0.027065,229.589,0.7102,49.997
Morning_High,2020-01-01 23:21:00,0.013024,231.321,0.5122,50.003
Morning_High,2020-01-01 23:24:00,0.02408,229.969,0.6847,50.002
Morning_High,2020-01-01 23:27:00,0.012631,231.35,0.466,49.997
Morning_High,2020-01-01 23:30:00,0.020015,231.883,0.6275,50.005
Morning_High,2020-01-01 23:33:00,0.018042,232.23,0.5643,49.988
Morning_High,2020-01-01 23:36:00,0.019097,230.652,0.6026,50.001
Morning_High,2020-01-01 23:39:00,0.015988,230.411,0.5539,49.99
Morning_High,2020-01-01 23:42:00,0.016662,232.249,0.5821,49.989
Morning_High,2020-01-01 23:45:00,0.022397,231.587,0.6507,49.987
Morning_High,2020-01-01 23:48:00,0.023771,231.132,0.681,49.983
Morning_High,2020-01-01 23:51:00,0.010317,229.739,0.5028,50.016
Morning_High,2020-01-01 23:54:00,0.020853,230.511,0.5553,49.992
Morning_High,2020-01-01 23:57:00,0.009347,231.243,0.4915,50.018
Morning_High,2020-01-02 00:00:00,0.025989,231.124,0.6624,49.99
Morning_High,2020-01-02 00:03:00,0.01724,231.639,0.5904,49.977
Morning_High,2020-01-02 00:06:00,0.019282,231.822,0.6513,50.0
Morning_High,2020-01-02 00:09:00,0.015038,230.392,0.5619,49.994
Morning_High,2020-01-02 00:12:00,0.018196,230.562,0.5745,50.003
Morning_High,2020-01-02 00:15:00,0.015657,229.446,0.5598,49.996
Morning_High,2020-01-02 00:18:00,0.019322,230.782,0.5555,49.979
Morning_High,2020-01-02 00:21:00,0.021152,228.954,0.5581,49.998
Morning_High,2020-01-02 00:24:00,0.009942,232.165,0.4468,49.998
Morning_High,2020-01-02 00:27:00,0.023143,231.267,0.657,49.99
Morning_High,2020-01-02 00:30:00,0.017204,231.113,0.5982,49.987
Morning_High,2020-01-02 00:33:00,0.014874,229.644,0.5198,49.988
Morning_High,2020-01-02 00:36:00,0.014796,230.805,0.4826,49.99
Morning_High,2020-01-02 00:39:00,0.012951,229.807,0.4672,49.984
Morning_High,2020-01-02 00:42:00,0.013965,229.877,0.523,49.99
Morning_High,2020-01-02 00:45:00,0.01877,230.445,0.5551,49.98
Morning_High,2020-01-02 00:48:00,0.020271,231.714,0.6613,49.996
Morning_High,2020-01-02 00:51:00,0.015017,231.617,0.4311,49.999
Morning_High,2020-01-02 00:54:00,0.020613,230.214,0.6084,49.995
Morning_High,2020-01-02 00:57:00,0.020149,230.559,0.6441,49.983
Morning_High,2020-01-02 01:00:00,0.014512,231.554,0.5882,49.986
Morning_High,2020-01-02 01:03:00,0.020035,231.515,0.5737,49.974
Morning_High,2020-01-02 01:06:00,0.019217,232.482,0.5849,49.994
Morning_High,2020-01-02 01:09:00,0.016912,230.567,0.5815,49.996
Morning_High,2020-01-02 01:12:00,0.022138,230.033,0.658,49.997
Morning_High,2020-01-02 01:15:00,0.017245,229.739,0.5867,49.997
Morning_High,2020-01-02 01:18:00,0.016897,231.496,0.5132,49.98
Morning_High,2020-01-02 01:21:00,0.011082,230.767,0.4662,49.99
Morning_High,2020-01-02 01:24:00,0.01308,230.792,0.4679,49.977
Morning_High,2020-01-02 01:27:00,0.016241,231.649,0.4896,49.984
Morning_High,2020-01-02 01:30:00,0.016908,230.418,0.5404,49.977
Morning_High,2020-01-02 01:33:00,0.018131,231.337,0.5882,50.019
Morning_High,2020-01-02 01:36:00,0.008128,232.711,0.372,50.0
Morning_High,2020-01-02 01:39:00,0.01552,231.057,0.5007,49.968
Morning_High,2020-01-02 01:42:00,0.013178,231.01,0.4587,50.001
Morning_High,2020-01-02 01:45:00,0.023864,231.246,0.6419,49.978
Morning_High,2020-01-02 01:48:00,0.015118,231.336,0.4978,49.983
Morning_High,2020-01-02 01:51:00,0.018789,230.516,0.6096,49.996
Morning_High,2020-01-02 01:54:00,0.009177,231.963,0.3769,50.003
Morning_High,2020-01-02 01:57:00,0.016436,232.927,0.5788,49.999
Morning_High,2020-01-02 02:00:00,0.021311,229.285,0.6006,50.005
Morning_High,2020-01-02 02:03:00,0.017693,231.742,0.5706,49.969
Morning_High,2020-01-02 02:06:00,0.014864,230.584,0.5614,50.007
Morning_High,2020-01-02 02:09:00,0.01994,229.618,0.5777,49.995
Morning_High,2020-01-02 02:12:00,0.017659,232.591,0.6025,49.989
Morning_High,2020-01-02 02:15:00,0.017313,229.876,0.4866,49.995
Morning_High,2020-01-02 02:18:00,0.007973,231.706,0.4125,50.003
Morning_High,2020-01-02 02:21:00,0.020967,229.659,0.6058,50.007
Morning_High,2020-01-02 02:24:00,0.022059,229.815,0.654,50.005
Morning_High,2020-01-02 02:27:00,0.018671,232.213,0.5537,49.98
Morning_High,2020-01-02 02:30:00,0.013932,231.21,0.5354,49.988
Morning_High,2020-01-02 02:33:00,0.020921,230.784,0.6282,49.972
Morning_High,2020-01-02 02:36:00,0.012451,231.912,0.5024,49.994
Morning_High,2020-01-02 02:39:00,0.011167,230.892,0.4507,49.994
Morning_High,2020-01-02 02:42:00,0.008874,232.119,0.4042,50.007
Morning_High,2020-01-02 02:45:00,0.013073,232.066,0.4866,50.011
Morning_High,2020-01-02 02:48:00,0.017032,231.111,0.5,49.975
Morning_High,2020-01-02 02:51:00,0.013588,230.958,0.4997,50.002
Morning_High,2020-01-02 02:54:00,0.019151,231.187,0.5867,50.003
Morning_High,2020-01-02 02:57:00,0.0216,230.865,0.6604,50.011
Morning_High,2020-01-02 03:00:00,0.012337,231.284,0.4612,49.985
Morning_High,2020-01-02 03:03:00,0.016221,231.296,0.4778,49.994
Morning_High,2020-01-02 03:06:00,0.015559,231.66,0.4532,50.014
Morning_High,2020-01-02 03:09:00,0.014713,231.589,0.6251,50.006
Morning_High,2020-01-02 03:12:00,0.019843,229.973,0.5815,49.992
Morning_High,2020-01-02 03:15:00,0.019308,229.702,0.611,50.006
Morning_High,2020-01-02 03:18:00,0.014227,233.37,0.5305,50.015
Morning_High,2020-01-02 03:21:00,0.015327,231.662,0.6045,50.005
Morning_High,2020-01-02 03:24:00,0.020979,230.887,0.6196,49.996
Morning_High,2020-01-02 03:27:00,0.020832,230.563,0.6069,50.012
Morning_High,2020-01-02 03:30:00,0.023637,230.709,0.7281,49.979
Morning_High,2020-01-02 03:33:00,0.022782,231.942,0.758,49.996
Morning_High,2020-01-02 03:36:00,0.022985,230.314,0.6258,49.995
Morning_High,2020-01-02 03:39:00,0.014647,231.218,0.5012,49.971
Morning_High,2020-01-02 03:42:00,0.022086,230.467,0.617,49.998
Morning_High,2020-01-02 03:45:00,0.024823,229.321,0.7023,49.978
Morning_High,2020-01-02 03:48:00,0.030045,230.644,0.8797,50.001
Morning_High,2020-01-02 03:51:00,0.019121,231.135,0.5891,49.98
Morning_High,2020-01-02 03:54:00,0.020783,230.929,0.5764,50.005
Morning_High,2020-01-02 03:57:00,0.018277,230.189,0.5811,49.997
Morning_High,2020-01-02 04:00:00,0.014,231.127,0.4562,50.009
Morning_High,2020-01-02 04:03:00,0.017061,230.388,0.5276,49.984
Morning_High,2020-01-02 04:06:00,0.026483,229.734,0.8218,50.012
Morning_High,2020-01-02 04:09:00,0.024483,229.374,0.6432,50.006
Morning_High,2020-01-02 04:12:00,0.018141,231.442,0.6107,50.0
Morning_High,2020-01-02 04:15:00,0.0291,229.89,0.787,50.003
Morning_High,2020-01-02 04:18:00,0.032385,229.866,0.7952,49.977
Morning_High,2020-01-02 04:21:00,0.021343,230.864,0.6872,50.001
Morning_High,2020-01-02 04:24:00,0.027283,229.754,0.6866,49.993
Morning_High,2020-01-02 04:27:00,0.022135,230.844,0.6512,49.991
Morning_High,2020-01-02 04:30:00,0.029209,231.762,0.8083,49.983
Morning_High,2020-01-02 04:33:00,0.030384,231.003,0.7908,49.967
Morning_High,2020-01-02 04:36:00,0.022932,230.456,0.6425,50.002
Morning_High,2020-01-02 04:39:00,0.026051,231.523,0.7422,49.99
Morning_High,2020-01-02 04:42:00,0.029835,229.632,0.828,49.992
Morning_High,2020-01-02 04:45:00,0.022678,229.664,0.6543,50.006
Morning_High,2020-01-02 04:48:00,0.01756,230.333,0.5896,49.991
Morning_High,2020-01-02 04:51:00,0.03686,229.209,0.9372,49.994
Morning_High,2020-01-02 04:54:00,0.022562,231.19,0.651,49.996
Morning_High,2020-01-02 04:57:00,0.034739,230.057,0.9052,49.996
Morning_High,2020-01-02 05:00:00,0.032786,230.15,0.8328,49.984
Morning_High,2020-01-02 05:03:00,0.036149,229.662,0.9094,49.997
Morning_High,2020-01-02 05:06:00,0.028545,229.989,0.7603,49.981
Morning_High,2020-01-02 05:09:00,0.037702,230.409,0.9019,49.988
Morning_High,2020-01-02 05:12:00,0.031976,230.372,0.7922,49.995
Morning_High,2020-01-02 05:15:00,0.03506,228.546,0.8773,50.004
Morning_High,2020-01-02 05:18:00,0.040249,230.987,0.9825,49.972
Morning_High,2020-01-02 05:21:00,0.042214,229.845,1.0142,49.993
Morning_High,2020-01-02 05:24:00,0.044032,228.865,1.0483,49.991
Morning_High,2020-01-02 05:27:00,0.041752,231.041,0.9874,49.994
Morning_High,2020-01-02 05:30:00,0.038101,229.992,0.9579,49.962
Morning_High,2020-01-02 05:33:00,0.021285,230.602,0.6557,49.987
Morning_High,2020-01-02 05:36:00,0.03799,230.675,0.9448,49.987
Morning_High,2020-01-02 05:39:00,0.025835,230.183,0.704,49.98
Morning_High,2020-01-02 05:42:00,0.042024,229.288,1.0345,49.978
Morning_High,2020-01-02 05:45:00,0.033313,230.515,0.8287,49.992
Morning_High,2020-01-02 05:48:00,0.029224,230.892,0.7297,49.993
Morning_High,2020-01-02 05:51:00,0.053978,229.523,1.2285,50.016
Morning_High,2020-01-02 05:54:00,0.029843,230.567,0.7667,49.991
Morning_High,2020-01-02 05:57:00,0.04844,229.056,1.1492,49.978
Morning_High,2020-01-02 06:00:00,0.049192,229.152,1.1617,50.004
Morning_High,2020-01-02 06:03:00,0.022531,230.625,0.6252,50.005
Morning_High,2020-01-02 06:06:00,0.030654,231.263,0.8038,50.008
Morning_High,2020-01-02 06:09:00,0.051232,229.752,1.1373,49.985
Morning_High,2020-01-02 06:12:00,0.045878,228.767,1.0628,49.992
Morning_High,2020-01-02 06:15:00,0.047502,228.691,1.0953,49.993
Morning_High,2020-01-02 06:18:00,0.050223,228.7,1.1863,49.991
Morning_High,2020-01-02 06:21:00,0.038951,230.557,0.9669,49.994
Morning_High,2020-01-02 06:24:00,0.047439,227.534,1.119,49.984
Morning_High,2020-01-02 06:27:00,0.038709,229.354,0.9266,49.981
Morning_High,2020-01-02 06:30:00,0.054307,228.06,1.1913,49.984
Morning_High,2020-01-02 06:33:00,0.035807,230.397,0.8585,49.995
Morning_High,2020-01-02 06:36:00,0.053184,228.005,1.2293,49.969
Morning_High,2020-01-02 06:39:00,0.06357,228.677,1.4419,49.941
Morning_High,2020-01-02 06:42:00,0.067813,229.338,1.4899,49.997
Morning_High,2020-01-02 06:45:00,0.061515,229.805,1.355,49.98
Morning_High,2020-01-02 06:48:00,0.048172,229.018,1.0349,49.998
Morning_High,2020-01-02 06:51:00,0.06218,228.641,1.4482,49.972
Morning_High,2020-01-02 06:54:00,0.054005,229.639,1.1584,49.982
Morning_High,2020-01-02 06:57:00,0.060129,227.28,1.3256,50.019
Morning_High,2020-01-02 07:00:00,0.0608,228.422,1.3876,49.97
Morning_High,2020-01-02 07:03:00,0.064267,228.794,1.3616,49.983
Morning_High,2020-01-02 07:06:00,0.060458,228.966,1.2964,49.984
Morning_High,2020-01-02 07:09:00,0.071039,227.529,1.5871,49.983
Morning_High,2020-01-02 07:12:00,0.06636,228.658,1.4204,49.983
Morning_High,2020-01-02 07:15:00,0.050044,229.284,1.1527,49.974
Morning_High,2020-01-02 07:18:00,0.059796,228.899,1.3439,49.989
Morning_High,2020-01-02 07:21:00,0.045596,229.288,1.0549,49.993
Morning_High,2020-01-02 07:24:00,0.075916,226.104,1.6178,49.978
Morning_High,2020-01-02 07:27:00,0.080726,227.062,1.6999,49.975
Morning_High,2020-01-02 07:30:00,0.071629,227.898,1.4878,49.963
Morning_High,2020-01-02 07:33:00,0.056853,230.766,1.2573,49.985
Morning_High,2020-01-02 07:36:00,0.045962,230.406,1.0695,49.991
Morning_High,2020-01-02 07:39:00,0.060808,228.879,1.2868,49.982
Morning_High,2020-01-02 07:42:00,0.050041,230.366,1.1476,49.998
Morning_High,2020-01-02 07:45:00,0.060875,228.894,1.3727,49.967
Morning_High,2020-01-02 07:48:00,0.069065,228.556,1.4589,49.985
Morning_High,2020-01-02 07:51:00,0.083881,226.962,1.6932,49.981
Morning_High,2020-01-02 07:54:00,0.069342,227.618,1.4965,49.981
Morning_High,2020-01-02 07:57:00,0.100632,227.028,2.0673,49.975
Morning_High,2020-01-02 08:00:00,0.098543,227.059,2.0209,49.986
Morning_High,2020-01-02 08:03:00,0.053433,228.411,1.1694,49.986
Morning_High,2020-01-02 08:06:00,0.084078,228.247,1.8069,49.983
Morning_High,2020-01-02 08:09:00,0.059948,227.593,1.3668,49.985
Morning_High,2020-01-02 08:12:00,0.052501,228.898,1.208,49.973
Morning_High,2020-01-02 08:15:00,0.046921,226.471,1.1225,49.982
Morning_High,2020-01-02 08:18:00,0.071416,227.24,1.5588,49.986
Morning_High,2020-01-02 08:21:00,0.058457,228.308,1.2894,49.973
Morning_High,2020-01-02 08:24:00,0.068561,227.812,1.5063,49.988
Morning_High,2020-01-02 08:27:00,0.090369,226.724,1.8983,49.978
Morning_High,2020-01-02 08:30:00,0.059944,229.111,1.3302,49.974
Morning_High,2020-01-02 08:33:00,0.056377,228.749,1.2851,49.974
Morning_High,2020-01-02 08:36:00,0.075423,226.701,1.6364,49.986
Morning_High,2020-01-02 08:39:00,0.076415,226.437,1.6611,49.991
Morning_High,2020-01-02 08:42:00,0.071347,227.366,1.5432,49.987
Morning_High,2020-01-02 08:45:00,0.062936,229.152,1.3053,49.996
Morning_High,2020-01-02 08:48:00,0.090475,226.824,1.8784,49.941
Morning_High,2020-01-02 08:51:00,0.049279,228.635,1.0778,49.985
Morning_High,2020-01-02 08:54:00,0.04533,229.342,1.0831,50.01
Morning_High,2020-01-02 08:57:00,0.035317,231.146,0.8624,49.978
Morning_High,2020-01-02 09:00:00,0.078721,228.207,1.6429,49.972
Morning_High,2020-01-02 09:03:00,0.078591,226.028,1.6676,49.986
Morning_High,2020-01-02 09:06:00,0.045765,228.389,1.0689,49.976
Morning_High,2020-01-02 09:09:00,0.05961,228.419,1.3037,49.981
Morning_High,2020-01-02 09:12:00,0.053727,228.514,1.2188,50.013
Morning_High,2020-01-02 09:15:00,0.075932,226.538,1.613,49.974
Morning_High,2020-01-02 09:18:00,0.045203,230.12,1.0476,49.978
Morning_High,2020-01-02 09:21:00,0.040937,229.695,0.9531,50.004
Morning_High,2020-01-02 09:24:00,0.058652,228.946,1.2931,49.994
Morning_High,2020-01-02 09:27:00,0.062684,227.807,1.4407,49.976
Morning_High,2020-01-02 09:30:00,0.034235,228.989,0.8252,49.985
Morning_High,2020-01-02 09:33:00,0.035684,229.133,0.9185,49.985
Morning_High,2020-01-02 09:36:00,0.057144,230.034,1.2552,49.985
Morning_High,2020-01-02 09:39:00,0.050353,228.464,1.1732,49.982
Morning_High,2020-01-02 09:42:00,0.054441,226.665,1.2087,49.988
Morning_High,2020-01-02 09:45:00,0.05397,227.374,1.2816,49.977
Morning_High,2020-01-02 09:48:00,0.061165,228.821,1.3954,49.992
Morning_High,2020-01-02 09:51:00,0.044888,229.077,1.0602,49.989
Morning_High,2020-01-02 09:54:00,0.046552,229.742,1.1071,49.991
Morning_High,2020-01-02 09:57:00,0.054011,227.614,1.2548,49.997
Morning_High,2020-01-02 10:00:00,0.043086,228.48,1.0441,49.985
Morning_High,2020-01-02 10:03:00,0.046983,228.374,1.1478,49.97
Morning_High,2020-01-02 10:06:00,0.035452,230.349,0.8763,50.01
Morning_High,2020-01-02 10:09:00,0.043834,229.622,1.1288,49.993
Morning_High,2020-01-02 10:12:00,0.046302,229.462,1.1046,49.968
Morning_High,2020-01-02 10:15:00,0.047431,229.83,1.0878,50.004
Morning_High,2020-01-02 10:18:00,0.043814,230.557,1.0606,49.991
Morning_High,2020-01-02 10:21:00,0.053858,229.207,1.2306,50.003
Morning_High,2020-01-02 10:24:00,0.040175,227.5,1.079,49.985
Morning_High,2020-01-02 10:27:00,0.054239,230.35,1.19,49.99
Morning_High,2020-01-02 10:30:00,0.021084,230.638,0.6452,49.995
Morning_High,2020-01-02 10:33:00,0.046879,229.314,1.0963,49.983
Morning_High,2020-01-02 10:36:00,0.02572,230.982,0.6589,49.982
Morning_High,2020-01-02 10:39:00,0.034467,230.29,0.8542,49.994
Morning_High,2020-01-02 10:42:00,0.027549,230.827,0.7109,49.998
Morning_High,2020-01-02 10:45:00,0.035403,229.817,0.958,50.0
Morning_High,2020-01-02 10:48:00,0.036314,231.318,0.9364,50.002
Morning_High,2020-01-02 10:51:00,0.040458,228.508,0.9689,49.99
Morning_High,2020-01-02 10:54:00,0.034438,230.159,0.875,49.992
Morning_High,2020-01-02 10:57:00,0.036569,229.936,0.9443,49.984
Morning_High,2020-01-02 11:00:00,0.030758,229.618,0.772,49.98
Morning_High,2020-01-02 11:03:00,0.035678,230.171,0.9058,49.995
Morning_High,2020-01-02 11:06:00,0.042863,230.566,1.0096,49.998
Morning_High,2020-01-02 11:09:00,0.032707,230.852,0.8136,49.968
Morning_High,2020-01-02 11:12:00,0.020824,229.491,0.5733,49.999
Morning_High,2020-01-02 11:15:00,0.026307,229.946,0.7346,50.017
Morning_High,2020-01-02 11:18:00,0.02537,231.032,0.7674,50.006
Morning_High,2020-01-02 11:21:00,0.02217,231.053,0.6524,49.994
Morning_High,2020-01-02 11:24:00,0.027498,229.002,0.798,49.988
Morning_High,2020-01-02 11:27:00,0.027235,228.488,0.7357,49.992
Morning_High,2020-01-02 11:30:00,0.02111,230.629,0.6589,49.995
Morning_High,2020-01-02 11:33:00,0.02298,229.488,0.7101,49.991
Morning_High,2020-01-02 11:36:00,0.030585,229.108,0.8095,49.979
Morning_High,2020-01-02 11:39:00,0.032965,229.279,0.8288,49.98
Morning_High,2020-01-02 11:42:00,0.022283,230.872,0.6882,50.019
Morning_High,2020-01-02 11:45:00,0.02486,231.286,0.6688,49.988
Morning_High,2020-01-02 11:48:00,0.020968,231.492,0.5842,49.996
Morning_High,2020-01-02 11:51:00,0.022599,231.55,0.6689,49.995
Morning_High,2020-01-02 11:54:00,0.024296,230.172,0.7387,49.989
Morning_High,2020-01-02 11:57:00,0.0212,230.123,0.6277,49.988
Morning_High,2020-01-02 12:00:00,0.02336,229.802,0.6829,50.003
Morning_High,2020-01-02 12:03:00,0.019909,230.105,0.5964,49.982
Morning_High,2020-01-02 12:06:00,0.015462,231.103,0.5475,49.996
Morning_High,2020-01-02 12:09:00,0.02866,230.335,0.8345,49.997
Morning_High,2020-01-02 12:12:00,0.025607,230.987,0.7141,49.998
Morning_High,2020-01-02 12:15:00,0.020834,231.385,0.6281,50.0
Morning_High,2020-01-02 12:18:00,0.018939,230.074,0.5782,49.992
Morning_High,2020-01-02 12:21:00,0.023104,230.144,0.692,50.007
Morning_High,2020-01-02 12:24:00,0.016289,230.918,0.531,49.999
Morning_High,2020-01-02 12:27:00,0.012754,231.246,0.4528,49.993
Morning_High,2020-01-02 12:30:00,0.017449,230.334,0.582,49.992
Morning_High,2020-01-02 12:33:00,0.025838,231.546,0.7407,50.004
Morning_High,2020-01-02 12:36:00,0.015076,232.009,0.4863,50.012
Morning_High,2020-01-02 12:39:00,0.021309,231.229,0.6653,50.004
Morning_High,2020-01-02 12:42:00,0.021073,231.384,0.6891,50.013
Morning_High,2020-01-02 12:45:00,0.012215,231.388,0.43,49.98
Morning_High,2020-01-02 12:48:00,0.019669,231.791,0.6456,50.012
Morning_High,2020-01-02 12:51:00,0.022087,231.38,0.5876,49.999
Morning_High,2020-01-02 12:54:00,0.009853,231.684,0.415,50.003
Morning_High,2020-01-02 12:57:00,0.019549,231.104,0.6395,49.982
Morning_High,2020-01-02 13:00:00,0.015965,230.27,0.519,49.984
Morning_High,2020-01-02 13:03:00,0.015967,229.679,0.4868,49.999
Morning_High,2020-01-02 13:06:00,0.024653,229.137,0.6627,49.996
Morning_High,2020-01-02 13:09:00,0.01879,231.235,0.6131,50.004
Morning_High,2020-01-02 13:12:00,0.015051,231.624,0.5557,49.998
Morning_High,2020-01-02 13:15:00,0.01543,231.084,0.5458,49.996
Morning_High,2020-01-02 13:18:00,0.015895,231.595,0.5353,50.004
Morning_High,2020-01-02 13:21:00,0.017581,230.468,0.6131,50.007
Morning_High,2020-01-02 13:24:00,0.015364,232.22,0.6173,50.009
Morning_High,2020-01-02 13:27:00,0.0155,229.66,0.5491,49.99
Morning_High,2020-01-02 13:30:00,0.021989,230.121,0.6283,49.995
Morning_High,2020-01-02 13:33:00,0.020147,230.035,0.6114,49.983
Morning_High,2020-01-02 13:36:00,0.007431,231.263,0.3733,49.986
Morning_High,2020-01-02 13:39:00,0.017932,231.719,0.5518,49.997
Morning_High,2020-01-02 13:42:00,0.013443,232.139,0.4786,49.982
Morning_High,2020-01-02 13:45:00,0.009388,231.561,0.4039,50.0
Morning_High,2020-01-02 13:48:00,0.02074,229.805,0.5811,49.985
Morning_High,2020-01-02 13:51:00,0.016894,230.215,0.5926,49.993
Morning_High,2020-01-02 13:54:00,0.013794,232.142,0.4588,50.013
Morning_High,2020-01-02 13:57:00,0.016081,231.595,0.5291,49.993
Morning_High,2020-01-02 14:00:00,0.016362,230.182,0.5729,49.972
Morning_High,2020-01-02 14:03:00,0.017698,232.297,0.604,49.984
Morning_High,2020-01-02 14:06:00,0.010346,231.918,0.4827,49.987
Morning_High,2020-01-02 14:09:00,0.016525,230.828,0.5513,49.985
Morning_High,2020-01-02 14:12:00,0.011523,229.17,0.5092,49.995
Morning_High,2020-01-02 14:15:00,0.016584,231.038,0.5383,50.014
Morning_High,2020-01-02 14:18:00,0.016577,231.023,0.5453,50.009
Morning_High,2020-01-02 14:21:00,0.023014,230.045,0.717,49.987
Morning_High,2020-01-02 14:24:00,0.010996,229.917,0.4392,50.011
Morning_High,2020-01-02 14:27:00,0.019951,232.213,0.5632,49.995
Morning_High,2020-01-02 14:30:00,0.010029,230.655,0.4077,50.005
Morning_High,2020-01-02 14:33:00,0.012267,231.248,0.47,50.005
Morning_High,2020-01-02 14:36:00,0.022575,230.544,0.6298,49.992
Morning_High,2020-01-02 14:39:00,0.019812,229.571,0.5862,49.991
Morning_High,2020-01-02 14:42:00,0.02125,230.511,0.6005,49.995
Morning_High,2020-01-02 14:45:00,0.017726,230.228,0.5192,50.008
Morning_High,2020-01-02 14:48:00,0.008099,231.423,0.3763,50.016
Morning_High,2020-01-02 14:51:00,0.015939,228.557,0.5331,50.008
Morning_High,2020-01-02 14:54:00,0.011739,230.476,0.4484,49.99
Morning_High,2020-01-02 14:57:00,0.015288,233.019,0.5422,49.98
Morning_High,2020-01-02 15:00:00,0.020843,230.693,0.5923,49.99
Morning_High,2020-01-02 15:03:00,0.011844,231.613,0.4964,49.998
Morning_High,2020-01-02 15:06:00,0.022598,232.183,0.7068,49.977
Morning_High,2020-01-02 15:09:00,0.016078,230.277,0.5708,49.997
Morning_High,2020-01-02 15:12:00,0.015341,231.804,0.5674,50.013
Morning_High,2020-01-02 15:15:00,0.016211,230.902,0.5906,49.982
Morning_High,2020-01-02 15:18:00,0.010548,230.663,0.4617,49.998
Morning_High,2020-01-02 15:21:00,0.014362,230.299,0.4929,50.008
Morning_High,2020-01-02 15:24:00,0.016469,230.912,0.5531,49.992
Morning_High,2020-01-02 15:27:00,0.022352,231.165,0.7002,50.0
Morning_High,2020-01-02 15:30:00,0.014505,230.045,0.5303,49.995
Morning_High,2020-01-02 15:33:00,0.014692,231.424,0.5694,49.999
Morning_High,2020-01-02 15:36:00,0.018029,230.163,0.6013,49.999
Morning_High,2020-01-02 15:39:00,0.015865,230.514,0.5409,49.998
Morning_High,2020-01-02 15:42:00,0.019127,230.577,0.6053,50.017
Morning_High,2020-01-02 15:45:00,0.016397,230.382,0.4717,50.001
Morning_High,2020-01-02 15:48:00,0.018697,232.205,0.5259,49.993
Morning_High,2020-01-02 15:51:00,0.021487,231.572,0.6664,49.974
Morning_High,2020-01-02 15:54:00,0.016317,231.113,0.5888,50.004
Morning_High,2020-01-02 15:57:00,0.019237,231.304,0.6252,49.998
Morning_High,2020-01-02 16:00:00,0.017867,230.331,0.5907,49.995
Morning_High,2020-01-02 16:03:00,0.013457,231.99,0.5095,49.983
Morning_High,2020-01-02 16:06:00,0.024836,230.596,0.7431,50.002
Morning_High,2020-01-02 16:09:00,0.013189,232.281,0.437,49.99
Morning_High,2020-01-02 16:12:00,0.011941,230.665,0.4338,50.004
Morning_High,2020-01-02 16:15:00,0.018568,231.624,0.5234,49.991
Morning_High,2020-01-02 16:18:00,0.014223,230.562,0.5595,49.993
Morning_High,2020-01-02 16:21:00,0.023749,230.296,0.6559,49.988
Morning_High,2020-01-02 16:24:00,0.017105,230.388,0.5293,49.992
Morning_High,2020-01-02 16:27:00,0.018622,230.098,0.5617,49.975
Morning_High,2020-01-02 16:30:00,0.0153,231.853,0.6216,49.981
Morning_High,2020-01-02 16:33:00,0.015098,230.594,0.4679,49.973
Morning_High,2020-01-02 16:36:00,0.024544,230.529,0.6827,49.979
Morning_High,2020-01-02 16:39:00,0.020117,230.225,0.6243,49.996
Morning_High,2020-01-02 16:42:00,0.021095,230.527,0.6516,49.98
Morning_High,2020-01-02 16:45:00,0.021477,230.77,0.6767,49.978
Morning_High,2020-01-02 16:48:00,0.030446,229.506,0.754,50.001
Morning_High,2020-01-02 16:51:00,0.021554,231.067,0.7082,49.992
Morning_High,2020-01-02 16:54:00,0.021127,230.169,0.6206,49.988
Morning_High,2020-01-02 16:57:00,0.016235,230.778,0.538,49.995
Morning_High,2020-01-02 17:00:00,0.017663,230.751,0.6143,50.009
Morning_High,2020-01-02 17:03:00,0.01286,232.18,0.4457,49.985
Morning_High,2020-01-02 17:06:00,0.022607,232.961,0.6615,49.973
Morning_High,2020-01-02 17:09:00,0.020221,230.871,0.621,49.988
Morning_High,2020-01-02 17:12:00,0.021466,231.379,0.6527,49.979
Morning_High,2020-01-02 17:15:00,0.018327,231.705,0.5088,50.014
Morning_High,2020-01-02 17:18:00,0.020977,230.17,0.6212,49.999
Morning_High,2020-01-02 17:21:00,0.0192,232.281,0.5515,49.983
Morning_High,2020-01-02 17:24:00,0.021532,231.192,0.6294,49.96
Morning_High,2020-01-02 17:27:00,0.016005,231.435,0.5044,49.963
Morning_High,2020-01-02 17:30:00,0.015476,231.11,0.5446,49.994
Morning_High,2020-01-02 17:33:00,0.026651,231.012,0.8037,49.991
Morning_High,2020-01-02 17:36:00,0.024257,230.684,0.7009,49.991
Morning_High,2020-01-02 17:39:00,0.025156,230.175,0.6854,49.971
Morning_High,2020-01-02 17:42:00,0.022613,230.591,0.6471,49.996
Morning_High,2020-01-02 17:45:00,0.023392,230.38,0.6973,49.994
Morning_High,2020-01-02 17:48:00,0.027923,229.833,0.6879,49.98
Morning_High,2020-01-02 17:51:00,0.022725,231.5,0.6292,49.996
Morning_High,2020-01-02 17:54:00,0.02907,230.162,0.8186,49.975
Morning_High,2020-01-02 17:57:00,0.02105,231.216,0.5563,49.991
Morning_High,2020-01-02 18:00:00,0.020644,229.85,0.5907,49.991
Morning_High,2020-01-02 18:03:00,0.025478,231.107,0.6695,50.0
Morning_High,2020-01-02 18:06:00,0.016512,231.882,0.5057,49.991
Morning_High,2020-01-02 18:09:00,0.018056,230.328,0.6064,50.007
Morning_High,2020-01-02 18:12:00,0.019347,230.438,0.5635,49.993
Morning_High,2020-01-02 18:15:00,0.023475,229.908,0.6414,49.985
Morning_High,2020-01-02 18:18:00,0.023029,230.408,0.6432,49.985
Morning_High,2020-01-02 18:21:00,0.023479,230.794,0.6602,50.0
Morning_High,2020-01-02 18:24:00,0.025471,231.771,0.7142,50.0
Morning_High,2020-01-02 18:27:00,0.023707,231.061,0.635,49.989
Morning_High,2020-01-02 18:30:00,0.023186,229.922,0.6324,49.994
Morning_High,2020-01-02 18:33:00,0.021,229.988,0.586,49.998
Morning_High,2020-01-02 18:36:00,0.027126,230.55,0.7409,50.007
Morning_High,2020-01-02 18:39:00,0.025849,231.289,0.712,49.979
Morning_High,2020-01-02 18:42:00,0.018138,230.525,0.5665,49.998
Morning_High,2020-01-02 18:45:00,0.030979,231.21,0.7632,49.984
Morning_High,2020-01-02 18:48:00,0.013567,231.4,0.4496,50.011
Morning_High,2020-01-02 18:51:00,0.024534,231.171,0.6784,49.97
Morning_High,2020-01-02 18:54:00,0.018383,232.313,0.5636,50.012
Morning_High,2020-01-02 18:57:00,0.028742,229.81,0.7336,49.994
Morning_High,2020-01-02 19:00:00,0.026735,230.393,0.7535,49.983
Morning_High,2020-01-02 19:03:00,0.022234,230.862,0.646,49.994
Morning_High,2020-01-02 19:06:00,0.028875,230.557,0.7976,49.977
Morning_High,2020-01-02 19:09:00,0.014554,229.13,0.4859,49.998
Morning_High,2020-01-02 19:12:00,0.030128,229.209,0.7777,49.986
Morning_High,2020-01-02 19:15:00,0.028548,229.992,0.7214,50.009
Morning_High,2020-01-02 19:18:00,0.020058,230.519,0.6169,50.0
Morning_High,2020-01-02 19:21:00,0.023789,229.995,0.6351,49.991
Morning_High,2020-01-02 19:24:00,0.030859,229.505,0.8631,49.964
Morning_High,2020-01-02 19:27:00,0.0255,231.819,0.7264,49.987
Morning_High,2020-01-02 19:30:00,0.031984,229.605,0.7681,50.002
Morning_High,2020-01-02 19:33:00,0.027494,231.264,0.7119,49.977
Morning_High,2020-01-02 19:36:00,0.036114,230.654,0.8783,49.987
Morning_High,2020-01-02 19:39:00,0.036077,229.142,0.9064,49.995
Morning_High,2020-01-02 19:42:00,0.030922,230.209,0.7626,49.977
Morning_High,2020-01-02 19:45:00,0.032433,229.919,0.8429,49.981
Morning_High,2020-01-02 19:48:00,0.025213,230.538,0.673,50.009
Morning_High,2020-01-02 19:51:00,0.026443,230.311,0.6926,49.993
Morning_High,2020-01-02 19:54:00,0.032069,229.307,0.8038,49.989
Morning_High,2020-01-02 19:57:00,0.02583,229.765,0.6604,49.997
Morning_High,2020-01-02 20:00:00,0.025024,231.334,0.6256,49.973
Morning_High,2020-01-02 20:03:00,0.020921,230.327,0.6371,49.992
Morning_High,2020-01-02 20:06:00,0.030447,230.895,0.8373,49.993
Morning_High,2020-01-02 20:09:00,0.027918,230.22,0.7836,50.0
Morning_High,2020-01-02 20:12:00,0.012781,231.841,0.4541,49.994
Morning_High,2020-01-02 20:15:00,0.03323,229.931,0.8725,49.992
Morning_High,2020-01-02 20:18:00,0.027519,232.605,0.805,49.999
Morning_High,2020-01-02 20:21:00,0.025784,230.26,0.7014,50.002
Morning_High,2020-01-02 20:24:00,0.034968,230.086,0.7907,50.0
Morning_High,2020-01-02 20:27:00,0.032583,230.02,0.8168,50.016
Morning_High,2020-01-02 20:30:00,0.021128,229.828,0.6551,50.001
Morning_High,2020-01-02 20:33:00,0.022084,230.623,0.5952,49.989
Morning_High,2020-01-02 20:36:00,0.032165,229.483,0.8092,50.005
Morning_High,2020-01-02 20:39:00,0.019477,231.995,0.6262,49.986
Morning_High,2020-01-02 20:42:00,0.027636,230.002,0.72,50.007
Morning_High,2020-01-02 20:45:00,0.034321,230.664,0.8839,49.986
Morning_High,2020-01-02 20:48:00,0.0169,231.723,0.5703,49.982
Morning_High,2020-01-02 20:51:00,0.023788,230.583,0.7137,50.001
Morning_High,2020-01-02 20:54:00,0.017383,231.083,0.5954,49.989
Morning_High,2020-01-02 20:57:00,0.024648,230.81,0.6872,49.991
Morning_High,2020-01-02 21:00:00,0.028854,229.608,0.7725,49.978
Morning_High,2020-01-02 21:03:00,0.03863,229.425,0.9179,49.987
Morning_High,2020-01-02 21:06:00,0.030333,229.006,0.7324,49.974
Morning_High,2020-01-02 21:09:00,0.02501,230.777,0.6979,49.973
Morning_High,2020-01-02 21:12:00,0.033689,229.851,0.77,49.995
Morning_High,2020-01-02 21:15:00,0.018921,230.53,0.6088,49.988
Morning_High,2020-01-02 21:18:00,0.024625,231.386,0.7017,49.98
Morning_High,2020-01-02 21:21:00,0.020987,230.427,0.58,50.013
Morning_High,2020-01-02 21:24:00,0.020718,231.025,0.6754,50.019
Morning_High,2020-01-02 21:27:00,0.0261,230.463,0.6935,49.979
Morning_High,2020-01-02 21:30:00,0.017506,231.358,0.5557,50.011
Morning_High,2020-01-02 21:33:00,0.031169,230.513,0.7757,49.997
Morning_High,2020-01-02 21:36:00,0.014382,231.181,0.5102,50.001
Morning_High,2020-01-02 21:39:00,0.025286,229.454,0.7168,49.997
Morning_High,2020-01-02 21:42:00,0.019749,229.984,0.6236,49.994
Morning_High,2020-01-02 21:45:00,0.024995,230.263,0.7045,49.985
Morning_High,2020-01-02 21:48:00,0.020568,230.844,0.5994,49.983
Morning_High,2020-01-02 21:51:00,0.022163,231.68,0.6122,50.004
Morning_High,2020-01-02 21:54:00,0.017792,230.192,0.5291,49.989
Morning_High,2020-01-02 21:57:00,0.025549,230.342,0.7213,49.992
Morning_High,2020-01-02 22:00:00,0.028372,231.024,0.8466,49.992
Morning_High,2020-01-02 22:03:00,0.008355,232.198,0.3759,49.983
Morning_High,2020-01-02 22:06:00,0.025575,230.615,0.6709,49.986
Morning_High,2020-01-02 22:09:00,0.024032,231.071,0.6653,49.985
Morning_High,2020-01-02 22:12:00,0.020999,230.033,0.6383,49.999
Morning_High,2020-01-02 22:15:00,0.009096,230.61,0.3717,49.983
Morning_High,2020-01-02 22:18:00,0.017058,230.257,0.5285,49.991
Morning_High,2020-01-02 22:21:00,0.007171,231.672,0.37,50.003
Morning_High,2020-01-02 22:24:00,0.020536,230.971,0.6433,49.995
Morning_High,2020-01-02 22:27:00,0.025776,231.531,0.6866,50.004
Morning_High,2020-01-02 22:30:00,0.02009,231.258,0.6125,49.995
Morning_High,2020-01-02 22:33:00,0.024409,230.396,0.6685,49.993
Morning_High,2020-01-02 22:36:00,0.022863,231.547,0.6925,50.004
Morning_High,2020-01-02 22:39:00,0.020318,230.556,0.6424,50.015
Morning_High,2020-01-02 22:42:00,0.018841,230.554,0.6064,49.981
Morning_High,2020-01-02 22:45:00,0.013134,231.063,0.4488,49.987
Morning_High,2020-01-02 22:48:00,0.023374,232.592,0.634,50.005
Morning_High,2020-01-02 22:51:00,0.017791,231.634,0.602,49.989
Morning_High,2020-01-02 22:54:00,0.019403,230.967,0.6054,49.998
Morning_High,2020-01-02 22:57:00,0.026147,231.355,0.6992,49.989
Morning_High,2020-01-02 23:00:00,0.022519,230.469,0.589,49.996
Morning_High,2020-01-02 23:03:00,0.022968,230.439,0.6717,49.999
Morning_High,2020-01-02 23:06:00,0.014592,232.561,0.5661,49.978
Morning_High,2020-01-02 23:09:00,0.014709,230.365,0.4705,50.0
Morning_High,2020-01-02 23:12:00,0.015187,229.427,0.5305,49.975
Morning_High,2020-01-02 23:15:00,0.013085,231.034,0.4834,49.977
Morning_High,2020-01-02 23:18:00,0.02071,231.445,0.6215,49.973
Morning_High,2020-01-02 23:21:00,0.027437,230.419,0.7712,50.002
Morning_High,2020-01-02 23:24:00,0.026055,232.42,0.7197,49.988
Morning_High,2020-01-02 23:27:00,0.015074,231.802,0.4851,49.999
Morning_High,2020-01-02 23:30:00,0.020261,230.524,0.5724,49.988
Morning_High,2020-01-02 23:33:00,0.020092,230.816,0.7085,49.984
Morning_High,2020-01-02 23:36:00,0.0229,231.664,0.6468,49.991
Morning_High,2020-01-02 23:39:00,0.018101,230.74,0.6094,50.004
Morning_High,2020-01-02 23:42:00,0.020645,230.45,0.6817,50.008
Morning_High,2020-01-02 23:45:00,0.019083,231.107,0.5799,49.976
Morning_High,2020-01-02 23:48:00,0.014193,230.977,0.5265,49.981
Morning_High,2020-01-02 23:51:00,0.01346,230.775,0.4923,49.993
Morning_High,2020-01-02 23:54:00,0.013464,231.675,0.4834,49.982
Morning_High,2020-01-02 23:57:00,0.014768,231.458,0.4981,50.003
Morning_High,2020-01-03 00:00:00,0.019336,229.762,0.6089,50.0
Morning_High,2020-01-03 00:03:00,0.024379,230.89,0.7414,50.009
Morning_High,2020-01-03 00:06:00,0.015161,232.847,0.5167,49.995
Morning_High,2020-01-03 00:09:00,0.011361,231.267,0.4767,50.0
Morning_High,2020-01-03 00:12:00,0.01928,230.61,0.5806,49.991
Morning_High,2020-01-03 00:15:00,0.015616,231.154,0.5337,49.985
Morning_High,2020-01-03 00:18:00,0.013529,230.105,0.5019,49.995
Morning_High,2020-01-03 00:21:00,0.014953,231.719,0.5151,49.998
Morning_High,2020-01-03 00:24:00,0.02005,233.229,0.6428,49.989
Morning_High,2020-01-03 00:27:00,0.013906,231.243,0.4889,50.006
Morning_High,2020-01-03 00:30:00,0.02423,228.519,0.7219,49.977
Morning_High,2020-01-03 00:33:00,0.0243,230.688,0.6908,50.002
Morning_High,2020-01-03 00:36:00,0.018806,230.229,0.5967,50.003
Morning_High,2020-01-03 00:39:00,0.015122,230.381,0.5281,49.987
Morning_High,2020-01-03 00:42:00,0.022319,230.36,0.6258,49.985
Morning_High,2020-01-03 00:45:00,0.012023,230.401,0.5012,50.012
Morning_High,2020-01-03 00:48:00,0.016722,230.629,0.5137,50.0
Morning_High,2020-01-03 00:51:00,0.016268,231.644,0.5859,49.99
Morning_High,2020-01-03 00:54:00,0.01221,231.115,0.4528,50.001
Morning_High,2020-01-03 00:57:00,0.014063,230.672,0.5387,49.973
Morning_High,2020-01-03 01:00:00,0.015874,231.607,0.4816,50.021
Morning_High,2020-01-03 01:03:00,0.019806,231.716,0.6243,50.004
Morning_High,2020-01-03 01:06:00,0.017454,230.817,0.6652,50.0
Morning_High,2020-01-03 01:09:00,0.021017,231.122,0.6448,49.997
Morning_High,2020-01-03 01:12:00,0.020272,230.953,0.632,50.006
Morning_High,2020-01-03 01:15:00,0.017063,231.072,0.6208,50.005
Morning_High,2020-01-03 01:18:00,0.022463,230.087,0.6377,49.996
Morning_High,2020-01-03 01:21:00,0.019923,231.257,0.5776,50.018
Morning_High,2020-01-03 01:24:00,0.022054,231.485,0.6546,49.987
Morning_High,2020-01-03 01:27:00,0.011569,232.895,0.5179,49.986
Morning_High,2020-01-03 01:30:00,0.018713,231.991,0.6109,49.998
Morning_High,2020-01-03 01:33:00,0.015805,230.153,0.5397,49.981
Morning_High,2020-01-03 01:36:00,0.022499,231.713,0.6158,49.989
Morning_High,2020-01-03 01:39:00,0.01772,230.115,0.5828,49.976
Morning_High,2020-01-03 01:42:00,0.020107,230.871,0.5281,49.977
Morning_High,2020-01-03 01:45:00,0.016367,231.015,0.5583,49.981
Morning_High,2020-01-03 01:48:00,0.023354,229.268,0.6613,50.006
Morning_High,2020-01-03 01:51:00,0.012993,231.072,0.4328,49.973
Morning_High,2020-01-03 01:54:00,0.024946,229.253,0.71,50.006
Morning_High,2020-01-03 01:57:00,0.020627,231.822,0.6206,49.987
Morning_High,2020-01-03 02:00:00,0.016455,232.552,0.5122,49.998
Morning_High,2020-01-03 02:03:00,0.020364,230.319,0.6428,49.991
Morning_High,2020-01-03 02:06:00,0.018851,230.348,0.6484,49.979
Morning_High,2020-01-03 02:09:00,0.010903,233.111,0.466,49.987
Morning_High,2020-01-03 02:12:00,0.013565,231.091,0.4774,49.996
Morning_High,2020-01-03 02:15:00,0.0196,230.913,0.5912,49.981
Morning_High,2020-01-03 02:18:00,0.022958,230.28,0.6328,50.01
Morning_High,2020-01-03 02:21:00,0.016717,230.723,0.5302,49.99
Morning_High,2020-01-03 02:24:00,0.021154,230.569,0.6122,49.974
Morning_High,2020-01-03 02:27:00,0.018845,230.242,0.5518,49.994
Morning_High,2020-01-03 02:30:00,0.014291,232.32,0.4994,50.009
Morning_High,2020-01-03 02:33:00,0.014351,232.156,0.5057,49.998
Morning_High,2020-01-03 02:36:00,0.018776,229.764,0.6031,50.013
Morning_High,2020-01-03 02:39:00,0.013783,229.227,0.4997,49.991
Morning_High,2020-01-03 02:42:00,0.01697,229.228,0.6087,50.001
Morning_High,2020-01-03 02:45:00,0.017604,230.607,0.5848,50.004
Morning_High,2020-01-03 02:48:00,0.014158,232.062,0.4599,49.987
Morning_High,2020-01-03 02:51:00,0.019495,231.144,0.6879,50.022
Morning_High,2020-01-03 02:54:00,0.015137,232.267,0.5509,49.997
Morning_High,2020-01-03 02:57:00,0.017943,230.605,0.556,49.985
Morning_High,2020-01-03 03:00:00,0.021317,229.99,0.6389,49.982
Morning_High,2020-01-03 03:03:00,0.017331,230.694,0.6172,49.989
Morning_High,2020-01-03 03:06:00,0.013536,231.626,0.4576,50.005
Morning_High,2020-01-03 03:09:00,0.019451,232.032,0.5887,50.016
Morning_High,2020-01-03 03:12:00,0.018053,230.665,0.511,50.006
Morning_High,2020-01-03 03:15:00,0.021142,230.792,0.6762,49.991
Morning_High,2020-01-03 03:18:00,0.012325,230.847,0.5131,49.993
Morning_High,2020-01-03 03:21:00,0.018892,230.413,0.577,50.005
Morning_High,2020-01-03 03:24:00,0.028464,228.589,0.7818,50.011
Morning_High,2020-01-03 03:27:00,0.016684,230.522,0.5748,49.977
Morning_High,2020-01-03 03:30:00,0.022508,229.11,0.6418,49.984
Morning_High,2020-01-03 03:33:00,0.022711,230.956,0.6645,50.015
Morning_High,2020-01-03 03:36:00,0.019618,231.03,0.6437,50.016
Morning_High,2020-01-03 03:39:00,0.019127,230.716,0.5536,50.014
Morning_High,2020-01-03 03:42:00,0.021127,230.381,0.623,49.998
Morning_High,2020-01-03 03:45:00,0.01984,230.393,0.6177,49.978
Morning_High,2020-01-03 03:48:00,0.021882,230.285,0.6048,49.976
Morning_High,2020-01-03 03:51:00,0.021952,230.117,0.6398,50.016
Morning_High,2020-01-03 03:54:00,0.012286,232.035,0.4798,49.979
Morning_High,2020-01-03 03:57:00,0.023685,231.548,0.7048,49.993
Morning_High,2020-01-03 04:00:00,0.027996,230.41,0.7865,50.0
Morning_High,2020-01-03 04:03:00,0.023714,230.945,0.6804,49.982
Morning_High,2020-01-03 04:06:00,0.019387,231.164,0.6412,49.983
Morning_High,2020-01-03 04:09:00,0.019521,230.502,0.6311,49.999
Morning_High,2020-01-03 04:12:00,0.019236,231.911,0.5883,49.977
Morning_High,2020-01-03 04:15:00,0.02822,231.19,0.711,49.996
Morning_High,2020-01-03 04:18:00,0.022259,229.836,0.6593,49.991
Morning_High,2020-01-03 04:21:00,0.022459,230.883,0.5724,50.01
Morning_High,2020-01-03 04:24:00,0.026685,229.222,0.7483,50.008
Morning_High,2020-01-03 04:27:00,0.020067,230.845,0.6108,49.995
Morning_High,2020-01-03 04:30:00,0.021833,230.536,0.6357,49.993
Morning_High,2020-01-03 04:33:00,0.027025,232.538,0.7446,49.988
Morning_High,2020-01-03 04:36:00,0.025479,230.673,0.6696,50.012
Morning_High,2020-01-03 04:39:00,0.02542,231.49,0.6782,49.982
Morning_High,2020-01-03 04:42:00,0.023677,229.489,0.6768,49.988
Morning_High,2020-01-03 04:45:00,0.030408,230.29,0.7427,49.982
Morning_High,2020-01-03 04:48:00,0.039258,228.957,0.9663,49.998
Morning_High,2020-01-03 04:51:00,0.0359,230.111,0.9063,49.975
Morning_High,2020-01-03 04:54:00,0.023438,231.141,0.6924,50.001
Morning_High,2020-01-03 04:57:00,0.0274,230.76,0.7203,49.98
Morning_High,2020-01-03 05:00:00,0.034401,230.437,0.8053,49.966
Morning_High,2020-01-03 05:03:00,0.037562,230.527,0.9022,49.983
Morning_High,2020-01-03 05:06:00,0.02949,230.033,0.8493,49.987
Morning_High,2020-01-03 05:09:00,0.035554,231.024,0.8662,49.989
Morning_High,2020-01-03 05:12:00,0.031987,230.315,0.7936,49.981
Morning_High,2020-01-03 05:15:00,0.033628,230.735,0.9186,49.992
Morning_High,2020-01-03 05:18:00,0.025305,231.306,0.7285,49.977
Morning_High,2020-01-03 05:21:00,0.027986,231.038,0.7141,49.988
Morning_High,2020-01-03 05:24:00,0.035673,230.553,0.8781,49.996
Morning_High,2020-01-03 05:27:00,0.040426,229.144,1.0243,49.997
Morning_High,2020-01-03 05:30:00,0.030889,230.49,0.7772,50.007
Morning_High,2020-01-03 05:33:00,0.039367,228.439,0.9477,49.991
Morning_High,2020-01-03 05:36:00,0.039543,229.397,1.0171,49.994
Morning_High,2020-01-03 05:39:00,0.045467,229.639,1.0604,49.979
Morning_High,2020-01-03 05:42:00,0.039892,229.978,1.0081,50.002
Morning_High,2020-01-03 05:45:00,0.050056,229.545,1.1341,49.971
Morning_High,2020-01-03 05:48:00,0.043111,229.558,1.0658,49.993
Morning_High,2020-01-03 05:51:00,0.04397,228.844,1.0208,49.982
Morning_High,2020-01-03 05:54:00,0.030401,231.238,0.8108,50.004
Morning_High,2020-01-03 05:57:00,0.029127,230.456,0.7671,49.997
Morning_High,2020-01-03 06:00:00,0.05246,229.069,1.1665,49.983
Morning_High,2020-01-03 06:03:00,0.04332,228.41,1.0185,50.002
Morning_High,2020-01-03 06:06:00,0.049176,228.477,1.1073,49.978
Morning_High,2020-01-03 06:09:00,0.058372,229.447,1.2856,49.986
Morning_High,2020-01-03 06:12:00,0.067987,228.416,1.4586,49.995
Morning_High,2020-01-03 06:15:00,0.036966,230.019,0.9496,49.996
Morning_High,2020-01-03 06:18:00,0.054675,227.932,1.2332,49.974
Morning_High,2020-01-03 06:21:00,0.035222,228.776,0.9327,49.994
Morning_High,2020-01-03 06:24:00,0.054135,228.536,1.2281,49.986
Morning_High,2020-01-03 06:27:00,0.049133,228.751,1.1148,49.986
Morning_High,2020-01-03 06:30:00,0.045,229.597,1.0794,49.984
Morning_High,2020-01-03 06:33:00,0.065315,228.636,1.4241,49.992
Morning_High,2020-01-03 06:36:00,0.049569,228.862,1.1228,49.979
Morning_High,2020-01-03 06:39:00,0.053542,229.633,1.2492,49.973
Morning_High,2020-01-03 06:42:00,0.049108,227.515,1.1743,49.975
Morning_High,2020-01-03 06:45:00,0.06136,228.939,1.413,49.981
Morning_High,2020-01-03 06:48:00,0.07132,227.417,1.4869,49.975
Morning_High,2020-01-03 06:51:00,0.070943,227.546,1.5665,49.982
Morning_High,2020-01-03 06:54:00,0.059765,227.746,1.299,49.969
Morning_High,2020-01-03 06:57:00,0.064626,228.222,1.3786,49.993
Morning_High,2020-01-03 07:00:00,0.065258,228.853,1.4326,49.991
Morning_High,2020-01-03 07:03:00,0.087726,227.144,1.8455,49.974
Morning_High,2020-01-03 07:06:00,0.034732,230.475,0.8569,50.002
Morning_High,2020-01-03 07:09:00,0.072444,226.837,1.4885,49.978
Morning_High,2020-01-03 07:12:00,0.08384,225.917,1.7871,49.971
Morning_High,2020-01-03 07:15:00,0.048013,228.55,1.1162,49.989
Morning_High,2020-01-03 07:18:00,0.091553,225.436,1.8976,49.983
Morning_High,2020-01-03 07:21:00,0.086008,227.571,1.8402,49.957
Morning_High,2020-01-03 07:24:00,0.062563,227.277,1.3644,49.974
Morning_High,2020-01-03 07:27:00,0.071561,228.95,1.5795,49.97
Morning_High,2020-01-03 07:30:00,0.066498,228.518,1.4652,49.985
Morning_High,2020-01-03 07:33:00,0.076157,226.653,1.5929,49.972
Morning_High,2020-01-03 07:36:00,0.088304,225.773,1.8359,49.968
Morning_High,2020-01-03 07:39:00,0.084632,227.466,1.7297,49.983
Morning_High,2020-01-03 07:42:00,0.084984,227.6,1.7848,49.982
Morning_High,2020-01-03 07:45:00,0.101848,225.615,2.1038,49.97
Morning_High,2020-01-03 07:48:00,0.064814,227.383,1.4041,49.965
Morning_High,2020-01-03 07:51:00,0.066064,228.471,1.4566,49.992
Morning_High,2020-01-03 07:54:00,0.066306,230.083,1.4402,49.983
Morning_High,2020-01-03 07:57:00,0.043668,229.195,1.0347,49.973
Morning_High,2020-01-03 08:00:00,0.058417,227.971,1.2844,49.979
Morning_High,2020-01-03 08:03:00,0.121472,226.057,2.4059,49.953
Morning_High,2020-01-03 08:06:00,0.062592,227.22,1.3573,49.995
Morning_High,2020-01-03 08:09:00,0.076826,227.523,1.6467,49.995
Morning_High,2020-01-03 08:12:00,0.059194,228.993,1.2715,50.001
Morning_High,2020-01-03 08:15:00,0.055824,227.827,1.2584,49.982
Morning_High,2020-01-03 08:18:00,0.05132,228.325,1.215,49.998
Morning_High,2020-01-03 08:21:00,0.101471,226.072,2.0652,49.97
Morning_High,2020-01-03 08:24:00,0.088598,226.696,1.8944,49.957
Morning_High,2020-01-03 08:27:00,0.078451,227.834,1.6803,49.972
Morning_High,2020-01-03 08:30:00,0.05762,228.591,1.3694,50.008
Morning_High,2020-01-03 08:33:00,0.07747,227.769,1.5828,49.976
Morning_High,2020-01-03 08:36:00,0.082583,225.634,1.7479,49.979
Morning_High,2020-01-03 08:39:00,0.070075,227.744,1.5374,49.99
Morning_High,2020-01-03 08:42:00,0.080733,228.473,1.6879,49.972
Morning_High,2020-01-03 08:45:00,0.064859,229.054,1.4247,49.987
Morning_High,2020-01-03 08:48:00,0.073921,227.61,1.6,49.966
Morning_High,2020-01-03 08:51:00,0.054435,227.989,1.1488,49.977
Morning_High,2020-01-03 08:54:00,0.058388,228.569,1.304,49.984
Morning_High,2020-01-03 08:57:00,0.055174,229.14,1.2585,49.992
Morning_High,2020-01-03 09:00:00,0.084346,226.574,1.7421,49.952
Morning_High,2020-01-03 09:03:00,0.070903,229.324,1.5325,49.985
Morning_High,2020-01-03 09:06:00,0.057572,227.326,1.3139,49.982
Morning_High,2020-01-03 09:09:00,0.075226,228.797,1.6086,49.968
Morning_High,2020-01-03 09:12:00,0.048861,228.604,1.167,49.995
Morning_High,2020-01-03 09:15:00,0.04796,229.988,1.0953,49.979
Morning_High,2020-01-03 09:18:00,0.047528,229.401,1.073,49.997
Morning_High,2020-01-03 09:21:00,0.075571,226.959,1.5864,49.961
Morning_High,2020-01-03 09:24:00,0.069064,226.992,1.5287,49.989
Morning_High,2020-01-03 09:27:00,0.020796,230.896,0.5793,49.989
Morning_High,2020-01-03 09:30:00,0.0652,228.759,1.4433,49.983
Morning_High,2020-01-03 09:33:00,0.040827,229.784,0.9568,49.986
Morning_High,2020-01-03 09:36:00,0.042085,228.847,1.0174,49.993
Morning_High,2020-01-03 09:39:00,0.051266,228.111,1.1711,49.988
Morning_High,2020-01-03 09:42:00,0.065363,228.819,1.3967,49.989
Morning_High,2020-01-03 09:45:00,0.031996,231.383,0.8411,49.993
Morning_High,2020-01-03 09:48:00,0.045254,228.206,1.046,49.99
Morning_High,2020-01-03 09:51:00,0.04273,229.931,1.0294,49.982
Morning_High,2020-01-03 09:54:00,0.045677,229.673,1.0074,49.981
Morning_High,2020-01-03 09:57:00,0.058131,228.919,1.2593,49.979
Morning_High,2020-01-03 10:00:00,0.060465,227.871,1.331,49.979
Morning_High,2020-01-03 10:03:00,0.039255,228.66,0.8668,50.016
Morning_High,2020-01-03 10:06:00,0.039825,230.25,0.9315,49.984
Morning_High,2020-01-03 10:09:00,0.058222,229.342,1.2474,49.991
Morning_High,2020-01-03 10:12:00,0.051247,229.377,1.2559,49.986
Morning_High,2020-01-03 10:15:00,0.042992,229.226,1.0599,49.989
Morning_High,2020-01-03 10:18:00,0.046522,231.229,1.1026,49.99
Morning_High,2020-01-03 10:21:00,0.044978,229.468,1.0095,50.008
Morning_High,2020-01-03 10:24:00,0.039695,229.725,1.0042,49.979
Morning_High,2020-01-03 10:27:00,0.027597,230.18,0.7907,49.999
Morning_High,2020-01-03 10:30:00,0.040304,228.87,1.0136,49.989
Morning_High,2020-01-03 10:33:00,0.038209,230.811,0.8939,49.998
Morning_High,2020-01-03 10:36:00,0.041713,230.539,0.9607,49.997
Morning_High,2020-01-03 10:39:00,0.026222,231.073,0.7273,49.986
Morning_High,2020-01-03 10:42:00,0.039161,230.146,0.8989,50.007
Morning_High,2020-01-03 10:45:00,0.028676,229.687,0.6916,50.011
Morning_High,2020-01-03 10:48:00,0.040319,230.372,1.0265,50.017
Morning_High,2020-01-03 10:51:00,0.035258,230.611,0.8587,49.972
Morning_High,2020-01-03 10:54:00,0.023625,230.056,0.6719,50.001
Morning_High,2020-01-03 10:57:00,0.03407,229.683,0.9209,49.982
Morning_High,2020-01-03 11:00:00,0.033756,229.654,0.8866,49.99
Morning_High,2020-01-03 11:03:00,0.029089,230.931,0.75,50.007
Morning_High,2020-01-03 11:06:00,0.026971,231.447,0.7423,49.996
Morning_High,2020-01-03 11:09:00,0.036412,230.728,0.9126,49.98
Morning_High,2020-01-03 11:12:00,0.031906,231.304,0.8627,49.999
Morning_High,2020-01-03 11:15:00,0.028268,230.831,0.7964,49.99
Morning_High,2020-01-03 11:18:00,0.023349,230.76,0.6717,49.972
Morning_High,2020-01-03 11:21:00,0.032372,229.407,0.7738,49.992
Morning_High,2020-01-03 11:24:00,0.022259,230.527,0.6662,50.01
Morning_High,2020-01-03 11:27:00,0.021555,229.575,0.624,50.003
Morning_High,2020-01-03 11:30:00,0.025013,229.519,0.7035,49.989
Morning_High,2020-01-03 11:33:00,0.014336,231.225,0.5623,49.994
Morning_High,2020-01-03 11:36:00,0.032005,231.284,0.7728,50.006
Morning_High,2020-01-03 11:39:00,0.022189,230.178,0.6882,49.995
Morning_High,2020-01-03 11:42:00,0.020666,231.321,0.5479,49.987
Morning_High,2020-01-03 11:45:00,0.020923,230.172,0.5944,49.989
Morning_High,2020-01-03 11:48:00,0.028087,230.389,0.7182,49.973
Morning_High,2020-01-03 11:51:00,0.016105,231.591,0.6332,49.997
Morning_High,2020-01-03 11:54:00,0.019996,231.429,0.653,49.989
Morning_High,2020-01-03 11:57:00,0.015546,232.534,0.502,49.993
Morning_High,2020-01-03 12:00:00,0.030061,230.795,0.7534,49.974
Morning_High,2020-01-03 12:03:00,0.021458,230.471,0.6172,49.992
Morning_High,2020-01-03 12:06:00,0.034258,231.745,0.8248,49.993
Morning_High,2020-01-03 12:09:00,0.018584,230.875,0.576,50.001
Morning_High,2020-01-03 12:12:00,0.023105,229.202,0.6786,49.994
Morning_High,2020-01-03 12:15:00,0.019089,231.803,0.5245,49.987
Morning_High,2020-01-03 12:18:00,0.025502,230.509,0.6977,49.988
Morning_High,2020-01-03 12:21:00,0.019257,229.663,0.6177,49.969
Morning_High,2020-01-03 12:24:00,0.020013,233.557,0.6608,49.999
Morning_High,2020-01-03 12:27:00,0.018338,231.398,0.5802,49.981
Morning_High,2020-01-03 12:30:00,0.016972,230.873,0.5642,49.993
Morning_High,2020-01-03 12:33:00,0.01786,230.933,0.6015,49.989
Morning_High,2020-01-03 12:36:00,0.023456,231.155,0.7455,50.001
Morning_High,2020-01-03 12:39:00,0.022845,231.703,0.7033,49.996
Morning_High,2020-01-03 12:42:00,0.018866,231.247,0.5262,49.996
Morning_High,2020-01-03 12:45:00,0.026446,230.092,0.6907,49.987
Morning_High,2020-01-03 12:48:00,0.021216,229.316,0.6422,50.006
Morning_High,2020-01-03 12:51:00,0.013849,232.278,0.5454,50.009
Morning_High,2020-01-03 12:54:00,0.027484,231.582,0.7656,49.975
Morning_High,2020-01-03 12:57:00,0.015178,231.917,0.528,49.993
Morning_High,2020-01-03 13:00:00,0.015999,231.35,0.4731,49.997
Morning_High,2020-01-03 13:03:00,0.015157,231.338,0.5442,49.984
Morning_High,2020-01-03 13:06:00,0.029649,230.434,0.7099,49.993
Morning_High,2020-01-03 13:09:00,0.020157,231.503,0.5902,49.965
Morning_High,2020-01-03 13:12:00,0.016541,230.437,0.5048,49.989
Morning_High,2020-01-03 13:15:00,0.018241,232.425,0.6179,49.969
Morning_High,2020-01-03 13:18:00,0.024662,229.962,0.6518,49.976
Morning_High,2020-01-03 13:21:00,0.015038,230.859,0.5094,50.001
Morning_High,2020-01-03 13:24:00,0.018948,231.356,0.6285,49.979
Morning_High,2020-01-03 13:27:00,0.024575,230.585,0.6754,49.99
Morning_High,2020-01-03 13:30:00,0.019215,229.659,0.6061,49.998
Morning_High,2020-01-03 13:33:00,0.011208,230.501,0.3799,50.004
Morning_High,2020-01-03 13:36:00,0.016601,231.574,0.6015,49.983
Morning_High,2020-01-03 13:39:00,0.014378,231.611,0.5832,49.995
Morning_High,2020-01-03 13:42:00,0.013981,231.606,0.577,50.006
Morning_High,2020-01-03 13:45:00,0.016758,232.162,0.5568,49.98
Morning_High,2020-01-03 13:48:00,0.016384,230.606,0.5571,50.012
Morning_High,2020-01-03 13:51:00,0.020112,229.698,0.5584,50.005
Morning_High,2020-01-03 13:54:00,0.019578,230.435,0.6014,50.025
Morning_High,2020-01-03 13:57:00,0.016541,232.044,0.5881,49.982
Morning_High,2020-01-03 14:00:00,0.020272,229.785,0.6698,49.986
Morning_High,2020-01-03 14:03:00,0.01749,231.238,0.5857,49.963
Morning_High,2020-01-03 14:06:00,0.014054,231.746,0.5139,50.011
Morning_High,2020-01-03 14:09:00,0.016363,229.993,0.5671,49.993
Morning_High,2020-01-03 14:12:00,0.01921,231.771,0.5884,50.004
Morning_High,2020-01-03 14:15:00,0.014248,232.121,0.5826,50.006
Morning_High,2020-01-03 14:18:00,0.011157,230.854,0.5382,50.029
Morning_High,2020-01-03 14:21:00,0.015332,230.89,0.63,50.0
Morning_High,2020-01-03 14:24:00,0.017608,231.575,0.5588,49.983
Morning_High,2020-01-03 14:27:00,0.015412,231.546,0.5511,49.985
Morning_High,2020-01-03 14:30:00,0.02327,231.97,0.659,49.992
Morning_High,2020-01-03 14:33:00,0.01396,230.11,0.507,50.011
Morning_High,2020-01-03 14:36:00,0.018857,230.501,0.5453,50.019
Morning_High,2020-01-03 14:39:00,0.01795,232.042,0.6121,49.994
Morning_High,2020-01-03 14:42:00,0.016709,231.593,0.5405,50.013
Morning_High,2020-01-03 14:45:00,0.013921,232.296,0.5313,50.016
Morning_High,2020-01-03 14:48:00,0.01866,231.291,0.6206,49.972
Morning_High,2020-01-03 14:51:00,0.018496,231.723,0.5522,49.996
Morning_High,2020-01-03 14:54:00,0.019821,231.768,0.6563,50.002
Morning_High,2020-01-03 14:57:00,0.02382,231.394,0.616,49.972
Morning_High,2020-01-03 15:00:00,0.020269,230.104,0.5794,50.0
Morning_High,2020-01-03 15:03:00,0.022282,229.871,0.6782,49.988
Morning_High,2020-01-03 15:06:00,0.020624,229.713,0.6641,50.001
Morning_High,2020-01-03 15:09:00,0.016462,231.283,0.516,50.017
Morning_High,2020-01-03 15:12:00,0.018364,231.047,0.609,50.017
Morning_High,2020-01-03 15:15:00,0.015289,231.668,0.5257,49.993
Morning_High,2020-01-03 15:18:00,0.015855,230.243,0.524,49.99
Morning_High,2020-01-03 15:21:00,0.016875,231.86,0.5492,50.014
Morning_High,2020-01-03 15:24:00,0.016901,231.144,0.5473,49.987
Morning_High,2020-01-03 15:27:00,0.017886,231.451,0.5792,49.999
Morning_High,2020-01-03 15:30:00,0.022269,231.051,0.656,49.986
Morning_High,2020-01-03 15:33:00,0.020234,229.875,0.565,49.986
Morning_High,2020-01-03 15:36:00,0.012161,231.183,0.4372,49.991
Morning_High,2020-01-03 15:39:00,0.013921,231.447,0.5186,49.981
Morning_High,2020-01-03 15:42:00,0.0163,231.993,0.5408,49.975
Morning_High,2020-01-03 15:45:00,0.02103,231.627,0.5788,50.01
Morning_High,2020-01-03 15:48:00,0.020299,229.87,0.5915,49.977
Morning_High,2020-01-03 15:51:00,0.019739,230.7,0.616,50.003
Morning_High,2020-01-03 15:54:00,0.018609,231.353,0.552,49.98
Morning_High,2020-01-03 15:57:00,0.015445,230.964,0.6266,50.009
Morning_High,2020-01-03 16:00:00,0.017817,231.948,0.6366,49.981
Morning_High,2020-01-03 16:03:00,0.022361,230.286,0.5637,50.001
Morning_High,2020-01-03 16:06:00,0.012689,231.797,0.4988,49.998
Morning_High,2020-01-03 16:09:00,0.014091,230.032,0.4874,49.984
Morning_High,2020-01-03 16:12:00,0.019467,230.053,0.5866,50.006
Morning_High,2020-01-03 16:15:00,0.021239,231.987,0.6402,49.97
Morning_High,2020-01-03 16:18:00,0.018236,231.163,0.5338,49.998
Morning_High,2020-01-03 16:21:00,0.018887,230.769,0.6245,49.973
Morning_High,2020-01-03 16:24:00,0.015928,230.479,0.4953,49.995
Morning_High,2020-01-03 16:27:00,0.01482,231.272,0.501,49.983
Morning_High,2020-01-03 16:30:00,0.008737,230.737,0.3971,49.986
Morning_High,2020-01-03 16:33:00,0.018082,232.111,0.5457,49.993
Morning_High,2020-01-03 16:36:00,0.014354,231.25,0.4891,49.989
Morning_High,2020-01-03 16:39:00,0.019316,230.295,0.6038,49.983
Morning_High,2020-01-03 16:42:00,0.022078,231.122,0.645,49.993
Morning_High,2020-01-03 16:45:00,0.018225,231.285,0.6254,49.977
Morning_High,2020-01-03 16:48:00,0.016841,232.305,0.5097,49.994
Morning_High,2020-01-03 16:51:00,0.016394,232.146,0.5561,49.991
Morning_High,2020-01-03 16:54:00,0.022586,230.105,0.6208,49.997
Morning_High,2020-01-03 16:57:00,0.01507,230.205,0.4658,49.998
Morning_High,2020-01-03 17:00:00,0.009798,231.03,0.431,49.995
Morning_High,2020-01-03 17:03:00,0.022848,230.845,0.6848,49.983
Morning_High,2020-01-03 17:06:00,0.019387,231.035,0.6052,50.006
Morning_High,2020-01-03 17:09:00,0.021194,230.784,0.6998,49.983
Morning_High,2020-01-03 17:12:00,0.01799,230.581,0.5844,50.024
Morning_High,2020-01-03 17:15:00,0.020447,231.826,0.5742,49.974
Morning_High,2020-01-03 17:18:00,0.025198,231.145,0.6584,49.985
Morning_High,2020-01-03 17:21:00,0.021377,229.911,0.6104,50.007
Morning_High,2020-01-03 17:24:00,0.025213,230.315,0.7428,49.989
Morning_High,2020-01-03 17:27:00,0.021967,229.418,0.6244,49.988
Morning_High,2020-01-03 17:30:00,0.020279,230.875,0.6066,49.992
Morning_High,2020-01-03 17:33:00,0.017594,231.593,0.5323,50.003
Morning_High,2020-01-03 17:36:00,0.020851,230.501,0.593,50.007
Morning_High,2020-01-03 17:39:00,0.02009,230.157,0.5679,49.973
Morning_High,2020-01-03 17:42:00,0.008744,231.497,0.4109,49.995
Morning_High,2020-01-03 17:45:00,0.023086,230.143,0.6498,49.993
Morning_High,2020-01-03 17:48:00,0.021204,231.348,0.5829,49.981
Morning_High,2020-01-03 17:51:00,0.014688,230.963,0.5426,50.005
Morning_High,2020-01-03 17:54:00,0.023824,231.957,0.6417,50.024
Morning_High,2020-01-03 17:57:00,0.034462,229.209,0.8499,49.986
Morning_High,2020-01-03 18:00:00,0.025777,231.714,0.7437,50.004
Morning_High,2020-01-03 18:03:00,0.021081,230.801,0.659,49.993
Morning_High,2020-01-03 18:06:00,0.019683,231.303,0.5866,49.983
Morning_High,2020-01-03 18:09:00,0.025078,231.9,0.6803,49.988
Morning_High,2020-01-03 18:12:00,0.024009,230.501,0.6546,50.012
Morning_High,2020-01-03 18:15:00,0.024138,230.206,0.6716,49.975
Morning_High,2020-01-03 18:18:00,0.02826,230.463,0.7695,49.998
Morning_High,2020-01-03 18:21:00,0.017268,230.721,0.6059,50.004
Morning_High,2020-01-03 18:24:00,0.020987,231.192,0.6655,49.988
Morning_High,2020-01-03 18:27:00,0.02037,231.778,0.6226,49.973
Morning_High,2020-01-03 18:30:00,0.015597,231.119,0.5176,49.976
Morning_High,2020-01-03 18:33:00,0.033338,229.059,0.8133,49.974
Morning_High,2020-01-03 18:36:00,0.027654,231.494,0.7071,49.977
Morning_High,2020-01-03 18:39:00,0.02926,230.4,0.744,50.008
Morning_High,2020-01-03 18:42:00,0.020402,231.745,0.6395,49.981
Morning_High,2020-01-03 18:45:00,0.019762,232.103,0.5995,50.006
Morning_High,2020-01-03 18:48:00,0.026458,230.526,0.7036,49.993
Morning_High,2020-01-03 18:51:00,0.033367,230.186,0.9131,49.99
Morning_High,2020-01-03 18:54:00,0.029274,230.366,0.7458,49.998
Morning_High,2020-01-03 18:57:00,0.036297,230.279,0.9155,49.982
Morning_High,2020-01-03 19:00:00,0.023005,230.296,0.655,49.995
Morning_High,2020-01-03 19:03:00,0.022379,232.155,0.6374,49.985
Morning_High,2020-01-03 19:06:00,0.025822,230.539,0.7482,49.993
Morning_High,2020-01-03 19:09:00,0.027795,230.347,0.7171,50.012
Morning_High,2020-01-03 19:12:00,0.027874,229.638,0.7749,49.987
Morning_High,2020-01-03 19:15:00,0.027509,230.997,0.6954,49.989
Morning_High,2020-01-03 19:18:00,0.027247,229.806,0.8397,50.001
Morning_High,2020-01-03 19:21:00,0.024475,229.904,0.6117,50.007
Morning_High,2020-01-03 19:24:00,0.026133,229.597,0.7559,49.973
Morning_High,2020-01-03 19:27:00,0.03165,230.429,0.8399,49.997
Morning_High,2020-01-03 19:30:00,0.022549,229.127,0.6637,49.979
Morning_High,2020-01-03 19:33:00,0.023546,229.731,0.6096,49.987
Morning_High,2020-01-03 19:36:00,0.018094,231.989,0.5156,49.993
Morning_High,2020-01-03 19:39:00,0.037283,230.492,0.8639,49.983
Morning_High,2020-01-03 19:42:00,0.029145,230.724,0.7333,49.99
Morning_High,2020-01-03 19:45:00,0.02665,231.563,0.7278,49.985
Morning_High,2020-01-03 19:48:00,0.024317,231.763,0.7178,49.985
Morning_High,2020-01-03 19:51:00,0.035575,230.361,0.9079,49.979
Morning_High,2020-01-03 19:54:00,0.034707,230.651,0.8206,49.995
Morning_High,2020-01-03 19:57:00,0.023812,231.755,0.6789,49.968
Morning_High,2020-01-03 20:00:00,0.018654,230.954,0.6193,49.989
Morning_High,2020-01-03 20:03:00,0.022655,230.891,0.6582,50.009
Morning_High,2020-01-03 20:06:00,0.037087,230.068,0.8839,49.993
Morning_High,2020-01-03 20:09:00,0.039161,228.58,0.966,49.995
Morning_High,2020-01-03 20:12:00,0.025093,229.852,0.6673,49.981
Morning_High,2020-01-03 20:15:00,0.016756,231.664,0.5613,49.999
Morning_High,2020-01-03 20:18:00,0.027806,230.218,0.7027,49.991
Morning_High,2020-01-03 20:21:00,0.021381,230.022,0.6034,49.984
Morning_High,2020-01-03 20:24:00,0.014348,231.664,0.5138,50.0
Morning_High,2020-01-03 20:27:00,0.029503,231.513,0.7416,50.0
Morning_High,2020-01-03 20:30:00,0.031761,229.862,0.8796,49.993
Morning_High,2020-01-03 20:33:00,0.02051,230.345,0.6004,49.994
Morning_High,2020-01-03 20:36:00,0.028321,230.558,0.7373,49.985
Morning_High,2020-01-03 20:39:00,0.033217,230.428,0.8562,49.985
Morning_High,2020-01-03 20:42:00,0.032549,230.551,0.8186,50.003
Morning_High,2020-01-03 20:45:00,0.024609,230.151,0.6703,50.017
Morning_High,2020-01-03 20:48:00,0.030739,231.417,0.8866,49.993
Morning_High,2020-01-03 20:51:00,0.030019,229.534,0.8598,49.998
Morning_High,2020-01-03 20:54:00,0.021609,231.132,0.6562,50.011
Morning_High,2020-01-03 20:57:00,0.025206,232.107,0.7106,50.016
Morning_High,2020-01-03 21:00:00,0.030779,229.311,0.8771,49.989
Morning_High,2020-01-03 21:03:00,0.02728,230.543,0.7446,49.994
Morning_High,2020-01-03 21:06:00,0.028523,230.748,0.7375,49.984
Morning_High,2020-01-03 21:09:00,0.020122,230.185,0.6334,49.992
Morning_High,2020-01-03 21:12:00,0.025457,230.788,0.7048,50.012
Morning_High,2020-01-03 21:15:00,0.026736,230.741,0.7074,49.994
Morning_High,2020-01-03 21:18:00,0.028123,230.435,0.7739,49.995
Morning_High,2020-01-03 21:21:00,0.023031,231.139,0.6646,49.986
Morning_High,2020-01-03 21:24:00,0.027871,231.968,0.767,50.009
Morning_High,2020-01-03 21:27:00,0.026724,230.64,0.7589,50.0
Morning_High,2020-01-03 21:30:00,0.029134,229.97,0.7015,50.009
Morning_High,2020-01-03 21:33:00,0.029472,230.097,0.7692,49.995
Morning_High,2020-01-03 21:36:00,0.020698,228.919,0.6587,50.013
Morning_High,2020-01-03 21:39:00,0.02748,230.652,0.7272,50.009
Morning_High,2020-01-03 21:42:00,0.029108,231.491,0.7852,49.979
Morning_High,2020-01-03 21:45:00,0.036466,230.385,0.9337,49.988
Morning_High,2020-01-03 21:48:00,0.024757,231.941,0.692,49.984
Morning_High,2020-01-03 21:51:00,0.029176,231.283,0.7957,49.979
Morning_High,2020-01-03 21:54:00,0.020537,230.263,0.5654,49.99
Morning_High,2020-01-03 21:57:00,0.023929,232.063,0.6422,49.986
Morning_High,2020-01-03 22:00:00,0.023075,230.746,0.6531,49.995
Morning_High,2020-01-03 22:03:00,0.020845,231.125,0.6043,49.995
Morning_High,2020-01-03 22:06:00,0.021599,230.601,0.6737,49.993
Morning_High,2020-01-03 22:09:00,0.019133,230.823,0.5929,49.997
Morning_High,2020-01-03 22:12:00,0.024871,230.307,0.7413,50.0
Morning_High,2020-01-03 22:15:00,0.017772,230.363,0.6187,50.007
Morning_High,2020-01-03 22:18:00,0.029153,230.775,0.769,50.002
Morning_High,2020-01-03 22:21:00,0.018426,230.531,0.5949,50.009
Morning_High,2020-01-03 22:24:00,0.018932,229.464,0.5959,49.99
Morning_High,2020-01-03 22:27:00,0.023371,231.503,0.6179,49.995
Morning_High,2020-01-03 22:30:00,0.029482,229.12,0.8113,49.981
Morning_High,2020-01-03 22:33:00,0.021817,228.618,0.6626,49.994
Morning_High,2020-01-03 22:36:00,0.017876,229.56,0.552,49.977
Morning_High,2020-01-03 22:39:00,0.0278,230.495,0.7366,49.985
Morning_High,2020-01-03 22:42:00,0.015326,232.841,0.569,49.999
Morning_High,2020-01-03 22:45:00,0.016033,231.047,0.5443,50.015
Morning_High,2020-01-03 22:48:00,0.018298,231.499,0.6457,49.997
Morning_High,2020-01-03 22:51:00,0.02343,230.647,0.7069,49.999
Morning_High,2020-01-03 22:54:00,0.021127,230.806,0.6586,50.006
Morning_High,2020-01-03 22:57:00,0.017626,231.404,0.5737,49.998
Morning_High,2020-01-03 23:00:00,0.021363,230.812,0.7019,49.986
Morning_High,2020-01-03 23:03:00,0.015512,231.3,0.5233,50.001
Morning_High,2020-01-03 23:06:00,0.027662,230.82,0.7767,49.999
Morning_High,2020-01-03 23:09:00,0.028904,231.055,0.7234,50.009
Morning_High,2020-01-03 23:12:00,0.018809,230.535,0.5548,49.995
Morning_High,2020-01-03 23:15:00,0.017441,230.092,0.5964,49.979
Morning_High,2020-01-03 23:18:00,0.021432,230.352,0.5959,49.997
Morning_High,2020-01-03 23:21:00,0.024998,228.687,0.7053,49.99
Morning_High,2020-01-03 23:24:00,0.02039,231.246,0.5991,50.004
Morning_High,2020-01-03 23:27:00,0.016582,230.934,0.5479,49.988
Morning_High,2020-01-03 23:30:00,0.014298,231.408,0.5258,50.027
Morning_High,2020-01-03 23:33:00,0.018391,232.59,0.5414,49.994
Morning_High,2020-01-03 23:36:00,0.017408,231.154,0.5558,49.987
Morning_High,2020-01-03 23:39:00,0.013978,232.488,0.5179,50.007
Morning_High,2020-01-03 23:42:00,0.023153,230.116,0.6543,49.974
Morning_High,2020-01-03 23:45:00,0.023688,229.144,0.7392,50.013
Morning_High,2020-01-03 23:48:00,0.020843,230.528,0.5468,50.001
Morning_High,2020-01-03 23:51:00,0.018082,232.055,0.5617,50.017
Morning_High,2020-01-03 23:54:00,0.016249,230.98,0.5409,49.976
Morning_High,2020-01-03 23:57:00,0.022389,230.457,0.6999,49.994
Morning_High,2020-01-04 00:00:00,0.021291,230.314,0.6387,49.992
Morning_High,2020-01-04 00:03:00,0.017265,230.226,0.6077,50.002
Morning_High,2020-01-04 00:06:00,0.018706,230.791,0.6551,49.997
Morning_High,2020-01-04 00:09:00,0.015104,231.473,0.4691,49.981
Morning_High,2020-01-04 00:12:00,0.021639,230.379,0.6246,50.004
Morning_High,2020-01-04 00:15:00,0.015177,231.843,0.5732,50.001
Morning_High,2020-01-04 00:18:00,0.018416,231.947,0.6292,49.978
Morning_High,2020-01-04 00:21:00,0.011158,231.233,0.4459,50.005
Morning_High,2020-01-04 00:24:00,0.021876,232.091,0.5894,49.989
Morning_High,2020-01-04 00:27:00,0.026304,231.069,0.7573,50.01
Morning_High,2020-01-04 00:30:00,0.01709,231.366,0.5191,49.988
Morning_High,2020-01-04 00:33:00,0.018238,230.776,0.5776,49.981
Morning_High,2020-01-04 00:36:00,0.021323,231.701,0.6168,50.0
Morning_High,2020-01-04 00:39:00,0.021322,230.771,0.652,50.0
Morning_High,2020-01-04 00:42:00,0.019556,230.227,0.6654,49.994
Morning_High,2020-01-04 00:45:00,0.019278,231.194,0.5461,49.999
Morning_High,2020-01-04 00:48:00,0.018945,229.841,0.5951,49.989
Morning_High,2020-01-04 00:51:00,0.016993,232.255,0.5985,49.98
Morning_High,2020-01-04 00:54:00,0.021268,229.432,0.6722,49.989
Morning_High,2020-01-04 00:57:00,0.025824,232.175,0.7252,49.993
Morning_High,2020-01-04 01:00:00,0.018679,231.43,0.5533,50.008
Morning_High,2020-01-04 01:03:00,0.019259,231.699,0.6331,49.976
Morning_High,2020-01-04 01:06:00,0.021264,231.62,0.615,49.99
Morning_High,2020-01-04 01:09:00,0.022158,230.981,0.6101,49.98
Morning_High,2020-01-04 01:12:00,0.020973,230.428,0.609,50.027
Morning_High,2020-01-04 01:15:00,0.019988,230.526,0.6347,49.992
Morning_High,2020-01-04 01:18:00,0.019437,231.165,0.5562,49.99
Morning_High,2020-01-04 01:21:00,0.022854,230.07,0.6727,49.995
Morning_High,2020-01-04 01:24:00,0.026181,228.377,0.7635,49.998
Morning_High,2020-01-04 01:27:00,0.018517,230.377,0.5563,49.988
Morning_High,2020-01-04 01:30:00,0.021779,231.247,0.678,50.012
Morning_High,2020-01-04 01:33:00,0.01309,230.528,0.5141,50.007
Morning_High,2020-01-04 01:36:00,0.015528,230.549,0.5051,49.985
Morning_High,2020-01-04 01:39:00,0.017561,231.604,0.5468,50.0
Morning_High,2020-01-04 01:42:00,0.02041,231.205,0.6737,49.991
Morning_High,2020-01-04 01:45:00,0.01428,231.377,0.519,50.013
Morning_High,2020-01-04 01:48:00,0.024443,229.483,0.722,49.981
Morning_High,2020-01-04 01:51:00,0.019783,230.561,0.6192,49.988
Morning_High,2020-01-04 01:54:00,0.025147,230.37,0.6854,49.978
Morning_High,2020-01-04 01:57:00,0.015798,233.014,0.5652,49.992
Morning_High,2020-01-04 02:00:00,0.018963,230.42,0.636,50.006
Morning_High,2020-01-04 02:03:00,0.02023,231.721,0.5874,49.996
Morning_High,2020-01-04 02:06:00,0.014495,231.052,0.4515,50.001
Morning_High,2020-01-04 02:09:00,0.016446,230.571,0.4971,49.994
Morning_High,2020-01-04 02:12:00,0.019572,229.987,0.6107,49.983
Morning_High,2020-01-04 02:15:00,0.021237,231.315,0.6237,49.988
Morning_High,2020-01-04 02:18:00,0.017888,231.02,0.5715,49.993
Morning_High,2020-01-04 02:21:00,0.018904,230.79,0.6307,50.001
Morning_High,2020-01-04 02:24:00,0.017744,230.426,0.5662,49.994
Morning_High,2020-01-04 02:27:00,0.017713,233.02,0.5623,49.987
Morning_High,2020-01-04 02:30:00,0.014385,230.683,0.4988,49.988
Morning_High,2020-01-04 02:33:00,0.023646,229.257,0.6765,49.996
Morning_High,2020-01-04 02:36:00,0.017429,231.803,0.6466,50.019
Morning_High,2020-01-04 02:39:00,0.018306,230.415,0.6051,50.019
Morning_High,2020-01-04 02:42:00,0.023486,231.88,0.6824,49.99
Morning_High,2020-01-04 02:45:00,0.021472,230.21,0.586,49.966
Morning_High,2020-01-04 02:48:00,0.022246,232.535,0.6477,49.982
Morning_High,2020-01-04 02:51:00,0.011609,231.338,0.4885,50.035
Morning_High,2020-01-04 02:54:00,0.020918,231.179,0.62,49.994
Morning_High,2020-01-04 02:57:00,0.023068,231.335,0.6633,49.991
Morning_High,2020-01-04 03:00:00,0.025011,230.055,0.702,49.992
Morning_High,2020-01-04 03:03:00,0.021058,229.74,0.6202,49.992
Morning_High,2020-01-04 03:06:00,0.020128,232.229,0.608,49.994
Morning_High,2020-01-04 03:09:00,0.016842,230.718,0.5445,49.992
Morning_High,2020-01-04 03:12:00,0.028333,232.202,0.7359,49.991
Morning_High,2020-01-04 03:15:00,0.012682,232.105,0.504,49.999
Morning_High,2020-01-04 03:18:00,0.024326,230.143,0.6875,50.001
Morning_High,2020-01-04 03:21:00,0.020637,231.322,0.6526,49.987
Morning_High,2020-01-04 03:24:00,0.02192,230.524,0.6931,49.992
Morning_High,2020-01-04 03:27:00,0.024275,230.544,0.6925,50.009
Morning_High,2020-01-04 03:30:00,0.022688,229.238,0.6505,49.986
Morning_High,2020-01-04 03:33:00,0.020572,230.297,0.6094,49.967
Morning_High,2020-01-04 03:36:00,0.026865,229.641,0.7468,50.003
Morning_High,2020-01-04 03:39:00,0.020234,230.988,0.6211,50.001
Morning_High,2020-01-04 03:42:00,0.022837,230.875,0.6816,49.997
Morning_High,2020-01-04 03:45:00,0.027362,229.104,0.7298,49.973
Morning_High,2020-01-04 03:48:00,0.02222,230.363,0.6117,49.997
Morning_High,2020-01-04 03:51:00,0.018781,231.044,0.5201,50.0
Morning_High,2020-01-04 03:54:00,0.025329,231.552,0.6478,49.983
Morning_High,2020-01-04 03:57:00,0.021754,231.437,0.697,49.991
Morning_High,2020-01-04 04:00:00,0.024667,230.589,0.6958,49.982
Morning_High,2020-01-04 04:03:00,0.024117,230.182,0.6981,49.988
Morning_High,2020-01-04 04:06:00,0.029469,229.933,0.8056,49.994
Morning_High,2020-01-04 04:09:00,0.019759,229.631,0.6398,49.988
Morning_High,2020-01-04 04:12:00,0.021883,232.308,0.6603,50.001
Morning_High,2020-01-04 04:15:00,0.011161,231.211,0.4301,49.968
Morning_High,2020-01-04 04:18:00,0.030801,229.408,0.8612,49.993
Morning_High,2020-01-04 04:21:00,0.032912,230.518,0.8284,49.98
Morning_High,2020-01-04 04:24:00,0.02406,229.917,0.6926,49.979
Morning_High,2020-01-04 04:27:00,0.029238,230.905,0.7708,49.98
Morning_High,2020-01-04 04:30:00,0.030673,229.701,0.8173,49.998
Morning_High,2020-01-04 04:33:00,0.022507,230.668,0.6489,49.995
Morning_High,2020-01-04 04:36:00,0.026852,230.952,0.7972,50.002
Morning_High,2020-01-04 04:39:00,0.040292,229.129,0.9504,49.998
Morning_High,2020-01-04 04:42:00,0.03452,230.683,0.8898,50.004
Morning_High,2020-01-04 04:45:00,0.040106,230.166,1.0006,49.99
Morning_High,2020-01-04 04:48:00,0.036569,230.65,0.8946,49.988
Morning_High,2020-01-04 04:51:00,0.027893,232.025,0.7688,49.992
Morning_High,2020-01-04 04:54:00,0.031814,230.458,0.8125,49.977
Morning_High,2020-01-04 04:57:00,0.036024,229.922,0.8704,49.99
Morning_High,2020-01-04 05:00:00,0.020618,230.119,0.624,49.966
Morning_High,2020-01-04 05:03:00,0.039976,230.083,0.9911,49.966
Morning_High,2020-01-04 05:06:00,0.037801,228.673,0.9012,49.983
Morning_High,2020-01-04 05:09:00,0.027392,230.157,0.7696,49.982
Morning_High,2020-01-04 05:12:00,0.031532,230.019,0.8793,49.995
Morning_High,2020-01-04 05:15:00,0.038285,229.446,0.9703,49.992
Morning_High,2020-01-04 05:18:00,0.029458,231.786,0.7716,49.986
Morning_High,2020-01-04 05:21:00,0.035445,229.621,0.9455,49.991
Morning_High,2020-01-04 05:24:00,0.031769,229.861,0.7603,50.007
Morning_High,2020-01-04 05:27:00,0.027598,229.93,0.7798,50.001
Morning_High,2020-01-04 05:30:00,0.053284,229.422,1.1541,49.983
Morning_High,2020-01-04 05:33:00,0.044751,228.989,1.0599,49.97
Morning_High,2020-01-04 05:36:00,0.042338,229.773,0.9972,49.979
Morning_High,2020-01-04 05:39:00,0.031085,229.358,0.8242,49.994
Morning_High,2020-01-04 05:42:00,0.054271,228.309,1.1688,49.996
Morning_High,2020-01-04 05:45:00,0.045469,229.86,1.0776,49.971
Morning_High,2020-01-04 05:48:00,0.031681,229.794,0.8643,49.982
Morning_High,2020-01-04 05:51:00,0.05328,228.947,1.2581,49.987
Morning_High,2020-01-04 05:54:00,0.043463,230.865,1.0035,49.969
Morning_High,2020-01-04 05:57:00,0.052887,230.241,1.2362,49.993
Morning_High,2020-01-04 06:00:00,0.05671,229.42,1.2782,49.979
Morning_High,2020-01-04 06:03:00,0.037811,228.982,0.9438,50.0
Morning_High,2020-01-04 06:06:00,0.053768,228.78,1.2359,49.989
Morning_High,2020-01-04 06:09:00,0.041678,229.436,0.9914,49.982
Morning_High,2020-01-04 06:12:00,0.070752,227.639,1.5667,49.996
Morning_High,2020-01-04 06:15:00,0.080727,226.526,1.6719,49.977
Morning_High,2020-01-04 06:18:00,0.033584,229.824,0.8501,49.962
Morning_High,2020-01-04 06:21:00,0.037258,229.155,0.8485,49.984
Morning_High,2020-01-04 06:24:00,0.046976,229.386,1.0953,50.005
Morning_High,2020-01-04 06:27:00,0.033744,229.996,0.826,49.99
Morning_High,2020-01-04 06:30:00,0.068075,227.467,1.4618,49.968
Morning_High,2020-01-04 06:33:00,0.06451,229.168,1.3734,49.979
Morning_High,2020-01-04 06:36:00,0.09591,226.853,2.033,49.972
Morning_High,2020-01-04 06:39:00,0.043799,229.767,1.0776,49.993
Morning_High,2020-01-04 06:42:00,0.043593,229.437,0.9771,50.0
Morning_High,2020-01-04 06:45:00,0.046895,230.195,1.1141,50.004
Morning_High,2020-01-04 06:48:00,0.06786,230.106,1.4846,49.986
Morning_High,2020-01-04 06:51:00,0.083168,226.242,1.7627,50.001
Morning_High,2020-01-04 06:54:00,0.083691,227.234,1.78,49.989
Morning_High,2020-01-04 06:57:00,0.080955,227.128,1.6603,49.985
Morning_High,2020-01-04 07:00:00,0.048648,229.396,1.1178,49.996
Morning_High,2020-01-04 07:03:00,0.042254,230.32,0.9929,49.992
Morning_High,2020-01-04 07:06:00,0.05735,228.501,1.3171,50.008
Morning_High,2020-01-04 07:09:00,0.043435,229.376,1.0199,50.004
Morning_High,2020-01-04 07:12:00,0.059777,228.98,1.3218,49.982
Morning_High,2020-01-04 07:15:00,0.07484,226.564,1.5701,50.008
Morning_High,2020-01-04 07:18:00,0.083021,227.737,1.8066,49.979
Morning_High,2020-01-04 07:21:00,0.04892,228.812,1.0736,49.992
Morning_High,2020-01-04 07:24:00,0.067875,229.121,1.4494,49.974
Morning_High,2020-01-04 07:27:00,0.105471,225.697,2.1587,49.967
Morning_High,2020-01-04 07:30:00,0.076785,226.555,1.6144,49.953
Morning_High,2020-01-04 07:33:00,0.06685,229.177,1.4319,49.957
Morning_High,2020-01-04 07:36:00,0.04212,230.232,0.9949,50.003
Morning_High,2020-01-04 07:39:00,0.09296,227.138,1.8985,49.993
Morning_High,2020-01-04 07:42:00,0.095508,227.887,1.9627,49.972
Morning_High,2020-01-04 07:45:00,0.071277,227.776,1.5188,49.979
Morning_High,2020-01-04 07:48:00,0.062112,230.097,1.3326,49.991
Morning_High,2020-01-04 07:51:00,0.059093,229.548,1.3156,50.001
Morning_High,2020-01-04 07:54:00,0.089762,226.367,1.9433,49.97
Morning_High,2020-01-04 07:57:00,0.102992,226.632,2.1282,49.971
Morning_High,2020-01-04 08:00:00,0.073519,228.868,1.6444,50.01
Morning_High,2020-01-04 08:03:00,0.101759,226.398,2.0777,49.96
Morning_High,2020-01-04 08:06:00,0.095602,227.135,1.9928,49.983
Morning_High,2020-01-04 08:09:00,0.058915,227.893,1.3226,49.989
Morning_High,2020-01-04 08:12:00,0.077558,227.613,1.6074,49.972
Morning_High,2020-01-04 08:15:00,0.074524,227.721,1.6394,49.97
Morning_High,2020-01-04 08:18:00,0.073243,227.203,1.6538,49.991
Morning_High,2020-01-04 08:21:00,0.068189,226.563,1.4255,49.969
Morning_High,2020-01-04 08:24:00,0.102771,225.675,2.1519,49.981
Morning_High,2020-01-04 08:27:00,0.079166,227.716,1.6991,49.997
Morning_High,2020-01-04 08:30:00,0.07715,227.448,1.7071,49.977
Morning_High,2020-01-04 08:33:00,0.080646,225.283,1.6537,49.983
Morning_High,2020-01-04 08:36:00,0.075901,229.078,1.6733,49.984
Morning_High,2020-01-04 08:39:00,0.062607,228.404,1.4078,49.986
Morning_High,2020-01-04 08:42:00,0.05641,228.624,1.3042,49.985
Morning_High,2020-01-04 08:45:00,0.080882,227.732,1.7486,49.982
Morning_High,2020-01-04 08:48:00,0.091218,226.677,1.893,49.955
Morning_High,2020-01-04 08:51:00,0.071848,227.65,1.5245,49.979
Morning_High,2020-01-04 08:54:00,0.071783,227.348,1.4765,49.964
Morning_High,2020-01-04 08:57:00,0.086644,226.585,1.7439,49.956
Morning_High,2020-01-04 09:00:00,0.081229,228.134,1.7466,49.991
Morning_High,2020-01-04 09:03:00,0.052142,229.748,1.1429,49.964
Morning_High,2020-01-04 09:06:00,0.082499,227.231,1.6618,49.971
Morning_High,2020-01-04 09:09:00,0.062207,227.45,1.3972,49.987
Morning_High,2020-01-04 09:12:00,0.081999,227.195,1.7089,50.0
Morning_High,2020-01-04 09:15:00,0.069685,226.782,1.4736,49.967
Morning_High,2020-01-04 09:18:00,0.061364,228.945,1.3842,49.982
Morning_High,2020-01-04 09:21:00,0.065589,227.61,1.4109,49.972
Morning_High,2020-01-04 09:24:00,0.053565,230.403,1.2429,49.959
Morning_High,2020-01-04 09:27:00,0.051809,228.544,1.167,49.968
Morning_High,2020-01-04 09:30:00,0.060796,228.652,1.3846,49.96
Morning_High,2020-01-04 09:33:00,0.079397,227.88,1.6796,49.999
Morning_High,2020-01-04 09:36:00,0.071197,228.559,1.5177,49.984
Morning_High,2020-01-04 09:39:00,0.042837,229.202,1.0203,50.005
Morning_High,2020-01-04 09:42:00,0.056398,229.55,1.2674,49.977
Morning_High,2020-01-04 09:45:00,0.062279,227.15,1.377,49.987
Morning_High,2020-01-04 09:48:00,0.050521,229.527,1.1465,49.994
Morning_High,2020-01-04 09:51:00,0.073628,227.902,1.5936,49.975
Morning_High,2020-01-04 09:54:00,0.045295,230.591,1.1114,49.979
Morning_High,2020-01-04 09:57:00,0.048884,229.16,1.1015,49.995
Morning_High,2020-01-04 10:00:00,0.069356,227.974,1.4999,49.967
Morning_High,2020-01-04 10:03:00,0.053021,227.946,1.1998,49.982
Morning_High,2020-01-04 10:06:00,0.071794,228.299,1.5585,49.966
Morning_High,2020-01-04 10:09:00,0.04549,229.933,1.0606,49.981
Morning_High,2020-01-04 10:12:00,0.053197,228.837,1.1813,49.982
Morning_High,2020-01-04 10:15:00,0.041124,230.396,1.014,49.997
Morning_High,2020-01-04 10:18:00,0.054298,229.084,1.1822,49.983
Morning_High,2020-01-04 10:21:00,0.04109,229.582,0.9823,49.994
Morning_High,2020-01-04 10:24:00,0.048038,230.011,1.1436,49.979
Morning_High,2020-01-04 10:27:00,0.025549,231.279,0.779,49.98
Morning_High,2020-01-04 10:30:00,0.041645,231.048,1.0004,49.991
Morning_High,2020-01-04 10:33:00,0.034361,231.41,0.8985,49.976
Morning_High,2020-01-04 10:36:00,0.050995,229.378,1.2188,49.978
Morning_High,2020-01-04 10:39:00,0.035788,229.781,0.869,49.999
Morning_High,2020-01-04 10:42:00,0.033819,228.153,0.8773,49.988
Morning_High,2020-01-04 10:45:00,0.031869,229.599,0.8049,49.978
Morning_High,2020-01-04 10:48:00,0.034107,230.813,0.8113,49.992
Morning_High,2020-01-04 10:51:00,0.019308,230.341,0.5886,49.998
Morning_High,2020-01-04 10:54:00,0.048328,228.925,1.0962,49.988
Morning_High,2020-01-04 10:57:00,0.044883,228.782,1.0898,49.992
Morning_High,2020-01-04 11:00:00,0.040266,230.067,0.9188,49.985
Morning_High,2020-01-04 11:03:00,0.020214,231.378,0.6186,50.001
Morning_High,2020-01-04 11:06:00,0.041162,230.04,1.0694,50.021
Morning_High,2020-01-04 11:09:00,0.013538,231.142,0.5397,49.991
Morning_High,2020-01-04 11:12:00,0.028372,229.224,0.7166,49.987
Morning_High,2020-01-04 11:15:00,0.015194,230.691,0.5479,50.008
Morning_High,2020-01-04 11:18:00,0.033801,229.076,0.8397,49.977
Morning_High,2020-01-04 11:21:00,0.03713,229.466,0.8663,49.997
Morning_High,2020-01-04 11:24:00,0.02476,229.587,0.7129,49.976
Morning_High,2020-01-04 11:27:00,0.041334,230.848,0.9745,49.966
Morning_High,2020-01-04 11:30:00,0.023107,230.849,0.6821,50.011
Morning_High,2020-01-04 11:33:00,0.012627,231.476,0.5277,50.022
Morning_High,2020-01-04 11:36:00,0.03272,230.04,0.8315,49.978
Morning_High,2020-01-04 11:39:00,0.026656,230.29,0.6909,49.992
Morning_High,2020-01-04 11:42:00,0.025879,228.905,0.6575,49.995
Morning_High,2020-01-04 11:45:00,0.029674,229.25,0.7802,50.003
Morning_High,2020-01-04 11:48:00,0.024555,230.045,0.6606,49.985
Morning_High,2020-01-04 11:51:00,0.022069,230.13,0.6903,49.998
Morning_High,2020-01-04 11:54:00,0.023278,229.82,0.7172,49.983
Morning_High,2020-01-04 11:57:00,0.014014,230.707,0.5255,50.019
Morning_High,2020-01-04 12:00:00,0.019273,231.101,0.6016,49.989
Morning_High,2020-01-04 12:03:00,0.021955,231.01,0.6896,50.001
Morning_High,2020-01-04 12:06:00,0.026414,230.136,0.7474,50.002
Morning_High,2020-01-04 12:09:00,0.029504,229.68,0.8388,49.98
Morning_High,2020-01-04 12:12:00,0.014643,231.714,0.5489,50.008
Morning_High,2020-01-04 12:15:00,0.020684,231.035,0.5655,49.988
Morning_High,2020-01-04 12:18:00,0.021137,231.148,0.6926,50.007
Morning_High,2020-01-04 12:21:00,0.023828,229.04,0.6939,49.98
Morning_High,2020-01-04 12:24:00,0.018347,231.947,0.5666,49.983
Morning_High,2020-01-04 12:27:00,0.020897,230.666,0.634,49.998
Morning_High,2020-01-04 12:30:00,0.023245,230.148,0.5689,50.001
Morning_High,2020-01-04 12:33:00,0.017239,231.618,0.5529,49.982
Morning_High,2020-01-04 12:36:00,0.022339,231.148,0.6764,49.989
Morning_High,2020-01-04 12:39:00,0.023806,230.182,0.6373,49.998
Morning_High,2020-01-04 12:42:00,0.027729,229.618,0.765,49.99
Morning_High,2020-01-04 12:45:00,0.026097,229.602,0.6682,49.981
Morning_High,2020-01-04 12:48:00,0.018673,230.237,0.5112,49.989
Morning_High,2020-01-04 12:51:00,0.015948,231.306,0.5557,49.982
Morning_High,2020-01-04 12:54:00,0.01608,231.507,0.5473,50.005
Morning_High,2020-01-04 12:57:00,0.013682,229.272,0.4758,50.002
Morning_High,2020-01-04 13:00:00,0.021143,229.35,0.6968,49.999
Morning_High,2020-01-04 13:03:00,0.017342,231.268,0.5882,49.976
Morning_High,2020-01-04 13:06:00,0.025194,229.853,0.6756,50.002
Morning_High,2020-01-04 13:09:00,0.016784,231.48,0.5459,50.009
Morning_High,2020-01-04 13:12:00,0.017301,231.206,0.5892,50.007
Morning_High,2020-01-04 13:15:00,0.019704,229.997,0.6075,49.978
Morning_High,2020-01-04 13:18:00,0.024598,231.756,0.6841,49.995
Morning_High,2020-01-04 13:21:00,0.025462,230.289,0.6354,49.988
Morning_High,2020-01-04 13:24:00,0.029062,230.253,0.824,50.0
Morning_High,2020-01-04 13:27:00,0.022551,231.904,0.6786,49.997
Morning_High,2020-01-04 13:30:00,0.023945,231.348,0.6747,49.999
Morning_High,2020-01-04 13:33:00,0.008818,231.103,0.3661,50.006
Morning_High,2020-01-04 13:36:00,0.017803,230.789,0.5751,49.999
Morning_High,2020-01-04 13:39:00,0.017478,231.83,0.6,50.01
Morning_High,2020-01-04 13:42:00,0.023297,229.326,0.7092,49.997
Morning_High,2020-01-04 13:45:00,0.013461,230.644,0.4936,50.015
Morning_High,2020-01-04 13:48:00,0.021514,231.476,0.5915,49.987
Morning_High,2020-01-04 13:51:00,0.018329,229.704,0.559,50.011
Morning_High,2020-01-04 13:54:00,0.017785,232.883,0.6267,49.989
Morning_High,2020-01-04 13:57:00,0.023514,231.634,0.6251,50.015
Morning_High,2020-01-04 14:00:00,0.014844,231.162,0.5006,49.991
Morning_High,2020-01-04 14:03:00,0.014598,231.109,0.5115,49.985
Morning_High,2020-01-04 14:06:00,0.009252,231.34,0.3834,49.983
Morning_High,2020-01-04 14:09:00,0.01378,231.049,0.5132,49.994
Morning_High,2020-01-04 14:12:00,0.026737,229.32,0.6821,49.985
Morning_High,2020-01-04 14:15:00,0.015993,230.742,0.4664,49.991
Morning_High,2020-01-04 14:18:00,0.018743,230.719,0.6436,49.983
Morning_High,2020-01-04 14:21:00,0.017041,230.224,0.5509,49.996
Morning_High,2020-01-04 14:24:00,0.023668,229.579,0.6291,50.009
Morning_High,2020-01-04 14:27:00,0.023983,230.385,0.7055,49.996
Morning_High,2020-01-04 14:30:00,0.019045,230.523,0.5875,49.994
Morning_High,2020-01-04 14:33:00,0.019352,230.401,0.6331,50.004
Morning_High,2020-01-04 14:36:00,0.020369,230.494,0.5296,49.991
Morning_High,2020-01-04 14:39:00,0.012677,230.245,0.4824,49.994
Morning_High,2020-01-04 14:42:00,0.02156,231.326,0.6278,50.004
Morning_High,2020-01-04 14:45:00,0.020765,231.583,0.6202,50.013
Morning_High,2020-01-04 14:48:00,0.016916,230.251,0.5468,50.001
Morning_High,2020-01-04 14:51:00,0.017835,230.544,0.5244,50.014
Morning_High,2020-01-04 14:54:00,0.01844,231.506,0.6301,49.993
Morning_High,2020-01-04 14:57:00,0.016685,230.303,0.4995,49.998
Morning_High,2020-01-04 15:00:00,0.019254,232.162,0.5784,50.002
Morning_High,2020-01-04 15:03:00,0.014317,230.745,0.5022,49.977
Morning_High,2020-01-04 15:06:00,0.020634,230.695,0.6279,50.009
Morning_High,2020-01-04 15:09:00,0.023764,231.605,0.6747,50.002
Morning_High,2020-01-04 15:12:00,0.02181,231.088,0.5707,49.983
Morning_High,2020-01-04 15:15:00,0.026683,228.891,0.7369,50.011
Morning_High,2020-01-04 15:18:00,0.020339,229.853,0.5466,49.977
Morning_High,2020-01-04 15:21:00,0.021251,231.594,0.6633,49.998
Morning_High,2020-01-04 15:24:00,0.023876,231.035,0.7039,50.028
Morning_High,2020-01-04 15:27:00,0.023289,230.774,0.7196,49.992
Morning_High,2020-01-04 15:30:00,0.016358,231.018,0.5497,50.013
Morning_High,2020-01-04 15:33:00,0.019623,231.205,0.6017,50.002
Morning_High,2020-01-04 15:36:00,0.023082,231.36,0.6622,49.993
Morning_High,2020-01-04 15:39:00,0.017135,230.577,0.544,49.997
Morning_High,2020-01-04 15:42:00,0.019792,228.97,0.5699,49.988
Morning_High,2020-01-04 15:45:00,0.019976,230.112,0.5875,50.01
Morning_High,2020-01-04 15:48:00,0.027815,229.207,0.7952,49.986
Morning_High,2020-01-04 15:51:00,0.020529,230.151,0.6381,50.001
Morning_High,2020-01-04 15:54:00,0.020252,232.172,0.6252,49.983
Morning_High,2020-01-04 15:57:00,0.023755,231.309,0.6983,49.994
Morning_High,2020-01-04 16:00:00,0.018398,230.701,0.6162,49.98
Morning_High,2020-01-04 16:03:00,0.025219,230.49,0.7006,49.969
Morning_High,2020-01-04 16:06:00,0.026532,230.23,0.7344,49.994
Morning_High,2020-01-04 16:09:00,0.019733,230.259,0.6305,49.993
Morning_High,2020-01-04 16:12:00,0.016442,230.838,0.5418,49.98
Morning_High,2020-01-04 16:15:00,0.02015,229.822,0.6302,49.984
Morning_High,2020-01-04 16:18:00,0.011785,231.469,0.3887,49.991
Morning_High,2020-01-04 16:21:00,0.022804,231.704,0.6929,49.986
Morning_High,2020-01-04 16:24:00,0.026421,229.281,0.6853,50.003
Morning_High,2020-01-04 16:27:00,0.019508,231.601,0.6214,50.008
Morning_High,2020-01-04 16:30:00,0.020698,229.251,0.6754,50.023
Morning_High,2020-01-04 16:33:00,0.025443,230.49,0.7101,49.981
Morning_High,2020-01-04 16:36:00,0.019032,230.839,0.5743,50.001
Morning_High,2020-01-04 16:39:00,0.022512,231.142,0.6285,49.989
Morning_High,2020-01-04 16:42:00,0.02079,230.516,0.6437,49.983
Morning_High,2020-01-04 16:45:00,0.02867,231.143,0.7712,50.018
Morning_High,2020-01-04 16:48:00,0.022845,230.44,0.6314,49.984
Morning_High,2020-01-04 16:51:00,0.015863,230.063,0.5423,49.991
Morning_High,2020-01-04 16:54:00,0.026819,229.383,0.7514,50.014
Morning_High,2020-01-04 16:57:00,0.02198,231.654,0.6089,50.019
Morning_High,2020-01-04 17:00:00,0.026119,230.508,0.7401,49.992
Morning_High,2020-01-04 17:03:00,0.01603,230.795,0.5303,49.994
Morning_High,2020-01-04 17:06:00,0.023158,230.753,0.6713,49.98
Morning_High,2020-01-04 17:09:00,0.019262,230.564,0.6081,50.0
Morning_High,2020-01-04 17:12:00,0.01654,230.874,0.5389,50.0
Morning_High,2020-01-04 17:15:00,0.015934,230.106,0.5943,50.001
Morning_High,2020-01-04 17:18:00,0.013221,230.759,0.4676,49.993
Morning_High,2020-01-04 17:21:00,0.02454,230.724,0.6754,50.007
Morning_High,2020-01-04 17:24:00,0.028969,231.242,0.8295,49.972
Morning_High,2020-01-04 17:27:00,0.023368,230.186,0.693,49.998
Morning_High,2020-01-04 17:30:00,0.023295,230.855,0.6654,49.995
Morning_High,2020-01-04 17:33:00,0.024186,231.107,0.7031,49.994
Morning_High,2020-01-04 17:36:00,0.012709,230.52,0.4946,49.993
Morning_High,2020-01-04 17:39:00,0.025821,231.299,0.7616,49.997
Morning_High,2020-01-04 17:42:00,0.029883,230.341,0.8003,49.996
Morning_High,2020-01-04 17:45:00,0.02615,230.189,0.7023,49.997
Morning_High,2020-01-04 17:48:00,0.020668,230.146,0.6062,49.989
Morning_High,2020-01-04 17:51:00,0.0279,230.001,0.7872,49.993
Morning_High,2020-01-04 17:54:00,0.018749,231.989,0.5277,50.008
Morning_High,2020-01-04 17:57:00,0.019296,231.539,0.6203,49.995
Morning_High,2020-01-04 18:00:00,0.023318,231.325,0.6867,50.013
Morning_High,2020-01-04 18:03:00,0.030742,230.959,0.8047,49.979
Morning_High,2020-01-04 18:06:00,0.018214,230.713,0.591,50.016
Morning_High,2020-01-04 18:09:00,0.016867,231.51,0.575,49.988
Morning_High,2020-01-04 18:12:00,0.024924,230.832,0.7208,49.994
Morning_High,2020-01-04 18:15:00,0.026895,230.079,0.6981,50.029
Morning_High,2020-01-04 18:18:00,0.03267,229.9,0.8195,49.993
Morning_High,2020-01-04 18:21:00,0.015033,230.358,0.5167,49.985
Morning_High,2020-01-04 18:24:00,0.026364,229.442,0.8041,49.979
Morning_High,2020-01-04 18:27:00,0.042355,229.933,0.9673,50.014
Morning_High,2020-01-04 18:30:00,0.036278,229.791,0.9079,49.976
Morning_High,2020-01-04 18:33:00,0.017052,232.363,0.5536,49.996
Morning_High,2020-01-04 18:36:00,0.020452,231.516,0.632,50.006
Morning_High,2020-01-04 18:39:00,0.026141,228.653,0.6808,50.012
Morning_High,2020-01-04 18:42:00,0.027403,228.855,0.7342,49.996
Morning_High,2020-01-04 18:45:00,0.026417,230.017,0.7126,49.988
Morning_High,2020-01-04 18:48:00,0.034485,231.635,0.9238,49.973
Morning_High,2020-01-04 18:51:00,0.025752,230.923,0.7817,49.964
Morning_High,2020-01-04 18:54:00,0.027313,231.146,0.7515,50.007
Morning_High,2020-01-04 18:57:00,0.024879,230.568,0.6909,49.981
Morning_High,2020-01-04 19:00:00,0.0303,229.688,0.8143,49.996
Morning_High,2020-01-04 19:03:00,0.020898,230.186,0.6756,49.994
Morning_High,2020-01-04 19:06:00,0.027503,229.731,0.79,50.005
Morning_High,2020-01-04 19:09:00,0.034412,229.482,0.9004,49.996
Morning_High,2020-01-04 19:12:00,0.020867,230.071,0.6517,49.991
Morning_High,2020-01-04 19:15:00,0.027132,232.247,0.7464,49.991
Morning_High,2020-01-04 19:18:00,0.022875,231.096,0.6682,50.001
Morning_High,2020-01-04 19:21:00,0.039906,230.082,0.948,49.997
Morning_High,2020-01-04 19:24:00,0.035923,229.531,0.9178,49.989
Morning_High,2020-01-04 19:27:00,0.021617,231.375,0.6568,50.023
Morning_High,2020-01-04 19:30:00,0.037658,230.431,0.9026,50.004
Morning_High,2020-01-04 19:33:00,0.028339,230.324,0.7545,49.994
Morning_High,2020-01-04 19:36:00,0.025394,229.527,0.652,50.0
Morning_High,2020-01-04 19:39:00,0.031295,230.906,0.7741,49.992
Morning_High,2020-01-04 19:42:00,0.035896,230.637,0.8538,49.971
Morning_High,2020-01-04 19:45:00,0.030516,230.908,0.7782,49.982
Morning_High,2020-01-04 19:48:00,0.034636,229.578,0.915,49.973
Morning_High,2020-01-04 19:51:00,0.030361,229.487,0.7675,49.997
Morning_High,2020-01-04 19:54:00,0.025489,230.337,0.7125,49.992
Morning_High,2020-01-04 19:57:00,0.025619,231.506,0.6999,49.996
Morning_High,2020-01-04 20:00:00,0.033952,230.315,0.8621,50.002
Morning_High,2020-01-04 20:03:00,0.035894,230.946,0.9046,49.982
Morning_High,2020-01-04 20:06:00,0.041397,229.063,0.9139,49.981
Morning_High,2020-01-04 20:09:00,0.034296,229.905,0.8598,49.98
Morning_High,2020-01-04 20:12:00,0.031525,229.069,0.7551,50.008
Morning_High,2020-01-04 20:15:00,0.028113,229.954,0.7924,50.011
Morning_High,2020-01-04 20:18:00,0.033079,230.079,0.8435,49.983
Morning_High,2020-01-04 20:21:00,0.035799,230.44,0.9042,49.982
Morning_High,2020-01-04 20:24:00,0.014467,231.567,0.4787,50.002
Morning_High,2020-01-04 20:27:00,0.032764,231.069,0.8015,49.996
Morning_High,2020-01-04 20:30:00,0.031846,230.284,0.8324,49.981
Morning_High,2020-01-04 20:33:00,0.025441,230.206,0.75,49.977
Morning_High,2020-01-04 20:36:00,0.022849,231.389,0.6699,49.994
Morning_High,2020-01-04 20:39:00,0.024873,231.909,0.677,49.985
Morning_High,2020-01-04 20:42:00,0.024137,231.972,0.6484,49.988
Morning_High,2020-01-04 20:45:00,0.024087,231.615,0.6851,49.996
Morning_High,2020-01-04 20:48:00,0.017898,230.783,0.5583,49.996
Morning_High,2020-01-04 20:51:00,0.035397,229.949,0.9104,49.997
Morning_High,2020-01-04 20:54:00,0.022994,231.192,0.6608,50.006
Morning_High,2020-01-04 20:57:00,0.029734,230.589,0.8937,50.009
Morning_High,2020-01-04 21:00:00,0.025675,230.514,0.7063,50.004
Morning_High,2020-01-04 21:03:00,0.034637,229.695,0.8872,49.981
Morning_High,2020-01-04 21:06:00,0.01888,231.081,0.5228,49.977
Morning_High,2020-01-04 21:09:00,0.025778,231.523,0.7067,50.008
Morning_High,2020-01-04 21:12:00,0.030069,230.546,0.8212,49.993
Morning_High,2020-01-04 21:15:00,0.029017,228.597,0.7752,49.996
Morning_High,2020-01-04 21:18:00,0.032225,230.242,0.8568,49.99
Morning_High,2020-01-04 21:21:00,0.019509,229.803,0.5621,49.99
Morning_High,2020-01-04 21:24:00,0.023133,230.774,0.6381,50.002
Morning_High,2020-01-04 21:27:00,0.031727,231.001,0.8342,50.003
Morning_High,2020-01-04 21:30:00,0.042285,229.937,1.0463,49.99
Morning_High,2020-01-04 21:33:00,0.0358,228.634,0.8261,49.979
Morning_High,2020-01-04 21:36:00,0.032162,230.364,0.9216,49.98
Morning_High,2020-01-04 21:39:00,0.030499,231.147,0.8335,50.008
Morning_High,2020-01-04 21:42:00,0.027788,230.744,0.7415,49.989
Morning_High,2020-01-04 21:45:00,0.019978,230.209,0.623,49.986
Morning_High,2020-01-04 21:48:00,0.022923,230.633,0.7213,49.978
Morning_High,2020-01-04 21:51:00,0.014626,232.468,0.4667,50.014
Morning_High,2020-01-04 21:54:00,0.021348,229.628,0.6362,50.0
Morning_High,2020-01-04 21:57:00,0.026922,231.18,0.6988,50.007
Morning_High,2020-01-04 22:00:00,0.03404,230.476,0.8191,49.996
Morning_High,2020-01-04 22:03:00,0.028238,231.627,0.7544,49.994
Morning_High,2020-01-04 22:06:00,0.022038,230.267,0.6508,50.007
Morning_High,2020-01-04 22:09:00,0.032918,230.314,0.8472,49.987
Morning_High,2020-01-04 22:12:00,0.023413,231.198,0.7045,49.984
Morning_High,2020-01-04 22:15:00,0.019402,231.898,0.5647,49.975
Morning_High,2020-01-04 22:18:00,0.017888,229.539,0.6226,50.008
Morning_High,2020-01-04 22:21:00,0.016885,231.773,0.523,49.991
Morning_High,2020-01-04 22:24:00,0.025601,229.054,0.7625,50.003
Morning_High,2020-01-04 22:27:00,0.013434,231.474,0.5469,49.995
Morning_High,2020-01-04 22:30:00,0.024847,230.422,0.6932,49.996
Morning_High,2020-01-04 22:33:00,0.017304,230.141,0.5715,49.984
Morning_High,2020-01-04 22:36:00,0.025693,231.528,0.6549,49.987
Morning_High,2020-01-04 22:39:00,0.02311,230.203,0.6263,49.988
Morning_High,2020-01-04 22:42:00,0.019772,231.385,0.6308,49.988
Morning_High,2020-01-04 22:45:00,0.024756,231.689,0.7647,50.024
Morning_High,2020-01-04 22:48:00,0.018804,230.472,0.5443,50.001
Morning_High,2020-01-04 22:51:00,0.018793,231.649,0.615,49.991
Morning_High,2020-01-04 22:54:00,0.023644,229.736,0.6949,49.992
Morning_High,2020-01-04 22:57:00,0.01459,232.215,0.5235,49.993
Morning_High,2020-01-04 23:00:00,0.022104,230.184,0.6441,49.992
Morning_High,2020-01-04 23:03:00,0.019634,231.688,0.5714,49.992
Morning_High,2020-01-04 23:06:00,0.023601,229.802,0.6852,49.99
Morning_High,2020-01-04 23:09:00,0.024217,230.035,0.6886,49.991
Morning_High,2020-01-04 23:12:00,0.023591,230.415,0.6626,49.997
Morning_High,2020-01-04 23:15:00,0.009787,232.083,0.4258,49.986
Morning_High,2020-01-04 23:18:00,0.018437,231.105,0.5736,49.986
Morning_High,2020-01-04 23:21:00,0.020926,231.14,0.6472,49.969
Morning_High,2020-01-04 23:24:00,0.020507,229.375,0.6967,50.005
Morning_High,2020-01-04 23:27:00,0.018574,230.772,0.5756,49.987
Morning_High,2020-01-04 23:30:00,0.026074,231.015,0.6926,49.981
Morning_High,2020-01-04 23:33:00,0.022421,231.121,0.7024,49.999
Morning_High,2020-01-04 23:36:00,0.023944,231.563,0.73,50.001
Morning_High,2020-01-04 23:39:00,0.018763,229.752,0.5956,50.011
Morning_High,2020-01-04 23:42:00,0.01997,231.314,0.6238,50.007
Morning_High,2020-01-04 23:45:00,0.016129,232.496,0.5861,49.969
Morning_High,2020-01-04 23:48:00,0.016494,231.692,0.558,50.01
Morning_High,2020-01-04 23:51:00,0.018623,230.419,0.5958,50.01
Morning_High,2020-01-04 23:54:00,0.020794,232.976,0.622,49.992
Morning_High,2020-01-04 23:57:00,0.019922,230.172,0.6358,49.997
Morning_High,2020-01-05 00:00:00,0.01967,230.236,0.5807,50.011
Morning_High,2020-01-05 00:03:00,0.027568,230.494,0.7863,49.993
Morning_High,2020-01-05 00:06:00,0.023947,230.016,0.656,49.996
Morning_High,2020-01-05 00:09:00,0.0155,231.813,0.5194,49.987
Morning_High,2020-01-05 00:12:00,0.01614,230.063,0.4838,49.992
Morning_High,2020-01-05 00:15:00,0.024575,232.186,0.7353,49.988
Morning_High,2020-01-05 00:18:00,0.02503,230.191,0.7031,49.98
Morning_High,2020-01-05 00:21:00,0.014158,230.494,0.4517,50.005
Morning_High,2020-01-05 00:24:00,0.020197,232.811,0.6362,50.002
Morning_High,2020-01-05 00:27:00,0.012653,231.625,0.4743,49.99
Morning_High,2020-01-05 00:30:00,0.015943,230.614,0.5857,49.989
Morning_High,2020-01-05 00:33:00,0.016216,232.57,0.5309,49.998
Morning_High,2020-01-05 00:36:00,0.013037,230.673,0.5038,49.992
Morning_High,2020-01-05 00:39:00,0.025862,229.87,0.7274,50.008
Morning_High,2020-01-05 00:42:00,0.015041,232.651,0.527,49.979
Morning_High,2020-01-05 00:45:00,0.021663,230.448,0.6016,49.988
Morning_High,2020-01-05 00:48:00,0.012413,231.059,0.4961,50.001
Morning_High,2020-01-05 00:51:00,0.018017,231.964,0.5245,50.008
Morning_High,2020-01-05 00:54:00,0.015492,231.627,0.5049,49.988
Morning_High,2020-01-05 00:57:00,0.013188,232.049,0.5177,49.991
Morning_High,2020-01-05 01:00:00,0.026883,231.237,0.7077,49.993
Morning_High,2020-01-05 01:03:00,0.021046,231.923,0.6162,49.989
Morning_High,2020-01-05 01:06:00,0.013009,231.258,0.4768,50.029
Morning_High,2020-01-05 01:09:00,0.014029,231.086,0.4638,49.999
Morning_High,2020-01-05 01:12:00,0.021358,231.46,0.6925,49.993
Morning_High,2020-01-05 01:15:00,0.015316,230.08,0.5667,49.999
Morning_High,2020-01-05 01:18:00,0.013152,230.846,0.4666,50.007
Morning_High,2020-01-05 01:21:00,0.019054,231.351,0.5413,49.997
Morning_High,2020-01-05 01:24:00,0.023393,231.518,0.7107,49.992
Morning_High,2020-01-05 01:27:00,0.016518,231.396,0.474,49.991
Morning_High,2020-01-05 01:30:00,0.027815,230.687,0.763,50.008
Morning_High,2020-01-05 01:33:00,0.009989,232.025,0.3741,49.995
Morning_High,2020-01-05 01:36:00,0.023099,229.835,0.6107,49.979
Morning_High,2020-01-05 01:39:00,0.015815,231.985,0.517,50.0
Morning_High,2020-01-05 01:42:00,0.019889,231.425,0.543,49.995
Morning_High,2020-01-05 01:45:00,0.015508,231.471,0.5326,49.989
Morning_High,2020-01-05 01:48:00,0.023708,230.567,0.5858,50.019
Morning_High,2020-01-05 01:51:00,0.017444,231.292,0.5003,49.981
Morning_High,2020-01-05 01:54:00,0.020255,231.302,0.6612,49.988
Morning_High,2020-01-05 01:57:00,0.021482,230.6,0.6283,49.991
Morning_High,2020-01-05 02:00:00,0.024079,230.327,0.605,49.984
Morning_High,2020-01-05 02:03:00,0.019943,230.854,0.5848,50.02
Morning_High,2020-01-05 02:06:00,0.024209,229.885,0.6531,50.0
Morning_High,2020-01-05 02:09:00,0.017758,230.61,0.5633,49.983
Morning_High,2020-01-05 02:12:00,0.024218,229.946,0.7013,49.996
Morning_High,2020-01-05 02:15:00,0.020109,230.397,0.5661,49.987
Morning_High,2020-01-05 02:18:00,0.027298,231.641,0.7823,50.003
Morning_High,2020-01-05 02:21:00,0.020993,231.164,0.6085,50.001
Morning_High,2020-01-05 02:24:00,0.021644,229.937,0.6158,49.999
Morning_High,2020-01-05 02:27:00,0.019796,230.837,0.6316,49.994
Morning_High,2020-01-05 02:30:00,0.019099,230.173,0.6386,49.993
Morning_High,2020-01-05 02:33:00,0.027916,228.58,0.8395,49.984
Morning_High,2020-01-05 02:36:00,0.01963,230.55,0.5744,50.002
Morning_High,2020-01-05 02:39:00,0.024906,231.088,0.7419,50.001
Morning_High,2020-01-05 02:42:00,0.016417,231.87,0.5188,50.006
Morning_High,2020-01-05 02:45:00,0.018258,231.401,0.6734,49.98
Morning_High,2020-01-05 02:48:00,0.017001,230.71,0.5838,50.004
Morning_High,2020-01-05 02:51:00,0.033353,231.148,0.8271,49.966
Morning_High,2020-01-05 02:54:00,0.020081,231.898,0.6724,49.988
Morning_High,2020-01-05 02:57:00,0.02317,231.238,0.6461,50.007
Morning_High,2020-01-05 03:00:00,0.0234,229.775,0.6773,50.01
Morning_High,2020-01-05 03:03:00,0.024358,230.122,0.6914,50.002
Morning_High,2020-01-05 03:06:00,0.012873,230.759,0.4868,49.985
Morning_High,2020-01-05 03:09:00,0.02709,231.479,0.7953,49.968
Morning_High,2020-01-05 03:12:00,0.024188,230.462,0.6887,49.992
Morning_High,2020-01-05 03:15:00,0.016957,231.658,0.5449,49.988
Morning_High,2020-01-05 03:18:00,0.021958,232.536,0.646,49.979
Morning_High,2020-01-05 03:21:00,0.018335,231.039,0.6153,49.993
Morning_High,2020-01-05 03:24:00,0.028518,228.935,0.7716,50.001
Morning_High,2020-01-05 03:27:00,0.028778,229.737,0.7586,50.017
Morning_High,2020-01-05 03:30:00,0.007444,232.866,0.4229,50.007
Morning_High,2020-01-05 03:33:00,0.020005,231.128,0.6026,49.996
Morning_High,2020-01-05 03:36:00,0.02342,229.856,0.6286,49.99
Morning_High,2020-01-05 03:39:00,0.022127,230.993,0.6941,50.007
Morning_High,2020-01-05 03:42:00,0.02116,228.653,0.6297,49.99
Morning_High,2020-01-05 03:45:00,0.025816,231.446,0.745,50.003
Morning_High,2020-01-05 03:48:00,0.024263,230.047,0.7364,49.973
Morning_High,2020-01-05 03:51:00,0.023508,231.206,0.6863,50.01
Morning_High,2020-01-05 03:54:00,0.024145,229.361,0.7027,49.966
Morning_High,2020-01-05 03:57:00,0.025765,230.579,0.6286,49.979
Morning_High,2020-01-05 04:00:00,0.022005,231.161,0.6547,49.988
Morning_High,2020-01-05 04:03:00,0.022589,230.179,0.704,49.98
Morning_High,2020-01-05 04:06:00,0.026414,230.596,0.758,49.984
Morning_High,2020-01-05 04:09:00,0.017715,232.202,0.5612,49.999
Morning_High,2020-01-05 04:12:00,0.023087,228.754,0.6589,49.997
Morning_High,2020-01-05 04:15:00,0.030134,230.076,0.8462,49.977
Morning_High,2020-01-05 04:18:00,0.031941,229.684,0.7803,49.99
Morning_High,2020-01-05 04:21:00,0.012892,231.669,0.4379,49.97
Morning_High,2020-01-05 04:24:00,0.02908,230.163,0.8099,49.985
Morning_High,2020-01-05 04:27:00,0.022582,232.946,0.6653,50.0
Morning_High,2020-01-05 04:30:00,0.036235,230.804,0.8736,49.976
Morning_High,2020-01-05 04:33:00,0.030397,230.467,0.83,49.971
Morning_High,2020-01-05 04:36:00,0.023708,229.909,0.676,49.995
Morning_High,2020-01-05 04:39:00,0.030158,229.273,0.7429,49.997
Morning_High,2020-01-05 04:42:00,0.027583,228.585,0.7639,49.987
Morning_High,2020-01-05 04:45:00,0.02731,230.733,0.715,49.982
Morning_High,2020-01-05 04:48:00,0.034112,229.315,0.8751,50.002
Morning_High,2020-01-05 04:51:00,0.042821,229.595,0.9884,49.989
Morning_High,2020-01-05 04:54:00,0.024919,230.441,0.7079,50.006
Morning_High,2020-01-05 04:57:00,0.040775,229.176,1.0253,49.966
Morning_High,2020-01-05 05:00:00,0.036175,230.3,0.8852,49.973
Morning_High,2020-01-05 05:03:00,0.026543,230.138,0.7397,50.008
Morning_High,2020-01-05 05:06:00,0.041356,228.32,1.0303,49.992
Morning_High,2020-01-05 05:09:00,0.032351,229.894,0.7779,49.982
Morning_High,2020-01-05 05:12:00,0.031868,230.219,0.9204,49.967
Morning_High,2020-01-05 05:15:00,0.017686,230.597,0.529,49.983
Morning_High,2020-01-05 05:18:00,0.03601,229.553,0.9171,49.971
Morning_High,2020-01-05 05:21:00,0.038322,229.807,0.9567,50.001
Morning_High,2020-01-05 05:24:00,0.03159,230.643,0.799,50.001
Morning_High,2020-01-05 05:27:00,0.041174,228.487,1.0881,49.982
Morning_High,2020-01-05 05:30:00,0.052426,228.424,1.1815,50.012
Morning_High,2020-01-05 05:33:00,0.043418,229.395,1.0184,49.996
Morning_High,2020-01-05 05:36:00,0.034399,230.179,0.8624,49.979
Morning_High,2020-01-05 05:39:00,0.031932,229.675,0.7811,49.996
Morning_High,2020-01-05 05:42:00,0.04912,229.606,1.0995,49.979
Morning_High,2020-01-05 05:45:00,0.058518,230.42,1.2968,49.991
Morning_High,2020-01-05 05:48:00,0.069584,228.373,1.4801,49.977
Morning_High,2020-01-05 05:51:00,0.031334,229.431,0.758,49.998
Morning_High,2020-01-05 05:54:00,0.04182,229.342,1.031,49.986
Morning_High,2020-01-05 05:57:00,0.039862,229.072,0.9447,49.964
Morning_High,2020-01-05 06:00:00,0.06584,229.087,1.4558,49.989
Morning_High,2020-01-05 06:03:00,0.05543,230.233,1.2501,49.989
Morning_High,2020-01-05 06:06:00,0.046944,229.972,1.0785,49.979
Morning_High,2020-01-05 06:09:00,0.050456,228.915,1.2142,49.98
Morning_High,2020-01-05 06:12:00,0.051432,229.928,1.1655,49.974
Morning_High,2020-01-05 06:15:00,0.060844,227.443,1.355,49.984
Morning_High,2020-01-05 06:18:00,0.067359,226.933,1.4737,49.989
Morning_High,2020-01-05 06:21:00,0.058955,228.146,1.3602,49.992
Morning_High,2020-01-05 06:24:00,0.053159,229.394,1.1865,49.982
Morning_High,2020-01-05 06:27:00,0.056381,228.504,1.2586,49.967
Morning_High,2020-01-05 06:30:00,0.063722,228.702,1.3741,49.993
Morning_High,2020-01-05 06:33:00,0.051812,229.276,1.1952,49.994
Morning_High,2020-01-05 06:36:00,0.073124,227.358,1.5084,49.981
Morning_High,2020-01-05 06:39:00,0.047413,228.017,1.0836,49.99
Morning_High,2020-01-05 06:42:00,0.062601,227.575,1.4137,49.979
Morning_High,2020-01-05 06:45:00,0.066259,228.385,1.4579,50.001
Morning_High,2020-01-05 06:48:00,0.049741,229.57,1.0729,49.991
Morning_High,2020-01-05 06:51:00,0.06328,228.211,1.4382,49.964
Morning_High,2020-01-05 06:54:00,0.049507,230.962,1.1005,49.976
Morning_High,2020-01-05 06:57:00,0.072579,228.183,1.5291,49.975
Morning_High,2020-01-05 07:00:00,0.054589,228.556,1.2725,49.998
Morning_High,2020-01-05 07:03:00,0.045275,229.653,1.0838,49.979
Morning_High,2020-01-05 07:06:00,0.060558,229.26,1.334,50.001
Morning_High,2020-01-05 07:09:00,0.065476,226.796,1.4451,49.989
Morning_High,2020-01-05 07:12:00,0.061232,227.523,1.3243,49.974
Morning_High,2020-01-05 07:15:00,0.052271,229.069,1.2368,49.964
Morning_High,2020-01-05 07:18:00,0.10118,226.405,2.1309,49.97
Morning_High,2020-01-05 07:21:00,0.088973,226.944,1.804,49.968
Morning_High,2020-01-05 07:24:00,0.056094,227.209,1.2405,49.98
Morning_High,2020-01-05 07:27:00,0.094104,226.679,1.9696,49.991
Morning_High,2020-01-05 07:30:00,0.042125,229.899,0.9774,49.985
Morning_High,2020-01-05 07:33:00,0.0664,228.784,1.4753,49.979
Morning_High,2020-01-05 07:36:00,0.067976,228.007,1.4799,49.981
Morning_High,2020-01-05 07:39:00,0.080226,228.205,1.685,49.97
Morning_High,2020-01-05 07:42:00,0.088943,226.214,1.8548,49.985
Morning_High,2020-01-05 07:45:00,0.070666,226.859,1.5584,49.986
Morning_High,2020-01-05 07:48:00,0.078558,227.052,1.6688,49.985
Morning_High,2020-01-05 07:51:00,0.074544,227.463,1.5832,49.965
Morning_High,2020-01-05 07:54:00,0.064317,227.976,1.3939,49.98
Morning_High,2020-01-05 07:57:00,0.09089,227.38,1.9084,49.978
Morning_High,2020-01-05 08:00:00,0.122883,226.625,2.4474,49.963
Morning_High,2020-01-05 08:03:00,0.064547,228.104,1.4095,49.968
Morning_High,2020-01-05 08:06:00,0.081415,227.758,1.6921,49.989
Morning_High,2020-01-05 08:09:00,0.083226,227.848,1.7321,49.981
Morning_High,2020-01-05 08:12:00,0.07813,228.477,1.7299,49.973
Morning_High,2020-01-05 08:15:00,0.066863,226.628,1.4156,49.964
Morning_High,2020-01-05 08:18:00,0.035518,229.532,0.8407,49.984
Morning_High,2020-01-05 08:21:00,0.077899,227.908,1.6327,49.976
Morning_High,2020-01-05 08:24:00,0.093766,227.166,1.9313,49.961
Morning_High,2020-01-05 08:27:00,0.087702,227.148,1.8416,49.972
Morning_High,2020-01-05 08:30:00,0.0716,229.253,1.5487,49.974
Morning_High,2020-01-05 08:33:00,0.05764,229.289,1.2193,49.981
Morning_High,2020-01-05 08:36:00,0.041157,229.67,0.9216,49.994
Morning_High,2020-01-05 08:39:00,0.045868,229.65,1.1127,49.986
Morning_High,2020-01-05 08:42:00,0.087212,228.265,1.8264,49.996
Morning_High,2020-01-05 08:45:00,0.056745,227.933,1.2812,49.983
Morning_High,2020-01-05 08:48:00,0.053847,228.286,1.2223,49.969
Morning_High,2020-01-05 08:51:00,0.052818,229.725,1.2629,49.984
Morning_High,2020-01-05 08:54:00,0.050293,229.165,1.196,49.981
Morning_High,2020-01-05 08:57:00,0.068066,227.97,1.4174,49.97
Morning_High,2020-01-05 09:00:00,0.090386,226.781,1.8144,50.0
Morning_High,2020-01-05 09:03:00,0.090153,227.164,1.9079,49.974
Morning_High,2020-01-05 09:06:00,0.076363,228.38,1.5845,49.975
Morning_High,2020-01-05 09:09:00,0.081965,227.038,1.7166,49.976
Morning_High,2020-01-05 09:12:00,0.071672,228.969,1.5948,49.991
Morning_High,2020-01-05 09:15:00,0.019716,230.373,0.6808,49.981
Morning_High,2020-01-05 09:18:00,0.079364,226.454,1.6694,49.957
Morning_High,2020-01-05 09:21:00,0.075887,228.492,1.6557,49.961
Morning_High,2020-01-05 09:24:00,0.066115,229.453,1.3938,49.999
Morning_High,2020-01-05 09:27:00,0.045058,230.014,1.0853,49.984
Morning_High,2020-01-05 09:30:00,0.061764,227.975,1.3385,49.97
Morning_High,2020-01-05 09:33:00,0.079885,228.998,1.6245,49.981
Morning_High,2020-01-05 09:36:00,0.063143,228.185,1.3699,49.974
Morning_High,2020-01-05 09:39:00,0.038118,229.32,0.9535,49.988
Morning_High,2020-01-05 09:42:00,0.055553,228.153,1.2498,49.985
Morning_High,2020-01-05 09:45:00,0.044445,229.015,1.0292,49.957
Morning_High,2020-01-05 09:48:00,0.04895,229.229,1.1469,49.968
Morning_High,2020-01-05 09:51:00,0.068352,228.276,1.4571,49.99
Morning_High,2020-01-05 09:54:00,0.058786,228.957,1.2678,49.984
Morning_High,2020-01-05 09:57:00,0.068913,226.407,1.4978,49.983
Morning_High,2020-01-05 10:00:00,0.065718,229.229,1.4267,49.957
Morning_High,2020-01-05 10:03:00,0.050949,228.661,1.1631,49.992
Morning_High,2020-01-05 10:06:00,0.076578,228.771,1.6308,49.982
Morning_High,2020-01-05 10:09:00,0.035017,229.692,0.9191,49.986
Morning_High,2020-01-05 10:12:00,0.053858,228.765,1.1693,49.977
Morning_High,2020-01-05 10:15:00,0.044505,228.176,1.0504,49.985
Morning_High,2020-01-05 10:18:00,0.054732,229.573,1.233,49.992
Morning_High,2020-01-05 10:21:00,0.035911,231.063,0.8853,49.986
Morning_High,2020-01-05 10:24:00,0.031906,229.925,0.8362,49.986
Morning_High,2020-01-05 10:27:00,0.046272,228.987,1.1237,50.002
Morning_High,2020-01-05 10:30:00,0.042486,230.283,1.0188,49.992
Morning_High,2020-01-05 10:33:00,0.037228,229.321,0.9697,50.014
Morning_High,2020-01-05 10:36:00,0.045722,228.99,1.0877,49.996
Morning_High,2020-01-05 10:39:00,0.044539,229.64,1.1183,49.959
Morning_High,2020-01-05 10:42:00,0.034764,230.632,0.9022,49.99
Morning_High,2020-01-05 10:45:00,0.038682,230.76,0.9695,49.989
Morning_High,2020-01-05 10:48:00,0.038278,229.509,0.9089,49.977
Morning_High,2020-01-05 10:51:00,0.034744,229.252,0.8982,49.99
Morning_High,2020-01-05 10:54:00,0.043384,229.484,1.0296,49.981
Morning_High,2020-01-05 10:57:00,0.027739,230.983,0.7423,50.016
Morning_High,2020-01-05 11:00:00,0.037123,229.974,0.934,50.001
Morning_High,2020-01-05 11:03:00,0.039544,229.278,0.9014,49.982
Morning_High,2020-01-05 11:06:00,0.025152,231.739,0.7213,49.996
Morning_High,2020-01-05 11:09:00,0.035222,230.393,0.8853,49.986
Morning_High,2020-01-05 11:12:00,0.030684,230.594,0.8351,50.008
Morning_High,2020-01-05 11:15:00,0.03141,229.471,0.8202,49.976
Morning_High,2020-01-05 11:18:00,0.040205,229.108,0.903,49.966
Morning_High,2020-01-05 11:21:00,0.026896,231.829,0.7406,50.0
Morning_High,2020-01-05 11:24:00,0.035379,229.861,0.8146,49.987
Morning_High,2020-01-05 11:27:00,0.035403,228.479,0.912,50.007
Morning_High,2020-01-05 11:30:00,0.026284,230.426,0.7094,49.984
Morning_High,2020-01-05 11:33:00,0.033931,229.365,0.7841,49.997
Morning_High,2020-01-05 11:36:00,0.034554,230.314,0.8825,49.981
Morning_High,2020-01-05 11:39:00,0.022736,229.911,0.6199,50.006
Morning_High,2020-01-05 11:42:00,0.02836,230.208,0.7542,49.996
Morning_High,2020-01-05 11:45:00,0.019124,232.743,0.585,49.982
Morning_High,2020-01-05 11:48:00,0.031983,229.841,0.8196,49.974
Morning_High,2020-01-05 11:51:00,0.016544,231.305,0.5706,49.978
Morning_High,2020-01-05 11:54:00,0.024387,230.42,0.7185,50.006
Morning_High,2020-01-05 11:57:00,0.015904,230.14,0.5991,50.009
Morning_High,2020-01-05 12:00:00,0.018817,231.508,0.6382,49.988
Morning_High,2020-01-05 12:03:00,0.025889,230.47,0.7568,49.996
Morning_High,2020-01-05 12:06:00,0.026201,229.999,0.7534,49.978
Morning_High,2020-01-05 12:09:00,0.01922,230.281,0.5764,49.996
Morning_High,2020-01-05 12:12:00,0.024442,230.213,0.6588,49.986
Morning_High,2020-01-05 12:15:00,0.026248,229.899,0.7174,49.988
Morning_High,2020-01-05 12:18:00,0.008997,232.116,0.3972,49.993
Morning_High,2020-01-05 12:21:00,0.023783,230.487,0.6611,49.984
Morning_High,2020-01-05 12:24:00,0.01665,231.243,0.5674,50.025
Morning_High,2020-01-05 12:27:00,0.027502,230.273,0.75,49.994
Morning_High,2020-01-05 12:30:00,0.015285,230.132,0.5532,49.988
Morning_High,2020-01-05 12:33:00,0.019817,231.187,0.5655,49.978
Morning_High,2020-01-05 12:36:00,0.016666,230.985,0.5454,49.982
Morning_High,2020-01-05 12:39:00,0.021796,229.997,0.581,49.983
Morning_High,2020-01-05 12:42:00,0.014988,232.111,0.4844,49.991
Morning_High,2020-01-05 12:45:00,0.01844,230.541,0.5519,50.007
Morning_High,2020-01-05 12:48:00,0.025145,229.632,0.6973,49.987
Morning_High,2020-01-05 12:51:00,0.01969,231.417,0.5646,49.988
Morning_High,2020-01-05 12:54:00,0.024232,229.516,0.7409,49.983
Morning_High,2020-01-05 12:57:00,0.024199,230.489,0.7088,49.984
Morning_High,2020-01-05 13:00:00,0.019681,231.025,0.63,50.005
Morning_High,2020-01-05 13:03:00,0.014692,230.726,0.5425,49.983
Morning_High,2020-01-05 13:06:00,0.018165,231.261,0.5809,50.0
Morning_High,2020-01-05 13:09:00,0.017538,231.081,0.559,49.989
Morning_High,2020-01-05 13:12:00,0.018399,232.108,0.6122,50.016
Morning_High,2020-01-05 13:15:00,0.014476,230.491,0.451,50.008
Morning_High,2020-01-05 13:18:00,0.022437,231.924,0.6049,49.986
Morning_High,2020-01-05 13:21:00,0.021149,231.012,0.6262,49.996
Morning_High,2020-01-05 13:24:00,0.018375,230.534,0.5603,50.001
Morning_High,2020-01-05 13:27:00,0.02698,230.557,0.681,50.004
Morning_High,2020-01-05 13:30:00,0.012133,231.142,0.4098,50.014
Morning_High,2020-01-05 13:33:00,0.022146,231.421,0.6099,49.995
Morning_High,2020-01-05 13:36:00,0.016632,231.425,0.5796,49.988
Morning_High,2020-01-05 13:39:00,0.020697,230.295,0.645,49.993
Morning_High,2020-01-05 13:42:00,0.02326,230.712,0.6702,49.977
Morning_High,2020-01-05 13:45:00,0.016008,231.187,0.5239,50.015
Morning_High,2020-01-05 13:48:00,0.018479,230.955,0.5143,50.019
Morning_High,2020-01-05 13:51:00,0.02915,230.542,0.806,49.975
Morning_High,2020-01-05 13:54:00,0.023055,230.357,0.6884,49.987
Morning_High,2020-01-05 13:57:00,0.015394,231.709,0.5351,50.003
Morning_High,2020-01-05 14:00:00,0.02867,228.694,0.814,50.0
Morning_High,2020-01-05 14:03:00,0.022745,231.484,0.6702,49.999
Morning_High,2020-01-05 14:06:00,0.020055,230.896,0.6512,50.016
Morning_High,2020-01-05 14:09:00,0.020898,229.769,0.6455,49.995
Morning_High,2020-01-05 14:12:00,0.011647,231.046,0.4166,49.994
Morning_High,2020-01-05 14:15:00,0.016273,231.049,0.5529,49.984
Morning_High,2020-01-05 14:18:00,0.020934,230.89,0.5567,49.99
Morning_High,2020-01-05 14:21:00,0.024189,231.281,0.6146,49.974
Morning_High,2020-01-05 14:24:00,0.018285,231.217,0.5874,50.029
Morning_High,2020-01-05 14:27:00,0.01698,230.687,0.5345,49.99
Morning_High,2020-01-05 14:30:00,0.018787,231.153,0.5803,50.002
Morning_High,2020-01-05 14:33:00,0.019053,231.315,0.5896,49.981
Morning_High,2020-01-05 14:36:00,0.021975,230.431,0.615,49.988
Morning_High,2020-01-05 14:39:00,0.017393,230.359,0.6446,50.003
Morning_High,2020-01-05 14:42:00,0.01768,232.287,0.5229,49.996
Morning_High,2020-01-05 14:45:00,0.020816,231.317,0.608,50.014
Morning_High,2020-01-05 14:48:00,0.018751,230.144,0.562,50.013
Morning_High,2020-01-05 14:51:00,0.021887,229.991,0.6857,49.979
Morning_High,2020-01-05 14:54:00,0.014918,230.912,0.4947,49.991
Morning_High,2020-01-05 14:57:00,0.021605,229.789,0.639,50.008
Morning_High,2020-01-05 15:00:00,0.016439,231.346,0.5101,49.983
Morning_High,2020-01-05 15:03:00,0.018598,230.889,0.5722,49.998
Morning_High,2020-01-05 15:06:00,0.016442,230.949,0.5829,49.986
Morning_High,2020-01-05 15:09:00,0.022213,230.529,0.6656,50.012
Morning_High,2020-01-05 15:12:00,0.008807,232.256,0.4555,50.002
Morning_High,2020-01-05 15:15:00,0.021706,230.081,0.6184,49.993
Morning_High,2020-01-05 15:18:00,0.020289,231.277,0.6409,49.996
Morning_High,2020-01-05 15:21:00,0.015044,229.911,0.5786,49.992
Morning_High,2020-01-05 15:24:00,0.00404,232.264,0.3805,49.992
Morning_High,2020-01-05 15:27:00,0.023531,231.106,0.6835,49.985
Morning_High,2020-01-05 15:30:00,0.010771,229.551,0.4537,49.994
Morning_High,2020-01-05 15:33:00,0.021965,229.88,0.6166,50.006
Morning_High,2020-01-05 15:36:00,0.012424,230.572,0.4489,49.985
Morning_High,2020-01-05 15:39:00,0.023621,230.723,0.6277,49.981
Morning_High,2020-01-05 15:42:00,0.0234,230.82,0.689,49.988
Morning_High,2020-01-05 15:45:00,0.012105,231.532,0.4968,49.996
Morning_High,2020-01-05 15:48:00,0.017484,231.807,0.5821,49.986
Morning_High,2020-01-05 15:51:00,0.019609,230.764,0.5951,49.998
Morning_High,2020-01-05 15:54:00,0.019129,231.315,0.5885,49.994
Morning_High,2020-01-05 15:57:00,0.02093,229.949,0.7189,49.998
Morning_High,2020-01-05 16:00:00,0.024322,230.551,0.7069,49.988
Morning_High,2020-01-05 16:03:00,0.027716,231.492,0.7335,49.982
Morning_High,2020-01-05 16:06:00,0.024343,229.353,0.6664,49.989
Morning_High,2020-01-05 16:09:00,0.028386,231.319,0.7652,49.997
Morning_High,2020-01-05 16:12:00,0.009982,231.961,0.4624,50.008
Morning_High,2020-01-05 16:15:00,0.021358,230.277,0.6546,49.994
Morning_High,2020-01-05 16:18:00,0.020785,231.318,0.6594,49.994
Morning_High,2020-01-05 16:21:00,0.015307,230.836,0.583,49.994
Morning_High,2020-01-05 16:24:00,0.012833,231.174,0.4446,50.012
Morning_High,2020-01-05 16:27:00,0.024857,229.155,0.6932,50.0
Morning_High,2020-01-05 16:30:00,0.025558,230.19,0.8081,49.981
Morning_High,2020-01-05 16:33:00,0.015483,231.473,0.4693,49.992
Morning_High,2020-01-05 16:36:00,0.021546,231.182,0.5999,50.007
Morning_High,2020-01-05 16:39:00,0.020736,231.378,0.707,50.004
Morning_High,2020-01-05 16:42:00,0.023047,229.746,0.6938,49.983
Morning_High,2020-01-05 16:45:00,0.02377,231.248,0.6742,50.005
Morning_High,2020-01-05 16:48:00,0.016656,230.697,0.4934,49.975
Morning_High,2020-01-05 16:51:00,0.022474,232.496,0.6107,50.003
Morning_High,2020-01-05 16:54:00,0.016053,231.499,0.5293,50.008
Morning_High,2020-01-05 16:57:00,0.015849,231.647,0.5315,49.983
Morning_High,2020-01-05 17:00:00,0.026548,230.047,0.7625,49.996
Morning_High,2020-01-05 17:03:00,0.022767,230.132,0.6485,50.028
Morning_High,2020-01-05 17:06:00,0.033662,230.5,0.8939,50.011
Morning_High,2020-01-05 17:09:00,0.021206,231.221,0.7425,50.0
Morning_High,2020-01-05 17:12:00,0.023916,229.391,0.6833,49.997
Morning_High,2020-01-05 17:15:00,0.02519,231.155,0.7138,50.0
Morning_High,2020-01-05 17:18:00,0.016775,230.721,0.5694,49.996
Morning_High,2020-01-05 17:21:00,0.020929,229.664,0.6573,49.975
Morning_High,2020-01-05 17:24:00,0.030628,230.971,0.8667,49.985
Morning_High,2020-01-05 17:27:00,0.032429,230.59,0.8404,50.016
Morning_High,2020-01-05 17:30:00,0.017442,231.007,0.5536,49.994
Morning_High,2020-01-05 17:33:00,0.028595,231.811,0.791,49.99
Morning_High,2020-01-05 17:36:00,0.02487,229.417,0.6954,49.994
Morning_High,2020-01-05 17:39:00,0.023104,232.638,0.675,49.998
Morning_High,2020-01-05 17:42:00,0.025569,230.631,0.6881,50.012
Morning_High,2020-01-05 17:45:00,0.029223,230.886,0.7207,50.001
Morning_High,2020-01-05 17:48:00,0.020682,230.441,0.6566,49.986
Morning_High,2020-01-05 17:51:00,0.029561,230.434,0.8064,50.029
Morning_High,2020-01-05 17:54:00,0.023419,230.42,0.6275,49.984
Morning_High,2020-01-05 17:57:00,0.022073,230.148,0.6558,49.989
Morning_High,2020-01-05 18:00:00,0.030421,229.723,0.7483,49.995
Morning_High,2020-01-05 18:03:00,0.019399,231.095,0.568,50.002
Morning_High,2020-01-05 18:06:00,0.020138,231.377,0.5911,49.999
Morning_High,2020-01-05 18:09:00,0.030915,231.235,0.8391,49.992
Morning_High,2020-01-05 18:12:00,0.020741,229.986,0.6609,49.991
Morning_High,2020-01-05 18:15:00,0.024025,229.595,0.634,49.997
Morning_High,2020-01-05 18:18:00,0.038077,230.952,0.9639,49.979
Morning_High,2020-01-05 18:21:00,0.027872,230.399,0.7754,49.989
Morning_High,2020-01-05 18:24:00,0.015975,229.883,0.5675,49.996
Morning_High,2020-01-05 18:27:00,0.026546,228.527,0.7206,49.996
Morning_High,2020-01-05 18:30:00,0.017402,230.495,0.554,49.985
Morning_High,2020-01-05 18:33:00,0.025136,229.838,0.6801,49.995
Morning_High,2020-01-05 18:36:00,0.016224,229.857,0.5404,50.019
Morning_High,2020-01-05 18:39:00,0.026702,230.932,0.7422,49.995
Morning_High,2020-01-05 18:42:00,0.022709,231.322,0.715,50.01
Morning_High,2020-01-05 18:45:00,0.028845,229.525,0.7248,49.983
Morning_High,2020-01-05 18:48:00,0.03,230.133,0.8052,49.992
Morning_High,2020-01-05 18:51:00,0.019963,231.71,0.6406,49.997
Morning_High,2020-01-05 18:54:00,0.033757,229.767,0.8601,49.99
Morning_High,2020-01-05 18:57:00,0.026135,230.515,0.699,49.986
Morning_High,2020-01-05 19:00:00,0.018481,230.808,0.5758,50.015
Morning_High,2020-01-05 19:03:00,0.029146,231.188,0.7874,50.004
Morning_High,2020-01-05 19:06:00,0.027282,230.296,0.6651,50.014
Morning_High,2020-01-05 19:09:00,0.023371,230.895,0.7087,49.99
Morning_High,2020-01-05 19:12:00,0.033239,229.388,0.8398,50.0
Morning_High,2020-01-05 19:15:00,0.027187,231.218,0.7675,49.983
Morning_High,2020-01-05 19:18:00,0.024735,231.207,0.6895,49.991
Morning_High,2020-01-05 19:21:00,0.032906,230.762,0.8317,50.001
Morning_High,2020-01-05 19:24:00,0.022959,230.302,0.7003,49.992
Morning_High,2020-01-05 19:27:00,0.023595,231.131,0.7675,49.982
Morning_High,2020-01-05 19:30:00,0.02927,229.705,0.8088,49.982
Morning_High,2020-01-05 19:33:00,0.032073,229.981,0.7983,49.997
Morning_High,2020-01-05 19:36:00,0.024032,230.64,0.6476,49.964
Morning_High,2020-01-05 19:39:00,0.033652,229.747,0.7992,49.995
Morning_High,2020-01-05 19:42:00,0.028151,230.189,0.7425,49.979
Morning_High,2020-01-05 19:45:00,0.040291,228.14,0.9835,49.99
Morning_High,2020-01-05 19:48:00,0.029329,230.575,0.7809,50.001
Morning_High,2020-01-05 19:51:00,0.02636,231.17,0.7705,49.985
Morning_High,2020-01-05 19:54:00,0.031765,230.969,0.7951,49.989
Morning_High,2020-01-05 19:57:00,0.039116,230.419,0.9865,49.996
Morning_High,2020-01-05 20:00:00,0.038149,229.025,0.9031,49.995
Morning_High,2020-01-05 20:03:00,0.030636,231.366,0.7957,49.978
Morning_High,2020-01-05 20:06:00,0.030716,230.34,0.8575,50.011
Morning_High,2020-01-05 20:09:00,0.033735,229.737,0.8827,49.979
Morning_High,2020-01-05 20:12:00,0.028176,231.407,0.7354,49.994
Morning_High,2020-01-05 20:15:00,0.014263,231.48,0.4466,49.992
Morning_High,2020-01-05 20:18:00,0.033694,229.198,0.8903,49.995
Morning_High,2020-01-05 20:21:00,0.032819,230.111,0.831,50.001
Morning_High,2020-01-05 20:24:00,0.027109,231.744,0.7558,49.992
Morning_High,2020-01-05 20:27:00,0.025188,230.05,0.7014,50.009
Morning_High,2020-01-05 20:30:00,0.020364,231.933,0.6594,50.009
Morning_High,2020-01-05 20:33:00,0.029609,230.811,0.782,50.011
Morning_High,2020-01-05 20:36:00,0.027062,230.204,0.7576,50.004
Morning_High,2020-01-05 20:39:00,0.019758,230.19,0.5808,50.019
Morning_High,2020-01-05 20:42:00,0.026857,232.13,0.704,49.974
Morning_High,2020-01-05 20:45:00,0.030599,229.372,0.7592,49.993
Morning_High,2020-01-05 20:48:00,0.031096,230.651,0.8659,49.989
Morning_High,2020-01-05 20:51:00,0.025154,230.1,0.6995,49.985
Morning_High,2020-01-05 20:54:00,0.032671,229.918,0.855,49.994
Morning_High,2020-01-05 20:57:00,0.029451,231.634,0.7946,49.988
Morning_High,2020-01-05 21:00:00,0.034976,228.467,0.8785,50.0
Morning_High,2020-01-05 21:03:00,0.041485,229.577,0.9949,49.986
Morning_High,2020-01-05 21:06:00,0.031783,230.641,0.7752,49.984
Morning_High,2020-01-05 21:09:00,0.023716,231.574,0.6699,49.988
Morning_High,2020-01-05 21:12:00,0.031947,230.651,0.8081,49.978
Morning_High,2020-01-05 21:15:00,0.032061,230.764,0.8517,49.983
Morning_High,2020-01-05 21:18:00,0.019417,232.181,0.6024,50.009
Morning_High,2020-01-05 21:21:00,0.022552,230.895,0.566,49.976
Morning_High,2020-01-05 21:24:00,0.027302,231.003,0.7955,49.982
Morning_High,2020-01-05 21:27:00,0.023121,230.76,0.65,49.982
Morning_High,2020-01-05 21:30:00,0.027336,231.003,0.7201,49.988
Morning_High,2020-01-05 21:33:00,0.028673,230.306,0.7947,49.99
Morning_High,2020-01-05 21:36:00,0.024234,230.591,0.7105,50.001
Morning_High,2020-01-05 21:39:00,0.025736,230.074,0.7497,50.0
Morning_High,2020-01-05 21:42:00,0.022344,230.416,0.6523,50.012
Morning_High,2020-01-05 21:45:00,0.01734,231.861,0.5918,49.986
Morning_High,2020-01-05 21:48:00,0.021975,230.462,0.6528,49.986
Morning_High,2020-01-05 21:51:00,0.032578,230.533,0.7844,49.983
Morning_High,2020-01-05 21:54:00,0.030729,231.365,0.8246,49.982
Morning_High,2020-01-05 21:57:00,0.0159,232.16,0.5254,49.997
Morning_High,2020-01-05 22:00:00,0.016696,231.832,0.5787,49.987
Morning_High,2020-01-05 22:03:00,0.027008,232.027,0.7521,49.999
Morning_High,2020-01-05 22:06:00,0.011941,229.911,0.4496,49.999
Morning_High,2020-01-05 22:09:00,0.018648,230.79,0.5499,50.003
Morning_High,2020-01-05 22:12:00,0.027425,229.233,0.765,49.981
Morning_High,2020-01-05 22:15:00,0.033623,228.678,0.8998,49.983
Morning_High,2020-01-05 22:18:00,0.019042,231.861,0.5753,49.955
Morning_High,2020-01-05 22:21:00,0.023444,230.884,0.6394,50.004
Morning_High,2020-01-05 22:24:00,0.021622,229.837,0.6323,50.006
Morning_High,2020-01-05 22:27:00,0.022576,230.73,0.5879,49.984
Morning_High,2020-01-05 22:30:00,0.017074,231.874,0.543,50.013
Morning_High,2020-01-05 22:33:00,0.021841,230.986,0.6352,49.986
Morning_High,2020-01-05 22:36:00,0.024817,230.135,0.7089,49.989
Morning_High,2020-01-05 22:39:00,0.016132,231.224,0.5598,49.993
Morning_High,2020-01-05 22:42:00,0.018994,232.05,0.566,50.011
Morning_High,2020-01-05 22:45:00,0.0265,229.999,0.7439,49.988
Morning_High,2020-01-05 22:48:00,0.018204,231.656,0.5367,49.997
Morning_High,2020-01-05 22:51:00,0.021926,230.736,0.6285,49.989
Morning_High,2020-01-05 22:54:00,0.015674,231.828,0.5425,49.996
Morning_High,2020-01-05 22:57:00,0.015377,229.867,0.5191,49.991
Morning_High,2020-01-05 23:00:00,0.021727,230.896,0.6405,49.991
Morning_High,2020-01-05 23:03:00,0.018504,230.682,0.5667,50.003
Morning_High,2020-01-05 23:06:00,0.005228,232.243,0.3591,49.999
Morning_High,2020-01-05 23:09:00,0.012413,231.203,0.4376,50.005
Morning_High,2020-01-05 23:12:00,0.024798,230.347,0.6669,50.0
Morning_High,2020-01-05 23:15:00,0.026642,230.976,0.7207,49.989
Morning_High,2020-01-05 23:18:00,0.017159,231.795,0.594,50.024
Morning_High,2020-01-05 23:21:00,0.016013,231.384,0.5509,49.984
Morning_High,2020-01-05 23:24:00,0.022227,230.897,0.6685,49.994
Morning_High,2020-01-05 23:27:00,0.015866,230.613,0.5334,49.982
Morning_High,2020-01-05 23:30:00,0.012961,231.708,0.4207,49.983
Morning_High,2020-01-05 23:33:00,0.025359,230.153,0.6852,50.01
Morning_High,2020-01-05 23:36:00,0.020903,231.389,0.6402,50.0
Morning_High,2020-01-05 23:39:00,0.017447,229.668,0.5466,50.002
Morning_High,2020-01-05 23:42:00,0.02551,231.754,0.7262,50.0
Morning_High,2020-01-05 23:45:00,0.020626,232.073,0.5762,50.001
Morning_High,2020-01-05 23:48:00,0.014487,231.725,0.5447,49.989
Morning_High,2020-01-05 23:51:00,0.028564,229.075,0.7933,49.992
Morning_High,2020-01-05 23:54:00,0.014142,232.932,0.5426,50.009
Morning_High,2020-01-05 23:57:00,0.025222,231.241,0.6742,50.011
Morning_High,2020-01-06 00:00:00,0.009997,231.215,0.3611,50.0
Morning_High,2020-01-06 00:03:00,0.014222,231.531,0.4849,49.996
Morning_High,2020-01-06 00:06:00,0.018078,230.994,0.5625,50.004
Morning_High,2020-01-06 00:09:00,0.019609,230.036,0.5716,49.99
Morning_High,2020-01-06 00:12:00,0.013897,231.611,0.4977,50.004
Morning_High,2020-01-06 00:15:00,0.022317,230.649,0.6458,49.986
Morning_High,2020-01-06 00:18:00,0.021696,231.462,0.6134,49.982
Morning_High,2020-01-06 00:21:00,0.022662,230.946,0.6951,50.004
Morning_High,2020-01-06 00:24:00,0.022336,230.844,0.6444,49.983
Morning_High,2020-01-06 00:27:00,0.017846,229.245,0.5599,50.01
Morning_High,2020-01-06 00:30:00,0.017447,229.365,0.568,50.001
Morning_High,2020-01-06 00:33:00,0.020495,230.585,0.574,49.986
Morning_High,2020-01-06 00:36:00,0.014704,231.665,0.4945,49.984
Morning_High,2020-01-06 00:39:00,0.013852,231.697,0.5086,49.99
Morning_High,2020-01-06 00:42:00,0.019328,231.45,0.5839,49.987
Morning_High,2020-01-06 00:45:00,0.016423,231.202,0.5361,49.989
Morning_High,2020-01-06 00:48:00,0.024452,231.29,0.6783,50.016
Morning_High,2020-01-06 00:51:00,0.017756,231.965,0.5641,50.008
Morning_High,2020-01-06 00:54:00,0.015543,232.434,0.4998,50.007
Morning_High,2020-01-06 00:57:00,0.021887,232.294,0.7054,50.013
Morning_High,2020-01-06 01:00:00,0.018502,231.952,0.5909,49.984
Morning_High,2020-01-06 01:03:00,0.020949,229.882,0.6066,50.002
Morning_High,2020-01-06 01:06:00,0.019371,230.039,0.6244,50.018
Morning_High,2020-01-06 01:09:00,0.012757,230.962,0.4756,50.009
Morning_High,2020-01-06 01:12:00,0.02143,231.081,0.5568,50.001
Morning_High,2020-01-06 01:15:00,0.018936,230.017,0.5271,50.005
Morning_High,2020-01-06 01:18:00,0.017585,232.519,0.56,50.014
Morning_High,2020-01-06 01:21:00,0.018383,232.512,0.5579,50.004
Morning_High,2020-01-06 01:24:00,0.013138,231.664,0.5358,49.995
Morning_High,2020-01-06 01:27:00,0.006181,231.613,0.3535,49.983
Morning_High,2020-01-06 01:30:00,0.022411,229.957,0.6879,49.979
Morning_High,2020-01-06 01:33:00,0.012941,232.571,0.4477,49.977
Morning_High,2020-01-06 01:36:00,0.017182,230.355,0.5271,49.987
Morning_High,2020-01-06 01:39:00,0.014279,231.93,0.4937,49.982
Morning_High,2020-01-06 01:42:00,0.022837,231.208,0.6696,49.977
Morning_High,2020-01-06 01:45:00,0.020033,232.542,0.5707,50.014
Morning_High,2020-01-06 01:48:00,0.018069,230.299,0.6392,49.993
Morning_High,2020-01-06 01:51:00,0.021622,231.135,0.6573,49.993
Morning_High,2020-01-06 01:54:00,0.018987,231.651,0.5948,49.977
Morning_High,2020-01-06 01:57:00,0.018633,231.883,0.6187,49.99
Morning_High,2020-01-06 02:00:00,0.019957,229.655,0.6306,50.019
Morning_High,2020-01-06 02:03:00,0.021346,230.414,0.6046,49.997
Morning_High,2020-01-06 02:06:00,0.01235,231.599,0.4511,49.988
Morning_High,2020-01-06 02:09:00,0.011074,231.168,0.4385,50.006
Morning_High,2020-01-06 02:12:00,0.019067,230.175,0.5926,50.004
Morning_High,2020-01-06 02:15:00,0.013702,230.878,0.5256,49.998
Morning_High,2020-01-06 02:18:00,0.018683,231.373,0.5932,49.996
Morning_High,2020-01-06 02:21:00,0.028328,229.259,0.7578,49.987
Morning_High,2020-01-06 02:24:00,0.020448,229.171,0.6512,50.002
Morning_High,2020-01-06 02:27:00,0.020636,230.468,0.6132,49.995
Morning_High,2020-01-06 02:30:00,0.019576,230.258,0.5889,50.0
Morning_High,2020-01-06 02:33:00,0.016868,230.709,0.5755,49.988
Morning_High,2020-01-06 02:36:00,0.01883,230.997,0.6179,49.985
Morning_High,2020-01-06 02:39:00,0.015749,232.506,0.5224,49.993
Morning_High,2020-01-06 02:42:00,0.010656,230.789,0.4299,50.009
Morning_High,2020-01-06 02:45:00,0.012808,230.308,0.4754,50.019
Morning_High,2020-01-06 02:48:00,0.018284,230.84,0.5761,50.017
Morning_High,2020-01-06 02:51:00,0.021521,230.373,0.685,50.01
Morning_High,2020-01-06 02:54:00,0.022784,230.325,0.5819,49.997
Morning_High,2020-01-06 02:57:00,0.028568,229.731,0.7611,50.003
Morning_High,2020-01-06 03:00:00,0.013414,230.922,0.4832,49.992
Morning_High,2020-01-06 03:03:00,0.01918,231.243,0.6239,50.015
Morning_High,2020-01-06 03:06:00,0.018235,230.159,0.564,50.014
Morning_High,2020-01-06 03:09:00,0.01154,230.966,0.4477,49.997
Morning_High,2020-01-06 03:12:00,0.016607,231.477,0.4694,49.998
Morning_High,2020-01-06 03:15:00,0.020765,229.759,0.6613,50.008
Morning_High,2020-01-06 03:18:00,0.020022,230.374,0.6171,49.986
Morning_High,2020-01-06 03:21:00,0.013423,230.038,0.5194,49.999
Morning_High,2020-01-06 03:24:00,0.020318,230.454,0.6023,49.993
Morning_High,2020-01-06 03:27:00,0.012613,230.664,0.4933,50.002
Morning_High,2020-01-06 03:30:00,0.014649,231.581,0.483,49.977
Morning_High,2020-01-06 03:33:00,0.01538,231.696,0.516,50.012
Morning_High,2020-01-06 03:36:00,0.019079,230.98,0.5933,50.022
Morning_High,2020-01-06 03:39:00,0.01558,229.475,0.5545,50.005
Morning_High,2020-01-06 03:42:00,0.017642,229.567,0.5918,49.996
Morning_High,2020-01-06 03:45:00,0.019042,230.126,0.6374,49.978
Morning_High,2020-01-06 03:48:00,0.024686,230.262,0.66,49.994
Morning_High,2020-01-06 03:51:00,0.021386,230.215,0.5993,49.997
Morning_High,2020-01-06 03:54:00,0.020787,231.399,0.6201,49.988
Morning_High,2020-01-06 03:57:00,0.030318,231.535,0.7656,49.965
Morning_High,2020-01-06 04:00:00,0.016898,231.095,0.5785,49.999
Morning_High,2020-01-06 04:03:00,0.014526,230.726,0.5297,49.999
Morning_High,2020-01-06 04:06:00,0.024327,230.339,0.6079,50.005
Morning_High,2020-01-06 04:09:00,0.021083,228.827,0.6417,49.994
Morning_High,2020-01-06 04:12:00,0.022821,231.404,0.6883,49.991
Morning_High,2020-01-06 04:15:00,0.025665,230.367,0.6863,49.981
Morning_High,2020-01-06 04:18:00,0.026184,230.78,0.7067,49.997
Morning_High,2020-01-06 04:21:00,0.027373,230.104,0.695,49.995
Morning_High,2020-01-06 04:24:00,0.019652,230.658,0.5472,49.989
Morning_High,2020-01-06 04:27:00,0.027388,231.436,0.7554,49.978
Morning_High,2020-01-06 04:30:00,0.041905,229.831,0.9676,49.982
Morning_High,2020-01-06 04:33:00,0.02445,229.828,0.7023,49.996
Morning_High,2020-01-06 04:36:00,0.034776,230.275,0.8467,49.997
Morning_High,2020-01-06 04:39:00,0.02857,230.005,0.7796,50.009
Morning_High,2020-01-06 04:42:00,0.036753,230.158,0.9166,50.004
Morning_High,2020-01-06 04:45:00,0.021778,231.35,0.5743,49.988
Morning_High,2020-01-06 04:48:00,0.031655,230.214,0.8911,49.976
Morning_High,2020-01-06 04:51:00,0.019435,230.235,0.6025,50.003
Morning_High,2020-01-06 04:54:00,0.0288,229.418,0.7091,49.983
Morning_High,2020-01-06 04:57:00,0.040105,230.219,0.9565,49.995
Morning_High,2020-01-06 05:00:00,0.041054,229.245,1.0055,49.985
Morning_High,2020-01-06 05:03:00,0.031968,230.505,0.7936,49.987
Morning_High,2020-01-06 05:06:00,0.034352,228.861,0.9278,49.979
Morning_High,2020-01-06 05:09:00,0.039047,227.747,0.9678,49.97
Morning_High,2020-01-06 05:12:00,0.036488,230.656,0.9113,49.954
Morning_High,2020-01-06 05:15:00,0.029395,229.661,0.753,49.972
Morning_High,2020-01-06 05:18:00,0.055542,228.993,1.2264,49.969
Morning_High,2020-01-06 05:21:00,0.036717,229.725,0.9351,49.971
Morning_High,2020-01-06 05:24:00,0.040231,229.619,0.9875,49.976
Morning_High,2020-01-06 05:27:00,0.018119,231.287,0.6331,49.974
Morning_High,2020-01-06 05:30:00,0.040437,229.491,0.9462,50.01
Morning_High,2020-01-06 05:33:00,0.043863,229.808,1.0231,49.969
Morning_High,2020-01-06 05:36:00,0.033892,229.63,0.8967,49.988
Morning_High,2020-01-06 05:39:00,0.035639,230.346,0.8614,49.994
Morning_High,2020-01-06 05:42:00,0.049575,228.75,1.16,49.977
Morning_High,2020-01-06 05:45:00,0.048858,228.161,1.1198,49.993
Morning_High,2020-01-06 05:48:00,0.04867,230.739,1.1044,50.0
Morning_High,2020-01-06 05:51:00,0.0577,228.611,1.3116,49.99
Morning_High,2020-01-06 05:54:00,0.028938,230.556,0.7843,49.984
Morning_High,2020-01-06 05:57:00,0.052671,229.082,1.1537,49.971
Morning_High,2020-01-06 06:00:00,0.051373,228.917,1.2052,49.993
Morning_High,2020-01-06 06:03:00,0.035345,229.757,0.9042,49.997
Morning_High,2020-01-06 06:06:00,0.046798,229.004,1.1655,50.004
Morning_High,2020-01-06 06:09:00,0.045378,230.534,1.1064,49.966
Morning_High,2020-01-06 06:12:00,0.036182,229.92,0.9293,50.012
Morning_High,2020-01-06 06:15:00,0.055569,227.557,1.2108,49.987
Morning_High,2020-01-06 06:18:00,0.068576,228.384,1.5172,49.989
Morning_High,2020-01-06 06:21:00,0.034308,229.735,0.8681,49.995
Morning_High,2020-01-06 06:24:00,0.045595,227.959,1.0529,49.981
Morning_High,2020-01-06 06:27:00,0.036532,229.763,0.8419,49.979
Morning_High,2020-01-06 06:30:00,0.067413,227.949,1.4621,49.971
Morning_High,2020-01-06 06:33:00,0.055689,229.496,1.2793,49.986
Morning_High,2020-01-06 06:36:00,0.036393,229.251,0.8751,49.974
Morning_High,2020-01-06 06:39:00,0.033971,230.551,0.8456,50.008
Morning_High,2020-01-06 06:42:00,0.061097,228.479,1.3378,49.967
Morning_High,2020-01-06 06:45:00,0.082467,226.623,1.7647,49.973
Morning_High,2020-01-06 06:48:00,0.054701,228.368,1.2383,49.99
Morning_High,2020-01-06 06:51:00,0.059947,228.4,1.2865,49.969
Morning_High,2020-01-06 06:54:00,0.049182,229.434,1.1699,49.964
Morning_High,2020-01-06 06:57:00,0.088984,227.701,1.8465,49.964
Morning_High,2020-01-06 07:00:00,0.052764,228.825,1.2329,49.994
Morning_High,2020-01-06 07:03:00,0.056172,230.163,1.2345,49.98
Morning_High,2020-01-06 07:06:00,0.087604,228.648,1.868,49.984
Morning_High,2020-01-06 07:09:00,0.092683,227.444,1.9489,49.962
Morning_High,2020-01-06 07:12:00,0.05434,228.61,1.1768,49.981
Morning_High,2020-01-06 07:15:00,0.034941,232.233,0.9423,49.975
Morning_High,2020-01-06 07:18:00,0.069134,228.064,1.4863,49.985
Morning_High,2020-01-06 07:21:00,0.050479,229.734,1.2386,49.99
Morning_High,2020-01-06 07:24:00,0.070964,226.868,1.4829,49.985
Morning_High,2020-01-06 07:27:00,0.054245,229.469,1.1872,49.968
Morning_High,2020-01-06 07:30:00,0.061565,227.925,1.3639,49.981
Morning_High,2020-01-06 07:33:00,0.070027,227.929,1.4845,49.981
Morning_High,2020-01-06 07:36:00,0.074384,227.819,1.5783,49.966
Morning_High,2020-01-06 07:39:00,0.068513,227.999,1.4816,49.971
Morning_High,2020-01-06 07:42:00,0.055094,228.624,1.2286,49.998
Morning_High,2020-01-06 07:45:00,0.071306,227.844,1.5037,49.968
Morning_High,2020-01-06 07:48:00,0.067795,227.806,1.5008,49.973
Morning_High,2020-01-06 07:51:00,0.055762,227.66,1.2487,49.99
Morning_High,2020-01-06 07:54:00,0.086255,227.859,1.7995,49.949
Morning_High,2020-01-06 07:57:00,0.089282,227.785,1.857,49.973
Morning_High,2020-01-06 08:00:00,0.081816,227.34,1.6824,49.961
Morning_High,2020-01-06 08:03:00,0.055055,231.045,1.231,49.971
Morning_High,2020-01-06 08:06:00,0.059676,228.084,1.3536,49.987
Morning_High,2020-01-06 08:09:00,0.056683,226.852,1.2732,49.968
Morning_High,2020-01-06 08:12:00,0.067457,228.931,1.4473,50.002
Morning_High,2020-01-06 08:15:00,0.073775,227.707,1.6203,49.978
Morning_High,2020-01-06 08:18:00,0.056495,229.127,1.3337,49.988
Morning_High,2020-01-06 08:21:00,0.106478,226.189,2.1853,49.966
Morning_High,2020-01-06 08:24:00,0.044281,229.316,1.0003,49.959
Morning_High,2020-01-06 08:27:00,0.052293,229.292,1.1596,49.987
Morning_High,2020-01-06 08:30:00,0.088364,225.188,1.8435,49.986
Morning_High,2020-01-06 08:33:00,0.059772,228.525,1.3005,49.97
Morning_High,2020-01-06 08:36:00,0.041755,229.795,0.9527,49.959
Morning_High,2020-01-06 08:39:00,0.068689,228.279,1.4356,49.998
Morning_High,2020-01-06 08:42:00,0.056943,228.296,1.2849,50.005
Morning_High,2020-01-06 08:45:00,0.076023,226.635,1.5994,49.969
Morning_High,2020-01-06 08:48:00,0.073991,227.522,1.5851,49.983
Morning_High,2020-01-06 08:51:00,0.034075,230.036,0.8127,49.982
Morning_High,2020-01-06 08:54:00,0.072266,228.312,1.5496,49.963
Morning_High,2020-01-06 08:57:00,0.043401,229.812,1.027,49.982
Morning_High,2020-01-06 09:00:00,0.08795,227.145,1.854,49.975
Morning_High,2020-01-06 09:03:00,0.048786,231.285,1.0986,50.002
Morning_High,2020-01-06 09:06:00,0.073145,228.396,1.513,49.968
Morning_High,2020-01-06 09:09:00,0.071245,227.12,1.5747,49.981
Morning_High,2020-01-06 09:12:00,0.047383,228.631,1.121,49.971
Morning_High,2020-01-06 09:15:00,0.072806,227.675,1.5575,49.991
Morning_High,2020-01-06 09:18:00,0.047864,230.007,1.1216,49.977
Morning_High,2020-01-06 09:21:00,0.050009,227.742,1.1343,50.003
Morning_High,2020-01-06 09:24:00,0.047806,229.207,1.062,49.961
Morning_High,2020-01-06 09:27:00,0.043052,229.83,1.0355,49.978
Morning_High,2020-01-06 09:30:00,0.059907,228.789,1.3409,49.986
Morning_High,2020-01-06 09:33:00,0.055039,229.154,1.2291,49.988
Morning_High,2020-01-06 09:36:00,0.057205,228.888,1.292,49.997
Morning_High,2020-01-06 09:39:00,0.070418,227.545,1.4887,49.97
Morning_High,2020-01-06 09:42:00,0.060909,227.777,1.3718,49.997
Morning_High,2020-01-06 09:45:00,0.032632,230.753,0.8128,49.993
Morning_High,2020-01-06 09:48:00,0.044681,230.762,1.0959,49.968
Morning_High,2020-01-06 09:51:00,0.033432,230.422,0.8285,50.004
Morning_High,2020-01-06 09:54:00,0.034711,228.98,0.9076,49.98
Morning_High,2020-01-06 09:57:00,0.036289,229.634,0.8938,49.994
Morning_High,2020-01-06 10:00:00,0.042837,229.5,1.0081,49.979
Morning_High,2020-01-06 10:03:00,0.046771,229.617,1.0703,49.993
Morning_High,2020-01-06 10:06:00,0.032306,231.187,0.8505,49.97
Morning_High,2020-01-06 10:09:00,0.040208,229.798,0.9103,49.994
Morning_High,2020-01-06 10:12:00,0.044068,228.864,1.021,49.976
Morning_High,2020-01-06 10:15:00,0.042153,230.18,0.9587,49.977
Morning_High,2020-01-06 10:18:00,0.037818,229.963,0.8594,49.985
Morning_High,2020-01-06 10:21:00,0.052556,230.075,1.2213,49.967
Morning_High,2020-01-06 10:24:00,0.050478,229.186,1.151,49.977
Morning_High,2020-01-06 10:27:00,0.0473,230.566,1.1362,49.994
Morning_High,2020-01-06 10:30:00,0.045676,228.328,1.1414,49.997
Morning_High,2020-01-06 10:33:00,0.029889,230.088,0.8351,50.001
Morning_High,2020-01-06 10:36:00,0.027096,231.711,0.7177,49.975
Morning_High,2020-01-06 10:39:00,0.034556,229.445,0.881,49.971
Morning_High,2020-01-06 10:42:00,0.022624,230.065,0.6723,50.01
Morning_High,2020-01-06 10:45:00,0.045484,229.802,1.0269,49.98
Morning_High,2020-01-06 10:48:00,0.032531,230.206,0.7716,49.971
Morning_High,2020-01-06 10:51:00,0.026463,230.204,0.7136,49.995
Morning_High,2020-01-06 10:54:00,0.029863,229.866,0.8517,50.005
Morning_High,2020-01-06 10:57:00,0.021357,231.678,0.6716,49.988
Morning_High,2020-01-06 11:00:00,0.028703,231.531,0.7738,50.007
Morning_High,2020-01-06 11:03:00,0.022816,230.268,0.6231,49.997
Morning_High,2020-01-06 11:06:00,0.023902,231.299,0.6731,49.985
Morning_High,2020-01-06 11:09:00,0.030779,229.649,0.8582,49.987
Morning_High,2020-01-06 11:12:00,0.033805,230.806,0.7931,50.005
Morning_High,2020-01-06 11:15:00,0.027457,230.543,0.6993,49.98
Morning_High,2020-01-06 11:18:00,0.020972,229.923,0.6379,49.989
Morning_High,2020-01-06 11:21:00,0.035672,229.105,0.9124,49.993
Morning_High,2020-01-06 11:24:00,0.019626,230.923,0.6234,49.974
Morning_High,2020-01-06 11:27:00,0.016171,230.403,0.5309,49.998
Morning_High,2020-01-06 11:30:00,0.032988,229.777,0.8846,49.99
Morning_High,2020-01-06 11:33:00,0.020027,230.878,0.6262,49.988
Morning_High,2020-01-06 11:36:00,0.020533,229.352,0.5353,49.986
Morning_High,2020-01-06 11:39:00,0.015069,230.06,0.5559,49.998
Morning_High,2020-01-06 11:42:00,0.024325,230.858,0.6103,49.983
Morning_High,2020-01-06 11:45:00,0.022921,229.94,0.6757,49.998
Morning_High,2020-01-06 11:48:00,0.025206,231.805,0.7031,49.988
Morning_High,2020-01-06 11:51:00,0.024737,230.989,0.7633,49.985
Morning_High,2020-01-06 11:54:00,0.029524,229.553,0.7142,49.984
Morning_High,2020-01-06 11:57:00,0.025126,231.023,0.7091,50.012
Morning_High,2020-01-06 12:00:00,0.017907,230.337,0.5664,49.99
Morning_High,2020-01-06 12:03:00,0.0193,229.794,0.5621,49.976
Morning_High,2020-01-06 12:06:00,0.020825,231.591,0.67,50.002
Morning_High,2020-01-06 12:09:00,0.026292,229.69,0.7063,50.0
Morning_High,2020-01-06 12:12:00,0.021287,229.548,0.5766,50.018
Morning_High,2020-01-06 12:15:00,0.018169,229.872,0.5294,50.003
Morning_High,2020-01-06 12:18:00,0.018389,231.27,0.569,49.979
Morning_High,2020-01-06 12:21:00,0.018503,232.119,0.5856,50.006
Morning_High,2020-01-06 12:24:00,0.017101,230.423,0.5224,49.993
Morning_High,2020-01-06 12:27:00,0.021581,231.438,0.7338,49.994
Morning_High,2020-01-06 12:30:00,0.016747,231.612,0.5659,49.998
Morning_High,2020-01-06 12:33:00,0.021289,229.011,0.5982,49.986
Morning_High,2020-01-06 12:36:00,0.019045,231.014,0.6104,50.015
Morning_High,2020-01-06 12:39:00,0.008629,230.801,0.3752,50.002
Morning_High,2020-01-06 12:42:00,0.016136,232.8,0.5371,49.993
Morning_High,2020-01-06 12:45:00,0.019275,231.075,0.6159,49.994
Morning_High,2020-01-06 12:48:00,0.012556,231.262,0.4759,49.987
Morning_High,2020-01-06 12:51:00,0.023474,231.203,0.6913,50.022
Morning_High,2020-01-06 12:54:00,0.019354,230.775,0.5604,49.995
Morning_High,2020-01-06 12:57:00,0.024973,230.662,0.707,50.004
Morning_High,2020-01-06 13:00:00,0.015677,232.061,0.5366,49.979
Morning_High,2020-01-06 13:03:00,0.017075,230.589,0.6309,49.983
Morning_High,2020-01-06 13:06:00,0.014189,231.164,0.5498,49.971
Morning_High,2020-01-06 13:09:00,0.018606,230.899,0.5678,50.01
Morning_High,2020-01-06 13:12:00,0.020226,231.676,0.5683,49.989
Morning_High,2020-01-06 13:15:00,0.022482,230.488,0.6843,50.0
Morning_High,2020-01-06 13:18:00,0.009513,230.834,0.4106,50.015
Morning_High,2020-01-06 13:21:00,0.019646,230.675,0.5723,49.976
Morning_High,2020-01-06 13:24:00,0.018966,230.945,0.6132,49.983
Morning_High,2020-01-06 13:27:00,0.016282,231.413,0.5655,49.978
Morning_High,2020-01-06 13:30:00,0.020703,230.376,0.6394,49.983
Morning_High,2020-01-06 13:33:00,0.010957,231.11,0.4515,49.992
Morning_High,2020-01-06 13:36:00,0.021969,230.665,0.6246,50.001
Morning_High,2020-01-06 13:39:00,0.019809,230.576,0.6407,49.987
Morning_High,2020-01-06 13:42:00,0.015895,229.719,0.495,50.0
Morning_High,2020-01-06 13:45:00,0.015855,232.124,0.466,49.996
Morning_High,2020-01-06 13:48:00,0.019287,230.538,0.6433,49.999
Morning_High,2020-01-06 13:51:00,0.013641,230.771,0.4931,49.993
Morning_High,2020-01-06 13:54:00,0.021031,231.363,0.62,49.997
Morning_High,2020-01-06 13:57:00,0.015117,229.788,0.5707,49.992
Morning_High,2020-01-06 14:00:00,0.014659,230.082,0.5269,49.985
Morning_High,2020-01-06 14:03:00,0.024177,231.03,0.6197,50.007
Morning_High,2020-01-06 14:06:00,0.0233,229.92,0.6544,49.996
Morning_High,2020-01-06 14:09:00,0.019746,231.47,0.6198,50.021
Morning_High,2020-01-06 14:12:00,0.017572,231.612,0.5915,50.01
Morning_High,2020-01-06 14:15:00,0.01441,231.79,0.4837,50.024
Morning_High,2020-01-06 14:18:00,0.01631,231.264,0.5308,50.001
Morning_High,2020-01-06 14:21:00,0.020942,231.296,0.6539,49.977
Morning_High,2020-01-06 14:24:00,0.021423,231.34,0.582,50.008
Morning_High,2020-01-06 14:27:00,0.015767,231.018,0.5385,50.012
Morning_High,2020-01-06 14:30:00,0.022241,231.763,0.6517,49.999
Morning_High,2020-01-06 14:33:00,0.016432,231.141,0.4843,49.975
Morning_High,2020-01-06 14:36:00,0.012168,232.488,0.4542,49.988
Morning_High,2020-01-06 14:39:00,0.013322,230.772,0.5102,49.991
Morning_High,2020-01-06 14:42:00,0.013604,231.582,0.4676,49.996
Morning_High,2020-01-06 14:45:00,0.017541,231.887,0.5584,49.98
Morning_High,2020-01-06 14:48:00,0.019252,230.242,0.576,49.997
Morning_High,2020-01-06 14:51:00,0.019956,230.157,0.5891,49.984
Morning_High,2020-01-06 14:54:00,0.021154,231.599,0.608,49.989
Morning_High,2020-01-06 14:57:00,0.023779,230.035,0.6355,50.006
Morning_High,2020-01-06 15:00:00,0.021766,230.942,0.6622,49.982
Morning_High,2020-01-06 15:03:00,0.017467,230.374,0.6175,49.991
Morning_High,2020-01-06 15:06:00,0.019013,231.881,0.5558,50.0
Morning_High,2020-01-06 15:09:00,0.014468,231.931,0.5357,49.994
Morning_High,2020-01-06 15:12:00,0.016954,230.862,0.6,50.007
Morning_High,2020-01-06 15:15:00,0.01465,230.837,0.5073,50.004
Morning_High,2020-01-06 15:18:00,0.011352,232.347,0.4517,49.991
Morning_High,2020-01-06 15:21:00,0.014734,231.03,0.4717,50.018
Morning_High,2020-01-06 15:24:00,0.022043,231.995,0.6746,50.001
Morning_High,2020-01-06 15:27:00,0.024142,230.579,0.7137,49.992
Morning_High,2020-01-06 15:30:00,0.018151,230.083,0.6084,49.975
Morning_High,2020-01-06 15:33:00,0.018916,232.146,0.5488,49.991
Morning_High,2020-01-06 15:36:00,0.017578,230.483,0.5678,49.996
Morning_High,2020-01-06 15:39:00,0.018461,231.249,0.6346,50.005
Morning_High,2020-01-06 15:42:00,0.015145,230.72,0.4897,49.998
Morning_High,2020-01-06 15:45:00,0.027599,231.906,0.6835,50.0
Morning_High,2020-01-06 15:48:00,0.016697,230.53,0.59,49.96
Morning_High,2020-01-06 15:51:00,0.014437,231.854,0.4826,49.988
Morning_High,2020-01-06 15:54:00,0.019771,230.736,0.6166,49.981
Morning_High,2020-01-06 15:57:00,0.017469,232.025,0.5873,49.996
Morning_High,2020-01-06 16:00:00,0.018364,231.298,0.5947,49.995
Morning_High,2020-01-06 16:03:00,0.016377,230.46,0.5436,50.017
Morning_High,2020-01-06 16:06:00,0.023392,231.413,0.6583,50.01
Morning_High,2020-01-06 16:09:00,0.019619,231.381,0.6184,49.995
Morning_High,2020-01-06 16:12:00,0.021108,230.748,0.6331,50.006
Morning_High,2020-01-06 16:15:00,0.02063,231.122,0.6157,50.003
Morning_High,2020-01-06 16:18:00,0.020641,230.523,0.6163,49.992
Morning_High,2020-01-06 16:21:00,0.024671,229.436,0.7451,49.978
Morning_High,2020-01-06 16:24:00,0.02106,230.74,0.6247,49.993
Morning_High,2020-01-06 16:27:00,0.01527,230.569,0.5267,49.992
Morning_High,2020-01-06 16:30:00,0.01008,231.657,0.453,49.994
Morning_High,2020-01-06 16:33:00,0.019244,229.288,0.588,50.0
Morning_High,2020-01-06 16:36:00,0.023187,230.328,0.7431,49.998
Morning_High,2020-01-06 16:39:00,0.014867,231.832,0.5522,49.992
Morning_High,2020-01-06 16:42:00,0.01723,230.888,0.5346,49.992
Morning_High,2020-01-06 16:45:00,0.022317,230.45,0.707,49.982
Morning_High,2020-01-06 16:48:00,0.020045,232.113,0.6272,50.0
Morning_High,2020-01-06 16:51:00,0.02209,231.014,0.6165,49.974
Morning_High,2020-01-06 16:54:00,0.024824,230.901,0.8037,50.011
Morning_High,2020-01-06 16:57:00,0.019591,231.532,0.5876,49.99
Morning_High,2020-01-06 17:00:00,0.013965,231.676,0.526,49.988
Morning_High,2020-01-06 17:03:00,0.014784,231.434,0.5018,50.001
Morning_High,2020-01-06 17:06:00,0.02079,230.884,0.5976,49.982
Morning_High,2020-01-06 17:09:00,0.016346,231.166,0.518,49.996
Morning_High,2020-01-06 17:12:00,0.018249,229.434,0.5922,49.964
Morning_High,2020-01-06 17:15:00,0.014469,231.729,0.5346,50.006
Morning_High,2020-01-06 17:18:00,0.014952,231.878,0.5412,49.999
Morning_High,2020-01-06 17:21:00,0.020207,230.777,0.574,49.987
Morning_High,2020-01-06 17:24:00,0.020957,230.654,0.6271,50.001
Morning_High,2020-01-06 17:27:00,0.017224,231.471,0.5462,49.986
Morning_High,2020-01-06 17:30:00,0.024058,230.041,0.6625,49.981
Morning_High,2020-01-06 17:33:00,0.026452,230.702,0.737,50.008
Morning_High,2020-01-06 17:36:00,0.020416,231.429,0.6093,49.995
Morning_High,2020-01-06 17:39:00,0.027293,227.657,0.7017,49.977
Morning_High,2020-01-06 17:42:00,0.022026,229.645,0.6166,49.993
Morning_High,2020-01-06 17:45:00,0.022512,229.745,0.6543,49.986
Morning_High,2020-01-06 17:48:00,0.014438,232.586,0.5119,49.989
Morning_High,2020-01-06 17:51:00,0.022638,229.699,0.6701,50.002
Morning_High,2020-01-06 17:54:00,0.024037,231.206,0.7236,49.987
Morning_High,2020-01-06 17:57:00,0.019374,231.519,0.6083,49.991
Morning_High,2020-01-06 18:00:00,0.014127,232.197,0.527,50.011
Morning_High,2020-01-06 18:03:00,0.015819,230.626,0.5462,49.977
Morning_High,2020-01-06 18:06:00,0.021205,230.979,0.6617,49.989
Morning_High,2020-01-06 18:09:00,0.02282,230.91,0.69,49.979
Morning_High,2020-01-06 18:12:00,0.022989,231.524,0.6359,49.987
Morning_High,2020-01-06 18:15:00,0.024768,231.267,0.7354,50.0
Morning_High,2020-01-06 18:18:00,0.025703,230.592,0.6813,49.992
Morning_High,2020-01-06 18:21:00,0.023705,231.066,0.6729,49.997
Morning_High,2020-01-06 18:24:00,0.023253,229.323,0.6966,49.956
Morning_High,2020-01-06 18:27:00,0.020937,231.876,0.6009,50.007
Morning_High,2020-01-06 18:30:00,0.030423,229.949,0.8391,49.995
Morning_High,2020-01-06 18:33:00,0.023868,229.961,0.7147,49.987
Morning_High,2020-01-06 18:36:00,0.019108,230.477,0.5734,49.989
Morning_High,2020-01-06 18:39:00,0.024008,231.796,0.6346,49.99
Morning_High,2020-01-06 18:42:00,0.015073,231.15,0.4805,49.985
Morning_High,2020-01-06 18:45:00,0.026103,230.577,0.7087,49.997
Morning_High,2020-01-06 18:48:00,0.019508,231.078,0.5611,50.004
Morning_High,2020-01-06 18:51:00,0.034973,229.426,0.9498,49.985
Morning_High,2020-01-06 18:54:00,0.030032,231.324,0.7953,49.989
Morning_High,2020-01-06 18:57:00,0.019209,231.62,0.5565,49.979
Morning_High,2020-01-06 19:00:00,0.032333,230.232,0.834,50.011
Morning_High,2020-01-06 19:03:00,0.018525,233.139,0.6091,49.987
Morning_High,2020-01-06 19:06:00,0.028007,229.215,0.7234,49.983
Morning_High,2020-01-06 19:09:00,0.025566,231.418,0.7008,49.971
Morning_High,2020-01-06 19:12:00,0.01682,231.526,0.5563,50.009
Morning_High,2020-01-06 19:15:00,0.022435,230.445,0.6335,49.99
Morning_High,2020-01-06 19:18:00,0.021743,232.543,0.6498,49.993
Morning_High,2020-01-06 19:21:00,0.025314,230.648,0.7187,50.011
Morning_High,2020-01-06 19:24:00,0.020719,231.12,0.6686,49.993
Morning_High,2020-01-06 19:27:00,0.026445,230.979,0.7619,50.007
Morning_High,2020-01-06 19:30:00,0.01604,231.641,0.5743,50.0
Morning_High,2020-01-06 19:33:00,0.025336,231.575,0.7015,50.009
Morning_High,2020-01-06 19:36:00,0.02338,231.822,0.6895,49.999
Morning_High,2020-01-06 19:39:00,0.024228,231.559,0.6468,50.008
Morning_High,2020-01-06 19:42:00,0.029466,230.578,0.7634,50.0
Morning_High,2020-01-06 19:45:00,0.028322,231.654,0.7302,49.983
Morning_High,2020-01-06 19:48:00,0.028118,230.838,0.7832,49.997
Morning_High,2020-01-06 19:51:00,0.036204,231.426,0.9227,49.984
Morning_High,2020-01-06 19:54:00,0.032509,230.36,0.8427,49.986
Morning_High,2020-01-06 19:57:00,0.030572,230.332,0.8248,49.992
Morning_High,2020-01-06 20:00:00,0.029919,230.394,0.7354,49.99
Morning_High,2020-01-06 20:03:00,0.021415,229.915,0.6725,49.983
Morning_High,2020-01-06 20:06:00,0.027454,229.987,0.7008,49.974
Morning_High,2020-01-06 20:09:00,0.034264,229.03,0.8334,49.979
Morning_High,2020-01-06 20:12:00,0.024123,230.279,0.6175,49.992
Morning_High,2020-01-06 20:15:00,0.035652,230.857,0.8829,50.0
Morning_High,2020-01-06 20:18:00,0.027198,231.121,0.7151,49.996
Morning_High,2020-01-06 20:21:00,0.026529,229.996,0.7129,50.007
Morning_High,2020-01-06 20:24:00,0.031456,229.316,0.8503,49.996
Morning_High,2020-01-06 20:27:00,0.025585,231.39,0.6694,49.991
Morning_High,2020-01-06 20:30:00,0.031699,230.086,0.8188,49.999
Morning_High,2020-01-06 20:33:00,0.025206,229.388,0.7237,49.998
Morning_High,2020-01-06 20:36:00,0.017868,229.205,0.6015,49.957
Morning_High,2020-01-06 20:39:00,0.017101,230.097,0.6052,50.008
Morning_High,2020-01-06 20:42:00,0.014501,231.024,0.4557,50.01
Morning_High,2020-01-06 20:45:00,0.028438,231.849,0.7576,50.008
Morning_High,2020-01-06 20:48:00,0.02899,230.291,0.7851,49.999
Morning_High,2020-01-06 20:51:00,0.020053,230.829,0.5876,49.983
Morning_High,2020-01-06 20:54:00,0.018547,231.024,0.5387,50.015
Morning_High,2020-01-06 20:57:00,0.034089,229.551,0.8453,49.993
Morning_High,2020-01-06 21:00:00,0.023897,231.079,0.7265,49.983
Morning_High,2020-01-06 21:03:00,0.030994,229.893,0.8098,49.963
Morning_High,2020-01-06 21:06:00,0.020925,230.19,0.6391,50.008
Morning_High,2020-01-06 21:09:00,0.033636,231.228,0.8521,49.984
Morning_High,2020-01-06 21:12:00,0.020101,230.015,0.568,49.971
Morning_High,2020-01-06 21:15:00,0.02111,231.235,0.6497,49.993
Morning_High,2020-01-06 21:18:00,0.025265,231.542,0.7225,49.995
Morning_High,2020-01-06 21:21:00,0.017975,231.476,0.576,49.994
Morning_High,2020-01-06 21:24:00,0.016907,230.755,0.5367,49.988
Morning_High,2020-01-06 21:27:00,0.023533,231.378,0.6777,49.975
Morning_High,2020-01-06 21:30:00,0.020196,231.916,0.6151,49.973
Morning_High,2020-01-06 21:33:00,0.02091,230.156,0.5956,49.992
Morning_High,2020-01-06 21:36:00,0.035698,230.246,0.9089,49.997
Morning_High,2020-01-06 21:39:00,0.029062,230.564,0.7483,49.984
Morning_High,2020-01-06 21:42:00,0.019968,231.997,0.6159,49.99
Morning_High,2020-01-06 21:45:00,0.013101,231.538,0.4191,50.004
Morning_High,2020-01-06 21:48:00,0.024453,230.522,0.7263,49.985
Morning_High,2020-01-06 21:51:00,0.022075,230.805,0.6475,50.004
Morning_High,2020-01-06 21:54:00,0.033092,230.601,0.8719,50.001
Morning_High,2020-01-06 21:57:00,0.022563,229.712,0.6047,49.996
Morning_High,2020-01-06 22:00:00,0.030873,231.682,0.8618,49.993
Morning_High,2020-01-06 22:03:00,0.018876,231.513,0.5795,49.983
Morning_High,2020-01-06 22:06:00,0.031381,230.163,0.7763,49.993
Morning_High,2020-01-06 22:09:00,0.024124,230.279,0.6741,49.987
Morning_High,2020-01-06 22:12:00,0.018401,231.907,0.5742,49.984
Morning_High,2020-01-06 22:15:00,0.02102,230.305,0.6502,50.002
Morning_High,2020-01-06 22:18:00,0.024763,229.673,0.6373,49.972
Morning_High,2020-01-06 22:21:00,0.016915,231.601,0.5562,49.971
Morning_High,2020-01-06 22:24:00,0.026018,231.429,0.6992,49.987
Morning_High,2020-01-06 22:27:00,0.021921,230.18,0.6116,50.002
Morning_High,2020-01-06 22:30:00,0.010796,230.289,0.4429,50.001
Morning_High,2020-01-06 22:33:00,0.022153,231.466,0.6981,49.98
Morning_High,2020-01-06 22:36:00,0.025794,230.471,0.6647,50.004
Morning_High,2020-01-06 22:39:00,0.019848,230.407,0.5749,49.989
Morning_High,2020-01-06 22:42:00,0.0228,231.079,0.6758,49.989
Morning_High,2020-01-06 22:45:00,0.024729,231.079,0.682,50.006
Morning_High,2020-01-06 22:48:00,0.012459,231.325,0.501,50.014
Morning_High,2020-01-06 22:51:00,0.024842,230.844,0.6657,49.98
Morning_High,2020-01-06 22:54:00,0.02805,230.567,0.7112,50.008
Morning_High,2020-01-06 22:57:00,0.013013,230.389,0.4681,50.0
Morning_High,2020-01-06 23:00:00,0.020764,232.283,0.6162,49.994
Morning_High,2020-01-06 23:03:00,0.023343,231.343,0.6573,49.979
Morning_High,2020-01-06 23:06:00,0.016311,230.935,0.5241,49.986
Morning_High,2020-01-06 23:09:00,0.024577,230.178,0.658,50.018
Morning_High,2020-01-06 23:12:00,0.009037,231.336,0.3831,50.002
Morning_High,2020-01-06 23:15:00,0.019486,231.636,0.6094,49.987
Morning_High,2020-01-06 23:18:00,0.02421,231.46,0.6807,49.995
Morning_High,2020-01-06 23:21:00,0.016842,231.21,0.5654,49.994
Morning_High,2020-01-06 23:24:00,0.022285,230.679,0.6637,49.996
Morning_High,2020-01-06 23:27:00,0.018651,231.307,0.6529,50.003
Morning_High,2020-01-06 23:30:00,0.024063,231.575,0.6795,49.991
Morning_High,2020-01-06 23:33:00,0.020889,230.827,0.6193,49.993
Morning_High,2020-01-06 23:36:00,0.022374,231.967,0.6336,49.993
Morning_High,2020-01-06 23:39:00,0.018682,229.869,0.58,50.013
Morning_High,2020-01-06 23:42:00,0.022419,230.318,0.6332,49.975
Morning_High,2020-01-06 23:45:00,0.020351,229.206,0.5944,49.994
Morning_High,2020-01-06 23:48:00,0.023018,229.505,0.654,49.985
Morning_High,2020-01-06 23:51:00,0.015352,232.106,0.5133,50.01
Morning_High,2020-01-06 23:54:00,0.019728,231.416,0.5996,50.012
Morning_High,2020-01-06 23:57:00,0.016788,231.081,0.6033,49.985
Morning_High,2020-01-07 00:00:00,0.020449,229.127,0.6607,49.984
Morning_High,2020-01-07 00:03:00,0.021541,230.758,0.6587,49.976
Morning_High,2020-01-07 00:06:00,0.01935,230.943,0.6279,49.992
Morning_High,2020-01-07 00:09:00,0.02263,231.477,0.6252,49.982
Morning_High,2020-01-07 00:12:00,0.011189,230.456,0.3789,49.985
Morning_High,2020-01-07 00:15:00,0.012201,230.297,0.4817,49.995
Morning_High,2020-01-07 00:18:00,0.017066,231.673,0.5332,49.997
Morning_High,2020-01-07 00:21:00,0.012139,230.345,0.4558,50.001
Morning_High,2020-01-07 00:24:00,0.019419,230.927,0.5285,49.983
Morning_High,2020-01-07 00:27:00,0.01328,230.602,0.4684,49.982
Morning_High,2020-01-07 00:30:00,0.014745,230.847,0.478,50.013
Morning_High,2020-01-07 00:33:00,0.023838,230.866,0.709,49.999
Morning_High,2020-01-07 00:36:00,0.01723,230.689,0.515,49.988
Morning_High,2020-01-07 00:39:00,0.020154,229.43,0.6008,49.991
Morning_High,2020-01-07 00:42:00,0.022686,229.725,0.6127,50.002
Morning_High,2020-01-07 00:45:00,0.013584,232.38,0.5343,49.983
Morning_High,2020-01-07 00:48:00,0.009099,230.464,0.4447,49.991
Morning_High,2020-01-07 00:51:00,0.022651,228.828,0.6542,50.012
Morning_High,2020-01-07 00:54:00,0.02093,230.876,0.648,50.011
Morning_High,2020-01-07 00:57:00,0.017632,229.825,0.5602,49.983
Morning_High,2020-01-07 01:00:00,0.019747,231.238,0.6124,50.0
Morning_High,2020-01-07 01:03:00,0.01562,233.24,0.5057,49.991
Morning_High,2020-01-07 01:06:00,0.024281,229.909,0.6454,49.999
Morning_High,2020-01-07 01:09:00,0.014076,232.569,0.515,49.993
Morning_High,2020-01-07 01:12:00,0.024583,229.868,0.6562,49.998
Morning_High,2020-01-07 01:15:00,0.012697,231.689,0.4712,49.962
Morning_High,2020-01-07 01:18:00,0.015224,230.724,0.5233,49.976
Morning_High,2020-01-07 01:21:00,0.016533,230.606,0.5427,50.009
Morning_High,2020-01-07 01:24:00,0.018352,230.757,0.568,50.008
Morning_High,2020-01-07 01:27:00,0.021441,230.65,0.6792,50.011
Morning_High,2020-01-07 01:30:00,0.021227,230.013,0.5882,49.972
Morning_High,2020-01-07 01:33:00,0.015246,231.496,0.5162,50.024
Morning_High,2020-01-07 01:36:00,0.018984,231.199,0.5699,49.986
Morning_High,2020-01-07 01:39:00,0.018222,230.359,0.5491,49.996
Morning_High,2020-01-07 01:42:00,0.023832,231.966,0.7146,49.992
Morning_High,2020-01-07 01:45:00,0.015814,230.388,0.5573,50.014
Morning_High,2020-01-07 01:48:00,0.021801,230.199,0.6323,49.968
Morning_High,2020-01-07 01:51:00,0.016313,230.47,0.5642,49.992
Morning_High,2020-01-07 01:54:00,0.015013,230.927,0.5243,49.989
Morning_High,2020-01-07 01:57:00,0.015263,230.792,0.5443,49.988
Morning_High,2020-01-07 02:00:00,0.022161,230.835,0.6179,49.985
Morning_High,2020-01-07 02:03:00,0.020232,230.217,0.6057,50.006
Morning_High,2020-01-07 02:06:00,0.016118,231.162,0.5441,49.985
Morning_High,2020-01-07 02:09:00,0.017344,230.106,0.5886,49.991
Morning_High,2020-01-07 02:12:00,0.017567,230.968,0.5637,49.987
Morning_High,2020-01-07 02:15:00,0.013628,231.488,0.4595,49.98
Morning_High,2020-01-07 02:18:00,0.015289,231.911,0.5656,50.004
Morning_High,2020-01-07 02:21:00,0.012023,230.078,0.4703,50.017
Morning_High,2020-01-07 02:24:00,0.016436,229.698,0.5256,49.997
Morning_High,2020-01-07 02:27:00,0.017232,231.872,0.532,49.997
Morning_High,2020-01-07 02:30:00,0.016536,232.114,0.4847,49.96
Morning_High,2020-01-07 02:33:00,0.018875,230.051,0.5589,49.989
Morning_High,2020-01-07 02:36:00,0.021873,230.723,0.5999,49.995
Morning_High,2020-01-07 02:39:00,0.021032,232.279,0.622,49.977
Morning_High,2020-01-07 02:42:00,0.018365,232.296,0.5903,49.987
Morning_High,2020-01-07 02:45:00,0.017794,229.521,0.5672,50.011
Morning_High,2020-01-07 02:48:00,0.015907,231.794,0.5155,50.013
Morning_High,2020-01-07 02:51:00,0.015917,232.138,0.5986,49.997
Morning_High,2020-01-07 02:54:00,0.01761,231.126,0.559,49.996
Morning_High,2020-01-07 02:57:00,0.01212,231.344,0.4548,50.007
Morning_High,2020-01-07 03:00:00,0.016038,230.034,0.4827,50.016
Morning_High,2020-01-07 03:03:00,0.007943,228.947,0.4054,50.021
Morning_High,2020-01-07 03:06:00,0.00988,230.703,0.4262,49.998
Morning_High,2020-01-07 03:09:00,0.018141,231.425,0.5606,50.006
Morning_High,2020-01-07 03:12:00,0.01843,230.903,0.5789,50.008
Morning_High,2020-01-07 03:15:00,0.016972,231.92,0.4816,50.015
Morning_High,2020-01-07 03:18:00,0.018838,230.567,0.5724,49.982
Morning_High,2020-01-07 03:21:00,0.018599,230.532,0.5809,49.982
Morning_High,2020-01-07 03:24:00,0.013402,230.291,0.4535,49.984
Morning_High,2020-01-07 03:27:00,0.013438,231.842,0.4682,49.992
Morning_High,2020-01-07 03:30:00,0.018974,231.053,0.6203,49.998
Morning_High,2020-01-07 03:33:00,0.021414,229.448,0.5687,49.987
Morning_High,2020-01-07 03:36:00,0.018885,229.892,0.5699,49.998
Morning_High,2020-01-07 03:39:00,0.020317,231.617,0.651,50.012
Morning_High,2020-01-07 03:42:00,0.022551,231.438,0.6302,49.998
Morning_High,2020-01-07 03:45:00,0.016001,231.808,0.5706,49.993
Morning_High,2020-01-07 03:48:00,0.020887,231.163,0.6316,49.976
Morning_High,2020-01-07 03:51:00,0.015406,230.6,0.5651,49.979
Morning_High,2020-01-07 03:54:00,0.019696,231.408,0.5627,50.006
Morning_High,2020-01-07 03:57:00,0.015903,229.813,0.5702,50.003
Morning_High,2020-01-07 04:00:00,0.024091,231.216,0.7377,49.974
Morning_High,2020-01-07 04:03:00,0.021893,232.038,0.6193,49.969
Morning_High,2020-01-07 04:06:00,0.021222,230.268,0.689,49.985
Morning_High,2020-01-07 04:09:00,0.020177,231.818,0.5722,49.98
Morning_High,2020-01-07 04:12:00,0.026804,230.32,0.7003,49.994
Morning_High,2020-01-07 04:15:00,0.02556,230.59,0.7379,50.001
Morning_High,2020-01-07 04:18:00,0.021043,229.375,0.7127,49.988
Morning_High,2020-01-07 04:21:00,0.024941,230.984,0.6885,49.983
Morning_High,2020-01-07 04:24:00,0.021916,228.291,0.6399,49.977
Morning_High,2020-01-07 04:27:00,0.025563,229.911,0.6841,50.012
Morning_High,2020-01-07 04:30:00,0.03471,231.058,0.8621,49.994
Morning_High,2020-01-07 04:33:00,0.03295,230.268,0.8195,49.984
Morning_High,2020-01-07 04:36:00,0.024933,231.846,0.7424,49.981
Morning_High,2020-01-07 04:39:00,0.01962,230.646,0.5923,49.992
Morning_High,2020-01-07 04:42:00,0.026756,231.175,0.7307,49.979
Morning_High,2020-01-07 04:45:00,0.033603,228.749,0.8536,49.994
Morning_High,2020-01-07 04:48:00,0.018897,231.443,0.583,49.998
Morning_High,2020-01-07 04:51:00,0.03958,230.296,0.9794,49.993
Morning_High,2020-01-07 04:54:00,0.019671,229.653,0.5865,50.012
Morning_High,2020-01-07 04:57:00,0.025653,231.837,0.7418,50.005
Morning_High,2020-01-07 05:00:00,0.033611,229.748,0.8084,49.983
Morning_High,2020-01-07 05:03:00,0.017558,231.438,0.5474,49.996
Morning_High,2020-01-07 05:06:00,0.020096,231.056,0.6084,49.985
Morning_High,2020-01-07 05:09:00,0.034601,228.857,0.8259,49.991
Morning_High,2020-01-07 05:12:00,0.034127,229.263,0.78,49.989
Morning_High,2020-01-07 05:15:00,0.045647,230.684,1.032,49.983
Morning_High,2020-01-07 05:18:00,0.020717,231.26,0.6427,50.014
Morning_High,2020-01-07 05:21:00,0.022244,230.563,0.6654,49.988
Morning_High,2020-01-07 05:24:00,0.036107,229.14,0.8849,49.981
Morning_High,2020-01-07 05:27:00,0.025325,231.349,0.7076,49.987
Morning_High,2020-01-07 05:30:00,0.042413,229.852,0.9645,49.991
Morning_High,2020-01-07 05:33:00,0.024421,229.982,0.669,49.993
Morning_High,2020-01-07 05:36:00,0.034399,229.994,0.7855,50.002
Morning_High,2020-01-07 05:39:00,0.041601,229.585,0.9656,50.003
Morning_High,2020-01-07 05:42:00,0.046965,227.905,1.0381,49.984
Morning_High,2020-01-07 05:45:00,0.038274,229.423,0.9612,49.987
Morning_High,2020-01-07 05:48:00,0.031503,230.031,0.8656,49.993
Morning_High,2020-01-07 05:51:00,0.043147,231.348,1.0323,49.978
Morning_High,2020-01-07 05:54:00,0.046267,229.245,1.1379,49.979
Morning_High,2020-01-07 05:57:00,0.027973,230.321,0.7993,49.978
Morning_High,2020-01-07 06:00:00,0.051439,229.216,1.2158,49.997
Morning_High,2020-01-07 06:03:00,0.051709,229.733,1.1673,50.001
Morning_High,2020-01-07 06:06:00,0.044027,229.516,1.0756,49.982
Morning_High,2020-01-07 06:09:00,0.055755,229.02,1.309,49.978
Morning_High,2020-01-07 06:12:00,0.056644,229.549,1.264,49.986
Morning_High,2020-01-07 06:15:00,0.054029,229.126,1.1924,49.987
Morning_High,2020-01-07 06:18:00,0.045776,228.55,1.1315,49.977
Morning_High,2020-01-07 06:21:00,0.058273,230.001,1.297,49.979
Morning_High,2020-01-07 06:24:00,0.039365,230.128,0.9822,49.984
Morning_High,2020-01-07 06:27:00,0.04075,230.323,0.9424,49.978
Morning_High,2020-01-07 06:30:00,0.05058,229.73,1.1325,49.989
Morning_High,2020-01-07 06:33:00,0.07543,227.936,1.5809,49.982
Morning_High,2020-01-07 06:36:00,0.055955,228.227,1.2178,49.982
Morning_High,2020-01-07 06:39:00,0.032545,231.217,0.8671,50.004
Morning_High,2020-01-07 06:42:00,0.077001,228.608,1.6421,49.988
Morning_High,2020-01-07 06:45:00,0.053644,226.623,1.21,50.003
Morning_High,2020-01-07 06:48:00,0.059545,227.516,1.3177,50.001
Morning_High,2020-01-07 06:51:00,0.061378,228.602,1.3548,50.001
Morning_High,2020-01-07 06:54:00,0.068613,226.879,1.3811,49.995
Morning_High,2020-01-07 06:57:00,0.037449,229.304,0.9165,49.999
Morning_High,2020-01-07 07:00:00,0.05506,229.293,1.2239,49.988
Morning_High,2020-01-07 07:03:00,0.061996,227.839,1.3354,50.007
Morning_High,2020-01-07 07:06:00,0.061668,229.473,1.3991,49.972
Morning_High,2020-01-07 07:09:00,0.091509,225.698,1.8844,49.965
Morning_High,2020-01-07 07:12:00,0.056369,229.469,1.2734,50.006
Morning_High,2020-01-07 07:15:00,0.070708,229.054,1.5089,49.998
Morning_High,2020-01-07 07:18:00,0.071774,226.864,1.5272,49.971
Morning_High,2020-01-07 07:21:00,0.066237,228.621,1.445,49.985
Morning_High,2020-01-07 07:24:00,0.074984,226.771,1.6056,49.97
Morning_High,2020-01-07 07:27:00,0.045739,227.689,1.0848,49.967
Morning_High,2020-01-07 07:30:00,0.057649,229.615,1.3128,49.981
Morning_High,2020-01-07 07:33:00,0.071318,228.483,1.5479,49.986
Morning_High,2020-01-07 07:36:00,0.06046,228.423,1.2458,49.973
Morning_High,2020-01-07 07:39:00,0.0701,228.624,1.4846,49.975
Morning_High,2020-01-07 07:42:00,0.063969,228.655,1.4551,49.977
Morning_High,2020-01-07 07:45:00,0.068147,228.66,1.4614,49.984
Morning_High,2020-01-07 07:48:00,0.045425,230.115,1.0696,49.981
Morning_High,2020-01-07 07:51:00,0.043017,229.347,1.0332,50.017
Morning_High,2020-01-07 07:54:00,0.08137,226.768,1.7392,50.01
Morning_High,2020-01-07 07:57:00,0.063159,228.139,1.3547,49.97
Morning_High,2020-01-07 08:00:00,0.082991,227.279,1.6988,49.978
Morning_High,2020-01-07 08:03:00,0.052613,228.665,1.1865,49.996
Morning_High,2020-01-07 08:06:00,0.078105,227.3,1.6925,49.976
Morning_High,2020-01-07 08:09:00,0.06832,229.137,1.4761,49.977
Morning_High,2020-01-07 08:12:00,0.073852,228.499,1.6082,49.969
Morning_High,2020-01-07 08:15:00,0.061045,229.191,1.3422,49.994
Morning_High,2020-01-07 08:18:00,0.073813,226.887,1.5551,49.968
Morning_High,2020-01-07 08:21:00,0.04789,229.449,1.1422,49.975
Morning_High,2020-01-07 08:24:00,0.076501,227.494,1.6245,49.964
Morning_High,2020-01-07 08:27:00,0.079337,226.354,1.6953,49.955
Morning_High,2020-01-07 08:30:00,0.061242,227.909,1.3497,49.982
Morning_High,2020-01-07 08:33:00,0.059825,229.257,1.3808,49.981
Morning_High,2020-01-07 08:36:00,0.076387,228.357,1.6546,49.977
Morning_High,2020-01-07 08:39:00,0.07034,227.31,1.5237,49.995
Morning_High,2020-01-07 08:42:00,0.064075,229.335,1.4175,49.991
Morning_High,2020-01-07 08:45:00,0.063132,227.52,1.4069,49.97
Morning_High,2020-01-07 08:48:00,0.081696,226.363,1.7418,49.968
Morning_High,2020-01-07 08:51:00,0.057726,228.273,1.347,49.969
Morning_High,2020-01-07 08:54:00,0.040058,230.72,0.9605,49.992
Morning_High,2020-01-07 08:57:00,0.054587,229.09,1.2135,49.984
Morning_High,2020-01-07 09:00:00,0.07255,227.455,1.5198,49.971
Morning_High,2020-01-07 09:03:00,0.062964,228.579,1.4042,49.983
Morning_High,2020-01-07 09:06:00,0.105504,226.62,2.1573,49.968
Morning_High,2020-01-07 09:09:00,0.078845,225.663,1.6187,49.95
Morning_High,2020-01-07 09:12:00,0.072833,227.675,1.6002,49.992
Morning_High,2020-01-07 09:15:00,0.049072,229.072,1.1901,49.974
Morning_High,2020-01-07 09:18:00,0.08532,227.654,1.7753,49.944
Morning_High,2020-01-07 09:21:00,0.057298,230.509,1.2684,49.997
Morning_High,2020-01-07 09:24:00,0.036912,229.172,0.9598,49.997
Morning_High,2020-01-07 09:27:00,0.050105,229.898,1.1546,49.992
Morning_High,2020-01-07 09:30:00,0.052349,228.971,1.1927,49.979
Morning_High,2020-01-07 09:33:00,0.04792,229.171,1.1032,49.988
Morning_High,2020-01-07 09:36:00,0.071791,227.946,1.4865,49.971
Morning_High,2020-01-07 09:39:00,0.050054,227.492,1.1016,49.994
Morning_High,2020-01-07 09:42:00,0.039405,229.642,1.022,49.978
Morning_High,2020-01-07 09:45:00,0.046633,228.475,1.1569,49.991
Morning_High,2020-01-07 09:48:00,0.028828,229.867,0.7697,49.993
Morning_High,2020-01-07 09:51:00,0.034626,229.899,0.7979,49.991
Morning_High,2020-01-07 09:54:00,0.046883,229.81,1.0542,50.017
Morning_High,2020-01-07 09:57:00,0.031842,230.164,0.8021,49.99
Morning_High,2020-01-07 10:00:00,0.032335,230.051,0.8125,49.998
Morning_High,2020-01-07 10:03:00,0.032998,230.397,0.8017,50.013
Morning_High,2020-01-07 10:06:00,0.039804,230.321,1.0173,49.987
Morning_High,2020-01-07 10:09:00,0.041764,229.767,0.942,49.985
Morning_High,2020-01-07 10:12:00,0.034507,228.307,0.8738,49.993
Morning_High,2020-01-07 10:15:00,0.035323,229.151,0.8104,49.996
Morning_High,2020-01-07 10:18:00,0.040932,230.235,0.9785,49.974
Morning_High,2020-01-07 10:21:00,0.021509,230.835,0.6441,49.983
Morning_High,2020-01-07 10:24:00,0.039956,227.889,1.0253,49.991
Morning_High,2020-01-07 10:27:00,0.03728,228.753,0.9819,50.015
Morning_High,2020-01-07 10:30:00,0.036036,231.539,0.8899,49.98
Morning_High,2020-01-07 10:33:00,0.042435,229.588,1.0432,50.019
Morning_High,2020-01-07 10:36:00,0.024659,229.438,0.7184,49.987
Morning_High,2020-01-07 10:39:00,0.031282,231.137,0.7898,50.002
Morning_High,2020-01-07 10:42:00,0.034406,230.297,0.8749,49.995
Morning_High,2020-01-07 10:45:00,0.033429,230.432,0.8545,49.985
Morning_High,2020-01-07 10:48:00,0.031798,230.381,0.8252,49.998
Morning_High,2020-01-07 10:51:00,0.02837,229.823,0.7543,49.975
Morning_High,2020-01-07 10:54:00,0.043495,228.479,1.0439,50.004
Morning_High,2020-01-07 10:57:00,0.023972,230.591,0.6526,49.978
Morning_High,2020-01-07 11:00:00,0.022192,231.749,0.6515,49.988
Morning_High,2020-01-07 11:03:00,0.020402,230.798,0.6889,49.987
Morning_High,2020-01-07 11:06:00,0.022207,231.768,0.7072,50.008
Morning_High,2020-01-07 11:09:00,0.035962,230.333,0.8813,49.996
Morning_High,2020-01-07 11:12:00,0.015416,231.595,0.5498,50.001
Morning_High,2020-01-07 11:15:00,0.038534,229.139,0.9145,49.977
Morning_High,2020-01-07 11:18:00,0.025521,229.956,0.6892,49.991
Morning_High,2020-01-07 11:21:00,0.023765,231.528,0.6776,49.977
Morning_High,2020-01-07 11:24:00,0.026868,230.782,0.7397,49.99
Morning_High,2020-01-07 11:27:00,0.027847,230.509,0.8478,50.008
Morning_High,2020-01-07 11:30:00,0.022473,230.41,0.676,49.987
Morning_High,2020-01-07 11:33:00,0.025566,230.81,0.6761,49.989
Morning_High,2020-01-07 11:36:00,0.0175,231.717,0.4988,50.011
Morning_High,2020-01-07 11:39:00,0.022214,230.123,0.7114,49.99
Morning_High,2020-01-07 11:42:00,0.029486,229.522,0.7974,50.01
Morning_High,2020-01-07 11:45:00,0.028533,230.462,0.8143,50.004
Morning_High,2020-01-07 11:48:00,0.023198,231.092,0.7097,49.993
Morning_High,2020-01-07 11:51:00,0.02414,231.896,0.6982,50.003
Morning_High,2020-01-07 11:54:00,0.018455,230.718,0.5917,50.007
Morning_High,2020-01-07 11:57:00,0.031499,230.721,0.7922,49.998
Morning_High,2020-01-07 12:00:00,0.017727,232.537,0.5219,50.003
Morning_High,2020-01-07 12:03:00,0.016217,229.976,0.5499,50.001
Morning_High,2020-01-07 12:06:00,0.022073,230.147,0.6945,49.968
Morning_High,2020-01-07 12:09:00,0.013957,232.431,0.488,49.986
Morning_High,2020-01-07 12:12:00,0.02103,230.439,0.646,50.003
Morning_High,2020-01-07 12:15:00,0.027286,229.679,0.7422,50.004
Morning_High,2020-01-07 12:18:00,0.015019,230.873,0.5102,49.994
Morning_High,2020-01-07 12:21:00,0.014914,231.265,0.4673,49.982
Morning_High,2020-01-07 12:24:00,0.015997,231.449,0.5416,49.974
Morning_High,2020-01-07 12:27:00,0.011869,231.817,0.4448,49.98
Morning_High,2020-01-07 12:30:00,0.027412,230.065,0.7425,50.011
Morning_High,2020-01-07 12:33:00,0.020427,231.239,0.5852,50.002
Morning_High,2020-01-07 12:36:00,0.023091,231.247,0.7142,50.008
Morning_High,2020-01-07 12:39:00,0.019115,230.707,0.5847,49.973
Morning_High,2020-01-07 12:42:00,0.017899,231.298,0.6022,49.972
Morning_High,2020-01-07 12:45:00,0.014586,230.558,0.4873,49.992
Morning_High,2020-01-07 12:48:00,0.025225,230.224,0.7035,49.976
Morning_High,2020-01-07 12:51:00,0.025438,229.943,0.7298,49.981
Morning_High,2020-01-07 12:54:00,0.01718,232.033,0.5743,50.009
Morning_High,2020-01-07 12:57:00,0.010255,231.12,0.4662,50.011
Morning_High,2020-01-07 13:00:00,0.023191,232.212,0.6486,49.998
Morning_High,2020-01-07 13:03:00,0.018479,231.884,0.5813,50.003
Morning_High,2020-01-07 13:06:00,0.018284,231.221,0.5732,49.98
Morning_High,2020-01-07 13:09:00,0.015527,231.569,0.4947,49.986
Morning_High,2020-01-07 13:12:00,0.019518,231.269,0.6145,50.006
Morning_High,2020-01-07 13:15:00,0.015537,231.518,0.482,49.99
Morning_High,2020-01-07 13:18:00,0.014043,229.954,0.5313,50.002
Morning_High,2020-01-07 13:21:00,0.01908,231.221,0.6306,50.006
Morning_High,2020-01-07 13:24:00,0.017343,229.645,0.5498,49.977
Morning_High,2020-01-07 13:27:00,0.020085,231.737,0.5618,49.978
Morning_High,2020-01-07 13:30:00,0.016945,230.51,0.5346,49.987
Morning_High,2020-01-07 13:33:00,0.020851,229.683,0.6249,49.983
Morning_High,2020-01-07 13:36:00,0.01672,232.104,0.5798,49.994
Morning_High,2020-01-07 13:39:00,0.021702,232.212,0.6147,50.007
Morning_High,2020-01-07 13:42:00,0.02728,230.63,0.7452,49.996
Morning_High,2020-01-07 13:45:00,0.022277,231.851,0.7625,49.989
Morning_High,2020-01-07 13:48:00,0.015936,230.939,0.5521,49.973
Morning_High,2020-01-07 13:51:00,0.016184,230.491,0.5742,50.013
Morning_High,2020-01-07 13:54:00,0.018668,230.087,0.5429,50.003
Morning_High,2020-01-07 13:57:00,0.02007,231.779,0.5857,49.984
Morning_High,2020-01-07 14:00:00,0.009047,231.018,0.4331,49.99
Morning_High,2020-01-07 14:03:00,0.010611,231.698,0.4647,49.987
Morning_High,2020-01-07 14:06:00,0.017543,231.26,0.5117,49.994
Morning_High,2020-01-07 14:09:00,0.013659,230.275,0.4462,50.001
Morning_High,2020-01-07 14:12:00,0.021061,231.471,0.6522,49.969
Morning_High,2020-01-07 14:15:00,0.021365,230.33,0.6459,49.978
Morning_High,2020-01-07 14:18:00,0.022684,230.686,0.6213,50.0
Morning_High,2020-01-07 14:21:00,0.019709,231.798,0.6363,49.99
Morning_High,2020-01-07 14:24:00,0.020386,230.885,0.5991,49.993
Morning_High,2020-01-07 14:27:00,0.019386,230.774,0.6582,49.987
Morning_High,2020-01-07 14:30:00,0.018733,230.792,0.6153,50.013
Morning_High,2020-01-07 14:33:00,0.019503,230.778,0.592,50.003
Morning_High,2020-01-07 14:36:00,0.018618,231.341,0.565,49.991
Morning_High,2020-01-07 14:39:00,0.012472,230.794,0.5184,49.995
Morning_High,2020-01-07 14:42:00,0.020104,230.939,0.6235,49.998
Morning_High,2020-01-07 14:45:00,0.016768,230.964,0.5791,49.985
Morning_High,2020-01-07 14:48:00,0.013368,230.778,0.5399,49.991
Morning_High,2020-01-07 14:51:00,0.015806,231.331,0.49,49.974
Morning_High,2020-01-07 14:54:00,0.023365,229.373,0.7468,49.988
Morning_High,2020-01-07 14:57:00,0.020336,231.397,0.5907,49.992
Morning_High,2020-01-07 15:00:00,0.019058,229.494,0.5886,49.981
Morning_High,2020-01-07 15:03:00,0.009975,231.235,0.4028,49.991
Morning_High,2020-01-07 15:06:00,0.01917,230.425,0.6181,49.992
Morning_High,2020-01-07 15:09:00,0.020298,232.06,0.6187,49.996
Morning_High,2020-01-07 15:12:00,0.011296,231.428,0.4969,49.984
Morning_High,2020-01-07 15:15:00,0.022742,229.838,0.6198,49.988
Morning_High,2020-01-07 15:18:00,0.015485,232.032,0.461,49.992
Morning_High,2020-01-07 15:21:00,0.022826,231.558,0.6202,49.981
Morning_High,2020-01-07 15:24:00,0.01519,231.428,0.4735,49.996
Morning_High,2020-01-07 15:27:00,0.014298,232.346,0.4618,50.004
Morning_High,2020-01-07 15:30:00,0.019343,229.696,0.6822,49.973
Morning_High,2020-01-07 15:33:00,0.017158,231.181,0.538,49.987
Morning_High,2020-01-07 15:36:00,0.018286,229.84,0.616,49.992
Morning_High,2020-01-07 15:39:00,0.011917,230.074,0.4128,50.02
Morning_High,2020-01-07 15:42:00,0.017418,231.132,0.6107,50.025
Morning_High,2020-01-07 15:45:00,0.025394,231.125,0.7207,50.008
Morning_High,2020-01-07 15:48:00,0.021667,229.931,0.624,49.983
Morning_High,2020-01-07 15:51:00,0.020338,230.35,0.6093,49.989
Morning_High,2020-01-07 15:54:00,0.018175,231.372,0.5783,49.988
Morning_High,2020-01-07 15:57:00,0.01822,231.554,0.5749,49.98
Morning_High,2020-01-07 16:00:00,0.023099,231.763,0.6272,50.0
Morning_High,2020-01-07 16:03:00,0.020832,230.862,0.6212,50.012
Morning_High,2020-01-07 16:06:00,0.017729,230.412,0.5065,49.962
Morning_High,2020-01-07 16:09:00,0.021282,230.93,0.5949,49.995
Morning_High,2020-01-07 16:12:00,0.016694,231.278,0.5444,49.983
Morning_High,2020-01-07 16:15:00,0.014991,232.466,0.488,50.001
Morning_High,2020-01-07 16:18:00,0.017543,231.482,0.5835,50.004
Morning_High,2020-01-07 16:21:00,0.017993,232.14,0.5507,49.981
Morning_High,2020-01-07 16:24:00,0.018401,230.155,0.5729,49.986
Morning_High,2020-01-07 16:27:00,0.01296,230.487,0.4507,49.998
Morning_High,2020-01-07 16:30:00,0.019231,229.645,0.5911,49.983
Morning_High,2020-01-07 16:33:00,0.016945,231.798,0.5856,49.968
Morning_High,2020-01-07 16:36:00,0.014701,231.091,0.5666,49.981
Morning_High,2020-01-07 16:39:00,0.013002,230.897,0.4423,50.007
Morning_High,2020-01-07 16:42:00,0.022529,229.036,0.6576,49.993
Morning_High,2020-01-07 16:45:00,0.021229,231.231,0.6709,50.002
Morning_High,2020-01-07 16:48:00,0.019926,231.772,0.6045,49.995
Morning_High,2020-01-07 16:51:00,0.025617,231.372,0.6326,49.991
Morning_High,2020-01-07 16:54:00,0.016112,231.025,0.5596,49.989
Morning_High,2020-01-07 16:57:00,0.013856,230.928,0.4711,49.991
Morning_High,2020-01-07 17:00:00,0.02495,230.456,0.7286,49.959
Morning_High,2020-01-07 17:03:00,0.026585,231.128,0.7669,49.999
Morning_High,2020-01-07 17:06:00,0.010841,230.766,0.4105,50.0
Morning_High,2020-01-07 17:09:00,0.014165,230.76,0.5055,50.001
Morning_High,2020-01-07 17:12:00,0.016057,230.082,0.5762,49.982
Morning_High,2020-01-07 17:15:00,0.023372,230.438,0.7164,49.995
Morning_High,2020-01-07 17:18:00,0.018485,230.601,0.626,49.999
Morning_High,2020-01-07 17:21:00,0.011482,230.896,0.5163,49.989
Morning_High,2020-01-07 17:24:00,0.01834,231.685,0.5999,50.025
Morning_High,2020-01-07 17:27:00,0.028362,231.032,0.7922,49.982
Morning_High,2020-01-07 17:30:00,0.016886,231.089,0.5291,50.009
Morning_High,2020-01-07 17:33:00,0.019826,230.492,0.5947,49.982
Morning_High,2020-01-07 17:36:00,0.019109,231.001,0.5771,49.987
Morning_High,2020-01-07 17:39:00,0.013436,231.18,0.502,50.015
Morning_High,2020-01-07 17:42:00,0.025669,229.623,0.6902,49.998
Morning_High,2020-01-07 17:45:00,0.018345,231.196,0.594,49.993
Morning_High,2020-01-07 17:48:00,0.028985,230.12,0.8189,49.978
Morning_High,2020-01-07 17:51:00,0.028496,231.005,0.7337,49.984
Morning_High,2020-01-07 17:54:00,0.021413,231.667,0.6596,49.994
Morning_High,2020-01-07 17:57:00,0.015575,230.559,0.5333,49.992
Morning_High,2020-01-07 18:00:00,0.020556,231.766,0.6104,50.008
Morning_High,2020-01-07 18:03:00,0.021562,229.586,0.6066,50.008
Morning_High,2020-01-07 18:06:00,0.027545,231.058,0.7837,49.98
Morning_High,2020-01-07 18:09:00,0.024256,229.964,0.7123,49.984
Morning_High,2020-01-07 18:12:00,0.021685,231.479,0.6437,50.009
Morning_High,2020-01-07 18:15:00,0.0174,231.634,0.5186,49.985
Morning_High,2020-01-07 18:18:00,0.021999,231.045,0.6528,50.011
Morning_High,2020-01-07 18:21:00,0.030917,229.479,0.8037,49.993
Morning_High,2020-01-07 18:24:00,0.017116,231.272,0.5463,50.0
Morning_High,2020-01-07 18:27:00,0.019415,229.952,0.5826,49.989
Morning_High,2020-01-07 18:30:00,0.027458,231.24,0.7591,49.998
Morning_High,2020-01-07 18:33:00,0.024273,230.308,0.6475,49.979
Morning_High,2020-01-07 18:36:00,0.022705,231.465,0.6589,50.012
Morning_High,2020-01-07 18:39:00,0.017071,230.173,0.5567,49.997
Morning_High,2020-01-07 18:42:00,0.028746,230.333,0.7885,50.005
Morning_High,2020-01-07 18:45:00,0.02491,231.258,0.738,50.009
Morning_High,2020-01-07 18:48:00,0.020425,230.421,0.6738,49.971
Morning_High,2020-01-07 18:51:00,0.023148,231.055,0.6459,50.001
Morning_High,2020-01-07 18:54:00,0.024164,230.002,0.6639,50.005
Morning_High,2020-01-07 18:57:00,0.017407,231.392,0.4642,49.995
Morning_High,2020-01-07 19:00:00,0.019881,231.506,0.5904,49.992
Morning_High,2020-01-07 19:03:00,0.012892,231.637,0.4251,50.017
Morning_High,2020-01-07 19:06:00,0.023558,230.677,0.6765,50.006
Morning_High,2020-01-07 19:09:00,0.019558,229.15,0.6126,49.998
Morning_High,2020-01-07 19:12:00,0.028805,230.007,0.7647,49.993
Morning_High,2020-01-07 19:15:00,0.026809,230.685,0.7824,50.006
Morning_High,2020-01-07 19:18:00,0.031186,229.582,0.8167,49.976
Morning_High,2020-01-07 19:21:00,0.033226,231.555,0.8682,50.012
Morning_High,2020-01-07 19:24:00,0.028464,231.263,0.7332,49.996
Morning_High,2020-01-07 19:27:00,0.023923,232.973,0.761,49.997
Morning_High,2020-01-07 19:30:00,0.023167,229.619,0.6865,49.996
Morning_High,2020-01-07 19:33:00,0.027817,230.661,0.6957,49.974
Morning_High,2020-01-07 19:36:00,0.016554,230.04,0.5056,50.003
Morning_High,2020-01-07 19:39:00,0.032514,228.731,0.8293,49.987
Morning_High,2020-01-07 19:42:00,0.02056,230.293,0.619,49.991
Morning_High,2020-01-07 19:45:00,0.02855,230.469,0.6793,49.989
Morning_High,2020-01-07 19:48:00,0.024988,229.806,0.7246,49.987
Morning_High,2020-01-07 19:51:00,0.036675,228.725,0.9225,49.983
Morning_High,2020-01-07 19:54:00,0.029649,229.704,0.823,49.974
Morning_High,2020-01-07 19:57:00,0.024297,230.621,0.6691,49.983
Morning_High,2020-01-07 20:00:00,0.035946,229.963,0.8804,49.99
Morning_High,2020-01-07 20:03:00,0.035498,229.033,0.8521,49.985
Morning_High,2020-01-07 20:06:00,0.031906,230.219,0.7673,49.981
Morning_High,2020-01-07 20:09:00,0.018718,230.167,0.5818,50.01
Morning_High,2020-01-07 20:12:00,0.028032,230.062,0.7377,49.961
Morning_High,2020-01-07 20:15:00,0.023536,231.877,0.6741,49.994
Morning_High,2020-01-07 20:18:00,0.022179,231.226,0.6567,49.992
Morning_High,2020-01-07 20:21:00,0.020212,230.341,0.6268,50.009
Morning_High,2020-01-07 20:24:00,0.036153,230.011,0.9221,49.983
Morning_High,2020-01-07 20:27:00,0.016064,231.961,0.5157,50.002
Morning_High,2020-01-07 20:30:00,0.018022,230.15,0.4871,49.992
Morning_High,2020-01-07 20:33:00,0.022466,232.157,0.6557,49.999
Morning_High,2020-01-07 20:36:00,0.028087,228.623,0.7454,49.966
Morning_High,2020-01-07 20:39:00,0.025075,230.592,0.678,50.007
Morning_High,2020-01-07 20:42:00,0.023627,231.713,0.6783,50.001
Morning_High,2020-01-07 20:45:00,0.027272,230.634,0.7395,50.004
Morning_High,2020-01-07 20:48:00,0.027921,230.806,0.6924,49.991
Morning_High,2020-01-07 20:51:00,0.026596,230.953,0.7284,50.001
Morning_High,2020-01-07 20:54:00,0.019167,231.036,0.5988,49.994
Morning_High,2020-01-07 20:57:00,0.024939,229.87,0.699,49.999
Morning_High,2020-01-07 21:00:00,0.024432,229.854,0.6258,49.992
Morning_High,2020-01-07 21:03:00,0.019533,230.218,0.6178,50.023
Morning_High,2020-01-07 21:06:00,0.020771,229.165,0.6753,50.001
Morning_High,2020-01-07 21:09:00,0.019347,231.637,0.5788,50.01
Morning_High,2020-01-07 21:12:00,0.025697,231.173,0.7477,49.981
Morning_High,2020-01-07 21:15:00,0.024997,231.098,0.6897,49.989
Morning_High,2020-01-07 21:18:00,0.018997,230.375,0.5921,50.008
Morning_High,2020-01-07 21:21:00,0.030277,228.823,0.8011,50.011
Morning_High,2020-01-07 21:24:00,0.022469,230.141,0.6088,49.988
Morning_High,2020-01-07 21:27:00,0.032715,230.542,0.8866,49.984
Morning_High,2020-01-07 21:30:00,0.01708,232.273,0.5769,49.994
Morning_High,2020-01-07 21:33:00,0.031342,230.629,0.8123,49.988
Morning_High,2020-01-07 21:36:00,0.024058,230.595,0.6248,49.972
Morning_High,2020-01-07 21:39:00,0.021886,229.909,0.6807,49.988
Morning_High,2020-01-07 21:42:00,0.025047,231.115,0.6625,50.007
Morning_High,2020-01-07 21:45:00,0.022792,229.363,0.6634,49.984
Morning_High,2020-01-07 21:48:00,0.022898,231.171,0.72,49.982
Morning_High,2020-01-07 21:51:00,0.02089,231.302,0.5853,49.988
Morning_High,2020-01-07 21:54:00,0.028995,230.818,0.7661,49.989
Morning_High,2020-01-07 21:57:00,0.015587,230.977,0.4986,50.004
Morning_High,2020-01-07 22:00:00,0.019776,230.419,0.5467,49.993
Morning_High,2020-01-07 22:03:00,0.0199,230.968,0.5319,49.986
Morning_High,2020-01-07 22:06:00,0.019645,230.498,0.6247,49.99
Morning_High,2020-01-07 22:09:00,0.021053,230.786,0.5892,49.998
Morning_High,2020-01-07 22:12:00,0.0187,231.108,0.587,50.001
Morning_High,2020-01-07 22:15:00,0.022951,230.394,0.6467,49.996
Morning_High,2020-01-07 22:18:00,0.019332,231.399,0.6051,50.001
Morning_High,2020-01-07 22:21:00,0.026186,231.963,0.7227,50.001
Morning_High,2020-01-07 22:24:00,0.020328,231.653,0.6538,49.978
Morning_High,2020-01-07 22:27:00,0.025256,230.855,0.7047,49.996
Morning_High,2020-01-07 22:30:00,0.016138,230.456,0.5448,49.987
Morning_High,2020-01-07 22:33:00,0.023751,230.119,0.6913,50.0
Morning_High,2020-01-07 22:36:00,0.014178,232.881,0.4983,49.98
Morning_High,2020-01-07 22:39:00,0.019047,230.422,0.6133,50.002
Morning_High,2020-01-07 22:42:00,0.023749,231.459,0.6456,49.986
Morning_High,2020-01-07 22:45:00,0.020291,230.926,0.6148,49.994
Morning_High,2020-01-07 22:48:00,0.018849,231.592,0.6034,50.0
Morning_High,2020-01-07 22:51:00,0.017533,230.281,0.5507,49.98
Morning_High,2020-01-07 22:54:00,0.019175,231.136,0.6307,49.995
Morning_High,2020-01-07 22:57:00,0.0232,231.802,0.6236,49.99
Morning_High,2020-01-07 23:00:00,0.015066,231.259,0.4965,49.978
Morning_High,2020-01-07 23:03:00,0.026209,230.023,0.7392,49.998
Morning_High,2020-01-07 23:06:00,0.016316,230.391,0.5501,50.002
Morning_High,2020-01-07 23:09:00,0.020089,230.994,0.6015,49.976
Morning_High,2020-01-07 23:12:00,0.017525,230.334,0.564,49.99
Morning_High,2020-01-07 23:15:00,0.013,231.191,0.4527,49.998
Morning_High,2020-01-07 23:18:00,0.012941,231.353,0.5094,50.004
Morning_High,2020-01-07 23:21:00,0.023175,232.198,0.6862,49.965
Morning_High,2020-01-07 23:24:00,0.015471,231.187,0.4567,49.977
Morning_High,2020-01-07 23:27:00,0.016544,230.876,0.5328,49.976
Morning_High,2020-01-07 23:30:00,0.017267,231.083,0.5222,49.992
Morning_High,2020-01-07 23:33:00,0.014925,231.747,0.4924,50.005
Morning_High,2020-01-07 23:36:00,0.020604,230.833,0.6198,50.002
Morning_High,2020-01-07 23:39:00,0.016136,230.045,0.4706,49.989
Morning_High,2020-01-07 23:42:00,0.018943,230.852,0.6064,50.006
Morning_High,2020-01-07 23:45:00,0.014846,231.164,0.561,49.974
Morning_High,2020-01-07 23:48:00,0.016169,231.451,0.4769,49.986
Morning_High,2020-01-07 23:51:00,0.010137,230.899,0.4049,50.002
Morning_High,2020-01-07 23:54:00,0.015464,230.906,0.4828,49.99
Morning_High,2020-01-07 23:57:00,0.014122,230.649,0.58,50.014
Morning_High,2020-01-08 00:00:00,0.018891,229.297,0.6182,49.986
Morning_High,2020-01-08 00:03:00,0.014087,231.896,0.4983,49.987
Morning_High,2020-01-08 00:06:00,0.017871,230.317,0.5947,49.994
Morning_High,2020-01-08 00:09:00,0.012395,231.179,0.4857,49.977
Morning_High,2020-01-08 00:12:00,0.023592,230.691,0.7211,49.979
Morning_High,2020-01-08 00:15:00,0.015774,232.081,0.5582,50.0
Morning_High,2020-01-08 00:18:00,0.019199,231.5,0.6372,50.021
Morning_High,2020-01-08 00:21:00,0.019651,231.866,0.6053,49.997
Morning_High,2020-01-08 00:24:00,0.010901,232.36,0.4941,50.004
Morning_High,2020-01-08 00:27:00,0.020703,229.628,0.6025,49.985
Morning_High,2020-01-08 00:30:00,0.017794,232.174,0.543,49.995
Morning_High,2020-01-08 00:33:00,0.014398,230.875,0.4942,50.004
Morning_High,2020-01-08 00:36:00,0.01611,230.313,0.5636,50.009
Morning_High,2020-01-08 00:39:00,0.017522,230.561,0.5926,50.001
Morning_High,2020-01-08 00:42:00,0.010206,231.872,0.3545,49.977
Morning_High,2020-01-08 00:45:00,0.013641,231.977,0.4865,50.0
Morning_High,2020-01-08 00:48:00,0.020342,231.941,0.6773,50.002
Morning_High,2020-01-08 00:51:00,0.020966,230.605,0.6033,50.016
Morning_High,2020-01-08 00:54:00,0.016663,232.176,0.4936,50.02
Morning_High,2020-01-08 00:57:00,0.015633,230.721,0.5532,50.012
Morning_High,2020-01-08 01:00:00,0.015382,230.663,0.586,49.984
Morning_High,2020-01-08 01:03:00,0.012107,231.493,0.4544,50.009
Morning_High,2020-01-08 01:06:00,0.012065,231.296,0.4489,50.012
Morning_High,2020-01-08 01:09:00,0.01681,231.315,0.5748,49.999
Morning_High,2020-01-08 01:12:00,0.013177,230.878,0.4483,49.992
Morning_High,2020-01-08 01:15:00,0.0122,230.604,0.4551,49.992
Morning_High,2020-01-08 01:18:00,0.017159,229.914,0.5414,50.004
Morning_High,2020-01-08 01:21:00,0.017095,231.268,0.5335,50.006
Morning_High,2020-01-08 01:24:00,0.011857,231.201,0.4633,49.997
Morning_High,2020-01-08 01:27:00,0.013961,231.579,0.4973,49.99
Morning_High,2020-01-08 01:30:00,0.018894,230.341,0.5863,49.99
Morning_High,2020-01-08 01:33:00,0.021864,230.097,0.6566,49.99
Morning_High,2020-01-08 01:36:00,0.016923,231.113,0.5738,49.998
Morning_High,2020-01-08 01:39:00,0.020405,230.124,0.5646,49.991
Morning_High,2020-01-08 01:42:00,0.020087,231.107,0.6304,50.005
Morning_High,2020-01-08 01:45:00,0.0106,230.024,0.4365,50.004
Morning_High,2020-01-08 01:48:00,0.013984,231.248,0.4827,50.01
Morning_High,2020-01-08 01:51:00,0.019098,230.616,0.5953,49.974
Morning_High,2020-01-08 01:54:00,0.026316,231.64,0.6856,49.97
Morning_High,2020-01-08 01:57:00,0.017045,231.926,0.6297,49.988
Morning_High,2020-01-08 02:00:00,0.009284,231.245,0.444,49.994
Morning_High,2020-01-08 02:03:00,0.010805,230.98,0.4362,49.996
Morning_High,2020-01-08 02:06:00,0.018636,230.21,0.5331,50.001
Morning_High,2020-01-08 02:09:00,0.016858,229.789,0.5848,49.988
Morning_High,2020-01-08 02:12:00,0.015954,232.734,0.6101,49.992
Morning_High,2020-01-08 02:15:00,0.016534,230.979,0.599,50.004
Morning_High,2020-01-08 02:18:00,0.015455,231.149,0.617,49.999
Morning_High,2020-01-08 02:21:00,0.018482,230.145,0.592,49.996
Morning_High,2020-01-08 02:24:00,0.015761,232.161,0.5829,49.99
Morning_High,2020-01-08 02:27:00,0.007355,231.275,0.4297,49.984
Morning_High,2020-01-08 02:30:00,0.017285,231.197,0.638,49.976
Morning_High,2020-01-08 02:33:00,0.011065,231.061,0.4034,50.005
Morning_High,2020-01-08 02:36:00,0.015016,232.136,0.5008,49.994
Morning_High,2020-01-08 02:39:00,0.013896,230.967,0.4889,50.004
Morning_High,2020-01-08 02:42:00,0.018758,231.336,0.5944,49.993
Morning_High,2020-01-08 02:45:00,0.014637,230.236,0.4797,49.977
Morning_High,2020-01-08 02:48:00,0.01632,232.331,0.5731,49.989
Morning_High,2020-01-08 02:51:00,0.019474,230.418,0.5842,49.979
Morning_High,2020-01-08 02:54:00,0.013891,231.799,0.5237,49.987
Morning_High,2020-01-08 02:57:00,0.013923,230.341,0.5019,50.0
Morning_High,2020-01-08 03:00:00,0.012571,231.719,0.5092,50.002
Morning_High,2020-01-08 03:03:00,0.018434,231.368,0.5873,50.007
Morning_High,2020-01-08 03:06:00,0.017043,231.139,0.5268,50.007
Morning_High,2020-01-08 03:09:00,0.021298,231.119,0.6137,50.004
Morning_High,2020-01-08 03:12:00,0.01452,232.224,0.5251,50.003
Morning_High,2020-01-08 03:15:00,0.017696,231.483,0.5845,49.996
Morning_High,2020-01-08 03:18:00,0.01091,231.759,0.4498,49.992
Morning_High,2020-01-08 03:21:00,0.019506,231.252,0.62,49.963
Morning_High,2020-01-08 03:24:00,0.020959,230.732,0.6091,49.994
Morning_High,2020-01-08 03:27:00,0.01165,231.68,0.4914,49.997
Morning_High,2020-01-08 03:30:00,0.023768,231.681,0.6796,49.977
Morning_High,2020-01-08 03:33:00,0.015949,231.107,0.5045,49.987
Morning_High,2020-01-08 03:36:00,0.014536,232.093,0.4964,49.993
Morning_High,2020-01-08 03:39:00,0.022566,230.026,0.6061,49.997
Morning_High,2020-01-08 03:42:00,0.027921,229.723,0.7319,49.991
Morning_High,2020-01-08 03:45:00,0.019446,230.544,0.5934,50.034
Morning_High,2020-01-08 03:48:00,0.010606,231.645,0.4575,50.0
Morning_High,2020-01-08 03:51:00,0.016,232.183,0.5485,49.986
Morning_High,2020-01-08 03:54:00,0.019254,229.811,0.5809,49.996
Morning_High,2020-01-08 03:57:00,0.024715,229.787,0.7559,49.977
Morning_High,2020-01-08 04:00:00,0.023009,231.986,0.6737,49.996
Morning_High,2020-01-08 04:03:00,0.01992,229.927,0.6399,49.999
Morning_High,2020-01-08 04:06:00,0.027222,231.517,0.7351,49.99
Morning_High,2020-01-08 04:09:00,0.027737,230.811,0.7134,50.002
Morning_High,2020-01-08 04:12:00,0.019222,230.833,0.5771,49.969
Morning_High,2020-01-08 04:15:00,0.019706,230.502,0.6042,50.006
Morning_High,2020-01-08 04:18:00,0.021282,230.796,0.6468,49.98
Morning_High,2020-01-08 04:21:00,0.015587,230.31,0.4925,50.012
Morning_High,2020-01-08 04:24:00,0.022262,232.567,0.6581,50.0
Morning_High,2020-01-08 04:27:00,0.027627,229.673,0.7384,49.983
Morning_High,2020-01-08 04:30:00,0.031836,229.064,0.787,49.963
Morning_High,2020-01-08 04:33:00,0.022591,231.047,0.6305,50.001
Morning_High,2020-01-08 04:36:00,0.017602,231.707,0.5185,49.971
Morning_High,2020-01-08 04:39:00,0.020014,229.782,0.602,50.005
Morning_High,2020-01-08 04:42:00,0.021862,230.661,0.6537,49.996
Morning_High,2020-01-08 04:45:00,0.022524,229.887,0.6334,50.015
Morning_High,2020-01-08 04:48:00,0.0229,230.528,0.6553,49.999
Morning_High,2020-01-08 04:51:00,0.024357,230.18,0.7322,49.985
Morning_High,2020-01-08 04:54:00,0.023093,229.542,0.7797,49.973
Morning_High,2020-01-08 04:57:00,0.032819,229.203,0.9015,49.985
Morning_High,2020-01-08 05:00:00,0.022062,230.834,0.6612,49.976
Morning_High,2020-01-08 05:03:00,0.024046,230.458,0.7154,50.005
Morning_High,2020-01-08 05:06:00,0.030403,230.506,0.8387,50.006
Morning_High,2020-01-08 05:09:00,0.034645,229.889,0.8836,49.973
Morning_High,2020-01-08 05:12:00,0.031121,230.696,0.7354,49.993
Morning_High,2020-01-08 05:15:00,0.041079,228.739,1.0166,49.98
Morning_High,2020-01-08 05:18:00,0.024956,231.311,0.7444,50.005
Morning_High,2020-01-08 05:21:00,0.033777,230.144,0.8637,49.997
Morning_High,2020-01-08 05:24:00,0.034382,228.946,0.9143,49.988
Morning_High,2020-01-08 05:27:00,0.031558,229.904,0.7836,50.001
Morning_High,2020-01-08 05:30:00,0.051776,229.597,1.2396,49.961
Morning_High,2020-01-08 05:33:00,0.031144,230.909,0.8112,50.024
Morning_High,2020-01-08 05:36:00,0.023709,232.528,0.6729,50.007
Morning_High,2020-01-08 05:39:00,0.036106,228.285,0.8899,49.988
Morning_High,2020-01-08 05:42:00,0.020717,229.544,0.5688,50.009
Morning_High,2020-01-08 05:45:00,0.035802,229.606,0.8683,49.991
Morning_High,2020-01-08 05:48:00,0.054823,228.598,1.2062,49.99
Morning_High,2020-01-08 05:51:00,0.03346,229.092,0.86,49.967
Morning_High,2020-01-08 05:54:00,0.040273,230.08,0.9947,49.989
Morning_High,2020-01-08 05:57:00,0.035084,230.725,0.8568,49.981
Morning_High,2020-01-08 06:00:00,0.035387,228.954,0.9072,49.998
Morning_High,2020-01-08 06:03:00,0.034983,231.829,0.8454,49.99
Morning_High,2020-01-08 06:06:00,0.050782,229.722,1.2083,50.0
Morning_High,2020-01-08 06:09:00,0.044029,228.841,1.0553,49.988
Morning_High,2020-01-08 06:12:00,0.047575,229.407,1.0692,50.016
Morning_High,2020-01-08 06:15:00,0.042084,231.296,1.0287,49.969
Morning_High,2020-01-08 06:18:00,0.059698,229.18,1.3501,49.97
Morning_High,2020-01-08 06:21:00,0.071958,226.93,1.6175,49.986
Morning_High,2020-01-08 06:24:00,0.058934,229.738,1.4045,49.985
Morning_High,2020-01-08 06:27:00,0.050766,228.647,1.1781,49.991
Morning_High,2020-01-08 06:30:00,0.047889,229.489,1.1202,50.009
Morning_High,2020-01-08 06:33:00,0.054167,229.329,1.1836,49.989
Morning_High,2020-01-08 06:36:00,0.047605,229.013,1.1195,49.981
Morning_High,2020-01-08 06:39:00,0.039111,230.804,0.9002,49.992
Morning_High,2020-01-08 06:42:00,0.053585,228.892,1.2171,49.983
Morning_High,2020-01-08 06:45:00,0.06947,227.179,1.5762,49.984
Morning_High,2020-01-08 06:48:00,0.054174,230.077,1.1936,49.982
Morning_High,2020-01-08 06:51:00,0.035776,230.952,0.9661,49.987
Morning_High,2020-01-08 06:54:00,0.08021,227.602,1.6827,49.966
Morning_High,2020-01-08 06:57:00,0.057913,228.729,1.2857,49.974
Morning_High,2020-01-08 07:00:00,0.060168,228.942,1.3093,49.988
Morning_High,2020-01-08 07:03:00,0.056884,227.544,1.2834,49.987
Morning_High,2020-01-08 07:06:00,0.044976,229.037,1.1339,49.975
Morning_High,2020-01-08 07:09:00,0.059421,229.008,1.313,49.981
Morning_High,2020-01-08 07:12:00,0.071243,226.047,1.5522,49.977
Morning_High,2020-01-08 07:15:00,0.087077,227.088,1.82,49.972
Morning_High,2020-01-08 07:18:00,0.078468,227.754,1.6557,49.97
Morning_High,2020-01-08 07:21:00,0.077272,225.835,1.6831,49.969
Morning_High,2020-01-08 07:24:00,0.078783,226.238,1.6897,49.96
Morning_High,2020-01-08 07:27:00,0.045676,229.51,1.0615,49.984
Morning_High,2020-01-08 07:30:00,0.073486,226.594,1.5723,49.988
Morning_High,2020-01-08 07:33:00,0.068757,227.317,1.4838,49.978
Morning_High,2020-01-08 07:36:00,0.042035,229.103,1.0567,49.99
Morning_High,2020-01-08 07:39:00,0.068861,229.15,1.4544,49.98
Morning_High,2020-01-08 07:42:00,0.050176,228.81,1.1322,50.004
Morning_High,2020-01-08 07:45:00,0.075953,227.362,1.6216,49.976
Morning_High,2020-01-08 07:48:00,0.059007,227.655,1.3084,49.992
Morning_High,2020-01-08 07:51:00,0.083577,226.507,1.8148,49.984
Morning_High,2020-01-08 07:54:00,0.069875,228.083,1.4607,49.981
Morning_High,2020-01-08 07:57:00,0.076452,227.704,1.6621,49.985
Morning_High,2020-01-08 08:00:00,0.041037,228.415,0.9666,49.993
Morning_High,2020-01-08 08:03:00,0.054148,230.644,1.24,49.979
Morning_High,2020-01-08 08:06:00,0.060775,228.544,1.3394,49.966
Morning_High,2020-01-08 08:09:00,0.081598,227.856,1.7047,49.982
Morning_High,2020-01-08 08:12:00,0.059441,228.358,1.3059,49.984
Morning_High,2020-01-08 08:15:00,0.062267,228.738,1.3934,49.972
Morning_High,2020-01-08 08:18:00,0.072992,228.497,1.6276,49.98
Morning_High,2020-01-08 08:21:00,0.067483,227.518,1.4911,50.004
Morning_High,2020-01-08 08:24:00,0.081056,227.847,1.7401,49.986
Morning_High,2020-01-08 08:27:00,0.048725,230.64,1.1886,49.99
Morning_High,2020-01-08 08:30:00,0.064934,227.94,1.4002,49.962
Morning_High,2020-01-08 08:33:00,0.062605,227.854,1.4119,49.975
Morning_High,2020-01-08 08:36:00,0.057407,229.515,1.2488,49.96
Morning_High,2020-01-08 08:39:00,0.053099,228.111,1.1978,49.973
Morning_High,2020-01-08 08:42:00,0.06158,228.534,1.3621,49.982
Morning_High,2020-01-08 08:45:00,0.028508,230.903,0.8448,49.975
Morning_High,2020-01-08 08:48:00,0.056956,228.884,1.3377,49.995
Morning_High,2020-01-08 08:51:00,0.062307,228.349,1.3929,49.964
Morning_High,2020-01-08 08:54:00,0.050963,229.023,1.2456,49.965
Morning_High,2020-01-08 08:57:00,0.026302,230.197,0.7236,50.024
Morning_High,2020-01-08 09:00:00,0.067785,227.934,1.4129,49.981
Morning_High,2020-01-08 09:03:00,0.081276,228.072,1.7156,49.971
Morning_High,2020-01-08 09:06:00,0.0665,228.369,1.4877,49.982
Morning_High,2020-01-08 09:09:00,0.065503,227.404,1.4362,49.962
Morning_High,2020-01-08 09:12:00,0.041039,229.335,0.9551,50.0
Morning_High,2020-01-08 09:15:00,0.053193,230.479,1.1951,49.988
Morning_High,2020-01-08 09:18:00,0.053073,230.34,1.1951,49.974
Morning_High,2020-01-08 09:21:00,0.052324,229.563,1.1753,49.969
Morning_High,2020-01-08 09:24:00,0.059592,227.146,1.3893,49.974
Morning_High,2020-01-08 09:27:00,0.05413,229.068,1.2465,49.993
Morning_High,2020-01-08 09:30:00,0.02715,230.654,0.7756,49.99
Morning_High,2020-01-08 09:33:00,0.038735,229.19,0.9453,50.002
Morning_High,2020-01-08 09:36:00,0.054346,227.273,1.2653,49.972
Morning_High,2020-01-08 09:39:00,0.082559,227.563,1.6933,49.987
Morning_High,2020-01-08 09:42:00,0.051936,228.214,1.1852,49.975
Morning_High,2020-01-08 09:45:00,0.037518,231.291,0.8926,49.997
Morning_High,2020-01-08 09:48:00,0.040671,229.996,0.9646,49.98
Morning_High,2020-01-08 09:51:00,0.051858,228.348,1.1937,49.999
Morning_High,2020-01-08 09:54:00,0.024362,231.255,0.7556,49.971
Morning_High,2020-01-08 09:57:00,0.042728,229.789,1.0157,49.977
Morning_High,2020-01-08 10:00:00,0.052412,230.141,1.189,49.989
Morning_High,2020-01-08 10:03:00,0.03985,229.324,1.0065,49.997
Morning_High,2020-01-08 10:06:00,0.033311,229.604,0.882,49.982
Morning_High,2020-01-08 10:09:00,0.039183,229.363,0.8982,50.001
Morning_High,2020-01-08 10:12:00,0.049703,229.409,1.1443,49.982
Morning_High,2020-01-08 10:15:00,0.041803,231.362,1.0692,50.001
Morning_High,2020-01-08 10:18:00,0.033859,229.398,0.8643,49.985
Morning_High,2020-01-08 10:21:00,0.048416,227.464,1.1392,49.981
Morning_High,2020-01-08 10:24:00,0.049034,228.558,1.1193,49.991
Morning_High,2020-01-08 10:27:00,0.03623,229.126,0.9388,49.995
Morning_High,2020-01-08 10:30:00,0.039795,230.385,1.0163,49.992
Morning_High,2020-01-08 10:33:00,0.041357,230.632,0.9612,49.997
Morning_High,2020-01-08 10:36:00,0.042311,229.649,0.9834,49.988
Morning_High,2020-01-08 10:39:00,0.03949,230.672,1.0408,50.012
Morning_High,2020-01-08 10:42:00,0.035245,228.792,0.8386,49.994
Morning_High,2020-01-08 10:45:00,0.035421,231.247,0.8414,49.983
Morning_High,2020-01-08 10:48:00,0.032056,230.496,0.8401,49.979
Morning_High,2020-01-08 10:51:00,0.028839,230.633,0.7602,49.971
Morning_High,2020-01-08 10:54:00,0.029612,230.759,0.7326,49.997
Morning_High,2020-01-08 10:57:00,0.016901,230.078,0.6587,50.008
Morning_High,2020-01-08 11:00:00,0.041275,230.559,0.9624,50.005
Morning_High,2020-01-08 11:03:00,0.02394,230.3,0.6619,49.984
Morning_High,2020-01-08 11:06:00,0.026467,232.455,0.7036,49.98
Morning_High,2020-01-08 11:09:00,0.023649,229.68,0.7016,50.01
Morning_High,2020-01-08 11:12:00,0.025707,230.549,0.7359,50.0
Morning_High,2020-01-08 11:15:00,0.028284,229.903,0.7422,50.006
Morning_High,2020-01-08 11:18:00,0.025415,230.75,0.6734,49.985
Morning_High,2020-01-08 11:21:00,0.014499,230.551,0.5148,50.007
Morning_High,2020-01-08 11:24:00,0.02842,230.86,0.6841,49.984
Morning_High,2020-01-08 11:27:00,0.017118,230.501,0.5168,50.005
Morning_High,2020-01-08 11:30:00,0.029482,230.749,0.7924,50.001
Morning_High,2020-01-08 11:33:00,0.02711,231.082,0.7749,50.01
Morning_High,2020-01-08 11:36:00,0.024048,230.762,0.6813,49.998
Morning_High,2020-01-08 11:39:00,0.020505,231.461,0.6544,49.964
Morning_High,2020-01-08 11:42:00,0.018733,231.451,0.5385,49.99
Morning_High,2020-01-08 11:45:00,0.019941,232.428,0.5857,49.996
Morning_High,2020-01-08 11:48:00,0.015791,231.242,0.5686,49.992
Morning_High,2020-01-08 11:51:00,0.017648,230.466,0.5842,49.991
Morning_High,2020-01-08 11:54:00,0.015981,228.713,0.5354,49.993
Morning_High,2020-01-08 11:57:00,0.014936,231.177,0.4964,49.97
Morning_High,2020-01-08 12:00:00,0.016287,230.268,0.5743,49.983
Morning_High,2020-01-08 12:03:00,0.016894,231.571,0.5194,50.008
Morning_High,2020-01-08 12:06:00,0.022823,231.323,0.6467,49.991
Morning_High,2020-01-08 12:09:00,0.01092,232.096,0.4621,50.011
Morning_High,2020-01-08 12:12:00,0.010416,230.663,0.4843,49.975
Morning_High,2020-01-08 12:15:00,0.016468,229.948,0.5571,49.997
Morning_High,2020-01-08 12:18:00,0.022551,231.167,0.6432,50.009
Morning_High,2020-01-08 12:21:00,0.020803,232.06,0.6423,49.986
Morning_High,2020-01-08 12:24:00,0.016681,231.473,0.5681,50.0
Morning_High,2020-01-08 12:27:00,0.021578,230.886,0.6287,49.999
Morning_High,2020-01-08 12:30:00,0.011272,233.198,0.4941,49.98
Morning_High,2020-01-08 12:33:00,0.025598,230.421,0.7314,49.987
Morning_High,2020-01-08 12:36:00,0.015552,231.254,0.4648,49.993
Morning_High,2020-01-08 12:39:00,0.02343,229.588,0.6416,49.996
Morning_High,2020-01-08 12:42:00,0.018327,232.341,0.5868,50.017
Morning_High,2020-01-08 12:45:00,0.018342,230.281,0.577,49.994
Morning_High,2020-01-08 12:48:00,0.020133,230.394,0.612,49.979
Morning_High,2020-01-08 12:51:00,0.021004,230.878,0.6273,50.009
Morning_High,2020-01-08 12:54:00,0.02124,232.366,0.6454,49.995
Morning_High,2020-01-08 12:57:00,0.017832,231.59,0.5955,49.971
Morning_High,2020-01-08 13:00:00,0.019408,230.672,0.6415,50.001
Morning_High,2020-01-08 13:03:00,0.00961,231.469,0.4597,49.996
Morning_High,2020-01-08 13:06:00,0.017778,231.285,0.5738,49.999
Morning_High,2020-01-08 13:09:00,0.019923,230.62,0.5568,50.001
Morning_High,2020-01-08 13:12:00,0.014331,230.823,0.5113,49.998
Morning_High,2020-01-08 13:15:00,0.01518,232.561,0.5209,49.98
Morning_High,2020-01-08 13:18:00,0.015609,230.654,0.4737,49.99
Morning_High,2020-01-08 13:21:00,0.019125,230.461,0.6314,49.99
Morning_High,2020-01-08 13:24:00,0.010748,230.777,0.4922,49.971
Morning_High,2020-01-08 13:27:00,0.018922,231.073,0.5475,50.005
Morning_High,2020-01-08 13:30:00,0.014784,232.837,0.5593,49.997
Morning_High,2020-01-08 13:33:00,0.019124,230.009,0.6147,50.005
Morning_High,2020-01-08 13:36:00,0.014688,231.663,0.4554,50.004
Morning_High,2020-01-08 13:39:00,0.021088,233.294,0.6392,49.997
Morning_High,2020-01-08 13:42:00,0.014948,230.438,0.5274,50.004
Morning_High,2020-01-08 13:45:00,0.014663,232.593,0.5072,49.979
Morning_High,2020-01-08 13:48:00,0.012679,230.513,0.3674,49.994
Morning_High,2020-01-08 13:51:00,0.015028,230.044,0.5304,49.997
Morning_High,2020-01-08 13:54:00,0.016932,229.065,0.5808,49.994
Morning_High,2020-01-08 13:57:00,0.02033,231.319,0.5502,50.005
Morning_High,2020-01-08 14:00:00,0.017954,230.941,0.59,49.991
Morning_High,2020-01-08 14:03:00,0.014603,231.698,0.4978,49.994
Morning_High,2020-01-08 14:06:00,0.016047,231.096,0.589,49.995
Morning_High,2020-01-08 14:09:00,0.012531,229.562,0.4973,49.995
Morning_High,2020-01-08 14:12:00,0.013634,231.007,0.4439,49.985
Morning_High,2020-01-08 14:15:00,0.017223,231.259,0.5452,49.989
Morning_High,2020-01-08 14:18:00,0.020611,230.947,0.6889,49.989
Morning_High,2020-01-08 14:21:00,0.021198,231.118,0.6225,49.996
Morning_High,2020-01-08 14:24:00,0.010655,231.028,0.438,49.995
Morning_High,2020-01-08 14:27:00,0.022163,229.542,0.6337,49.995
Morning_High,2020-01-08 14:30:00,0.016515,230.39,0.5204,49.986
Morning_High,2020-01-08 14:33:00,0.009439,232.814,0.4047,49.984
Morning_High,2020-01-08 14:36:00,0.011712,232.056,0.4071,49.971
Morning_High,2020-01-08 14:39:00,0.019488,230.525,0.6059,50.001
Morning_High,2020-01-08 14:42:00,0.020981,231.155,0.637,49.996
Morning_High,2020-01-08 14:45:00,0.014976,231.19,0.4797,50.004
Morning_High,2020-01-08 14:48:00,0.013109,230.78,0.4594,49.965
Morning_High,2020-01-08 14:51:00,0.016828,231.415,0.5451,50.009
Morning_High,2020-01-08 14:54:00,0.011964,232.406,0.528,49.992
Morning_High,2020-01-08 14:57:00,0.011378,230.391,0.4483,49.996
Morning_High,2020-01-08 15:00:00,0.014913,231.787,0.5358,49.99
Morning_High,2020-01-08 15:03:00,0.016135,231.325,0.482,49.993
Morning_High,2020-01-08 15:06:00,0.011333,230.97,0.457,50.006
Morning_High,2020-01-08 15:09:00,0.014248,229.899,0.5106,49.999
Morning_High,2020-01-08 15:12:00,0.018127,230.884,0.605,50.016
Morning_High,2020-01-08 15:15:00,0.011647,231.44,0.4969,49.985
Morning_High,2020-01-08 15:18:00,0.009322,231.754,0.4705,49.983
Morning_High,2020-01-08 15:21:00,0.020325,231.419,0.6203,50.015
Morning_High,2020-01-08 15:24:00,0.013357,231.957,0.5429,49.977
Morning_High,2020-01-08 15:27:00,0.021109,232.17,0.61,49.992
Morning_High,2020-01-08 15:30:00,0.024858,230.817,0.7138,49.996
Morning_High,2020-01-08 15:33:00,0.016038,231.044,0.558,49.999
Morning_High,2020-01-08 15:36:00,0.01517,229.958,0.4944,49.993
Morning_High,2020-01-08 15:39:00,0.014874,232.0,0.5363,49.98
Morning_High,2020-01-08 15:42:00,0.012067,233.303,0.4723,49.984
Morning_High,2020-01-08 15:45:00,0.012593,231.774,0.5259,49.989
Morning_High,2020-01-08 15:48:00,0.024075,231.306,0.7103,50.005
Morning_High,2020-01-08 15:51:00,0.019491,230.691,0.5862,49.984
Morning_High,2020-01-08 15:54:00,0.017865,230.503,0.5593,49.989
Morning_High,2020-01-08 15:57:00,0.013225,231.211,0.4951,49.986
Morning_High,2020-01-08 16:00:00,0.019771,232.706,0.5377,50.0
Morning_High,2020-01-08 16:03:00,0.017272,231.131,0.5651,49.981
Morning_High,2020-01-08 16:06:00,0.012476,231.191,0.4733,50.003
Morning_High,2020-01-08 16:09:00,0.021687,230.972,0.615,50.0
Morning_High,2020-01-08 16:12:00,0.020602,231.301,0.6126,49.997
Morning_High,2020-01-08 16:15:00,0.013387,231.634,0.5163,50.011
Morning_High,2020-01-08 16:18:00,0.014517,230.133,0.4949,49.993
Morning_High,2020-01-08 16:21:00,0.015533,229.975,0.5727,50.007
Morning_High,2020-01-08 16:24:00,0.015388,231.856,0.562,50.001
Morning_High,2020-01-08 16:27:00,0.023048,230.131,0.6797,50.007
Morning_High,2020-01-08 16:30:00,0.012625,231.0,0.4778,50.008
Morning_High,2020-01-08 16:33:00,0.018529,231.405,0.5944,50.005
Morning_High,2020-01-08 16:36:00,0.013299,231.563,0.469,49.987
Morning_High,2020-01-08 16:39:00,0.014908,232.22,0.4475,49.989
Morning_High,2020-01-08 16:42:00,0.018576,231.677,0.5446,49.986
Morning_High,2020-01-08 16:45:00,0.019159,229.769,0.602,49.998
Morning_High,2020-01-08 16:48:00,0.014416,231.331,0.527,49.965
Morning_High,2020-01-08 16:51:00,0.011222,230.686,0.4813,49.985
Morning_High,2020-01-08 16:54:00,0.017933,231.427,0.5163,49.985
Morning_High,2020-01-08 16:57:00,0.020982,230.816,0.6266,49.994
Morning_High,2020-01-08 17:00:00,0.020856,231.245,0.5807,50.005
Morning_High,2020-01-08 17:03:00,0.016553,230.586,0.5443,49.981
Morning_High,2020-01-08 17:06:00,0.023289,231.17,0.7225,50.013
Morning_High,2020-01-08 17:09:00,0.016967,231.006,0.5126,49.99
Morning_High,2020-01-08 17:12:00,0.017027,231.975,0.5669,49.998
Morning_High,2020-01-08 17:15:00,0.02232,230.498,0.6498,50.004
Morning_High,2020-01-08 17:18:00,0.017014,230.802,0.5472,49.982
Morning_High,2020-01-08 17:21:00,0.01802,230.406,0.5223,50.01
Morning_High,2020-01-08 17:24:00,0.022848,229.562,0.7259,50.014
Morning_High,2020-01-08 17:27:00,0.019338,229.73,0.5879,50.024
Morning_High,2020-01-08 17:30:00,0.022957,230.178,0.6601,50.002
Morning_High,2020-01-08 17:33:00,0.017517,231.573,0.6044,49.978
Morning_High,2020-01-08 17:36:00,0.018191,229.55,0.6029,50.008
Morning_High,2020-01-08 17:39:00,0.011318,231.579,0.3853,49.99
Morning_High,2020-01-08 17:42:00,0.021588,231.496,0.6725,49.998
Morning_High,2020-01-08 17:45:00,0.021925,228.816,0.555,49.997
Morning_High,2020-01-08 17:48:00,0.02217,231.849,0.678,49.978
Morning_High,2020-01-08 17:51:00,0.022756,232.332,0.7001,49.998
Morning_High,2020-01-08 17:54:00,0.021774,230.108,0.5914,49.973
Morning_High,2020-01-08 17:57:00,0.020746,232.065,0.6479,50.001
Morning_High,2020-01-08 18:00:00,0.021897,230.522,0.6969,49.996
Morning_High,2020-01-08 18:03:00,0.017845,230.374,0.5723,49.973
Morning_High,2020-01-08 18:06:00,0.015987,229.442,0.6009,49.981
Morning_High,2020-01-08 18:09:00,0.016995,230.719,0.5852,49.994
Morning_High,2020-01-08 18:12:00,0.024405,230.621,0.6947,49.981
Morning_High,2020-01-08 18:15:00,0.018276,229.801,0.5757,49.984
Morning_High,2020-01-08 18:18:00,0.014628,230.357,0.5421,49.989
Morning_High,2020-01-08 18:21:00,0.019795,231.441,0.5811,49.991
Morning_High,2020-01-08 18:24:00,0.021516,230.09,0.6849,49.987
Morning_High,2020-01-08 18:27:00,0.022098,230.703,0.6532,49.994
Morning_High,2020-01-08 18:30:00,0.015709,231.518,0.5453,50.009
Morning_High,2020-01-08 18:33:00,0.030906,230.422,0.7669,50.012
Morning_High,2020-01-08 18:36:00,0.027546,231.765,0.6972,49.969
Morning_High,2020-01-08 18:39:00,0.017082,230.835,0.6172,49.995
Morning_High,2020-01-08 18:42:00,0.024798,231.398,0.6964,49.992
Morning_High,2020-01-08 18:45:00,0.026358,229.079,0.7828,49.992
Morning_High,2020-01-08 18:48:00,0.019425,230.521,0.6117,49.975
Morning_High,2020-01-08 18:51:00,0.020893,229.918,0.6316,49.993
Morning_High,2020-01-08 18:54:00,0.018472,231.051,0.5191,49.961
Morning_High,2020-01-08 18:57:00,0.016769,231.998,0.5802,49.993
Morning_High,2020-01-08 19:00:00,0.014478,232.229,0.4528,49.995
Morning_High,2020-01-08 19:03:00,0.021054,229.603,0.6763,49.993
Morning_High,2020-01-08 19:06:00,0.021975,230.716,0.6476,49.983
Morning_High,2020-01-08 19:09:00,0.030773,230.061,0.7759,49.966
Morning_High,2020-01-08 19:12:00,0.021341,230.451,0.6832,49.996
Morning_High,2020-01-08 19:15:00,0.022207,231.993,0.7115,49.99
Morning_High,2020-01-08 19:18:00,0.028865,231.168,0.7241,50.019
Morning_High,2020-01-08 19:21:00,0.00836,231.322,0.3484,50.011
Morning_High,2020-01-08 19:24:00,0.02248,229.699,0.5939,49.988
Morning_High,2020-01-08 19:27:00,0.02056,230.815,0.652,49.993
Morning_High,2020-01-08 19:30:00,0.029736,230.503,0.7816,49.994
Morning_High,2020-01-08 19:33:00,0.021958,230.21,0.6476,50.006
Morning_High,2020-01-08 19:36:00,0.01751,231.569,0.5745,49.989
Morning_High,2020-01-08 19:39:00,0.027699,230.137,0.7559,50.002
Morning_High,2020-01-08 19:42:00,0.026141,230.238,0.7047,50.002
Morning_High,2020-01-08 19:45:00,0.032513,230.88,0.8513,49.986
Morning_High,2020-01-08 19:48:00,0.026355,230.197,0.7063,49.993
Morning_High,2020-01-08 19:51:00,0.027225,231.21,0.7915,50.003
Morning_High,2020-01-08 19:54:00,0.02707,228.257,0.7254,50.008
Morning_High,2020-01-08 19:57:00,0.024963,229.208,0.6738,49.977
Morning_High,2020-01-08 20:00:00,0.028304,231.859,0.7252,49.979
Morning_High,2020-01-08 20:03:00,0.031084,229.53,0.8436,49.979
Morning_High,2020-01-08 20:06:00,0.029349,229.85,0.8034,49.989
Morning_High,2020-01-08 20:09:00,0.019388,229.81,0.5759,49.999
Morning_High,2020-01-08 20:12:00,0.031683,230.724,0.7927,49.993
Morning_High,2020-01-08 20:15:00,0.025966,230.087,0.7519,49.997
Morning_High,2020-01-08 20:18:00,0.028752,229.772,0.7507,49.991
Morning_High,2020-01-08 20:21:00,0.02119,230.454,0.6773,49.99
Morning_High,2020-01-08 20:24:00,0.031401,230.002,0.8644,49.967
Morning_High,2020-01-08 20:27:00,0.026829,230.235,0.7055,50.01
Morning_High,2020-01-08 20:30:00,0.025436,230.584,0.7183,50.003
Morning_High,2020-01-08 20:33:00,0.026753,229.36,0.7596,49.984
Morning_High,2020-01-08 20:36:00,0.017308,230.673,0.542,49.976
Morning_High,2020-01-08 20:39:00,0.01411,230.266,0.4854,50.007
Morning_High,2020-01-08 20:42:00,0.02793,229.799,0.7776,49.967
Morning_High,2020-01-08 20:45:00,0.015048,229.967,0.509,49.972
Morning_High,2020-01-08 20:48:00,0.025689,230.882,0.7495,50.013
Morning_High,2020-01-08 20:51:00,0.017584,230.6,0.5516,49.993
Morning_High,2020-01-08 20:54:00,0.027557,230.335,0.7428,49.999
Morning_High,2020-01-08 20:57:00,0.025077,229.72,0.6221,49.978
Morning_High,2020-01-08 21:00:00,0.023544,229.561,0.7267,49.979
Morning_High,2020-01-08 21:03:00,0.024703,229.398,0.6819,49.997
Morning_High,2020-01-08 21:06:00,0.017355,230.216,0.544,49.989
Morning_High,2020-01-08 21:09:00,0.02445,230.53,0.7316,49.999
Morning_High,2020-01-08 21:12:00,0.016852,231.186,0.5723,49.997
Morning_High,2020-01-08 21:15:00,0.017284,231.439,0.6225,49.991
Morning_High,2020-01-08 21:18:00,0.027872,230.17,0.8099,49.993
Morning_High,2020-01-08 21:21:00,0.023393,230.653,0.6535,49.982
Morning_High,2020-01-08 21:24:00,0.027764,230.024,0.7673,49.972
Morning_High,2020-01-08 21:27:00,0.016986,230.791,0.5172,49.982
Morning_High,2020-01-08 21:30:00,0.02331,231.126,0.6553,50.003
Morning_High,2020-01-08 21:33:00,0.026538,230.592,0.7456,49.989
Morning_High,2020-01-08 21:36:00,0.016141,231.278,0.5321,50.0
Morning_High,2020-01-08 21:39:00,0.018443,230.864,0.5836,50.013
Morning_High,2020-01-08 21:42:00,0.020068,230.598,0.6055,49.996
Morning_High,2020-01-08 21:45:00,0.020622,230.483,0.6187,49.987
Morning_High,2020-01-08 21:48:00,0.018042,232.141,0.5657,50.021
Morning_High,2020-01-08 21:51:00,0.023474,231.343,0.6684,50.01
Morning_High,2020-01-08 21:54:00,0.022292,231.466,0.708,50.004
Morning_High,2020-01-08 21:57:00,0.023605,230.152,0.6474,49.98
Morning_High,2020-01-08 22:00:00,0.022385,229.594,0.6118,49.98
Morning_High,2020-01-08 22:03:00,0.016437,232.325,0.6154,49.991
Morning_High,2020-01-08 22:06:00,0.018867,230.322,0.5793,50.004
Morning_High,2020-01-08 22:09:00,0.017949,231.089,0.5656,50.021
Morning_High,2020-01-08 22:12:00,0.019075,229.826,0.5807,49.999
Morning_High,2020-01-08 22:15:00,0.02045,231.966,0.5601,50.014
Morning_High,2020-01-08 22:18:00,0.014965,230.662,0.5861,49.991
Morning_High,2020-01-08 22:21:00,0.016149,232.84,0.625,49.972
Morning_High,2020-01-08 22:24:00,0.020256,230.13,0.5879,49.977
Morning_High,2020-01-08 22:27:00,0.020847,230.059,0.633,50.01
Morning_High,2020-01-08 22:30:00,0.020022,230.727,0.6367,49.991
Morning_High,2020-01-08 22:33:00,0.020234,231.269,0.5859,49.997
Morning_High,2020-01-08 22:36:00,0.018835,230.283,0.5906,49.978
Morning_High,2020-01-08 22:39:00,0.016577,230.72,0.538,50.017
Morning_High,2020-01-08 22:42:00,0.014161,230.613,0.5072,50.005
Morning_High,2020-01-08 22:45:00,0.016452,232.048,0.515,50.001
Morning_High,2020-01-08 22:48:00,0.020537,230.904,0.5852,49.991
Morning_High,2020-01-08 22:51:00,0.015304,230.734,0.4942,49.979
Morning_High,2020-01-08 22:54:00,0.014309,231.108,0.5767,50.003
Morning_High,2020-01-08 22:57:00,0.017703,230.458,0.5429,49.995
Morning_High,2020-01-08 23:00:00,0.019687,230.555,0.6144,49.979
Morning_High,2020-01-08 23:03:00,0.018237,231.577,0.5433,50.007
Morning_High,2020-01-08 23:06:00,0.012646,231.201,0.4352,50.004
Morning_High,2020-01-08 23:09:00,0.011503,231.472,0.4421,49.998
Morning_High,2020-01-08 23:12:00,0.013358,230.246,0.4783,49.992
Morning_High,2020-01-08 23:15:00,0.02335,228.306,0.6004,50.005
Morning_High,2020-01-08 23:18:00,0.01352,230.789,0.4658,50.005
Morning_High,2020-01-08 23:21:00,0.017383,231.196,0.5251,49.995
Morning_High,2020-01-08 23:24:00,0.015288,231.53,0.5882,50.007
Morning_High,2020-01-08 23:27:00,0.019252,229.5,0.5891,49.985
Morning_High,2020-01-08 23:30:00,0.022658,231.565,0.6903,49.999
Morning_High,2020-01-08 23:33:00,0.020977,232.521,0.6391,49.992
Morning_High,2020-01-08 23:36:00,0.014721,229.972,0.5448,50.005
Morning_High,2020-01-08 23:39:00,0.025613,229.88,0.7534,49.981
Morning_High,2020-01-08 23:42:00,0.015615,231.983,0.556,49.994
Morning_High,2020-01-08 23:45:00,0.013108,231.825,0.5054,49.981
Morning_High,2020-01-08 23:48:00,0.022444,231.605,0.6007,49.998
Morning_High,2020-01-08 23:51:00,0.015539,229.741,0.5101,49.995
Morning_High,2020-01-08 23:54:00,0.018309,229.841,0.5349,49.973
Morning_High,2020-01-08 23:57:00,0.016265,231.172,0.5113,49.998
Morning_High,2020-01-09 00:00:00,0.020491,230.155,0.6058,49.993
Morning_High,2020-01-09 00:03:00,0.017676,231.335,0.5616,50.003
Morning_High,2020-01-09 00:06:00,0.012177,231.372,0.4458,49.999
Morning_High,2020-01-09 00:09:00,0.023719,230.888,0.7233,49.987
Morning_High,2020-01-09 00:12:00,0.017057,230.796,0.5855,49.995
Morning_High,2020-01-09 00:15:00,0.020614,229.675,0.6508,50.008
Morning_High,2020-01-09 00:18:00,0.014306,232.964,0.5459,50.01
Morning_High,2020-01-09 00:21:00,0.01318,229.716,0.5157,50.01
Morning_High,2020-01-09 00:24:00,0.016527,229.343,0.5407,49.976
Morning_High,2020-01-09 00:27:00,0.018065,229.788,0.5982,50.007
Morning_High,2020-01-09 00:30:00,0.017243,231.297,0.5486,50.009
Morning_High,2020-01-09 00:33:00,0.015222,231.895,0.5189,49.991
Morning_High,2020-01-09 00:36:00,0.009151,231.804,0.4398,49.999
Morning_High,2020-01-09 00:39:00,0.016611,230.938,0.5247,50.001
Morning_High,2020-01-09 00:42:00,0.013152,230.438,0.4753,49.974
Morning_High,2020-01-09 00:45:00,0.01024,231.69,0.4271,49.988
Morning_High,2020-01-09 00:48:00,0.014517,230.575,0.5451,50.012
Morning_High,2020-01-09 00:51:00,0.008065,231.477,0.4062,50.004
Morning_High,2020-01-09 00:54:00,0.016096,231.687,0.5427,49.983
Morning_High,2020-01-09 00:57:00,0.018067,230.757,0.5535,49.999
Morning_High,2020-01-09 01:00:00,0.01212,230.383,0.4497,49.987
Morning_High,2020-01-09 01:03:00,0.013314,230.882,0.4951,50.005
Morning_High,2020-01-09 01:06:00,0.018119,230.408,0.563,50.019
Morning_High,2020-01-09 01:09:00,0.017305,232.316,0.6079,50.005
Morning_High,2020-01-09 01:12:00,0.016337,231.704,0.5483,50.0
Morning_High,2020-01-09 01:15:00,0.014418,231.327,0.5282,49.983
Morning_High,2020-01-09 01:18:00,0.01659,232.346,0.4943,50.002
Morning_High,2020-01-09 01:21:00,0.020947,229.316,0.6275,49.995
Morning_High,2020-01-09 01:24:00,0.015476,229.929,0.4817,50.016
Morning_High,2020-01-09 01:27:00,0.017935,231.733,0.5736,49.998
Morning_High,2020-01-09 01:30:00,0.011278,231.233,0.4574,50.004
Morning_High,2020-01-09 01:33:00,0.014161,231.324,0.5318,50.007
Morning_High,2020-01-09 01:36:00,0.017192,230.717,0.572,49.988
Morning_High,2020-01-09 01:39:00,0.020825,230.724,0.5728,50.006
Morning_High,2020-01-09 01:42:00,0.01871,231.198,0.5712,49.997
Morning_High,2020-01-09 01:45:00,0.017664,230.809,0.5777,49.99
Morning_High,2020-01-09 01:48:00,0.013771,230.454,0.5398,50.008
Morning_High,2020-01-09 01:51:00,0.016464,231.18,0.5434,49.976
Morning_High,2020-01-09 01:54:00,0.016764,230.83,0.5784,49.985
Morning_High,2020-01-09 01:57:00,0.021098,230.439,0.6387,49.984
Morning_High,2020-01-09 02:00:00,0.014073,232.151,0.4592,49.984
Morning_High,2020-01-09 02:03:00,0.009977,230.667,0.4462,50.012
Morning_High,2020-01-09 02:06:00,0.013766,232.074,0.5353,50.004
Morning_High,2020-01-09 02:09:00,0.013713,231.288,0.5026,49.988
Morning_High,2020-01-09 02:12:00,0.017639,230.957,0.5749,49.987
Morning_High,2020-01-09 02:15:00,0.021993,231.733,0.6409,50.019
Morning_High,2020-01-09 02:18:00,0.01649,230.358,0.5604,49.986
Morning_High,2020-01-09 02:21:00,0.019767,229.592,0.5519,49.99
Morning_High,2020-01-09 02:24:00,0.013351,232.223,0.5614,49.991
Morning_High,2020-01-09 02:27:00,0.015508,232.554,0.5281,49.984
Morning_High,2020-01-09 02:30:00,0.01325,231.836,0.5232,50.001
Morning_High,2020-01-09 02:33:00,0.016198,230.38,0.5562,49.997
Morning_High,2020-01-09 02:36:00,0.012368,231.495,0.4472,49.984
Morning_High,2020-01-09 02:39:00,0.02157,231.72,0.6805,49.968
Morning_High,2020-01-09 02:42:00,0.020654,230.91,0.6366,50.002
Morning_High,2020-01-09 02:45:00,0.012899,231.608,0.4508,49.993
Morning_High,2020-01-09 02:48:00,0.017786,231.427,0.5718,49.998
Morning_High,2020-01-09 02:51:00,0.01341,230.96,0.4711,49.996
Morning_High,2020-01-09 02:54:00,0.021985,230.72,0.6482,49.995
Morning_High,2020-01-09 02:57:00,0.014444,230.748,0.5669,50.021
Morning_High,2020-01-09 03:00:00,0.021438,232.33,0.6537,49.976
Morning_High,2020-01-09 03:03:00,0.023265,230.787,0.6661,49.983
Morning_High,2020-01-09 03:06:00,0.015381,232.35,0.5842,49.987
Morning_High,2020-01-09 03:09:00,0.010183,230.667,0.4185,49.99
Morning_High,2020-01-09 03:12:00,0.019831,229.802,0.5965,50.011
Morning_High,2020-01-09 03:15:00,0.010157,231.407,0.4539,50.013
Morning_High,2020-01-09 03:18:00,0.013753,230.315,0.5048,49.996
Morning_High,2020-01-09 03:21:00,0.010733,231.953,0.4342,50.002
Morning_High,2020-01-09 03:24:00,0.016654,230.521,0.5542,49.982
Morning_High,2020-01-09 03:27:00,0.016491,232.595,0.5878,49.994
Morning_High,2020-01-09 03:30:00,0.016836,230.843,0.5759,50.003
Morning_High,2020-01-09 03:33:00,0.009118,232.607,0.4167,50.0
Morning_High,2020-01-09 03:36:00,0.025443,231.403,0.6517,49.994
Morning_High,2020-01-09 03:39:00,0.018911,231.688,0.6273,49.991
Morning_High,2020-01-09 03:42:00,0.016809,232.515,0.5949,49.986
Morning_High,2020-01-09 03:45:00,0.019227,231.925,0.6377,49.987
Morning_High,2020-01-09 03:48:00,0.018714,230.73,0.5734,49.995
Morning_High,2020-01-09 03:51:00,0.019526,231.068,0.5795,49.981
Morning_High,2020-01-09 03:54:00,0.023989,231.491,0.6943,50.006
Morning_High,2020-01-09 03:57:00,0.028723,230.547,0.755,49.99
Morning_High,2020-01-09 04:00:00,0.024837,229.767,0.6644,50.006
Morning_High,2020-01-09 04:03:00,0.016204,231.253,0.5701,50.004
Morning_High,2020-01-09 04:06:00,0.015583,232.01,0.562,50.007
Morning_High,2020-01-09 04:09:00,0.014737,231.327,0.5648,49.984
Morning_High,2020-01-09 04:12:00,0.023396,230.899,0.6321,49.983
Morning_High,2020-01-09 04:15:00,0.022527,230.577,0.6858,49.989
Morning_High,2020-01-09 04:18:00,0.015749,230.976,0.5149,50.022
Morning_High,2020-01-09 04:21:00,0.013114,229.793,0.4723,49.993
Morning_High,2020-01-09 04:24:00,0.015506,230.81,0.5053,49.992
Morning_High,2020-01-09 04:27:00,0.021485,232.038,0.5708,49.972
Morning_High,2020-01-09 04:30:00,0.018465,231.079,0.5734,50.012
Morning_High,2020-01-09 04:33:00,0.019228,230.6,0.5652,49.979
Morning_High,2020-01-09 04:36:00,0.02784,230.833,0.7914,50.009
Morning_High,2020-01-09 04:39:00,0.021723,232.398,0.6389,49.981
Morning_High,2020-01-09 04:42:00,0.029596,230.788,0.7785,49.976
Morning_High,2020-01-09 04:45:00,0.022483,230.503,0.7021,50.014
Morning_High,2020-01-09 04:48:00,0.031029,231.978,0.7791,49.997
Morning_High,2020-01-09 04:51:00,0.02896,232.193,0.8091,49.973
Morning_High,2020-01-09 04:54:00,0.023421,229.78,0.6472,49.986
Morning_High,2020-01-09 04:57:00,0.031862,229.944,0.8163,49.99
Morning_High,2020-01-09 05:00:00,0.023757,230.728,0.7269,50.005
Morning_High,2020-01-09 05:03:00,0.022845,229.63,0.6969,49.993
Morning_High,2020-01-09 05:06:00,0.0198,229.551,0.5862,49.989
Morning_High,2020-01-09 05:09:00,0.037143,228.857,0.8905,49.997
Morning_High,2020-01-09 05:12:00,0.021297,231.575,0.6416,49.989
Morning_High,2020-01-09 05:15:00,0.032892,227.976,0.8052,49.995
Morning_High,2020-01-09 05:18:00,0.024009,230.095,0.692,49.982
Morning_High,2020-01-09 05:21:00,0.029113,230.669,0.6589,49.986
Morning_High,2020-01-09 05:24:00,0.03687,230.143,0.9081,49.983
Morning_High,2020-01-09 05:27:00,0.033309,228.811,0.8793,49.985
Morning_High,2020-01-09 05:30:00,0.043975,229.244,1.0044,49.995
Morning_High,2020-01-09 05:33:00,0.032742,229.631,0.8177,49.99
Morning_High,2020-01-09 05:36:00,0.033037,231.122,0.8275,49.973
Morning_High,2020-01-09 05:39:00,0.034373,229.601,0.8383,49.989
Morning_High,2020-01-09 05:42:00,0.043796,230.321,0.9952,49.985
Morning_High,2020-01-09 05:45:00,0.041612,229.309,1.0035,49.977
Morning_High,2020-01-09 05:48:00,0.030072,228.485,0.8078,50.0
Morning_High,2020-01-09 05:51:00,0.043632,231.205,1.0133,49.983
Morning_High,2020-01-09 05:54:00,0.039584,229.611,0.9736,49.997
Morning_High,2020-01-09 05:57:00,0.042888,229.699,1.0728,49.99
Morning_High,2020-01-09 06:00:00,0.040165,228.956,0.9595,49.989
Morning_High,2020-01-09 06:03:00,0.047589,229.488,1.1628,49.996
Morning_High,2020-01-09 06:06:00,0.030892,232.045,0.8533,49.99
Morning_High,2020-01-09 06:09:00,0.063044,229.561,1.4157,49.991
Morning_High,2020-01-09 06:12:00,0.025669,231.338,0.7435,49.987
Morning_High,2020-01-09 06:15:00,0.04028,230.155,1.003,49.973
Morning_High,2020-01-09 06:18:00,0.028027,229.68,0.7639,49.99
Morning_High,2020-01-09 06:21:00,0.049509,229.314,1.1392,49.982
Morning_High,2020-01-09 06:24:00,0.039043,229.712,0.9476,49.996
Morning_High,2020-01-09 06:27:00,0.06059,228.536,1.3461,49.981
Morning_High,2020-01-09 06:30:00,0.054588,228.182,1.2274,49.982
Morning_High,2020-01-09 06:33:00,0.050759,228.206,1.1374,50.002
Morning_High,2020-01-09 06:36:00,0.047449,227.128,1.085,49.985
Morning_High,2020-01-09 06:39:00,0.050774,229.189,1.2074,49.978
Morning_High,2020-01-09 06:42:00,0.063557,229.282,1.4159,49.967
Morning_High,2020-01-09 06:45:00,0.055517,228.471,1.2384,49.972
Morning_High,2020-01-09 06:48:00,0.052571,229.926,1.2174,50.0
Morning_High,2020-01-09 06:51:00,0.033173,229.052,0.843,49.985
Morning_High,2020-01-09 06:54:00,0.060789,229.208,1.3472,50.003
Morning_High,2020-01-09 06:57:00,0.064701,227.895,1.4313,49.987
Morning_High,2020-01-09 07:00:00,0.054121,228.13,1.2209,50.0
Morning_High,2020-01-09 07:03:00,0.069644,228.913,1.4965,49.978
Morning_High,2020-01-09 07:06:00,0.051653,230.473,1.1679,49.977
Morning_High,2020-01-09 07:09:00,0.056308,227.781,1.2483,49.978
Morning_High,2020-01-09 07:12:00,0.044286,229.529,1.0183,49.984
Morning_High,2020-01-09 07:15:00,0.07404,227.965,1.5955,49.966
Morning_High,2020-01-09 07:18:00,0.058373,228.329,1.2613,49.989
Morning_High,2020-01-09 07:21:00,0.063871,229.486,1.4056,49.996
Morning_High,2020-01-09 07:24:00,0.0638,227.937,1.4297,49.988
Morning_High,2020-01-09 07:27:00,0.041087,230.686,0.9678,49.985
Morning_High,2020-01-09 07:30:00,0.044744,228.709,1.0125,49.982
Morning_High,2020-01-09 07:33:00,0.056085,229.338,1.2774,50.003
Morning_High,2020-01-09 07:36:00,0.06463,227.575,1.4009,49.971
Morning_High,2020-01-09 07:39:00,0.067826,228.264,1.4498,49.98
Morning_High,2020-01-09 07:42:00,0.082576,226.947,1.7893,49.999
Morning_High,2020-01-09 07:45:00,0.068081,228.73,1.451,50.008
Morning_High,2020-01-09 07:48:00,0.063683,227.727,1.4386,49.987
Morning_High,2020-01-09 07:51:00,0.078395,228.478,1.6798,49.983
Morning_High,2020-01-09 07:54:00,0.067927,228.086,1.4892,49.961
Morning_High,2020-01-09 07:57:00,0.046723,229.285,1.0876,49.994
Morning_High,2020-01-09 08:00:00,0.06078,229.81,1.3602,49.983
Morning_High,2020-01-09 08:03:00,0.044582,229.846,1.0962,49.986
Morning_High,2020-01-09 08:06:00,0.05118,229.649,1.1991,49.993
Morning_High,2020-01-09 08:09:00,0.068437,228.678,1.486,49.965
Morning_High,2020-01-09 08:12:00,0.077006,226.613,1.6924,49.962
Morning_High,2020-01-09 08:15:00,0.05431,227.783,1.205,49.987
Morning_High,2020-01-09 08:18:00,0.06738,227.669,1.463,49.984
Morning_High,2020-01-09 08:21:00,0.065683,228.174,1.4129,49.998
Morning_High,2020-01-09 08:24:00,0.070918,227.853,1.5551,49.966
Morning_High,2020-01-09 08:27:00,0.071371,228.477,1.5849,49.997
Morning_High,2020-01-09 08:30:00,0.050032,229.083,1.1111,49.989
Morning_High,2020-01-09 08:33:00,0.065664,229.658,1.4756,49.974
Morning_High,2020-01-09 08:36:00,0.045371,228.562,1.0906,49.992
Morning_High,2020-01-09 08:39:00,0.062147,228.888,1.3646,49.971
Morning_High,2020-01-09 08:42:00,0.0446,230.761,1.0181,50.017
Morning_High,2020-01-09 08:45:00,0.059358,229.155,1.2859,49.969
Morning_High,2020-01-09 08:48:00,0.032253,230.476,0.8256,49.981
Morning_High,2020-01-09 08:51:00,0.033937,229.736,0.8688,50.011
Morning_High,2020-01-09 08:54:00,0.051194,228.574,1.1576,50.0
Morning_High,2020-01-09 08:57:00,0.065536,228.721,1.4659,49.986
Morning_High,2020-01-09 09:00:00,0.065459,229.71,1.4492,49.977
Morning_High,2020-01-09 09:03:00,0.066276,229.021,1.4368,49.968
Morning_High,2020-01-09 09:06:00,0.049573,229.409,1.1856,49.965
Morning_High,2020-01-09 09:09:00,0.040306,229.173,0.9381,49.963
Morning_High,2020-01-09 09:12:00,0.026201,230.287,0.6937,49.985
Morning_High,2020-01-09 09:15:00,0.04855,228.812,1.0731,49.96
Morning_High,2020-01-09 09:18:00,0.046429,229.923,1.0857,49.971
Morning_High,2020-01-09 09:21:00,0.060963,228.472,1.3663,49.986
Morning_High,2020-01-09 09:24:00,0.054014,228.824,1.216,49.98
Morning_High,2020-01-09 09:27:00,0.055979,227.831,1.3302,50.007
Morning_High,2020-01-09 09:30:00,0.067081,228.375,1.4389,49.979
Morning_High,2020-01-09 09:33:00,0.045037,229.927,1.0903,49.964
Morning_High,2020-01-09 09:36:00,0.052153,228.671,1.2486,49.992
Morning_High,2020-01-09 09:39:00,0.038516,230.045,0.9536,49.989
Morning_High,2020-01-09 09:42:00,0.038784,230.28,0.9222,49.975
Morning_High,2020-01-09 09:45:00,0.055825,229.255,1.2632,49.986
Morning_High,2020-01-09 09:48:00,0.048517,230.808,1.1668,49.984
Morning_High,2020-01-09 09:51:00,0.028514,229.81,0.7864,49.989
Morning_High,2020-01-09 09:54:00,0.031266,230.289,0.759,49.987
Morning_High,2020-01-09 09:57:00,0.046354,228.973,1.0623,49.979
Morning_High,2020-01-09 10:00:00,0.054134,227.142,1.2623,49.984
Morning_High,2020-01-09 10:03:00,0.027953,228.669,0.7604,50.002
Morning_High,2020-01-09 10:06:00,0.048803,227.69,1.1248,49.979
Morning_High,2020-01-09 10:09:00,0.032072,230.238,0.8413,49.988
Morning_High,2020-01-09 10:12:00,0.051341,228.282,1.1275,49.973
Morning_High,2020-01-09 10:15:00,0.040767,227.798,0.9837,49.975
Morning_High,2020-01-09 10:18:00,0.03628,229.951,0.9092,49.998
Morning_High,2020-01-09 10:21:00,0.04084,230.334,1.0614,49.991
Morning_High,2020-01-09 10:24:00,0.033973,229.614,0.8258,49.976
Morning_High,2020-01-09 10:27:00,0.032377,231.011,0.8868,49.995
Morning_High,2020-01-09 10:30:00,0.04436,228.609,1.0567,49.976
Morning_High,2020-01-09 10:33:00,0.041418,229.087,1.0009,49.982
Morning_High,2020-01-09 10:36:00,0.034817,228.775,0.9077,50.003
Morning_High,2020-01-09 10:39:00,0.020964,231.181,0.6826,49.991
Morning_High,2020-01-09 10:42:00,0.027707,228.737,0.8257,49.984
Morning_High,2020-01-09 10:45:00,0.029352,231.255,0.7247,49.991
Morning_High,2020-01-09 10:48:00,0.027266,230.342,0.7577,49.995
Morning_High,2020-01-09 10:51:00,0.031051,229.519,0.7809,49.975
Morning_High,2020-01-09 10:54:00,0.03502,229.083,0.8799,49.992
Morning_High,2020-01-09 10:57:00,0.019392,231.919,0.5083,49.984
Morning_High,2020-01-09 11:00:00,0.020637,230.691,0.5916,49.985
Morning_High,2020-01-09 11:03:00,0.032735,231.541,0.8936,50.011
Morning_High,2020-01-09 11:06:00,0.029699,230.802,0.8283,50.02
Morning_High,2020-01-09 11:09:00,0.025291,228.45,0.7403,49.99
Morning_High,2020-01-09 11:12:00,0.023956,231.505,0.6633,49.995
Morning_High,2020-01-09 11:15:00,0.013393,232.756,0.4456,49.977
Morning_High,2020-01-09 11:18:00,0.025227,230.856,0.7108,50.002
Morning_High,2020-01-09 11:21:00,0.021191,231.054,0.6047,50.004
Morning_High,2020-01-09 11:24:00,0.020788,231.834,0.6528,49.998
Morning_High,2020-01-09 11:27:00,0.025811,231.178,0.7226,49.992
Morning_High,2020-01-09 11:30:00,0.022875,228.285,0.6221,50.009
Morning_High,2020-01-09 11:33:00,0.022511,229.545,0.5672,49.992
Morning_High,2020-01-09 11:36:00,0.025763,230.471,0.7443,49.993
Morning_High,2020-01-09 11:39:00,0.026959,229.523,0.7594,49.985
Morning_High,2020-01-09 11:42:00,0.026323,228.321,0.7074,50.004
Morning_High,2020-01-09 11:45:00,0.015638,230.128,0.5103,49.985
Morning_High,2020-01-09 11:48:00,0.017123,232.499,0.5525,50.003
Morning_High,2020-01-09 11:51:00,0.027392,229.321,0.7548,49.992
Morning_High,2020-01-09 11:54:00,0.025407,230.697,0.7367,49.972
Morning_High,2020-01-09 11:57:00,0.021593,231.31,0.6526,49.987
Morning_High,2020-01-09 12:00:00,0.021483,232.34,0.5889,50.006
Morning_High,2020-01-09 12:03:00,0.016729,230.445,0.5766,49.998
Morning_High,2020-01-09 12:06:00,0.022876,230.504,0.6447,50.002
Morning_High,2020-01-09 12:09:00,0.023476,230.056,0.7115,50.004
Morning_High,2020-01-09 12:12:00,0.013852,232.878,0.5013,50.013
Morning_High,2020-01-09 12:15:00,0.018811,230.98,0.5162,49.995
Morning_High,2020-01-09 12:18:00,0.011927,230.025,0.4774,50.023
Morning_High,2020-01-09 12:21:00,0.021129,230.996,0.5934,49.984
Morning_High,2020-01-09 12:24:00,0.01497,230.962,0.5942,49.997
Morning_High,2020-01-09 12:27:00,0.018123,229.173,0.5091,49.999
Morning_High,2020-01-09 12:30:00,0.013843,232.241,0.5511,50.002
Morning_High,2020-01-09 12:33:00,0.022887,229.596,0.6679,49.999
Morning_High,2020-01-09 12:36:00,0.010426,231.811,0.4893,49.995
Morning_High,2020-01-09 12:39:00,0.014515,228.834,0.4508,50.011
Morning_High,2020-01-09 12:42:00,0.027118,230.961,0.6857,49.997
Morning_High,2020-01-09 12:45:00,0.016716,228.452,0.514,49.991
Morning_High,2020-01-09 12:48:00,0.010698,232.22,0.5398,49.995
Morning_High,2020-01-09 12:51:00,0.018227,231.577,0.5199,50.005
Morning_High,2020-01-09 12:54:00,0.018867,229.897,0.6268,50.001
Morning_High,2020-01-09 12:57:00,0.018082,231.718,0.599,49.996
Morning_High,2020-01-09 13:00:00,0.01388,232.706,0.4472,49.992
Morning_High,2020-01-09 13:03:00,0.019462,230.536,0.5848,49.999
Morning_High,2020-01-09 13:06:00,0.014904,230.551,0.5014,50.0
Morning_High,2020-01-09 13:09:00,0.01953,230.444,0.6365,49.976
Morning_High,2020-01-09 13:12:00,0.024787,230.431,0.7515,49.989
Morning_High,2020-01-09 13:15:00,0.018399,231.13,0.5709,49.988
Morning_High,2020-01-09 13:18:00,0.016052,230.562,0.5175,49.977
Morning_High,2020-01-09 13:21:00,0.015423,230.089,0.5758,50.007
Morning_High,2020-01-09 13:24:00,0.0146,230.592,0.511,49.983
Morning_High,2020-01-09 13:27:00,0.015616,230.826,0.5257,49.979
Morning_High,2020-01-09 13:30:00,0.018068,230.136,0.5854,49.985
Morning_High,2020-01-09 13:33:00,0.010739,230.301,0.4708,50.004
Morning_High,2020-01-09 13:36:00,0.016197,229.88,0.5004,50.0
Morning_High,2020-01-09 13:39:00,0.017746,231.069,0.5105,49.986
Morning_High,2020-01-09 13:42:00,0.014201,232.468,0.515,50.009
Morning_High,2020-01-09 13:45:00,0.01889,229.083,0.5716,49.963
Morning_High,2020-01-09 13:48:00,0.015061,230.921,0.4923,50.0
Morning_High,2020-01-09 13:51:00,0.01229,230.915,0.5352,50.006
Morning_High,2020-01-09 13:54:00,0.015976,232.033,0.4959,49.966
Morning_High,2020-01-09 13:57:00,0.020161,230.588,0.5957,49.978
Morning_High,2020-01-09 14:00:00,0.017009,231.594,0.5506,49.985
Morning_High,2020-01-09 14:03:00,0.014558,232.943,0.5008,49.984
Morning_High,2020-01-09 14:06:00,0.016622,231.889,0.4774,50.003
Morning_High,2020-01-09 14:09:00,0.014962,230.488,0.5395,50.011
Morning_High,2020-01-09 14:12:00,0.013084,231.401,0.4485,49.986
Morning_High,2020-01-09 14:15:00,0.017535,230.624,0.5896,49.979
Morning_High,2020-01-09 14:18:00,0.015056,230.881,0.4617,49.97
Morning_High,2020-01-09 14:21:00,0.020967,229.864,0.6107,50.007
Morning_High,2020-01-09 14:24:00,0.016768,231.665,0.5676,49.993
Morning_High,2020-01-09 14:27:00,0.020067,231.017,0.6532,49.983
Morning_High,2020-01-09 14:30:00,0.012189,230.828,0.4731,49.983
Morning_High,2020-01-09 14:33:00,0.020039,229.349,0.6143,49.993
Morning_High,2020-01-09 14:36:00,0.0225,230.976,0.6369,49.999
Morning_High,2020-01-09 14:39:00,0.01221,231.45,0.4632,50.01
Morning_High,2020-01-09 14:42:00,0.014411,230.959,0.5515,49.966
Morning_High,2020-01-09 14:45:00,0.02084,230.02,0.7283,49.987
Morning_High,2020-01-09 14:48:00,0.015067,231.231,0.5428,50.01
Morning_High,2020-01-09 14:51:00,0.014893,230.814,0.5445,49.997
Morning_High,2020-01-09 14:54:00,0.018029,230.917,0.5597,50.009
Morning_High,2020-01-09 14:57:00,0.016111,230.71,0.4869,49.996
Morning_High,2020-01-09 15:00:00,0.012861,230.893,0.4485,50.016
Morning_High,2020-01-09 15:03:00,0.01787,231.45,0.591,49.986
Morning_High,2020-01-09 15:06:00,0.012637,231.81,0.4467,49.987
Morning_High,2020-01-09 15:09:00,0.009775,229.788,0.4205,49.991
Morning_High,2020-01-09 15:12:00,0.01447,231.09,0.5545,49.991
Morning_High,2020-01-09 15:15:00,0.0098,231.317,0.379,50.009
Morning_High,2020-01-09 15:18:00,0.018176,231.373,0.6273,50.001
Morning_High,2020-01-09 15:21:00,0.022479,230.797,0.6441,50.005
Morning_High,2020-01-09 15:24:00,0.020447,230.462,0.6399,50.002
Morning_High,2020-01-09 15:27:00,0.019337,231.109,0.6392,49.988
Morning_High,2020-01-09 15:30:00,0.014461,229.439,0.5524,49.982
Morning_High,2020-01-09 15:33:00,0.016192,231.815,0.568,50.001
Morning_High,2020-01-09 15:36:00,0.015039,231.824,0.5636,49.996
Morning_High,2020-01-09 15:39:00,0.013438,232.017,0.4275,50.016
Morning_High,2020-01-09 15:42:00,0.010086,229.92,0.3981,49.991
Morning_High,2020-01-09 15:45:00,0.016032,230.348,0.5514,50.006
Morning_High,2020-01-09 15:48:00,0.01405,231.022,0.4872,50.001
Morning_High,2020-01-09 15:51:00,0.020269,230.208,0.6139,49.993
Morning_High,2020-01-09 15:54:00,0.021467,230.319,0.6608,49.986
Morning_High,2020-01-09 15:57:00,0.013654,231.51,0.544,49.99
Morning_High,2020-01-09 16:00:00,0.020216,230.852,0.6221,49.99
Morning_High,2020-01-09 16:03:00,0.008705,232.269,0.4589,50.004
Morning_High,2020-01-09 16:06:00,0.018864,230.943,0.6008,49.998
Morning_High,2020-01-09 16:09:00,0.022112,230.069,0.7336,49.994
Morning_High,2020-01-09 16:12:00,0.007791,232.038,0.4166,49.991
Morning_High,2020-01-09 16:15:00,0.020266,230.396,0.632,49.987
Morning_High,2020-01-09 16:18:00,0.010979,231.701,0.4064,49.999
Morning_High,2020-01-09 16:21:00,0.017698,229.753,0.5486,50.0
Morning_High,2020-01-09 16:24:00,0.017926,231.531,0.5702,50.007
Morning_High,2020-01-09 16:27:00,0.021543,231.046,0.6074,49.993
Morning_High,2020-01-09 16:30:00,0.015027,231.983,0.4751,49.988
Morning_High,2020-01-09 16:33:00,0.015831,230.733,0.496,50.001
Morning_High,2020-01-09 16:36:00,0.020019,230.852,0.5522,49.968
Morning_High,2020-01-09 16:39:00,0.014523,231.148,0.4326,50.006
Morning_High,2020-01-09 16:42:00,0.009111,231.757,0.3917,50.017
Morning_High,2020-01-09 16:45:00,0.014453,230.327,0.4722,49.997
Morning_High,2020-01-09 16:48:00,0.014783,231.73,0.547,49.977
Morning_High,2020-01-09 16:51:00,0.026342,229.492,0.7276,49.97
Morning_High,2020-01-09 16:54:00,0.016651,231.163,0.6081,49.992
Morning_High,2020-01-09 16:57:00,0.021161,230.641,0.6357,49.975
Morning_High,2020-01-09 17:00:00,0.008834,231.04,0.3856,49.997
Morning_High,2020-01-09 17:03:00,0.019582,230.861,0.5889,49.993
Morning_High,2020-01-09 17:06:00,0.017921,229.864,0.6174,49.983
Morning_High,2020-01-09 17:09:00,0.013148,231.22,0.5312,49.988
Morning_High,2020-01-09 17:12:00,0.023449,230.334,0.6618,50.005
Morning_High,2020-01-09 17:15:00,0.013376,231.658,0.4839,49.99
Morning_High,2020-01-09 17:18:00,0.01767,231.748,0.5344,49.995
Morning_High,2020-01-09 17:21:00,0.019518,230.214,0.5958,50.0
Morning_High,2020-01-09 17:24:00,0.015056,231.36,0.5306,50.004
Morning_High,2020-01-09 17:27:00,0.014351,230.623,0.4959,49.997
Morning_High,2020-01-09 17:30:00,0.016948,230.169,0.5728,49.993
Morning_High,2020-01-09 17:33:00,0.022886,231.217,0.701,49.971
Morning_High,2020-01-09 17:36:00,0.021568,230.162,0.6411,50.005
Morning_High,2020-01-09 17:39:00,0.017986,231.208,0.6014,49.989
Morning_High,2020-01-09 17:42:00,0.015585,231.214,0.5365,49.987
Morning_High,2020-01-09 17:45:00,0.015528,230.971,0.507,50.018
Morning_High,2020-01-09 17:48:00,0.021285,230.648,0.6283,49.984
Morning_High,2020-01-09 17:51:00,0.019082,232.117,0.5583,49.969
Morning_High,2020-01-09 17:54:00,0.023718,230.73,0.6832,50.019
Morning_High,2020-01-09 17:57:00,0.016447,230.976,0.533,49.975
Morning_High,2020-01-09 18:00:00,0.026908,230.129,0.7504,49.971
Morning_High,2020-01-09 18:03:00,0.016385,231.22,0.5301,49.999
Morning_High,2020-01-09 18:06:00,0.018553,231.529,0.5416,49.989
Morning_High,2020-01-09 18:09:00,0.024226,229.635,0.6673,49.994
Morning_High,2020-01-09 18:12:00,0.033152,230.666,0.9163,49.979
Morning_High,2020-01-09 18:15:00,0.028754,229.414,0.7641,49.996
Morning_High,2020-01-09 18:18:00,0.019354,231.089,0.5645,49.987
Morning_High,2020-01-09 18:21:00,0.02245,229.982,0.6883,49.995
Morning_High,2020-01-09 18:24:00,0.02115,231.054,0.6126,49.998
Morning_High,2020-01-09 18:27:00,0.025928,231.096,0.7215,49.981
Morning_High,2020-01-09 18:30:00,0.021655,229.774,0.609,50.014
Morning_High,2020-01-09 18:33:00,0.027862,231.215,0.7522,49.987
Morning_High,2020-01-09 18:36:00,0.022136,229.709,0.6783,49.988
Morning_High,2020-01-09 18:39:00,0.025663,231.264,0.7218,50.005
Morning_High,2020-01-09 18:42:00,0.022033,228.712,0.6992,49.991
Morning_High,2020-01-09 18:45:00,0.018047,231.839,0.4775,50.004
Morning_High,2020-01-09 18:48:00,0.022477,231.221,0.6751,50.008
Morning_High,2020-01-09 18:51:00,0.016133,231.128,0.5886,49.987
Morning_High,2020-01-09 18:54:00,0.01941,229.968,0.5458,50.001
Morning_High,2020-01-09 18:57:00,0.013077,231.625,0.4622,50.005
Morning_High,2020-01-09 19:00:00,0.024556,228.621,0.7103,50.011
Morning_High,2020-01-09 19:03:00,0.018146,231.768,0.5614,49.998
Morning_High,2020-01-09 19:06:00,0.027819,230.014,0.7888,49.978
Morning_High,2020-01-09 19:09:00,0.026853,230.942,0.7801,49.983
Morning_High,2020-01-09 19:12:00,0.029733,230.896,0.7788,49.988
Morning_High,2020-01-09 19:15:00,0.018864,228.67,0.5667,50.0
Morning_High,2020-01-09 19:18:00,0.024122,231.683,0.6487,49.986
Morning_High,2020-01-09 19:21:00,0.027333,230.613,0.6483,50.009
Morning_High,2020-01-09 19:24:00,0.027448,229.517,0.7612,49.986
Morning_High,2020-01-09 19:27:00,0.025173,230.846,0.729,49.988
Morning_High,2020-01-09 19:30:00,0.018826,230.541,0.5849,49.987
Morning_High,2020-01-09 19:33:00,0.034047,230.478,0.8738,49.998
Morning_High,2020-01-09 19:36:00,0.030451,229.214,0.8078,49.996
Morning_High,2020-01-09 19:39:00,0.023927,229.774,0.6957,50.015
Morning_High,2020-01-09 19:42:00,0.024824,229.209,0.6738,50.019
Morning_High,2020-01-09 19:45:00,0.027435,229.307,0.7203,49.984
Morning_High,2020-01-09 19:48:00,0.023283,231.333,0.6969,50.002
Morning_High,2020-01-09 19:51:00,0.026423,230.451,0.7491,49.993
Morning_High,2020-01-09 19:54:00,0.019983,232.507,0.6263,50.004
Morning_High,2020-01-09 19:57:00,0.023181,229.984,0.6359,49.964
Morning_High,2020-01-09 20:00:00,0.027178,230.2,0.7028,50.001
Morning_High,2020-01-09 20:03:00,0.025145,231.78,0.693,49.996
Morning_High,2020-01-09 20:06:00,0.032878,229.409,0.8329,50.022
Morning_High,2020-01-09 20:09:00,0.030865,231.447,0.8357,49.97
Morning_High,2020-01-09 20:12:00,0.034164,229.833,0.875,49.966
Morning_High,2020-01-09 20:15:00,0.027011,230.672,0.7216,50.0
Morning_High,2020-01-09 20:18:00,0.026449,230.546,0.7931,49.993
Morning_High,2020-01-09 20:21:00,0.035919,231.451,0.9069,49.99
Morning_High,2020-01-09 20:24:00,0.021871,230.312,0.6401,50.007
Morning_High,2020-01-09 20:27:00,0.025391,230.046,0.6982,49.97
Morning_High,2020-01-09 20:30:00,0.018085,230.99,0.5606,49.971
Morning_High,2020-01-09 20:33:00,0.029807,230.776,0.7752,49.984
Morning_High,2020-01-09 20:36:00,0.023729,230.66,0.703,50.011
Morning_High,2020-01-09 20:39:00,0.028885,230.581,0.7974,50.02
Morning_High,2020-01-09 20:42:00,0.018178,230.272,0.5653,50.006
Morning_High,2020-01-09 20:45:00,0.01725,231.947,0.5837,49.988
Morning_High,2020-01-09 20:48:00,0.027413,230.083,0.7364,49.977
Morning_High,2020-01-09 20:51:00,0.017688,231.074,0.6173,50.006
Morning_High,2020-01-09 20:54:00,0.01872,230.2,0.5836,50.009
Morning_High,2020-01-09 20:57:00,0.022265,230.935,0.6837,50.02
Morning_High,2020-01-09 21:00:00,0.018316,231.128,0.5737,50.015
Morning_High,2020-01-09 21:03:00,0.020657,231.993,0.6201,49.978
Morning_High,2020-01-09 21:06:00,0.018683,231.404,0.5717,50.013
Morning_High,2020-01-09 21:09:00,0.027993,231.454,0.747,49.986
Morning_High,2020-01-09 21:12:00,0.021763,229.927,0.6576,49.998
Morning_High,2020-01-09 21:15:00,0.026947,230.499,0.6607,49.973
Morning_High,2020-01-09 21:18:00,0.019535,230.344,0.5738,49.981
Morning_High,2020-01-09 21:21:00,0.016414,232.288,0.54,49.999
Morning_High,2020-01-09 21:24:00,0.032166,230.299,0.8202,49.985
Morning_High,2020-01-09 21:27:00,0.022722,232.446,0.6557,49.994
Morning_High,2020-01-09 21:30:00,0.021419,230.907,0.5717,49.993
Morning_High,2020-01-09 21:33:00,0.020432,231.567,0.6002,50.019
Morning_High,2020-01-09 21:36:00,0.021341,230.082,0.6556,50.001
Morning_High,2020-01-09 21:39:00,0.021429,231.023,0.5994,49.977
Morning_High,2020-01-09 21:42:00,0.019535,230.912,0.5556,49.999
Morning_High,2020-01-09 21:45:00,0.025414,230.511,0.7076,49.997
Morning_High,2020-01-09 21:48:00,0.024699,230.853,0.7391,50.01
Morning_High,2020-01-09 21:51:00,0.013661,230.842,0.527,49.976
Morning_High,2020-01-09 21:54:00,0.014073,231.997,0.5326,49.989
Morning_High,2020-01-09 21:57:00,0.0203,229.515,0.5848,49.972
Morning_High,2020-01-09 22:00:00,0.016599,231.499,0.5523,49.993
Morning_High,2020-01-09 22:03:00,0.02621,230.264,0.6994,49.999
Morning_High,2020-01-09 22:06:00,0.01882,230.837,0.5895,49.99
Morning_High,2020-01-09 22:09:00,0.026815,230.234,0.6824,50.006
Morning_High,2020-01-09 22:12:00,0.02111,231.128,0.6374,50.002
Morning_High,2020-01-09 22:15:00,0.019512,231.671,0.6149,49.981
Morning_High,2020-01-09 22:18:00,0.022025,229.768,0.6274,50.001
Morning_High,2020-01-09 22:21:00,0.018403,230.769,0.6587,50.003
Morning_High,2020-01-09 22:24:00,0.027808,229.81,0.812,50.006
Morning_High,2020-01-09 22:27:00,0.017732,231.702,0.6161,50.001
Morning_High,2020-01-09 22:30:00,0.020076,231.704,0.5882,50.007
Morning_High,2020-01-09 22:33:00,0.019854,230.435,0.5257,49.995
Morning_High,2020-01-09 22:36:00,0.016262,231.204,0.5749,49.984
Morning_High,2020-01-09 22:39:00,0.007204,232.644,0.3669,49.974
Morning_High,2020-01-09 22:42:00,0.024399,229.604,0.7225,49.996
Morning_High,2020-01-09 22:45:00,0.019455,230.369,0.6423,50.003
Morning_High,2020-01-09 22:48:00,0.01121,230.83,0.3779,50.002
Morning_High,2020-01-09 22:51:00,0.02584,229.545,0.6723,49.992
Morning_High,2020-01-09 22:54:00,0.017676,230.329,0.6398,49.992
Morning_High,2020-01-09 22:57:00,0.020001,230.747,0.688,49.996
Morning_High,2020-01-09 23:00:00,0.018841,230.521,0.5648,49.987
Morning_High,2020-01-09 23:03:00,0.017603,230.663,0.5777,50.008
Morning_High,2020-01-09 23:06:00,0.020156,231.871,0.5523,49.974
Morning_High,2020-01-09 23:09:00,0.019008,231.029,0.563,49.986
Morning_High,2020-01-09 23:12:00,0.021428,230.31,0.6409,50.019
Morning_High,2020-01-09 23:15:00,0.01621,231.216,0.5883,49.981
Morning_High,2020-01-09 23:18:00,0.024334,230.647,0.7426,49.98
Morning_High,2020-01-09 23:21:00,0.013719,230.654,0.5197,50.008
Morning_High,2020-01-09 23:24:00,0.018902,229.921,0.6184,49.999
Morning_High,2020-01-09 23:27:00,0.015645,230.629,0.5366,50.023
Morning_High,2020-01-09 23:30:00,0.020412,230.152,0.6398,49.988
Morning_High,2020-01-09 23:33:00,0.018451,230.912,0.6379,50.002
Morning_High,2020-01-09 23:36:00,0.023018,230.485,0.6313,50.016
Morning_High,2020-01-09 23:39:00,0.011916,230.351,0.4663,50.002
Morning_High,2020-01-09 23:42:00,0.015226,230.673,0.4765,50.022
Morning_High,2020-01-09 23:45:00,0.015737,231.126,0.5112,49.995
Morning_High,2020-01-09 23:48:00,0.0136,231.409,0.458,50.019
Morning_High,2020-01-09 23:51:00,0.014531,231.137,0.4513,49.992
Morning_High,2020-01-09 23:54:00,0.017758,232.625,0.5288,49.989
Morning_High,2020-01-09 23:57:00,0.016327,230.036,0.5429,50.004
Morning_High,2020-01-10 00:00:00,0.022421,230.353,0.6603,49.991
Morning_High,2020-01-10 00:03:00,0.013124,230.314,0.5196,49.976
Morning_High,2020-01-10 00:06:00,0.016413,231.066,0.5753,49.994
Morning_High,2020-01-10 00:09:00,0.022247,231.24,0.7016,49.995
Morning_High,2020-01-10 00:12:00,0.014552,230.132,0.5196,50.005
Morning_High,2020-01-10 00:15:00,0.014615,232.347,0.5368,50.009
Morning_High,2020-01-10 00:18:00,0.015528,232.096,0.531,49.998
Morning_High,2020-01-10 00:21:00,0.011595,230.283,0.5489,49.993
Morning_High,2020-01-10 00:24:00,0.011255,230.054,0.4061,49.993
Morning_High,2020-01-10 00:27:00,0.012588,231.561,0.4551,50.014
Morning_High,2020-01-10 00:30:00,0.012101,231.467,0.4695,49.993
Morning_High,2020-01-10 00:33:00,0.010828,230.517,0.4465,49.99
Morning_High,2020-01-10 00:36:00,0.011759,230.928,0.4861,50.001
Morning_High,2020-01-10 00:39:00,0.018703,231.791,0.6054,49.983
Morning_High,2020-01-10 00:42:00,0.019547,230.93,0.5798,50.029
Morning_High,2020-01-10 00:45:00,0.020333,231.57,0.6176,49.993
Morning_High,2020-01-10 00:48:00,0.006268,232.456,0.3913,50.001
Morning_High,2020-01-10 00:51:00,0.018779,230.917,0.5871,50.007
Morning_High,2020-01-10 00:54:00,0.017543,231.125,0.5988,49.989
Morning_High,2020-01-10 00:57:00,0.018872,231.484,0.5986,49.983
Morning_High,2020-01-10 01:00:00,0.01489,231.732,0.5711,49.988
Morning_High,2020-01-10 01:03:00,0.013529,231.055,0.5629,49.998
Morning_High,2020-01-10 01:06:00,0.01658,231.886,0.5247,49.968
Morning_High,2020-01-10 01:09:00,0.011655,230.383,0.4259,49.989
Morning_High,2020-01-10 01:12:00,0.018921,230.566,0.6368,49.979
Morning_High,2020-01-10 01:15:00,0.015762,230.745,0.5496,50.006
Morning_High,2020-01-10 01:18:00,0.02051,231.101,0.667,50.012
Morning_High,2020-01-10 01:21:00,0.016869,232.93,0.5233,49.988
Morning_High,2020-01-10 01:24:00,0.012445,231.026,0.4699,49.995
Morning_High,2020-01-10 01:27:00,0.017269,230.539,0.5411,49.996
Morning_High,2020-01-10 01:30:00,0.012724,232.027,0.5511,49.985
Morning_High,2020-01-10 01:33:00,0.029698,229.346,0.7723,49.986
Morning_High,2020-01-10 01:36:00,0.020727,229.582,0.5983,50.018
Morning_High,2020-01-10 01:39:00,0.013591,231.376,0.4477,49.981
Morning_High,2020-01-10 01:42:00,0.012713,231.006,0.4735,49.988
Morning_High,2020-01-10 01:45:00,0.017899,229.454,0.5616,50.003
Morning_High,2020-01-10 01:48:00,0.01598,232.126,0.5301,49.97
Morning_High,2020-01-10 01:51:00,0.01824,230.341,0.6229,50.009
Morning_High,2020-01-10 01:54:00,0.011748,230.53,0.5091,50.005
Morning_High,2020-01-10 01:57:00,0.015125,231.851,0.5712,49.991
Morning_High,2020-01-10 02:00:00,0.013781,231.36,0.4883,50.008
Morning_High,2020-01-10 02:03:00,0.010485,232.365,0.4685,50.0
Morning_High,2020-01-10 02:06:00,0.019787,231.529,0.5546,49.997
Morning_High,2020-01-10 02:09:00,0.018067,230.152,0.5738,49.975
Morning_High,2020-01-10 02:12:00,0.018703,231.668,0.5587,50.002
Morning_High,2020-01-10 02:15:00,0.009999,230.648,0.4804,49.991
Morning_High,2020-01-10 02:18:00,0.008993,230.791,0.4153,49.996
Morning_High,2020-01-10 02:21:00,0.018489,230.065,0.6385,50.023
Morning_High,2020-01-10 02:24:00,0.01419,230.704,0.4771,49.986
Morning_High,2020-01-10 02:27:00,0.012896,231.959,0.4602,49.977
Morning_High,2020-01-10 02:30:00,0.020385,230.677,0.6632,50.005
Morning_High,2020-01-10 02:33:00,0.016703,230.653,0.5804,49.978
Morning_High,2020-01-10 02:36:00,0.01559,231.634,0.5104,50.001
Morning_High,2020-01-10 02:39:00,0.013224,231.788,0.4652,50.0
Morning_High,2020-01-10 02:42:00,0.009006,230.496,0.3964,50.0
Morning_High,2020-01-10 02:45:00,0.012288,229.821,0.4598,49.994
Morning_High,2020-01-10 02:48:00,0.017486,230.234,0.5695,49.999
Morning_High,2020-01-10 02:51:00,0.012172,231.826,0.4366,50.009
Morning_High,2020-01-10 02:54:00,0.015246,230.423,0.5404,49.99
Morning_High,2020-01-10 02:57:00,0.020623,231.227,0.6031,50.018
Morning_High,2020-01-10 03:00:00,0.010747,230.429,0.4658,50.002
Morning_High,2020-01-10 03:03:00,0.018052,230.548,0.5747,49.992
Morning_High,2020-01-10 03:06:00,0.016596,230.204,0.4963,49.989
Morning_High,2020-01-10 03:09:00,0.023508,229.576,0.732,50.017
Morning_High,2020-01-10 03:12:00,0.025227,228.786,0.7595,49.996
Morning_High,2020-01-10 03:15:00,0.019956,230.849,0.6104,49.996
Morning_High,2020-01-10 03:18:00,0.018864,231.096,0.6728,49.991
Morning_High,2020-01-10 03:21:00,0.018224,231.489,0.542,49.995
Morning_High,2020-01-10 03:24:00,0.017,229.396,0.5426,50.005
Morning_High,2020-01-10 03:27:00,0.018063,232.732,0.5576,50.002
Morning_High,2020-01-10 03:30:00,0.016581,231.678,0.5666,49.975
Morning_High,2020-01-10 03:33:00,0.013287,231.305,0.429,49.984
Morning_High,2020-01-10 03:36:00,0.012004,230.317,0.4924,49.974
Morning_High,2020-01-10 03:39:00,0.020933,232.348,0.6468,49.995
Morning_High,2020-01-10 03:42:00,0.015239,230.005,0.5283,49.992
Morning_High,2020-01-10 03:45:00,0.011788,232.006,0.4971,50.031
Morning_High,2020-01-10 03:48:00,0.019593,230.425,0.5815,49.99
Morning_High,2020-01-10 03:51:00,0.015668,231.969,0.5591,50.014
Morning_High,2020-01-10 03:54:00,0.024773,230.802,0.6912,49.996
Morning_High,2020-01-10 03:57:00,0.020662,232.096,0.6106,49.99
Morning_High,2020-01-10 04:00:00,0.020017,230.945,0.5991,49.996
Morning_High,2020-01-10 04:03:00,0.02108,230.352,0.6558,49.993
Morning_High,2020-01-10 04:06:00,0.016637,231.32,0.5554,49.995
Morning_High,2020-01-10 04:09:00,0.022443,229.977,0.6746,49.995
Morning_High,2020-01-10 04:12:00,0.020916,230.349,0.6549,49.996
Morning_High,2020-01-10 04:15:00,0.022118,231.846,0.6757,49.982
Morning_High,2020-01-10 04:18:00,0.024122,229.765,0.7176,49.999
Morning_High,2020-01-10 04:21:00,0.018551,232.96,0.5708,50.003
Morning_High,2020-01-10 04:24:00,0.018294,230.984,0.5991,50.007
Morning_High,2020-01-10 04:27:00,0.018094,230.99,0.5595,49.992
Morning_High,2020-01-10 04:30:00,0.029334,230.381,0.7772,50.005
Morning_High,2020-01-10 04:33:00,0.025509,231.529,0.6733,50.003
Morning_High,2020-01-10 04:36:00,0.021946,231.382,0.6718,49.992
Morning_High,2020-01-10 04:39:00,0.024323,231.273,0.6809,49.984
Morning_High,2020-01-10 04:42:00,0.020533,230.148,0.5947,49.996
Morning_High,2020-01-10 04:45:00,0.021064,230.254,0.6315,49.979
Morning_High,2020-01-10 04:48:00,0.021005,230.959,0.6562,49.992
Morning_High,2020-01-10 04:51:00,0.026299,231.463,0.7779,49.97
Morning_High,2020-01-10 04:54:00,0.035546,231.098,0.9401,49.997
Morning_High,2020-01-10 04:57:00,0.03214,229.777,0.7364,49.985
Morning_High,2020-01-10 05:00:00,0.016069,230.336,0.6336,49.988
Morning_High,2020-01-10 05:03:00,0.034365,229.936,0.8229,49.986
Morning_High,2020-01-10 05:06:00,0.040177,229.855,1.0132,49.997
Morning_High,2020-01-10 05:09:00,0.02497,230.951,0.6636,50.01
Morning_High,2020-01-10 05:12:00,0.030255,229.683,0.7213,49.973
Morning_High,2020-01-10 05:15:00,0.029299,229.194,0.8221,49.986
Morning_High,2020-01-10 05:18:00,0.025463,229.698,0.6763,50.011
Morning_High,2020-01-10 05:21:00,0.025512,228.96,0.6497,50.004
Morning_High,2020-01-10 05:24:00,0.023854,231.113,0.6869,49.984
Morning_High,2020-01-10 05:27:00,0.034183,230.727,0.8802,50.0
Morning_High,2020-01-10 05:30:00,0.020801,230.902,0.6796,49.992
Morning_High,2020-01-10 05:33:00,0.03664,229.018,0.9022,49.973
Morning_High,2020-01-10 05:36:00,0.039245,228.966,0.8987,49.994
Morning_High,2020-01-10 05:39:00,0.040246,229.901,0.9991,49.991
Morning_High,2020-01-10 05:42:00,0.038208,230.151,0.9058,49.965
Morning_High,2020-01-10 05:45:00,0.041122,229.778,0.9908,49.987
Morning_High,2020-01-10 05:48:00,0.034174,231.092,0.8601,49.992
Morning_High,2020-01-10 05:51:00,0.044547,229.981,1.1513,49.975
Morning_High,2020-01-10 05:54:00,0.050131,229.03,1.1639,49.987
Morning_High,2020-01-10 05:57:00,0.032108,229.98,0.799,50.007
Morning_High,2020-01-10 06:00:00,0.052094,228.832,1.1297,49.999
Morning_High,2020-01-10 06:03:00,0.041768,228.785,0.9668,49.994
Morning_High,2020-01-10 06:06:00,0.046643,230.331,1.0752,49.981
Morning_High,2020-01-10 06:09:00,0.046441,228.982,1.0963,49.989
Morning_High,2020-01-10 06:12:00,0.057092,227.985,1.326,49.986
Morning_High,2020-01-10 06:15:00,0.035714,230.62,0.8685,49.977
Morning_High,2020-01-10 06:18:00,0.028068,230.152,0.7654,49.975
Morning_High,2020-01-10 06:21:00,0.05301,227.495,1.1992,49.987
Morning_High,2020-01-10 06:24:00,0.052104,228.778,1.1687,49.976
Morning_High,2020-01-10 06:27:00,0.049139,228.591,1.1245,49.977
Morning_High,2020-01-10 06:30:00,0.035148,229.498,0.8775,49.995
Morning_High,2020-01-10 06:33:00,0.044108,229.612,0.9921,49.979
Morning_High,2020-01-10 06:36:00,0.0396,229.63,0.9458,49.98
Morning_High,2020-01-10 06:39:00,0.046319,228.381,1.0405,49.967
Morning_High,2020-01-10 06:42:00,0.070663,229.199,1.5633,50.002
Morning_High,2020-01-10 06:45:00,0.069198,228.399,1.4971,49.974
Morning_High,2020-01-10 06:48:00,0.071102,228.873,1.491,49.991
Morning_High,2020-01-10 06:51:00,0.039919,228.659,0.9879,49.985
Morning_High,2020-01-10 06:54:00,0.053568,229.084,1.2351,49.997
Morning_High,2020-01-10 06:57:00,0.048072,227.619,1.0848,49.969
Morning_High,2020-01-10 07:00:00,0.068299,228.298,1.4377,49.974
Morning_High,2020-01-10 07:03:00,0.05083,229.428,1.1532,49.969
Morning_High,2020-01-10 07:06:00,0.059341,228.566,1.3088,49.996
Morning_High,2020-01-10 07:09:00,0.039586,229.978,0.967,49.995
Morning_High,2020-01-10 07:12:00,0.050777,228.006,1.1632,49.986
Morning_High,2020-01-10 07:15:00,0.058866,228.463,1.2524,49.992
Morning_High,2020-01-10 07:18:00,0.060311,228.024,1.3802,49.987
Morning_High,2020-01-10 07:21:00,0.058359,228.45,1.2518,49.988
Morning_High,2020-01-10 07:24:00,0.035276,230.421,0.9256,49.98
Morning_High,2020-01-10 07:27:00,0.042225,230.269,0.9987,49.988
Morning_High,2020-01-10 07:30:00,0.060084,230.348,1.2936,49.98
Morning_High,2020-01-10 07:33:00,0.0509,227.716,1.1493,50.0
Morning_High,2020-01-10 07:36:00,0.041623,229.834,0.9854,50.005
Morning_High,2020-01-10 07:39:00,0.055204,228.587,1.2228,49.989
Morning_High,2020-01-10 07:42:00,0.083527,225.791,1.7738,49.989
Morning_High,2020-01-10 07:45:00,0.05422,229.941,1.1855,49.982
Morning_High,2020-01-10 07:48:00,0.058376,227.223,1.3104,49.969
Morning_High,2020-01-10 07:51:00,0.065197,228.071,1.4735,49.999
Morning_High,2020-01-10 07:54:00,0.067188,228.702,1.4619,49.973
Morning_High,2020-01-10 07:57:00,0.040697,229.278,1.0425,50.017
Morning_High,2020-01-10 08:00:00,0.062414,228.652,1.4481,49.968
Morning_High,2020-01-10 08:03:00,0.065993,228.941,1.4743,49.952
Morning_High,2020-01-10 08:06:00,0.077545,227.446,1.6379,49.973
Morning_High,2020-01-10 08:09:00,0.052405,229.464,1.1615,49.998
Morning_High,2020-01-10 08:12:00,0.069554,227.05,1.5393,49.972
Morning_High,2020-01-10 08:15:00,0.038239,229.981,0.9421,50.017
Morning_High,2020-01-10 08:18:00,0.049915,228.593,1.1689,50.003
Morning_High,2020-01-10 08:21:00,0.074291,227.5,1.5395,49.978
Morning_High,2020-01-10 08:24:00,0.050226,229.221,1.1329,49.974
Morning_High,2020-01-10 08:27:00,0.053127,228.413,1.264,49.974
Morning_High,2020-01-10 08:30:00,0.040583,229.875,1.0019,50.0
Morning_High,2020-01-10 08:33:00,0.058394,228.484,1.3418,49.972
Morning_High,2020-01-10 08:36:00,0.058698,230.577,1.3097,49.99
Morning_High,2020-01-10 08:39:00,0.07949,226.312,1.698,49.982
Morning_High,2020-01-10 08:42:00,0.056477,228.262,1.2786,49.981
Morning_High,2020-01-10 08:45:00,0.059559,227.97,1.3575,49.977
Morning_High,2020-01-10 08:48:00,0.056626,227.548,1.2902,49.999
Morning_High,2020-01-10 08:51:00,0.042803,229.798,1.0219,49.985
Morning_High,2020-01-10 08:54:00,0.066094,227.935,1.4135,49.978
Morning_High,2020-01-10 08:57:00,0.065109,227.969,1.376,49.978
Morning_High,2020-01-10 09:00:00,0.043061,230.152,1.0509,49.984
Morning_High,2020-01-10 09:03:00,0.059011,228.674,1.2662,49.984
Morning_High,2020-01-10 09:06:00,0.045604,229.53,1.0335,49.976
Morning_High,2020-01-10 09:09:00,0.057872,227.07,1.3742,49.987
Morning_High,2020-01-10 09:12:00,0.06503,227.771,1.4249,49.993
Morning_High,2020-01-10 09:15:00,0.054736,228.476,1.2109,49.979
Morning_High,2020-01-10 09:18:00,0.049679,227.736,1.1334,49.972
Morning_High,2020-01-10 09:21:00,0.054746,228.677,1.2332,49.969
Morning_High,2020-01-10 09:24:00,0.038701,231.165,0.9407,49.993
Morning_High,2020-01-10 09:27:00,0.071177,228.374,1.4744,49.972
Morning_High,2020-01-10 09:30:00,0.039606,229.96,0.9861,49.992
Morning_High,2020-01-10 09:33:00,0.055585,227.632,1.1762,49.981
Morning_High,2020-01-10 09:36:00,0.050726,228.157,1.1738,49.983
Morning_High,2020-01-10 09:39:00,0.051859,229.457,1.2012,50.003
Morning_High,2020-01-10 09:42:00,0.041226,229.105,0.9521,50.002
Morning_High,2020-01-10 09:45:00,0.039274,228.998,1.0379,49.993
Morning_High,2020-01-10 09:48:00,0.034338,231.614,0.8876,49.989
Morning_High,2020-01-10 09:51:00,0.037013,230.879,0.9364,49.985
Morning_High,2020-01-10 09:54:00,0.029151,231.048,0.8295,49.984
Morning_High,2020-01-10 09:57:00,0.042674,229.394,1.0451,50.011
Morning_High,2020-01-10 10:00:00,0.054085,228.985,1.2318,49.997
Morning_High,2020-01-10 10:03:00,0.055646,228.36,1.2256,49.992
Morning_High,2020-01-10 10:06:00,0.034081,229.607,0.845,49.967
Morning_High,2020-01-10 10:09:00,0.043029,228.576,1.0569,49.992
Morning_High,2020-01-10 10:12:00,0.04641,229.115,1.0701,49.987
Morning_High,2020-01-10 10:15:00,0.041281,230.058,0.9473,49.97
Morning_High,2020-01-10 10:18:00,0.03316,230.078,0.8177,49.979
Morning_High,2020-01-10 10:21:00,0.042727,229.16,0.9958,50.002
Morning_High,2020-01-10 10:24:00,0.04762,229.246,1.0861,49.986
Morning_High,2020-01-10 10:27:00,0.031616,228.96,0.7733,49.993
Morning_High,2020-01-10 10:30:00,0.032403,229.079,0.8497,49.994
Morning_High,2020-01-10 10:33:00,0.022717,231.712,0.7014,50.002
Morning_High,2020-01-10 10:36:00,0.033878,228.933,0.8299,49.976
Morning_High,2020-01-10 10:39:00,0.042261,230.126,1.0681,49.976
Morning_High,2020-01-10 10:42:00,0.026407,231.272,0.7,49.973
Morning_High,2020-01-10 10:45:00,0.039197,231.391,0.9462,49.99
Morning_High,2020-01-10 10:48:00,0.026037,229.163,0.7315,49.974
Morning_High,2020-01-10 10:51:00,0.029048,230.819,0.7601,50.003
Morning_High,2020-01-10 10:54:00,0.034836,230.763,0.9221,49.993
Morning_High,2020-01-10 10:57:00,0.034818,229.826,0.8906,49.999
Morning_High,2020-01-10 11:00:00,0.019527,230.555,0.5905,49.992
Morning_High,2020-01-10 11:03:00,0.028406,230.412,0.7764,49.981
Morning_High,2020-01-10 11:06:00,0.028308,230.084,0.817,49.998
Morning_High,2020-01-10 11:09:00,0.019539,231.022,0.6112,49.991
Morning_High,2020-01-10 11:12:00,0.024839,230.04,0.7519,49.986
Morning_High,2020-01-10 11:15:00,0.031713,229.477,0.7655,50.008
Morning_High,2020-01-10 11:18:00,0.023183,230.969,0.7061,50.0
Morning_High,2020-01-10 11:21:00,0.026144,229.422,0.6777,49.995
Morning_High,2020-01-10 11:24:00,0.014685,229.586,0.5761,49.984
Morning_High,2020-01-10 11:27:00,0.027857,229.612,0.7668,50.021
Morning_High,2020-01-10 11:30:00,0.019411,231.147,0.5876,49.978
Morning_High,2020-01-10 11:33:00,0.023048,230.413,0.6923,50.004
Morning_High,2020-01-10 11:36:00,0.025517,229.961,0.6525,49.995
Morning_High,2020-01-10 11:39:00,0.021815,230.709,0.6853,50.002
Morning_High,2020-01-10 11:42:00,0.019463,230.755,0.5815,50.004
Morning_High,2020-01-10 11:45:00,0.017434,230.578,0.5203,50.001
Morning_High,2020-01-10 11:48:00,0.017058,229.898,0.5361,49.995
Morning_High,2020-01-10 11:51:00,0.014816,231.68,0.4826,49.996
Morning_High,2020-01-10 11:54:00,0.016385,231.559,0.6102,49.981
Morning_High,2020-01-10 11:57:00,0.018906,231.351,0.5831,49.969
Morning_High,2020-01-10 12:00:00,0.023744,229.903,0.6216,49.983
Morning_High,2020-01-10 12:03:00,0.02532,230.665,0.7461,49.993
Morning_High,2020-01-10 12:06:00,0.017172,233.471,0.5551,49.989
Morning_High,2020-01-10 12:09:00,0.017202,231.337,0.5055,49.998
Morning_High,2020-01-10 12:12:00,0.019681,232.265,0.6059,49.989
Morning_High,2020-01-10 12:15:00,0.020075,231.882,0.5938,49.988
Morning_High,2020-01-10 12:18:00,0.022309,230.974,0.699,49.994
Morning_High,2020-01-10 12:21:00,0.026342,231.23,0.6912,49.999
Morning_High,2020-01-10 12:24:00,0.017826,231.195,0.6389,49.987
Morning_High,2020-01-10 12:27:00,0.02036,229.211,0.5622,50.002
Morning_High,2020-01-10 12:30:00,0.013553,230.179,0.4492,50.015
Morning_High,2020-01-10 12:33:00,0.015867,231.243,0.4913,49.993
Morning_High,2020-01-10 12:36:00,0.015076,231.22,0.5304,49.992
Morning_High,2020-01-10 12:39:00,0.016499,231.478,0.5115,50.001
Morning_High,2020-01-10 12:42:00,0.015855,230.872,0.5677,50.003
Morning_High,2020-01-10 12:45:00,0.012385,229.913,0.5055,50.005
Morning_High,2020-01-10 12:48:00,0.016873,230.996,0.5481,50.004
Morning_High,2020-01-10 12:51:00,0.015173,231.381,0.4804,49.997
Morning_High,2020-01-10 12:54:00,0.018926,231.025,0.5886,49.997
Morning_High,2020-01-10 12:57:00,0.011938,230.141,0.4409,50.009
Morning_High,2020-01-10 13:00:00,0.015089,231.697,0.5329,49.999
Morning_High,2020-01-10 13:03:00,0.016516,230.517,0.506,49.979
Morning_High,2020-01-10 13:06:00,0.018698,230.464,0.4936,49.988
Morning_High,2020-01-10 13:09:00,0.020353,230.685,0.6706,50.007
Morning_High,2020-01-10 13:12:00,0.014983,232.19,0.5266,49.992
Morning_High,2020-01-10 13:15:00,0.015887,232.322,0.5916,49.979
Morning_High,2020-01-10 13:18:00,0.020367,230.958,0.6956,50.007
Morning_High,2020-01-10 13:21:00,0.01607,230.606,0.5549,50.008
Morning_High,2020-01-10 13:24:00,0.0141,230.848,0.4842,49.998
Morning_High,2020-01-10 13:27:00,0.01378,230.71,0.5774,50.0
Morning_High,2020-01-10 13:30:00,0.021,229.553,0.6491,49.989
Morning_High,2020-01-10 13:33:00,0.023379,231.58,0.5764,50.001
Morning_High,2020-01-10 13:36:00,0.02159,230.819,0.6518,49.988
Morning_High,2020-01-10 13:39:00,0.016139,230.393,0.5503,49.993
Morning_High,2020-01-10 13:42:00,0.016665,231.988,0.5079,49.988
Morning_High,2020-01-10 13:45:00,0.014304,232.084,0.5364,50.008
Morning_High,2020-01-10 13:48:00,0.021168,229.36,0.5785,49.997
Morning_High,2020-01-10 13:51:00,0.015094,231.476,0.4726,49.998
Morning_High,2020-01-10 13:54:00,0.014665,232.365,0.5547,49.997
Morning_High,2020-01-10 13:57:00,0.01345,232.895,0.4973,49.977
Morning_High,2020-01-10 14:00:00,0.013299,234.451,0.511,49.974
Morning_High,2020-01-10 14:03:00,0.007569,230.556,0.3706,49.995
Morning_High,2020-01-10 14:06:00,0.015842,229.845,0.4949,50.014
Morning_High,2020-01-10 14:09:00,0.013909,231.295,0.4777,49.998
Morning_High,2020-01-10 14:12:00,0.021304,229.371,0.6128,49.987
Morning_High,2020-01-10 14:15:00,0.014496,230.261,0.5087,50.021
Morning_High,2020-01-10 14:18:00,0.016325,230.954,0.5201,49.988
Morning_High,2020-01-10 14:21:00,0.01197,230.517,0.4384,50.01
Morning_High,2020-01-10 14:24:00,0.015694,231.416,0.4956,50.005
Morning_High,2020-01-10 14:27:00,0.012837,230.612,0.4666,49.995
Morning_High,2020-01-10 14:30:00,0.016514,229.905,0.5143,49.982
Morning_High,2020-01-10 14:33:00,0.014361,231.044,0.5135,49.991
Morning_High,2020-01-10 14:36:00,0.016746,231.555,0.4781,49.989
Morning_High,2020-01-10 14:39:00,0.019989,230.586,0.6293,49.989
Morning_High,2020-01-10 14:42:00,0.017957,231.264,0.6358,49.994
Morning_High,2020-01-10 14:45:00,0.010912,230.949,0.4146,50.003
Morning_High,2020-01-10 14:48:00,0.015126,231.135,0.5802,49.985
Morning_High,2020-01-10 14:51:00,0.015958,232.541,0.473,49.984
Morning_High,2020-01-10 14:54:00,0.011007,231.867,0.4391,50.021
Morning_High,2020-01-10 14:57:00,0.018699,230.094,0.5378,50.007
Morning_High,2020-01-10 15:00:00,0.013059,230.757,0.4777,49.985
Morning_High,2020-01-10 15:03:00,0.017418,231.86,0.5314,49.98
Morning_High,2020-01-10 15:06:00,0.009608,231.0,0.4067,50.001
Morning_High,2020-01-10 15:09:00,0.017881,230.971,0.579,50.005
Morning_High,2020-01-10 15:12:00,0.01525,232.158,0.4825,50.0
Morning_High,2020-01-10 15:15:00,0.014172,232.641,0.5319,49.993
Morning_High,2020-01-10 15:18:00,0.015489,230.919,0.4756,50.002
Morning_High,2020-01-10 15:21:00,0.011687,231.063,0.465,49.999
Morning_High,2020-01-10 15:24:00,0.014725,230.303,0.4914,49.991
Morning_High,2020-01-10 15:27:00,0.021483,231.058,0.6412,49.997
Morning_High,2020-01-10 15:30:00,0.013024,233.067,0.4735,49.993
Morning_High,2020-01-10 15:33:00,0.011396,231.885,0.4117,49.981
Morning_High,2020-01-10 15:36:00,0.012918,232.741,0.5023,50.002
Morning_High,2020-01-10 15:39:00,0.018432,231.237,0.6583,50.004
Morning_High,2020-01-10 15:42:00,0.010937,229.854,0.4769,49.994
Morning_High,2020-01-10 15:45:00,0.020301,231.598,0.5739,50.0
Morning_High,2020-01-10 15:48:00,0.011664,231.535,0.4576,49.998
Morning_High,2020-01-10 15:51:00,0.018,231.604,0.5925,49.975
Morning_High,2020-01-10 15:54:00,0.014606,229.793,0.5177,49.995
Morning_High,2020-01-10 15:57:00,0.017448,230.36,0.5559,50.007
Morning_High,2020-01-10 16:00:00,0.018514,230.563,0.5782,50.011
Morning_High,2020-01-10 16:03:00,0.010141,230.286,0.4128,50.004
Morning_High,2020-01-10 16:06:00,0.019544,229.435,0.6109,49.98
Morning_High,2020-01-10 16:09:00,0.017205,231.239,0.6016,49.99
Morning_High,2020-01-10 16:12:00,0.018996,229.578,0.5573,49.99
Morning_High,2020-01-10 16:15:00,0.009145,230.36,0.3999,49.987
Morning_High,2020-01-10 16:18:00,0.020044,230.762,0.6128,49.995
Morning_High,2020-01-10 16:21:00,0.013365,231.881,0.449,49.996
Morning_High,2020-01-10 16:24:00,0.020323,230.135,0.6773,49.998
Morning_High,2020-01-10 16:27:00,0.012748,231.411,0.4043,49.987
Morning_High,2020-01-10 16:30:00,0.016168,231.965,0.5407,49.988
Morning_High,2020-01-10 16:33:00,0.01375,230.35,0.4893,49.998
Morning_High,2020-01-10 16:36:00,0.02006,229.643,0.6565,50.0
Morning_High,2020-01-10 16:39:00,0.015014,232.7,0.5621,50.004
Morning_High,2020-01-10 16:42:00,0.022308,230.727,0.6192,49.999
Morning_High,2020-01-10 16:45:00,0.01661,231.446,0.5662,49.989
Morning_High,2020-01-10 16:48:00,0.017029,230.86,0.5445,50.001
Morning_High,2020-01-10 16:51:00,0.020109,230.465,0.5743,49.975
Morning_High,2020-01-10 16:54:00,0.013749,230.781,0.5268,49.996
Morning_High,2020-01-10 16:57:00,0.020028,232.874,0.5617,49.977
Morning_High,2020-01-10 17:00:00,0.009631,231.9,0.4015,49.998
Morning_High,2020-01-10 17:03:00,0.017118,231.783,0.5967,49.993
Morning_High,2020-01-10 17:06:00,0.01694,231.614,0.5561,49.974
Morning_High,2020-01-10 17:09:00,0.024773,230.256,0.7289,49.98
Morning_High,2020-01-10 17:12:00,0.016593,231.29,0.5529,50.023
Morning_High,2020-01-10 17:15:00,0.020608,229.689,0.6066,49.979
Morning_High,2020-01-10 17:18:00,0.02232,230.628,0.6466,49.968
Morning_High,2020-01-10 17:21:00,0.020774,230.169,0.5993,49.983
Morning_High,2020-01-10 17:24:00,0.015212,232.525,0.502,50.005
Morning_High,2020-01-10 17:27:00,0.01084,231.852,0.4645,50.004
Morning_High,2020-01-10 17:30:00,0.012494,231.717,0.4393,50.007
Morning_High,2020-01-10 17:33:00,0.021815,229.964,0.6539,49.989
Morning_High,2020-01-10 17:36:00,0.015025,232.547,0.5713,49.99
Morning_High,2020-01-10 17:39:00,0.01604,231.166,0.5469,50.013
Morning_High,2020-01-10 17:42:00,0.015054,230.264,0.5278,49.997
Morning_High,2020-01-10 17:45:00,0.028427,229.253,0.7664,49.99
Morning_High,2020-01-10 17:48:00,0.019575,231.394,0.5411,49.994
Morning_High,2020-01-10 17:51:00,0.023468,229.952,0.6967,50.018
Morning_High,2020-01-10 17:54:00,0.012523,232.336,0.5528,50.0
Morning_High,2020-01-10 17:57:00,0.013519,230.9,0.5097,49.984
Morning_High,2020-01-10 18:00:00,0.013218,231.154,0.505,49.997
Morning_High,2020-01-10 18:03:00,0.028687,231.096,0.7789,49.981
Morning_High,2020-01-10 18:06:00,0.012211,231.213,0.465,49.988
Morning_High,2020-01-10 18:09:00,0.022266,230.274,0.6053,49.99
Morning_High,2020-01-10 18:12:00,0.017015,230.45,0.5702,50.011
Morning_High,2020-01-10 18:15:00,0.012256,231.678,0.4441,50.013
Morning_High,2020-01-10 18:18:00,0.01862,230.692,0.6232,49.998
Morning_High,2020-01-10 18:21:00,0.022489,231.243,0.6173,49.981
Morning_High,2020-01-10 18:24:00,0.021762,231.146,0.6669,50.002
Morning_High,2020-01-10 18:27:00,0.02545,229.125,0.7134,49.995
Morning_High,2020-01-10 18:30:00,0.028782,230.366,0.782,50.003
Morning_High,2020-01-10 18:33:00,0.020651,230.373,0.6544,49.997
Morning_High,2020-01-10 18:36:00,0.018901,231.083,0.5445,50.007
Morning_High,2020-01-10 18:39:00,0.02687,230.588,0.7107,49.987
Morning_High,2020-01-10 18:42:00,0.02422,231.267,0.6399,49.99
Morning_High,2020-01-10 18:45:00,0.019683,230.98,0.566,49.975
Morning_High,2020-01-10 18:48:00,0.023332,230.626,0.6868,49.998
Morning_High,2020-01-10 18:51:00,0.03544,231.581,0.8931,49.973
Morning_High,2020-01-10 18:54:00,0.02573,230.318,0.7187,49.997
Morning_High,2020-01-10 18:57:00,0.02878,231.604,0.746,50.013
Morning_High,2020-01-10 19:00:00,0.021993,230.566,0.6184,49.992
Morning_High,2020-01-10 19:03:00,0.021614,230.933,0.6619,49.99
Morning_High,2020-01-10 19:06:00,0.020487,230.275,0.6455,49.977
Morning_High,2020-01-10 19:09:00,0.022794,231.387,0.655,49.98
Morning_High,2020-01-10 19:12:00,0.030728,229.917,0.823,49.969
Morning_High,2020-01-10 19:15:00,0.02618,230.75,0.6801,49.987
Morning_High,2020-01-10 19:18:00,0.022453,230.505,0.587,50.002
Morning_High,2020-01-10 19:21:00,0.022974,230.284,0.6567,49.994
Morning_High,2020-01-10 19:24:00,0.022973,231.36,0.6749,49.992
Morning_High,2020-01-10 19:27:00,0.028721,231.276,0.8414,49.98
Morning_High,2020-01-10 19:30:00,0.032178,229.981,0.8114,49.991
Morning_High,2020-01-10 19:33:00,0.016226,231.53,0.5275,49.989
Morning_High,2020-01-10 19:36:00,0.017691,232.743,0.5662,49.987
Morning_High,2020-01-10 19:39:00,0.021667,230.101,0.5859,50.0
Morning_High,2020-01-10 19:42:00,0.024391,230.742,0.6729,49.984
Morning_High,2020-01-10 19:45:00,0.020512,230.527,0.6705,49.98
Morning_High,2020-01-10 19:48:00,0.021536,228.283,0.663,49.991
Morning_High,2020-01-10 19:51:00,0.033447,229.804,0.8652,49.985
Morning_High,2020-01-10 19:54:00,0.028791,229.732,0.748,49.99
Morning_High,2020-01-10 19:57:00,0.028756,229.407,0.7304,49.982
Morning_High,2020-01-10 20:00:00,0.022545,230.922,0.6295,49.982
Morning_High,2020-01-10 20:03:00,0.026576,230.16,0.74,50.007
Morning_High,2020-01-10 20:06:00,0.031348,230.064,0.8442,49.964
Morning_High,2020-01-10 20:09:00,0.015233,230.615,0.5127,49.996
Morning_High,2020-01-10 20:12:00,0.018063,230.675,0.6457,49.974
Morning_High,2020-01-10 20:15:00,0.027412,230.04,0.7521,49.973
Morning_High,2020-01-10 20:18:00,0.023858,231.431,0.6442,49.988
Morning_High,2020-01-10 20:21:00,0.017699,230.584,0.6047,49.988
Morning_High,2020-01-10 20:24:00,0.020545,230.837,0.6293,49.999
Morning_High,2020-01-10 20:27:00,0.015888,230.757,0.5326,49.993
Morning_High,2020-01-10 20:30:00,0.026501,230.813,0.7447,49.994
Morning_High,2020-01-10 20:33:00,0.022038,231.493,0.6376,49.999
Morning_High,2020-01-10 20:36:00,0.027921,231.083,0.8042,49.989
Morning_High,2020-01-10 20:39:00,0.019851,231.303,0.6029,50.005
Morning_High,2020-01-10 20:42:00,0.030348,229.944,0.889,49.987
Morning_High,2020-01-10 20:45:00,0.025213,232.334,0.6901,49.983
Morning_High,2020-01-10 20:48:00,0.026229,230.75,0.7135,49.986
Morning_High,2020-01-10 20:51:00,0.018292,231.637,0.6118,50.004
Morning_High,2020-01-10 20:54:00,0.018723,230.93,0.5896,49.993
Morning_High,2020-01-10 20:57:00,0.022497,230.362,0.6681,49.992
Morning_High,2020-01-10 21:00:00,0.022017,230.988,0.5686,49.991
Morning_High,2020-01-10 21:03:00,0.020458,231.324,0.5786,49.973
Morning_High,2020-01-10 21:06:00,0.020449,229.327,0.6169,49.98
Morning_High,2020-01-10 21:09:00,0.026069,230.682,0.7263,49.995
Morning_High,2020-01-10 21:12:00,0.024187,231.071,0.6034,50.008
Morning_High,2020-01-10 21:15:00,0.011959,231.592,0.4883,50.005
Morning_High,2020-01-10 21:18:00,0.02824,229.392,0.792,50.001
Morning_High,2020-01-10 21:21:00,0.023984,230.197,0.6309,49.976
Morning_High,2020-01-10 21:24:00,0.024677,230.818,0.6874,50.001
Morning_High,2020-01-10 21:27:00,0.021807,230.549,0.6099,49.997
Morning_High,2020-01-10 21:30:00,0.017627,231.026,0.6166,49.95
Morning_High,2020-01-10 21:33:00,0.02179,230.704,0.6153,49.987
Morning_High,2020-01-10 21:36:00,0.026707,230.448,0.7204,49.981
Morning_High,2020-01-10 21:39:00,0.026015,231.208,0.7052,49.978
Morning_High,2020-01-10 21:42:00,0.021797,230.228,0.6414,50.011
Morning_High,2020-01-10 21:45:00,0.014857,232.097,0.5294,49.999
Morning_High,2020-01-10 21:48:00,0.026471,230.795,0.6759,49.986
Morning_High,2020-01-10 21:51:00,0.030357,231.005,0.8041,49.993
Morning_High,2020-01-10 21:54:00,0.031649,230.08,0.8823,49.983
Morning_High,2020-01-10 21:57:00,0.026168,231.37,0.7114,50.012
Morning_High,2020-01-10 22:00:00,0.016186,230.84,0.5936,49.999
Morning_High,2020-01-10 22:03:00,0.024287,230.771,0.6114,49.992
Morning_High,2020-01-10 22:06:00,0.02702,231.675,0.691,49.973
Morning_High,2020-01-10 22:09:00,0.019584,231.599,0.6248,49.994
Morning_High,2020-01-10 22:12:00,0.018608,231.316,0.5752,49.991
Morning_High,2020-01-10 22:15:00,0.019375,230.446,0.5857,49.982
Morning_High,2020-01-10 22:18:00,0.026365,230.565,0.7458,49.981
Morning_High,2020-01-10 22:21:00,0.021619,231.398,0.5941,49.992
Morning_High,2020-01-10 22:24:00,0.019938,231.409,0.6337,49.975
Morning_High,2020-01-10 22:27:00,0.018147,228.516,0.5718,49.999
Morning_High,2020-01-10 22:30:00,0.016715,229.819,0.5777,49.99
Morning_High,2020-01-10 22:33:00,0.023113,230.497,0.6291,49.997
Morning_High,2020-01-10 22:36:00,0.023671,228.716,0.6643,49.968
Morning_High,2020-01-10 22:39:00,0.017506,232.164,0.4716,49.966
Morning_High,2020-01-10 22:42:00,0.022291,231.775,0.6049,49.991
Morning_High,2020-01-10 22:45:00,0.021077,232.558,0.6221,49.965
Morning_High,2020-01-10 22:48:00,0.014339,231.434,0.4985,49.995
Morning_High,2020-01-10 22:51:00,0.016226,231.301,0.5432,49.979
Morning_High,2020-01-10 22:54:00,0.022035,231.277,0.6334,49.986
Morning_High,2020-01-10 22:57:00,0.017048,230.791,0.5717,49.983
Morning_High,2020-01-10 23:00:00,0.013521,230.119,0.4972,49.98
Morning_High,2020-01-10 23:03:00,0.017861,231.631,0.5488,50.004
Morning_High,2020-01-10 23:06:00,0.012228,231.236,0.4497,49.984
Morning_High,2020-01-10 23:09:00,0.019822,231.061,0.6811,49.962
Morning_High,2020-01-10 23:12:00,0.018489,231.571,0.5477,49.983
Morning_High,2020-01-10 23:15:00,0.019262,230.623,0.6001,49.998
Morning_High,2020-01-10 23:18:00,0.023869,231.058,0.6814,49.977
Morning_High,2020-01-10 23:21:00,0.014391,230.718,0.4857,49.997
Morning_High,2020-01-10 23:24:00,0.016339,231.03,0.571,50.012
Morning_High,2020-01-10 23:27:00,0.019616,229.444,0.6097,50.003
Morning_High,2020-01-10 23:30:00,0.013493,232.603,0.536,49.99
Morning_High,2020-01-10 23:33:00,0.028554,230.183,0.7747,49.988
Morning_High,2020-01-10 23:36:00,0.022429,230.905,0.66,49.976
Morning_High,2020-01-10 23:39:00,0.018432,231.774,0.6027,49.987
Morning_High,2020-01-10 23:42:00,0.019518,230.084,0.5575,49.983
Morning_High,2020-01-10 23:45:00,0.013103,233.288,0.4894,50.0
Morning_High,2020-01-10 23:48:00,0.016009,231.013,0.5961,49.999
Morning_High,2020-01-10 23:51:00,0.017509,231.18,0.5698,49.989
Morning_High,2020-01-10 23:54:00,0.017203,228.712,0.6016,49.982
Morning_High,2020-01-10 23:57:00,0.011044,231.018,0.3803,49.996
Morning_High,2020-01-11 00:00:00,0.018375,230.065,0.5507,49.995
Morning_High,2020-01-11 00:03:00,0.018336,229.263,0.5368,49.997
Morning_High,2020-01-11 00:06:00,0.016063,230.612,0.5609,50.002
Morning_High,2020-01-11 00:09:00,0.019321,230.982,0.6036,50.008
Morning_High,2020-01-11 00:12:00,0.025614,231.936,0.691,49.986
Morning_High,2020-01-11 00:15:00,0.008181,231.005,0.5109,50.011
Morning_High,2020-01-11 00:18:00,0.01305,230.477,0.4795,49.986
Morning_High,2020-01-11 00:21:00,0.013532,231.891,0.5535,50.021
Morning_High,2020-01-11 00:24:00,0.013605,232.614,0.5136,50.0
Morning_High,2020-01-11 00:27:00,0.01909,230.317,0.5836,49.986
Morning_High,2020-01-11 00:30:00,0.017106,230.705,0.5262,49.989
Morning_High,2020-01-11 00:33:00,0.008071,231.824,0.3308,49.996
Morning_High,2020-01-11 00:36:00,0.01986,230.333,0.6497,49.987
Morning_High,2020-01-11 00:39:00,0.022436,229.479,0.65,49.994
Morning_High,2020-01-11 00:42:00,0.013627,231.736,0.4815,50.006
Morning_High,2020-01-11 00:45:00,0.019748,231.252,0.6392,49.995
Morning_High,2020-01-11 00:48:00,0.012755,229.945,0.4253,49.999
Morning_High,2020-01-11 00:51:00,0.01893,230.991,0.5891,49.983
Morning_High,2020-01-11 00:54:00,0.019576,229.856,0.5761,49.989
Morning_High,2020-01-11 00:57:00,0.010913,229.369,0.4249,50.009
Morning_High,2020-01-11 01:00:00,0.013994,231.461,0.4948,49.987
Morning_High,2020-01-11 01:03:00,0.011215,230.249,0.4344,49.997
Morning_High,2020-01-11 01:06:00,0.021036,228.998,0.6736,50.005
Morning_High,2020-01-11 01:09:00,0.019164,230.136,0.631,49.977
Morning_High,2020-01-11 01:12:00,0.016904,231.116,0.5561,49.998
Morning_High,2020-01-11 01:15:00,0.012153,231.282,0.4318,49.992
Morning_High,2020-01-11 01:18:00,0.015479,232.144,0.5015,50.012
Morning_High,2020-01-11 01:21:00,0.015701,231.606,0.5166,49.991
Morning_High,2020-01-11 01:24:00,0.021981,232.203,0.6332,50.01
Morning_High,2020-01-11 01:27:00,0.005573,230.816,0.3209,49.999
Morning_High,2020-01-11 01:30:00,0.009908,230.888,0.4463,49.988
Morning_High,2020-01-11 01:33:00,0.017561,230.346,0.5748,49.982
Morning_High,2020-01-11 01:36:00,0.019916,230.441,0.6874,49.992
Morning_High,2020-01-11 01:39:00,0.016745,232.396,0.4793,49.99
Morning_High,2020-01-11 01:42:00,0.011394,230.678,0.4364,49.993
Morning_High,2020-01-11 01:45:00,0.01301,231.478,0.4873,49.998
Morning_High,2020-01-11 01:48:00,0.01542,232.436,0.5369,49.985
Morning_High,2020-01-11 01:51:00,0.022782,229.474,0.6176,50.012
Morning_High,2020-01-11 01:54:00,0.014968,230.568,0.5371,49.999
Morning_High,2020-01-11 01:57:00,0.013566,231.489,0.5389,50.009
Morning_High,2020-01-11 02:00:00,0.019066,232.854,0.5643,49.986
Morning_High,2020-01-11 02:03:00,0.016727,231.688,0.5993,49.982
Morning_High,2020-01-11 02:06:00,0.016152,230.331,0.4877,49.997
Morning_High,2020-01-11 02:09:00,0.025358,231.065,0.6795,49.998
Morning_High,2020-01-11 02:12:00,0.012302,230.381,0.4554,49.998
Morning_High,2020-01-11 02:15:00,0.009663,231.489,0.4189,49.993
Morning_High,2020-01-11 02:18:00,0.023148,231.328,0.67,49.995
Morning_High,2020-01-11 02:21:00,0.018997,231.133,0.5613,49.979
Morning_High,2020-01-11 02:24:00,0.022406,230.41,0.6303,49.991
Morning_High,2020-01-11 02:27:00,0.019301,232.034,0.6203,49.965
Morning_High,2020-01-11 02:30:00,0.011479,232.089,0.515,49.992
Morning_High,2020-01-11 02:33:00,0.019553,230.199,0.6503,49.998
Morning_High,2020-01-11 02:36:00,0.024683,230.423,0.6834,49.99
Morning_High,2020-01-11 02:39:00,0.00937,231.927,0.4279,49.998
Morning_High,2020-01-11 02:42:00,0.016264,232.366,0.5165,49.971
Morning_High,2020-01-11 02:45:00,0.01967,230.02,0.5829,49.995
Morning_High,2020-01-11 02:48:00,0.018934,232.633,0.5598,49.975
Morning_High,2020-01-11 02:51:00,0.01365,230.684,0.5452,49.989
Morning_High,2020-01-11 02:54:00,0.016387,232.096,0.495,49.994
Morning_High,2020-01-11 02:57:00,0.020584,230.363,0.6027,49.977
Morning_High,2020-01-11 03:00:00,0.020754,230.676,0.6851,50.01
Morning_High,2020-01-11 03:03:00,0.017921,230.682,0.5245,50.001
Morning_High,2020-01-11 03:06:00,0.016938,231.276,0.6084,49.964
Morning_High,2020-01-11 03:09:00,0.018055,228.903,0.545,49.984
Morning_High,2020-01-11 03:12:00,0.023858,230.421,0.6588,49.977
Morning_High,2020-01-11 03:15:00,0.0185,230.517,0.5544,50.002
Morning_High,2020-01-11 03:18:00,0.017843,231.424,0.5469,50.015
Morning_High,2020-01-11 03:21:00,0.018396,230.568,0.6238,49.995
Morning_High,2020-01-11 03:24:00,0.017056,230.885,0.5851,49.998
Morning_High,2020-01-11 03:27:00,0.017321,231.243,0.5487,49.99
Morning_High,2020-01-11 03:30:00,0.022851,229.593,0.6124,49.997
Morning_High,2020-01-11 03:33:00,0.023807,230.953,0.7069,50.006
Morning_High,2020-01-11 03:36:00,0.02614,229.316,0.6625,49.988
Morning_High,2020-01-11 03:39:00,0.026123,230.298,0.725,49.997
Morning_High,2020-01-11 03:42:00,0.019325,230.397,0.6173,50.006
Morning_High,2020-01-11 03:45:00,0.013753,231.058,0.5083,49.993
Morning_High,2020-01-11 03:48:00,0.019113,230.657,0.6299,49.989
Morning_High,2020-01-11 03:51:00,0.014039,231.322,0.5355,49.994
Morning_High,2020-01-11 03:54:00,0.02205,231.001,0.6204,49.987
Morning_High,2020-01-11 03:57:00,0.017461,230.839,0.6455,50.004
Morning_High,2020-01-11 04:00:00,0.02487,231.349,0.7684,49.985
Morning_High,2020-01-11 04:03:00,0.026473,230.59,0.715,49.995
Morning_High,2020-01-11 04:06:00,0.02464,229.494,0.6574,50.008
Morning_High,2020-01-11 04:09:00,0.025345,230.793,0.7228,50.024
Morning_High,2020-01-11 04:12:00,0.014176,231.213,0.4777,49.991
Morning_High,2020-01-11 04:15:00,0.024907,230.289,0.6305,49.984
Morning_High,2020-01-11 04:18:00,0.021991,229.557,0.5863,49.965
Morning_High,2020-01-11 04:21:00,0.025998,230.092,0.6932,49.998
Morning_High,2020-01-11 04:24:00,0.02274,230.51,0.678,49.996
Morning_High,2020-01-11 04:27:00,0.026548,230.418,0.7551,49.992
Morning_High,2020-01-11 04:30:00,0.022113,230.523,0.6355,49.988
Morning_High,2020-01-11 04:33:00,0.02314,231.21,0.6928,50.0
Morning_High,2020-01-11 04:36:00,0.017416,230.284,0.5519,49.984
Morning_High,2020-01-11 04:39:00,0.028332,230.136,0.7314,49.964
Morning_High,2020-01-11 04:42:00,0.02932,230.755,0.7599,50.002
Morning_High,2020-01-11 04:45:00,0.025656,229.599,0.723,50.001
Morning_High,2020-01-11 04:48:00,0.022547,230.289,0.6269,49.982
Morning_High,2020-01-11 04:51:00,0.024611,230.217,0.6889,49.98
Morning_High,2020-01-11 04:54:00,0.033868,229.797,0.8516,50.0
Morning_High,2020-01-11 04:57:00,0.028374,231.145,0.7517,49.988
Morning_High,2020-01-11 05:00:00,0.030163,229.106,0.7954,50.002
Morning_High,2020-01-11 05:03:00,0.038374,227.907,0.982,49.99
Morning_High,2020-01-11 05:06:00,0.021499,232.199,0.673,49.976
Morning_High,2020-01-11 05:09:00,0.031991,230.077,0.8566,49.992
Morning_High,2020-01-11 05:12:00,0.01916,229.757,0.5788,49.982
Morning_High,2020-01-11 05:15:00,0.034708,229.693,0.8418,50.009
Morning_High,2020-01-11 05:18:00,0.030894,229.899,0.7558,50.003
Morning_High,2020-01-11 05:21:00,0.027601,230.24,0.7182,49.986
Morning_High,2020-01-11 05:24:00,0.020881,231.546,0.6266,50.004
Morning_High,2020-01-11 05:27:00,0.03742,229.605,0.9402,49.989
Morning_High,2020-01-11 05:30:00,0.039383,229.93,0.9285,49.988
Morning_High,2020-01-11 05:33:00,0.041335,229.876,0.9806,49.976
Morning_High,2020-01-11 05:36:00,0.046503,229.394,1.1098,49.982
Morning_High,2020-01-11 05:39:00,0.040472,229.647,0.9762,49.997
Morning_High,2020-01-11 05:42:00,0.034039,230.5,0.8376,50.001
Morning_High,2020-01-11 05:45:00,0.034926,230.213,0.8337,49.984
Morning_High,2020-01-11 05:48:00,0.031545,230.552,0.7695,49.967
Morning_High,2020-01-11 05:51:00,0.045536,229.01,1.0485,49.995
Morning_High,2020-01-11 05:54:00,0.051065,229.883,1.108,49.988
Morning_High,2020-01-11 05:57:00,0.043148,230.326,0.9792,49.996
Morning_High,2020-01-11 06:00:00,0.034487,229.128,0.8687,50.013
Morning_High,2020-01-11 06:03:00,0.038149,230.122,0.9743,49.952
Morning_High,2020-01-11 06:06:00,0.038637,229.305,0.9289,50.006
Morning_High,2020-01-11 06:09:00,0.050122,229.041,1.1567,49.998
Morning_High,2020-01-11 06:12:00,0.065172,229.22,1.4148,49.98
Morning_High,2020-01-11 06:15:00,0.049935,228.43,1.1212,50.001
Morning_High,2020-01-11 06:18:00,0.057902,229.276,1.2688,49.991
Morning_High,2020-01-11 06:21:00,0.053195,229.284,1.1568,50.003
Morning_High,2020-01-11 06:24:00,0.061786,227.875,1.3383,49.97
Morning_High,2020-01-11 06:27:00,0.056516,229.011,1.3201,49.986
Morning_High,2020-01-11 06:30:00,0.061526,228.585,1.3907,49.982
Morning_High,2020-01-11 06:33:00,0.057422,228.384,1.2716,49.995
Morning_High,2020-01-11 06:36:00,0.046529,229.011,1.0987,49.985
Morning_High,2020-01-11 06:39:00,0.059909,229.308,1.3761,49.977
Morning_High,2020-01-11 06:42:00,0.065377,228.21,1.4425,49.992
Morning_High,2020-01-11 06:45:00,0.066037,228.445,1.426,49.964
Morning_High,2020-01-11 06:48:00,0.061337,228.958,1.3634,49.968
Morning_High,2020-01-11 06:51:00,0.071223,228.55,1.5043,49.958
Morning_High,2020-01-11 06:54:00,0.079079,226.842,1.6751,49.96
Morning_High,2020-01-11 06:57:00,0.050091,228.895,1.1341,49.97
Morning_High,2020-01-11 07:00:00,0.03759,231.249,0.9258,49.953
Morning_High,2020-01-11 07:03:00,0.042377,228.281,1.0591,49.983
Morning_High,2020-01-11 07:06:00,0.063072,229.648,1.4143,49.985
Morning_High,2020-01-11 07:09:00,0.08435,226.618,1.7602,49.98
Morning_High,2020-01-11 07:12:00,0.095784,227.699,1.9534,49.965
Morning_High,2020-01-11 07:15:00,0.073935,226.301,1.5891,49.983
Morning_High,2020-01-11 07:18:00,0.062524,229.513,1.3753,49.969
Morning_High,2020-01-11 07:21:00,0.063992,228.405,1.4289,49.984
Morning_High,2020-01-11 07:24:00,0.058055,229.644,1.3328,49.977
Morning_High,2020-01-11 07:27:00,0.070196,228.978,1.5245,49.99
Morning_High,2020-01-11 07:30:00,0.057304,229.078,1.2884,49.986
Morning_High,2020-01-11 07:33:00,0.063214,228.383,1.4288,49.962
Morning_High,2020-01-11 07:36:00,0.087457,225.805,1.8103,49.978
Morning_High,2020-01-11 07:39:00,0.04177,231.036,1.0571,49.992
Morning_High,2020-01-11 07:42:00,0.05803,228.987,1.2433,50.009
Morning_High,2020-01-11 07:45:00,0.068803,228.173,1.4778,49.957
Morning_High,2020-01-11 07:48:00,0.049082,229.043,1.0771,49.974
Morning_High,2020-01-11 07:51:00,0.081971,227.962,1.7164,49.978
Morning_High,2020-01-11 07:54:00,0.107354,224.871,2.1137,49.965
Morning_High,2020-01-11 07:57:00,0.062084,228.837,1.3952,49.979
Morning_High,2020-01-11 08:00:00,0.0749,227.103,1.6048,49.978
Morning_High,2020-01-11 08:03:00,0.05926,227.997,1.3355,49.989
Morning_High,2020-01-11 08:06:00,0.061994,228.49,1.4302,49.971
Morning_High,2020-01-11 08:09:00,0.081099,226.867,1.7222,49.982
Morning_High,2020-01-11 08:12:00,0.074396,227.519,1.6681,49.967
Morning_High,2020-01-11 08:15:00,0.037889,231.084,0.91,49.974
Morning_High,2020-01-11 08:18:00,0.077196,229.021,1.6442,49.99
Morning_High,2020-01-11 08:21:00,0.063915,227.428,1.4315,49.976
Morning_High,2020-01-11 08:24:00,0.095388,225.746,1.9568,49.974
Morning_High,2020-01-11 08:27:00,0.050504,229.006,1.1046,49.984
Morning_High,2020-01-11 08:30:00,0.073307,227.242,1.5328,49.98
Morning_High,2020-01-11 08:33:00,0.066518,227.821,1.4395,49.986
Morning_High,2020-01-11 08:36:00,0.048198,229.794,1.1397,49.977
Morning_High,2020-01-11 08:39:00,0.081648,227.357,1.7251,49.965
Morning_High,2020-01-11 08:42:00,0.06392,228.35,1.3979,49.985
Morning_High,2020-01-11 08:45:00,0.038263,229.193,0.8931,50.0
Morning_High,2020-01-11 08:48:00,0.046181,229.661,1.0877,50.006
Morning_High,2020-01-11 08:51:00,0.072526,227.164,1.5552,49.983
Morning_High,2020-01-11 08:54:00,0.079723,226.135,1.6145,49.991
Morning_High,2020-01-11 08:57:00,0.073485,227.194,1.5931,49.958
Morning_High,2020-01-11 09:00:00,0.054144,229.176,1.2135,49.985
Morning_High,2020-01-11 09:03:00,0.070006,228.664,1.5553,49.984
Morning_High,2020-01-11 09:06:00,0.038536,230.428,0.9866,49.985
Morning_High,2020-01-11 09:09:00,0.070497,228.56,1.5895,49.995
Morning_High,2020-01-11 09:12:00,0.063067,228.782,1.389,49.974
Morning_High,2020-01-11 09:15:00,0.060307,228.527,1.3597,49.973
Morning_High,2020-01-11 09:18:00,0.058473,226.895,1.2362,49.976
Morning_High,2020-01-11 09:21:00,0.057003,229.161,1.2572,49.981
Morning_High,2020-01-11 09:24:00,0.05664,228.789,1.29,49.986
Morning_High,2020-01-11 09:27:00,0.050475,229.248,1.1022,49.973
Morning_High,2020-01-11 09:30:00,0.044213,228.982,1.005,50.01
Morning_High,2020-01-11 09:33:00,0.039105,229.415,0.9402,50.007
Morning_High,2020-01-11 09:36:00,0.062354,228.99,1.3769,50.003
Morning_High,2020-01-11 09:39:00,0.044538,229.994,1.0799,50.009
Morning_High,2020-01-11 09:42:00,0.033294,229.705,0.8457,49.995
Morning_High,2020-01-11 09:45:00,0.046887,229.435,1.0317,49.999
Morning_High,2020-01-11 09:48:00,0.055421,229.28,1.2947,49.998
Morning_High,2020-01-11 09:51:00,0.050884,230.281,1.1037,49.979
Morning_High,2020-01-11 09:54:00,0.059597,229.205,1.2851,49.979
Morning_High,2020-01-11 09:57:00,0.040259,230.503,0.9662,49.994
Morning_High,2020-01-11 10:00:00,0.040397,227.715,0.9998,49.986
Morning_High,2020-01-11 10:03:00,0.050808,228.824,1.2471,49.977
Morning_High,2020-01-11 10:06:00,0.043232,229.763,1.0591,49.999
Morning_High,2020-01-11 10:09:00,0.032479,230.704,0.8296,49.972
Morning_High,2020-01-11 10:12:00,0.034575,228.644,0.8764,49.999
Morning_High,2020-01-11 10:15:00,0.030497,229.032,0.842,50.008
Morning_High,2020-01-11 10:18:00,0.048715,228.94,1.166,49.981
Morning_High,2020-01-11 10:21:00,0.051696,228.11,1.1684,50.009
Morning_High,2020-01-11 10:24:00,0.037177,229.673,0.9278,49.978
Morning_High,2020-01-11 10:27:00,0.04146,229.721,0.9751,49.997
Morning_High,2020-01-11 10:30:00,0.028861,230.522,0.8422,49.968
Morning_High,2020-01-11 10:33:00,0.03197,231.515,0.7754,49.984
Morning_High,2020-01-11 10:36:00,0.033354,230.319,0.8017,49.974
Morning_High,2020-01-11 10:39:00,0.035695,229.762,0.9048,49.99
Morning_High,2020-01-11 10:42:00,0.029287,230.467,0.7484,49.999
Morning_High,2020-01-11 10:45:00,0.031073,230.396,0.7577,49.997
Morning_High,2020-01-11 10:48:00,0.040924,229.933,1.0542,49.986
Morning_High,2020-01-11 10:51:00,0.028887,229.71,0.7549,50.011
Morning_High,2020-01-11 10:54:00,0.046323,230.562,1.0533,49.982
Morning_High,2020-01-11 10:57:00,0.025296,229.859,0.6964,50.002
Morning_High,2020-01-11 11:00:00,0.036304,229.359,0.8944,49.987
Morning_High,2020-01-11 11:03:00,0.025237,229.932,0.7652,49.994
Morning_High,2020-01-11 11:06:00,0.028835,229.697,0.7772,50.001
Morning_High,2020-01-11 11:09:00,0.023417,231.766,0.6437,50.014
Morning_High,2020-01-11 11:12:00,0.018475,231.729,0.6079,49.983
Morning_High,2020-01-11 11:15:00,0.031154,230.077,0.8878,49.996
Morning_High,2020-01-11 11:18:00,0.03607,229.62,0.9056,49.997
Morning_High,2020-01-11 11:21:00,0.023743,229.998,0.7027,50.002
Morning_High,2020-01-11 11:24:00,0.022917,230.691,0.6847,49.992
Morning_High,2020-01-11 11:27:00,0.020162,229.98,0.6023,50.004
Morning_High,2020-01-11 11:30:00,0.02217,229.707,0.6403,50.016
Morning_High,2020-01-11 11:33:00,0.029183,230.257,0.775,50.001
Morning_High,2020-01-11 11:36:00,0.023227,230.419,0.6625,49.997
Morning_High,2020-01-11 11:39:00,0.021456,231.043,0.5991,50.006
Morning_High,2020-01-11 11:42:00,0.018835,230.118,0.613,49.979
Morning_High,2020-01-11 11:45:00,0.025506,229.481,0.804,49.998
Morning_High,2020-01-11 11:48:00,0.025459,229.809,0.6786,49.993
Morning_High,2020-01-11 11:51:00,0.014981,232.289,0.4417,49.994
Morning_High,2020-01-11 11:54:00,0.019521,231.138,0.597,49.982
Morning_High,2020-01-11 11:57:00,0.027552,230.856,0.7566,49.985
Morning_High,2020-01-11 12:00:00,0.021488,230.335,0.6539,49.984
Morning_High,2020-01-11 12:03:00,0.013052,231.241,0.5485,50.0
Morning_High,2020-01-11 12:06:00,0.008136,231.598,0.3862,49.98
Morning_High,2020-01-11 12:09:00,0.018718,230.539,0.55,50.007
Morning_High,2020-01-11 12:12:00,0.021712,229.928,0.6333,50.005
Morning_High,2020-01-11 12:15:00,0.022751,232.208,0.6435,49.99
Morning_High,2020-01-11 12:18:00,0.027995,229.681,0.7761,49.985
Morning_High,2020-01-11 12:21:00,0.015336,230.438,0.4823,50.004
Morning_High,2020-01-11 12:24:00,0.012196,232.065,0.4809,50.015
Morning_High,2020-01-11 12:27:00,0.017443,230.99,0.568,50.006
Morning_High,2020-01-11 12:30:00,0.019038,232.118,0.5467,49.997
Morning_High,2020-01-11 12:33:00,0.020287,230.549,0.6164,50.013
Morning_High,2020-01-11 12:36:00,0.023417,230.148,0.6252,49.994
Morning_High,2020-01-11 12:39:00,0.019254,230.772,0.5892,50.011
Morning_High,2020-01-11 12:42:00,0.017723,230.604,0.5531,49.991
Morning_High,2020-01-11 12:45:00,0.024776,231.461,0.6211,49.988
Morning_High,2020-01-11 12:48:00,0.017049,231.041,0.5642,49.985
Morning_High,2020-01-11 12:51:00,0.020338,230.974,0.5974,49.982
Morning_High,2020-01-11 12:54:00,0.01368,230.579,0.5559,49.992
Morning_High,2020-01-11 12:57:00,0.013732,230.92,0.4838,49.997
Morning_High,2020-01-11 13:00:00,0.021667,230.961,0.652,49.991
Morning_High,2020-01-11 13:03:00,0.026488,230.108,0.742,49.986
Morning_High,2020-01-11 13:06:00,0.018654,231.782,0.6464,50.008
Morning_High,2020-01-11 13:09:00,0.012361,229.933,0.4389,50.004
Morning_High,2020-01-11 13:12:00,0.020849,230.663,0.5699,49.968
Morning_High,2020-01-11 13:15:00,0.017967,231.46,0.5252,50.021
Morning_High,2020-01-11 13:18:00,0.018052,231.144,0.5096,50.02
Morning_High,2020-01-11 13:21:00,0.013207,230.591,0.5497,49.994
Morning_High,2020-01-11 13:24:00,0.0135,231.232,0.4911,49.996
Morning_High,2020-01-11 13:27:00,0.016698,230.353,0.5111,49.995
Morning_High,2020-01-11 13:30:00,0.013427,231.181,0.5363,49.995
Morning_High,2020-01-11 13:33:00,0.013155,230.343,0.5394,50.024
Morning_High,2020-01-11 13:36:00,0.019324,230.848,0.6012,49.978
Morning_High,2020-01-11 13:39:00,0.011864,229.942,0.4667,50.002
Morning_High,2020-01-11 13:42:00,0.01806,230.302,0.5295,49.997
Morning_High,2020-01-11 13:45:00,0.015573,230.614,0.5734,49.987
Morning_High,2020-01-11 13:48:00,0.011873,230.385,0.4348,50.006
Morning_High,2020-01-11 13:51:00,0.024564,230.757,0.7207,49.988
Morning_High,2020-01-11 13:54:00,0.012609,229.467,0.4504,49.994
Morning_High,2020-01-11 13:57:00,0.018109,230.096,0.5983,50.001
Morning_High,2020-01-11 14:00:00,0.010775,231.882,0.4016,49.994
Morning_High,2020-01-11 14:03:00,0.015772,230.617,0.5449,50.007
Morning_High,2020-01-11 14:06:00,0.009543,231.574,0.4024,49.993
Morning_High,2020-01-11 14:09:00,0.022136,230.512,0.6456,49.994
Morning_High,2020-01-11 14:12:00,0.020941,230.466,0.629,50.003
Morning_High,2020-01-11 14:15:00,0.013583,231.679,0.4404,49.995
Morning_High,2020-01-11 14:18:00,0.025605,230.907,0.701,49.979
Morning_High,2020-01-11 14:21:00,0.015044,232.166,0.5251,49.971
Morning_High,2020-01-11 14:24:00,0.013701,232.582,0.5415,49.994
Morning_High,2020-01-11 14:27:00,0.01519,229.395,0.5226,49.975
Morning_High,2020-01-11 14:30:00,0.017891,231.034,0.5864,49.998
Morning_High,2020-01-11 14:33:00,0.014042,230.62,0.524,49.998
Morning_High,2020-01-11 14:36:00,0.01396,232.121,0.5479,49.987
Morning_High,2020-01-11 14:39:00,0.017125,231.394,0.5466,50.01
Morning_High,2020-01-11 14:42:00,0.01692,231.891,0.5757,50.013
Morning_High,2020-01-11 14:45:00,0.007033,231.778,0.3727,50.009
Morning_High,2020-01-11 14:48:00,0.015115,231.037,0.5226,50.011
Morning_High,2020-01-11 14:51:00,0.021183,230.333,0.6161,49.999
Morning_High,2020-01-11 14:54:00,0.020267,231.578,0.638,49.991
Morning_High,2020-01-11 14:57:00,0.018094,230.954,0.5632,49.99
Morning_High,2020-01-11 15:00:00,0.010425,230.872,0.463,50.01
Morning_High,2020-01-11 15:03:00,0.018672,230.875,0.5768,49.978
Morning_High,2020-01-11 15:06:00,0.022845,230.181,0.6812,50.003
Morning_High,2020-01-11 15:09:00,0.012271,230.286,0.4413,49.997
Morning_High,2020-01-11 15:12:00,0.013778,231.143,0.4741,49.998
Morning_High,2020-01-11 15:15:00,0.01892,229.818,0.6169,49.998
Morning_High,2020-01-11 15:18:00,0.01596,231.459,0.5508,50.0
Morning_High,2020-01-11 15:21:00,0.011303,230.462,0.5038,49.989
Morning_High,2020-01-11 15:24:00,0.012288,231.565,0.471,49.972
Morning_High,2020-01-11 15:27:00,0.013347,231.673,0.4934,49.982
Morning_High,2020-01-11 15:30:00,0.019428,230.373,0.6274,49.984
Morning_High,2020-01-11 15:33:00,0.015238,229.959,0.5459,49.991
Morning_High,2020-01-11 15:36:00,0.021868,230.549,0.656,50.008
Morning_High,2020-01-11 15:39:00,0.0225,229.77,0.7133,49.987
Morning_High,2020-01-11 15:42:00,0.015692,231.618,0.6216,49.977
Morning_High,2020-01-11 15:45:00,0.015208,230.485,0.5515,50.012
Morning_High,2020-01-11 15:48:00,0.015215,231.356,0.5543,49.983
Morning_High,2020-01-11 15:51:00,0.015713,231.207,0.5323,49.98
Morning_High,2020-01-11 15:54:00,0.018835,230.65,0.6075,50.024
Morning_High,2020-01-11 15:57:00,0.015241,231.363,0.4973,49.998
Morning_High,2020-01-11 16:00:00,0.022076,230.684,0.631,50.007
Morning_High,2020-01-11 16:03:00,0.012115,232.949,0.4668,49.997
Morning_High,2020-01-11 16:06:00,0.017763,230.628,0.541,49.999
Morning_High,2020-01-11 16:09:00,0.017789,230.016,0.51,49.996
Morning_High,2020-01-11 16:12:00,0.018262,230.777,0.5778,50.002
Morning_High,2020-01-11 16:15:00,0.020014,230.732,0.612,49.987
Morning_High,2020-01-11 16:18:00,0.020029,230.397,0.6616,50.0
Morning_High,2020-01-11 16:21:00,0.022061,231.196,0.6484,49.995
Morning_High,2020-01-11 16:24:00,0.016925,230.51,0.5518,49.98
Morning_High,2020-01-11 16:27:00,0.017492,232.064,0.5172,49.994
Morning_High,2020-01-11 16:30:00,0.024919,230.753,0.6761,49.981
Morning_High,2020-01-11 16:33:00,0.021337,231.907,0.5698,50.008
Morning_High,2020-01-11 16:36:00,0.018659,231.209,0.6649,49.996
Morning_High,2020-01-11 16:39:00,0.025521,230.543,0.6838,49.982
Morning_High,2020-01-11 16:42:00,0.013462,231.883,0.4801,50.01
Morning_High,2020-01-11 16:45:00,0.018641,230.781,0.6459,49.974
Morning_High,2020-01-11 16:48:00,0.018857,230.622,0.5712,50.017
Morning_High,2020-01-11 16:51:00,0.017342,231.169,0.5648,50.002
Morning_High,2020-01-11 16:54:00,0.022382,231.927,0.577,49.982
Morning_High,2020-01-11 16:57:00,0.010912,231.758,0.3962,49.981
Morning_High,2020-01-11 17:00:00,0.020192,231.145,0.6294,50.019
Morning_High,2020-01-11 17:03:00,0.024533,231.694,0.7215,49.979
Morning_High,2020-01-11 17:06:00,0.021216,230.492,0.6584,49.983
Morning_High,2020-01-11 17:09:00,0.016757,231.953,0.5975,49.993
Morning_High,2020-01-11 17:12:00,0.014988,231.992,0.5033,49.973
Morning_High,2020-01-11 17:15:00,0.022693,231.839,0.6098,49.98
Morning_High,2020-01-11 17:18:00,0.017356,231.441,0.5108,49.991
Morning_High,2020-01-11 17:21:00,0.015727,230.914,0.5173,49.992
Morning_High,2020-01-11 17:24:00,0.02522,230.036,0.7576,49.973
Morning_High,2020-01-11 17:27:00,0.013758,229.977,0.5339,49.962
Morning_High,2020-01-11 17:30:00,0.016551,230.462,0.5752,49.99
Morning_High,2020-01-11 17:33:00,0.025067,230.528,0.8002,49.994
Morning_High,2020-01-11 17:36:00,0.017186,232.005,0.5967,49.998
Morning_High,2020-01-11 17:39:00,0.018868,230.887,0.5418,49.985
Morning_High,2020-01-11 17:42:00,0.019146,231.221,0.5714,49.991
Morning_High,2020-01-11 17:45:00,0.028149,230.404,0.7582,50.01
Morning_High,2020-01-11 17:48:00,0.026015,231.153,0.7226,50.004
Morning_High,2020-01-11 17:51:00,0.012829,231.305,0.4665,49.993
Morning_High,2020-01-11 17:54:00,0.021615,230.38,0.6671,49.994
Morning_High,2020-01-11 17:57:00,0.024642,231.432,0.674,49.976
Morning_High,2020-01-11 18:00:00,0.025227,230.309,0.7438,50.009
Morning_High,2020-01-11 18:03:00,0.016097,230.226,0.5709,49.978
Morning_High,2020-01-11 18:06:00,0.020035,231.648,0.601,49.985
Morning_High,2020-01-11 18:09:00,0.018606,229.802,0.5626,49.978
Morning_High,2020-01-11 18:12:00,0.020434,230.055,0.5702,50.011
Morning_High,2020-01-11 18:15:00,0.020903,231.428,0.6639,49.992
Morning_High,2020-01-11 18:18:00,0.017184,230.225,0.5226,50.002
Morning_High,2020-01-11 18:21:00,0.017108,230.858,0.5841,49.987
Morning_High,2020-01-11 18:24:00,0.020383,230.612,0.6245,49.997
Morning_High,2020-01-11 18:27:00,0.018522,231.306,0.5843,49.99
Morning_High,2020-01-11 18:30:00,0.015765,231.459,0.4958,49.991
Morning_High,2020-01-11 18:33:00,0.022077,228.332,0.5776,49.994
Morning_High,2020-01-11 18:36:00,0.032232,230.011,0.8596,49.995
Morning_High,2020-01-11 18:39:00,0.023642,230.669,0.6796,50.006
Morning_High,2020-01-11 18:42:00,0.028971,230.508,0.7695,49.999
Morning_High,2020-01-11 18:45:00,0.026179,230.523,0.7066,49.985
Morning_High,2020-01-11 18:48:00,0.022735,233.018,0.624,50.013
Morning_High,2020-01-11 18:51:00,0.02452,230.014,0.6421,49.984
Morning_High,2020-01-11 18:54:00,0.032894,230.355,0.8741,49.982
Morning_High,2020-01-11 18:57:00,0.01119,231.299,0.4487,49.995
Morning_High,2020-01-11 19:00:00,0.022295,229.633,0.6627,49.996
Morning_High,2020-01-11 19:03:00,0.030821,229.815,0.7781,49.981
Morning_High,2020-01-11 19:06:00,0.023676,231.751,0.6391,49.995
Morning_High,2020-01-11 19:09:00,0.018236,231.774,0.6089,49.98
Morning_High,2020-01-11 19:12:00,0.020716,231.577,0.7164,49.992
Morning_High,2020-01-11 19:15:00,0.010965,231.064,0.4416,49.991
Morning_High,2020-01-11 19:18:00,0.032293,231.133,0.8833,49.99
Morning_High,2020-01-11 19:21:00,0.031348,230.178,0.8225,49.97
Morning_High,2020-01-11 19:24:00,0.032729,231.138,0.7691,49.988
Morning_High,2020-01-11 19:27:00,0.030988,229.398,0.7971,49.97
Morning_High,2020-01-11 19:30:00,0.030371,230.615,0.7132,50.007
Morning_High,2020-01-11 19:33:00,0.019636,232.441,0.5829,49.993
Morning_High,2020-01-11 19:36:00,0.033298,231.249,0.8334,49.986
Morning_High,2020-01-11 19:39:00,0.030497,228.746,0.7726,49.98
Morning_High,2020-01-11 19:42:00,0.041717,231.233,0.9996,50.015
Morning_High,2020-01-11 19:45:00,0.024065,230.643,0.6339,50.0
Morning_High,2020-01-11 19:48:00,0.020534,230.177,0.5977,49.993
Morning_High,2020-01-11 19:51:00,0.035536,230.041,0.9451,49.983
Morning_High,2020-01-11 19:54:00,0.029115,230.246,0.7794,49.993
Morning_High,2020-01-11 19:57:00,0.030108,228.699,0.8377,49.998
Morning_High,2020-01-11 20:00:00,0.03847,229.04,0.9401,49.993
Morning_High,2020-01-11 20:03:00,0.028596,230.337,0.7207,49.989
Morning_High,2020-01-11 20:06:00,0.021962,230.822,0.6837,49.997
Morning_High,2020-01-11 20:09:00,0.020374,230.157,0.5977,50.005
Morning_High,2020-01-11 20:12:00,0.02708,230.926,0.7694,50.006
Morning_High,2020-01-11 20:15:00,0.028968,231.196,0.858,49.997
Morning_High,2020-01-11 20:18:00,0.028657,230.326,0.8275,50.005
Morning_High,2020-01-11 20:21:00,0.021063,230.944,0.6843,49.997
Morning_High,2020-01-11 20:24:00,0.032919,230.24,0.7964,49.989
Morning_High,2020-01-11 20:27:00,0.026464,230.249,0.7524,49.975
Morning_High,2020-01-11 20:30:00,0.028141,230.845,0.7752,50.026
Morning_High,2020-01-11 20:33:00,0.018549,231.816,0.6133,49.997
Morning_High,2020-01-11 20:36:00,0.031942,230.256,0.8017,50.008
Morning_High,2020-01-11 20:39:00,0.031055,230.694,0.9005,49.987
Morning_High,2020-01-11 20:42:00,0.016426,231.702,0.5679,49.993
Morning_High,2020-01-11 20:45:00,0.02209,231.736,0.6787,49.978
Morning_High,2020-01-11 20:48:00,0.028504,229.017,0.7836,49.993
Morning_High,2020-01-11 20:51:00,0.023603,229.799,0.7187,50.003
Morning_High,2020-01-11 20:54:00,0.021615,229.486,0.5956,49.988
Morning_High,2020-01-11 20:57:00,0.025342,231.594,0.7047,49.981
Morning_High,2020-01-11 21:00:00,0.025557,229.118,0.7526,50.002
Morning_High,2020-01-11 21:03:00,0.022161,232.094,0.6504,49.984
Morning_High,2020-01-11 21:06:00,0.030866,230.014,0.7618,49.981
Morning_High,2020-01-11 21:09:00,0.037001,228.804,0.8993,49.998
Morning_High,2020-01-11 21:12:00,0.010982,231.666,0.4792,49.99
Morning_High,2020-01-11 21:15:00,0.026648,231.981,0.7286,49.985
Morning_High,2020-01-11 21:18:00,0.031772,229.16,0.8423,49.971
Morning_High,2020-01-11 21:21:00,0.035712,229.758,0.9613,50.011
Morning_High,2020-01-11 21:24:00,0.023191,230.207,0.664,49.991
Morning_High,2020-01-11 21:27:00,0.025536,230.742,0.645,49.995
Morning_High,2020-01-11 21:30:00,0.026588,229.159,0.7664,49.987
Morning_High,2020-01-11 21:33:00,0.033031,231.297,0.8706,49.986
Morning_High,2020-01-11 21:36:00,0.014789,231.637,0.5097,50.003
Morning_High,2020-01-11 21:39:00,0.032613,229.885,0.8349,49.981
Morning_High,2020-01-11 21:42:00,0.031645,229.911,0.8248,49.981
Morning_High,2020-01-11 21:45:00,0.020855,230.593,0.6063,49.993
Morning_High,2020-01-11 21:48:00,0.021735,229.715,0.6793,50.01
Morning_High,2020-01-11 21:51:00,0.021304,231.789,0.5864,50.002
Morning_High,2020-01-11 21:54:00,0.025872,230.99,0.6811,50.0
Morning_High,2020-01-11 21:57:00,0.017654,231.357,0.5432,49.996
Morning_High,2020-01-11 22:00:00,0.021947,229.622,0.6148,49.992
Morning_High,2020-01-11 22:03:00,0.024816,229.427,0.7382,49.964
Morning_High,2020-01-11 22:06:00,0.03025,231.101,0.7885,50.008
Morning_High,2020-01-11 22:09:00,0.025168,229.67,0.6979,49.99
Morning_High,2020-01-11 22:12:00,0.022451,230.513,0.6258,49.982
Morning_High,2020-01-11 22:15:00,0.024303,230.211,0.6364,49.972
Morning_High,2020-01-11 22:18:00,0.023723,230.191,0.6966,49.983
Morning_High,2020-01-11 22:21:00,0.020282,230.979,0.6354,49.969
Morning_High,2020-01-11 22:24:00,0.023167,231.15,0.7435,49.976
Morning_High,2020-01-11 22:27:00,0.019387,231.471,0.6386,50.002
Morning_High,2020-01-11 22:30:00,0.016922,230.772,0.604,49.993
Morning_High,2020-01-11 22:33:00,0.015024,229.749,0.4908,50.013
Morning_High,2020-01-11 22:36:00,0.017583,232.283,0.508,49.991
Morning_High,2020-01-11 22:39:00,0.010721,231.812,0.4695,50.0
Morning_High,2020-01-11 22:42:00,0.018501,231.351,0.5955,49.994
Morning_High,2020-01-11 22:45:00,0.020906,230.313,0.6744,49.986
Morning_High,2020-01-11 22:48:00,0.016058,231.876,0.5074,49.997
Morning_High,2020-01-11 22:51:00,0.016116,231.678,0.5809,49.972
Morning_High,2020-01-11 22:54:00,0.014445,230.654,0.5455,50.003
Morning_High,2020-01-11 22:57:00,0.014998,230.146,0.5781,49.998
Morning_High,2020-01-11 23:00:00,0.019624,230.445,0.5905,49.976
Morning_High,2020-01-11 23:03:00,0.017787,231.349,0.5604,49.998
Morning_High,2020-01-11 23:06:00,0.022325,231.731,0.6568,49.986
Morning_High,2020-01-11 23:09:00,0.018354,231.336,0.5759,49.973
Morning_High,2020-01-11 23:12:00,0.022506,229.607,0.712,49.988
Morning_High,2020-01-11 23:15:00,0.019344,230.686,0.5942,49.987
Morning_High,2020-01-11 23:18:00,0.015415,229.937,0.4919,49.983
Morning_High,2020-01-11 23:21:00,0.021506,231.808,0.6322,49.995
Morning_High,2020-01-11 23:24:00,0.017981,231.644,0.6009,49.977
Morning_High,2020-01-11 23:27:00,0.021943,230.723,0.6073,50.005
Morning_High,2020-01-11 23:30:00,0.022096,230.557,0.6887,49.967
Morning_High,2020-01-11 23:33:00,0.015289,230.545,0.5427,50.016
Morning_High,2020-01-11 23:36:00,0.01973,229.433,0.5727,50.009
Morning_High,2020-01-11 23:39:00,0.018275,231.452,0.5635,50.003
Morning_High,2020-01-11 23:42:00,0.025888,230.279,0.7224,49.985
Morning_High,2020-01-11 23:45:00,0.018131,232.789,0.5671,49.997
Morning_High,2020-01-11 23:48:00,0.018665,230.487,0.646,49.992
Morning_High,2020-01-11 23:51:00,0.021392,231.377,0.6343,49.973
Morning_High,2020-01-11 23:54:00,0.020571,229.976,0.6153,49.985
Morning_High,2020-01-11 23:57:00,0.026531,229.772,0.7378,49.995
Morning_High,2020-01-12 00:00:00,0.014167,231.04,0.5236,49.989
Morning_High,2020-01-12 00:03:00,0.018983,230.576,0.5994,49.999
Morning_High,2020-01-12 00:06:00,0.018596,231.616,0.5825,50.012
Morning_High,2020-01-12 00:09:00,0.011959,232.296,0.495,49.999
Morning_High,2020-01-12 00:12:00,0.014409,230.946,0.522,49.992
Morning_High,2020-01-12 00:15:00,0.017375,230.146,0.5685,50.007
Morning_High,2020-01-12 00:18:00,0.020253,230.728,0.6788,49.971
Morning_High,2020-01-12 00:21:00,0.01543,230.546,0.495,49.997
Morning_High,2020-01-12 00:24:00,0.01517,230.481,0.513,49.99
Morning_High,2020-01-12 00:27:00,0.018756,230.142,0.6064,50.007
Morning_High,2020-01-12 00:30:00,0.017551,231.911,0.6258,49.982
Morning_High,2020-01-12 00:33:00,0.016312,231.202,0.5743,49.985
Morning_High,2020-01-12 00:36:00,0.013532,230.997,0.4963,50.001
Morning_High,2020-01-12 00:39:00,0.016213,230.706,0.539,49.996
Morning_High,2020-01-12 00:42:00,0.016186,230.829,0.5419,50.015
Morning_High,2020-01-12 00:45:00,0.014815,230.176,0.5122,50.002
Morning_High,2020-01-12 00:48:00,0.020197,231.238,0.5996,50.015
Morning_High,2020-01-12 00:51:00,0.015736,229.306,0.5325,50.003
Morning_High,2020-01-12 00:54:00,0.020172,230.972,0.6131,49.993
Morning_High,2020-01-12 00:57:00,0.022757,229.61,0.6821,49.994
Morning_High,2020-01-12 01:00:00,0.010906,231.055,0.4522,50.003
Morning_High,2020-01-12 01:03:00,0.018526,231.025,0.5372,49.986
Morning_High,2020-01-12 01:06:00,0.017005,232.282,0.5448,50.003
Morning_High,2020-01-12 01:09:00,0.007108,232.511,0.3118,50.025
Morning_High,2020-01-12 01:12:00,0.015745,230.557,0.4963,50.005
Morning_High,2020-01-12 01:15:00,0.026128,229.924,0.7287,49.969
Morning_High,2020-01-12 01:18:00,0.01832,230.99,0.5948,49.982
Morning_High,2020-01-12 01:21:00,0.011927,232.25,0.4481,50.0
Morning_High,2020-01-12 01:24:00,0.01677,231.477,0.5442,49.992
Morning_High,2020-01-12 01:27:00,0.014101,230.893,0.539,50.002
Morning_High,2020-01-12 01:30:00,0.011833,231.481,0.4688,49.99
Morning_High,2020-01-12 01:33:00,0.014741,231.203,0.5351,50.008
Morning_High,2020-01-12 01:36:00,0.0198,231.855,0.582,49.994
Morning_High,2020-01-12 01:39:00,0.017393,231.152,0.6254,49.99
Morning_High,2020-01-12 01:42:00,0.018135,231.206,0.5061,50.007
Morning_High,2020-01-12 01:45:00,0.023145,231.564,0.6352,50.006
Morning_High,2020-01-12 01:48:00,0.0167,230.619,0.5832,49.993
Morning_High,2020-01-12 01:51:00,0.016574,230.342,0.519,49.995
Morning_High,2020-01-12 01:54:00,0.00956,232.468,0.432,49.997
Morning_High,2020-01-12 01:57:00,0.0156,231.007,0.5085,49.989
Morning_High,2020-01-12 02:00:00,0.019581,230.863,0.6257,49.986
Morning_High,2020-01-12 02:03:00,0.015779,231.206,0.592,49.995
Morning_High,2020-01-12 02:06:00,0.014308,231.348,0.4721,50.001
Morning_High,2020-01-12 02:09:00,0.01516,230.894,0.5537,49.997
Morning_High,2020-01-12 02:12:00,0.016339,231.462,0.5274,49.981
Morning_High,2020-01-12 02:15:00,0.017864,231.894,0.5816,49.986
Morning_High,2020-01-12 02:18:00,0.024918,231.71,0.7099,49.987
Morning_High,2020-01-12 02:21:00,0.01752,229.997,0.6079,50.0
Morning_High,2020-01-12 02:24:00,0.018133,230.63,0.6188,49.999
Morning_High,2020-01-12 02:27:00,0.028639,230.778,0.7331,50.003
Morning_High,2020-01-12 02:30:00,0.018885,230.01,0.5843,50.003
Morning_High,2020-01-12 02:33:00,0.010271,232.385,0.4326,49.989
Morning_High,2020-01-12 02:36:00,0.022362,229.989,0.682,49.987
Morning_High,2020-01-12 02:39:00,0.019468,231.259,0.5852,49.995
Morning_High,2020-01-12 02:42:00,0.021601,228.499,0.6627,49.998
Morning_High,2020-01-12 02:45:00,0.019097,230.846,0.5822,49.995
Morning_High,2020-01-12 02:48:00,0.015137,230.861,0.5411,49.992
Morning_High,2020-01-12 02:51:00,0.012238,231.576,0.4842,49.974
Morning_High,2020-01-12 02:54:00,0.0176,230.197,0.5732,50.001
Morning_High,2020-01-12 02:57:00,0.014952,232.074,0.5071,49.983
Morning_High,2020-01-12 03:00:00,0.021762,228.867,0.6003,49.988
Morning_High,2020-01-12 03:03:00,0.023376,231.014,0.6573,50.008
Morning_High,2020-01-12 03:06:00,0.023428,230.722,0.7315,49.995
Morning_High,2020-01-12 03:09:00,0.025626,231.214,0.6989,49.98
Morning_High,2020-01-12 03:12:00,0.016115,228.874,0.5609,49.994
Morning_High,2020-01-12 03:15:00,0.021109,231.323,0.704,50.015
Morning_High,2020-01-12 03:18:00,0.018059,230.116,0.6235,49.995
Morning_High,2020-01-12 03:21:00,0.022272,229.462,0.6446,49.982
Morning_High,2020-01-12 03:24:00,0.020646,230.023,0.6631,49.988
Morning_High,2020-01-12 03:27:00,0.017126,230.613,0.5687,49.986
Morning_High,2020-01-12 03:30:00,0.014334,230.326,0.4747,50.0
Morning_High,2020-01-12 03:33:00,0.017716,231.736,0.5907,50.0
Morning_High,2020-01-12 03:36:00,0.016753,231.07,0.4397,49.996
Morning_High,2020-01-12 03:39:00,0.025992,231.076,0.6964,49.992
Morning_High,2020-01-12 03:42:00,0.016007,230.68,0.5802,49.99
Morning_High,2020-01-12 03:45:00,0.013394,230.625,0.5276,49.997
Morning_High,2020-01-12 03:48:00,0.021313,230.669,0.6343,49.99
Morning_High,2020-01-12 03:51:00,0.020975,229.649,0.6181,49.981
Morning_High,2020-01-12 03:54:00,0.023613,228.569,0.6935,49.998
Morning_High,2020-01-12 03:57:00,0.024561,229.359,0.6506,49.983
Morning_High,2020-01-12 04:00:00,0.022138,230.715,0.6683,49.985
Morning_High,2020-01-12 04:03:00,0.027867,230.96,0.6531,50.0
Morning_High,2020-01-12 04:06:00,0.020849,230.588,0.6647,49.982
Morning_High,2020-01-12 04:09:00,0.011141,231.19,0.4475,49.989
Morning_High,2020-01-12 04:12:00,0.017282,230.575,0.6156,49.994
Morning_High,2020-01-12 04:15:00,0.022777,230.632,0.6653,49.986
Morning_High,2020-01-12 04:18:00,0.029992,230.766,0.7847,50.019
Morning_High,2020-01-12 04:21:00,0.024518,230.397,0.7237,49.985
Morning_High,2020-01-12 04:24:00,0.018002,231.894,0.5583,50.002
Morning_High,2020-01-12 04:27:00,0.032699,229.784,0.8367,49.989
Morning_High,2020-01-12 04:30:00,0.030625,232.004,0.8114,49.996
Morning_High,2020-01-12 04:33:00,0.024735,229.2,0.676,49.973
Morning_High,2020-01-12 04:36:00,0.024704,230.979,0.732,49.972
Morning_High,2020-01-12 04:39:00,0.025456,230.25,0.7021,50.005
Morning_High,2020-01-12 04:42:00,0.030656,229.83,0.8667,49.991
Morning_High,2020-01-12 04:45:00,0.029936,230.111,0.7789,49.986
Morning_High,2020-01-12 04:48:00,0.030062,231.637,0.7319,49.991
Morning_High,2020-01-12 04:51:00,0.024869,231.45,0.6839,49.998
Morning_High,2020-01-12 04:54:00,0.017836,232.594,0.4766,49.984
Morning_High,2020-01-12 04:57:00,0.021111,229.751,0.6003,49.996
Morning_High,2020-01-12 05:00:00,0.027642,230.962,0.7504,49.981
Morning_High,2020-01-12 05:03:00,0.031218,229.181,0.8046,49.974
Morning_High,2020-01-12 05:06:00,0.040575,229.281,0.9781,49.987
Morning_High,2020-01-12 05:09:00,0.036424,231.691,0.9246,49.989
Morning_High,2020-01-12 05:12:00,0.017266,232.401,0.5304,50.008
Morning_High,2020-01-12 05:15:00,0.03208,230.365,0.8322,49.993
Morning_High,2020-01-12 05:18:00,0.034891,230.788,0.8526,49.99
Morning_High,2020-01-12 05:21:00,0.042166,229.676,1.0346,50.014
Morning_High,2020-01-12 05:24:00,0.02755,229.735,0.7458,49.987
Morning_High,2020-01-12 05:27:00,0.030523,228.475,0.8183,50.005
Morning_High,2020-01-12 05:30:00,0.035512,229.895,0.8369,49.986
Morning_High,2020-01-12 05:33:00,0.043937,228.67,1.0821,49.984
Morning_High,2020-01-12 05:36:00,0.037038,230.294,0.8962,49.996
Morning_High,2020-01-12 05:39:00,0.050233,229.958,1.147,49.983
Morning_High,2020-01-12 05:42:00,0.044919,231.152,1.0377,49.978
Morning_High,2020-01-12 05:45:00,0.031859,229.459,0.8589,50.001
Morning_High,2020-01-12 05:48:00,0.048184,227.939,1.116,49.996
Morning_High,2020-01-12 05:51:00,0.038479,230.564,0.9029,49.988
Morning_High,2020-01-12 05:54:00,0.045421,228.997,1.0638,49.977
Morning_High,2020-01-12 05:57:00,0.039211,229.584,0.9436,49.998
Morning_High,2020-01-12 06:00:00,0.064402,228.874,1.4324,49.99
Morning_High,2020-01-12 06:03:00,0.063367,228.435,1.4227,49.999
Morning_High,2020-01-12 06:06:00,0.051125,228.175,1.1133,49.975
Morning_High,2020-01-12 06:09:00,0.046852,230.209,1.1325,49.989
Morning_High,2020-01-12 06:12:00,0.060265,228.403,1.3547,49.974
Morning_High,2020-01-12 06:15:00,0.060087,228.879,1.2814,49.972
Morning_High,2020-01-12 06:18:00,0.056659,228.68,1.2077,49.968
Morning_High,2020-01-12 06:21:00,0.060969,227.406,1.3673,49.985
Morning_High,2020-01-12 06:24:00,0.041079,230.397,1.0046,49.98
Morning_High,2020-01-12 06:27:00,0.059377,229.446,1.3065,49.991
Morning_High,2020-01-12 06:30:00,0.043149,229.062,1.0315,49.984
Morning_High,2020-01-12 06:33:00,0.043533,230.16,1.0086,49.988
Morning_High,2020-01-12 06:36:00,0.082868,227.311,1.6828,49.972
Morning_High,2020-01-12 06:39:00,0.059925,229.887,1.3083,50.008
Morning_High,2020-01-12 06:42:00,0.033416,230.753,0.7906,50.003
Morning_High,2020-01-12 06:45:00,0.058257,227.291,1.2743,49.971
Morning_High,2020-01-12 06:48:00,0.058532,228.784,1.3254,49.981
Morning_High,2020-01-12 06:51:00,0.054773,228.491,1.1723,49.994
Morning_High,2020-01-12 06:54:00,0.050265,229.681,1.1993,49.994
Morning_High,2020-01-12 06:57:00,0.054596,228.823,1.1673,49.98
Morning_High,2020-01-12 07:00:00,0.08099,227.558,1.6474,49.972
Morning_High,2020-01-12 07:03:00,0.055056,227.976,1.2651,49.98
Morning_High,2020-01-12 07:06:00,0.089925,228.541,1.8762,49.986
Morning_High,2020-01-12 07:09:00,0.054075,229.052,1.1562,49.973
Morning_High,2020-01-12 07:12:00,0.077295,226.901,1.6591,49.976
Morning_High,2020-01-12 07:15:00,0.028701,230.981,0.7769,49.985
Morning_High,2020-01-12 07:18:00,0.073937,228.788,1.5698,49.986
Morning_High,2020-01-12 07:21:00,0.056752,229.231,1.2838,49.967
Morning_High,2020-01-12 07:24:00,0.078912,228.263,1.6702,49.993
Morning_High,2020-01-12 07:27:00,0.071004,228.494,1.481,49.964
Morning_High,2020-01-12 07:30:00,0.062317,229.009,1.4088,49.998
Morning_High,2020-01-12 07:33:00,0.062669,228.248,1.3793,49.991
Morning_High,2020-01-12 07:36:00,0.067371,228.231,1.4491,49.982
Morning_High,2020-01-12 07:39:00,0.083004,227.686,1.763,49.978
Morning_High,2020-01-12 07:42:00,0.02387,231.164,0.7033,49.988
Morning_High,2020-01-12 07:45:00,0.068554,228.425,1.4586,49.962
Morning_High,2020-01-12 07:48:00,0.079166,226.651,1.6421,49.966
Morning_High,2020-01-12 07:51:00,0.075819,227.34,1.5635,49.98
Morning_High,2020-01-12 07:54:00,0.076053,228.252,1.5717,49.985
Morning_High,2020-01-12 07:57:00,0.068809,228.225,1.5151,49.995
Morning_High,2020-01-12 08:00:00,0.058101,228.045,1.3484,49.98
Morning_High,2020-01-12 08:03:00,0.071361,227.108,1.5136,49.978
Morning_High,2020-01-12 08:06:00,0.06136,228.768,1.3542,50.0
Morning_High,2020-01-12 08:09:00,0.068385,228.91,1.442,49.984
Morning_High,2020-01-12 08:12:00,0.066738,227.222,1.4283,49.978
Morning_High,2020-01-12 08:15:00,0.050305,230.189,1.1638,49.973
Morning_High,2020-01-12 08:18:00,0.067949,228.815,1.4971,49.987
Morning_High,2020-01-12 08:21:00,0.057278,228.067,1.2912,49.978
Morning_High,2020-01-12 08:24:00,0.039111,229.517,0.964,49.984
Morning_High,2020-01-12 08:27:00,0.084583,227.033,1.7862,49.962
Morning_High,2020-01-12 08:30:00,0.090492,228.307,1.8436,49.957
Morning_High,2020-01-12 08:33:00,0.067833,229.287,1.4721,49.987
Morning_High,2020-01-12 08:36:00,0.070057,227.503,1.5188,49.996
Morning_High,2020-01-12 08:39:00,0.080178,228.041,1.7649,49.98
Morning_High,2020-01-12 08:42:00,0.034009,230.538,0.8471,50.011
Morning_High,2020-01-12 08:45:00,0.075231,226.838,1.6379,49.963
Morning_High,2020-01-12 08:48:00,0.042306,229.724,0.9772,49.967
Morning_High,2020-01-12 08:51:00,0.062087,227.794,1.3567,49.985
Morning_High,2020-01-12 08:54:00,0.084215,227.783,1.7835,49.978
Morning_High,2020-01-12 08:57:00,0.058043,228.16,1.2438,49.976
Morning_High,2020-01-12 09:00:00,0.042988,229.563,1.0522,50.004
Morning_High,2020-01-12 09:03:00,0.053179,227.961,1.2307,49.981
Morning_High,2020-01-12 09:06:00,0.072189,227.743,1.5195,49.99
Morning_High,2020-01-12 09:09:00,0.070235,227.991,1.521,49.999
Morning_High,2020-01-12 09:12:00,0.061431,228.583,1.3741,49.983
Morning_High,2020-01-12 09:15:00,0.065243,228.201,1.4424,49.992
Morning_High,2020-01-12 09:18:00,0.030672,229.27,0.8442,50.003
Morning_High,2020-01-12 09:21:00,0.058197,229.099,1.3118,50.0
Morning_High,2020-01-12 09:24:00,0.06232,229.3,1.3554,49.987
Morning_High,2020-01-12 09:27:00,0.029907,230.586,0.8289,49.973
Morning_High,2020-01-12 09:30:00,0.039961,230.091,0.9435,49.984
Morning_High,2020-01-12 09:33:00,0.074099,228.439,1.6027,49.965
Morning_High,2020-01-12 09:36:00,0.057699,227.512,1.2927,49.97
Morning_High,2020-01-12 09:39:00,0.0423,229.692,1.0147,49.984
Morning_High,2020-01-12 09:42:00,0.05211,229.47,1.2044,49.989
Morning_High,2020-01-12 09:45:00,0.059114,229.186,1.2677,49.971
Morning_High,2020-01-12 09:48:00,0.046306,230.094,1.1328,49.988
Morning_High,2020-01-12 09:51:00,0.039679,231.144,0.9242,50.01
Morning_High,2020-01-12 09:54:00,0.052631,229.572,1.1408,49.994
Morning_High,2020-01-12 09:57:00,0.030493,230.03,0.7522,49.986
Morning_High,2020-01-12 10:00:00,0.033787,229.075,0.8225,49.998
Morning_High,2020-01-12 10:03:00,0.062132,229.161,1.3884,49.997
Morning_High,2020-01-12 10:06:00,0.05832,227.836,1.2663,49.969
Morning_High,2020-01-12 10:09:00,0.045348,229.152,1.1284,49.959
Morning_High,2020-01-12 10:12:00,0.034036,230.632,0.8481,49.992
Morning_High,2020-01-12 10:15:00,0.03863,229.329,0.9259,49.976
Morning_High,2020-01-12 10:18:00,0.023511,231.117,0.689,49.996
Morning_High,2020-01-12 10:21:00,0.047912,229.347,1.1525,49.989
Morning_High,2020-01-12 10:24:00,0.053621,229.005,1.1908,49.991
Morning_High,2020-01-12 10:27:00,0.035142,229.002,0.8694,49.983
Morning_High,2020-01-12 10:30:00,0.033633,228.105,0.841,50.001
Morning_High,2020-01-12 10:33:00,0.041206,229.615,0.9383,49.984
Morning_High,2020-01-12 10:36:00,0.037086,230.704,0.9379,49.978
Morning_High,2020-01-12 10:39:00,0.037574,229.517,0.9149,49.972
Morning_High,2020-01-12 10:42:00,0.032365,230.494,0.8296,49.989
Morning_High,2020-01-12 10:45:00,0.041517,229.331,0.9907,49.987
Morning_High,2020-01-12 10:48:00,0.039352,228.354,0.945,49.981
Morning_High,2020-01-12 10:51:00,0.033601,229.794,0.8315,49.986
Morning_High,2020-01-12 10:54:00,0.042142,230.406,1.0285,49.99
Morning_High,2020-01-12 10:57:00,0.026598,229.458,0.7359,49.985
Morning_High,2020-01-12 11:00:00,0.028935,231.62,0.7203,49.997
Morning_High,2020-01-12 11:03:00,0.022054,231.695,0.5939,49.994
Morning_High,2020-01-12 11:06:00,0.027009,229.383,0.6908,49.981
Morning_High,2020-01-12 11:09:00,0.035595,230.815,0.8303,49.988
Morning_High,2020-01-12 11:12:00,0.025594,230.574,0.6814,49.987
Morning_High,2020-01-12 11:15:00,0.027922,231.518,0.7183,49.99
Morning_High,2020-01-12 11:18:00,0.020079,231.467,0.623,49.985
Morning_High,2020-01-12 11:21:00,0.020272,230.757,0.5965,49.991
Morning_High,2020-01-12 11:24:00,0.029999,230.396,0.8135,49.989
Morning_High,2020-01-12 11:27:00,0.029029,229.79,0.7513,49.99
Morning_High,2020-01-12 11:30:00,0.021974,231.584,0.6469,49.989
Morning_High,2020-01-12 11:33:00,0.014283,231.424,0.5069,50.001
Morning_High,2020-01-12 11:36:00,0.022404,230.448,0.6213,49.995
Morning_High,2020-01-12 11:39:00,0.022593,230.566,0.6479,49.996
Morning_High,2020-01-12 11:42:00,0.027041,230.457,0.7573,49.992
Morning_High,2020-01-12 11:45:00,0.00861,231.226,0.3312,49.988
Morning_High,2020-01-12 11:48:00,0.011828,230.952,0.4309,49.992
Morning_High,2020-01-12 11:51:00,0.0221,230.845,0.6444,49.995
Morning_High,2020-01-12 11:54:00,0.018011,232.117,0.5767,49.982
Morning_High,2020-01-12 11:57:00,0.022356,231.178,0.601,49.996
Morning_High,2020-01-12 12:00:00,0.016151,230.295,0.5747,50.015
Morning_High,2020-01-12 12:03:00,0.031316,229.8,0.7412,49.988
Morning_High,2020-01-12 12:06:00,0.017359,231.586,0.574,49.994
Morning_High,2020-01-12 12:09:00,0.015341,231.161,0.5562,49.987
Morning_High,2020-01-12 12:12:00,0.016976,230.272,0.5403,50.001
Morning_High,2020-01-12 12:15:00,0.024581,230.356,0.7067,50.004
Morning_High,2020-01-12 12:18:00,0.011522,231.638,0.4653,49.987
Morning_High,2020-01-12 12:21:00,0.015526,231.472,0.4874,49.992
Morning_High,2020-01-12 12:24:00,0.024012,231.123,0.6735,49.994
Morning_High,2020-01-12 12:27:00,0.023539,228.672,0.6577,49.994
Morning_High,2020-01-12 12:30:00,0.013956,230.133,0.4832,50.003
Morning_High,2020-01-12 12:33:00,0.02341,231.449,0.6674,49.987
Morning_High,2020-01-12 12:36:00,0.022217,231.761,0.6606,49.994
Morning_High,2020-01-12 12:39:00,0.009764,231.701,0.3927,49.974
Morning_High,2020-01-12 12:42:00,0.019837,230.866,0.5628,50.019
Morning_High,2020-01-12 12:45:00,0.022895,230.54,0.7015,50.01
Morning_High,2020-01-12 12:48:00,0.01085,230.577,0.4673,49.996
Morning_High,2020-01-12 12:51:00,0.02181,230.691,0.6803,49.988
Morning_High,2020-01-12 12:54:00,0.012187,230.507,0.4327,50.015
Morning_High,2020-01-12 12:57:00,0.015789,230.99,0.4791,49.978
Morning_High,2020-01-12 13:00:00,0.020777,231.245,0.5861,50.011
Morning_High,2020-01-12 13:03:00,0.010888,230.68,0.4412,50.01
Morning_High,2020-01-12 13:06:00,0.013666,229.79,0.5006,50.005
Morning_High,2020-01-12 13:09:00,0.013861,229.796,0.5148,49.992
Morning_High,2020-01-12 13:12:00,0.017315,231.591,0.5509,49.99
Morning_High,2020-01-12 13:15:00,0.024444,231.048,0.6365,50.003
Morning_High,2020-01-12 13:18:00,0.016751,231.839,0.585,49.998
Morning_High,2020-01-12 13:21:00,0.02167,231.041,0.6037,49.977
Morning_High,2020-01-12 13:24:00,0.021618,230.901,0.6921,49.988
Morning_High,2020-01-12 13:27:00,0.009304,231.806,0.3684,50.01
Morning_High,2020-01-12 13:30:00,0.022525,230.866,0.6718,49.998
Morning_High,2020-01-12 13:33:00,0.016259,230.066,0.5879,49.976
Morning_High,2020-01-12 13:36:00,0.014294,230.95,0.565,50.013
Morning_High,2020-01-12 13:39:00,0.024217,229.97,0.6968,49.995
Morning_High,2020-01-12 13:42:00,0.023283,230.695,0.7052,50.011
Morning_High,2020-01-12 13:45:00,0.02228,230.118,0.6689,50.002
Morning_High,2020-01-12 13:48:00,0.015201,231.123,0.5594,49.994
Morning_High,2020-01-12 13:51:00,0.023014,230.545,0.6886,49.989
Morning_High,2020-01-12 13:54:00,0.019304,231.342,0.6523,50.003
Morning_High,2020-01-12 13:57:00,0.009486,231.227,0.3831,49.995
Morning_High,2020-01-12 14:00:00,0.021186,229.464,0.614,50.006
Morning_High,2020-01-12 14:03:00,0.013719,231.193,0.5389,49.977
Morning_High,2020-01-12 14:06:00,0.019446,230.071,0.5636,50.006
Morning_High,2020-01-12 14:09:00,0.017375,231.839,0.5252,49.988
Morning_High,2020-01-12 14:12:00,0.012682,231.861,0.4016,49.982
Morning_High,2020-01-12 14:15:00,0.020266,229.749,0.6294,49.999
Morning_High,2020-01-12 14:18:00,0.01172,231.082,0.4961,49.992
Morning_High,2020-01-12 14:21:00,0.014282,231.252,0.5126,50.005
Morning_High,2020-01-12 14:24:00,0.015893,231.607,0.5164,50.006
Morning_High,2020-01-12 14:27:00,0.020993,231.416,0.6538,49.988
Morning_High,2020-01-12 14:30:00,0.019653,231.684,0.6124,49.987
Morning_High,2020-01-12 14:33:00,0.016045,231.787,0.5047,49.992
Morning_High,2020-01-12 14:36:00,0.016732,231.436,0.5631,49.993
Morning_High,2020-01-12 14:39:00,0.016156,230.433,0.4731,50.031
Morning_High,2020-01-12 14:42:00,0.017957,230.459,0.5689,49.995
Morning_High,2020-01-12 14:45:00,0.018712,230.539,0.5206,49.988
Morning_High,2020-01-12 14:48:00,0.019158,230.425,0.6371,49.975
Morning_High,2020-01-12 14:51:00,0.014799,231.03,0.5342,49.996
Morning_High,2020-01-12 14:54:00,0.019689,232.14,0.6179,49.991
Morning_High,2020-01-12 14:57:00,0.020114,229.342,0.6038,49.989
Morning_High,2020-01-12 15:00:00,0.017932,231.032,0.5984,50.002
Morning_High,2020-01-12 15:03:00,0.0193,230.606,0.6223,49.994
Morning_High,2020-01-12 15:06:00,0.016454,231.441,0.5658,49.997
Morning_High,2020-01-12 15:09:00,0.012791,231.194,0.4233,49.964
Morning_High,2020-01-12 15:12:00,0.020178,230.521,0.6121,50.013
Morning_High,2020-01-12 15:15:00,0.021155,232.034,0.6394,50.008
Morning_High,2020-01-12 15:18:00,0.016441,231.0,0.4802,49.999
Morning_High,2020-01-12 15:21:00,0.011103,231.629,0.4612,50.01
Morning_High,2020-01-12 15:24:00,0.017243,230.771,0.6275,49.975
Morning_High,2020-01-12 15:27:00,0.016626,230.791,0.5832,50.011
Morning_High,2020-01-12 15:30:00,0.016681,231.108,0.5757,49.997
Morning_High,2020-01-12 15:33:00,0.021077,230.171,0.6004,49.985
Morning_High,2020-01-12 15:36:00,0.015848,231.084,0.5315,49.997
Morning_High,2020-01-12 15:39:00,0.02448,230.102,0.7235,50.006
Morning_High,2020-01-12 15:42:00,0.014476,231.824,0.5322,49.989
Morning_High,2020-01-12 15:45:00,0.022287,230.452,0.6766,49.993
Morning_High,2020-01-12 15:48:00,0.014086,230.737,0.5547,50.007
Morning_High,2020-01-12 15:51:00,0.014822,231.245,0.458,49.984
Morning_High,2020-01-12 15:54:00,0.01522,230.406,0.4374,49.987
Morning_High,2020-01-12 15:57:00,0.019517,231.476,0.5864,49.993
Morning_High,2020-01-12 16:00:00,0.019557,230.148,0.6389,50.011
Morning_High,2020-01-12 16:03:00,0.019086,230.81,0.6252,49.993
Morning_High,2020-01-12 16:06:00,0.019027,230.956,0.6245,49.986
Morning_High,2020-01-12 16:09:00,0.01538,230.349,0.5826,50.004
Morning_High,2020-01-12 16:12:00,0.017132,230.009,0.5759,49.983
Morning_High,2020-01-12 16:15:00,0.019619,229.916,0.6162,50.008
Morning_High,2020-01-12 16:18:00,0.016228,230.24,0.5551,49.976
Morning_High,2020-01-12 16:21:00,0.021855,230.508,0.6134,49.977
Morning_High,2020-01-12 16:24:00,0.01003,232.419,0.451,49.977
Morning_High,2020-01-12 16:27:00,0.020625,232.568,0.6381,50.004
Morning_High,2020-01-12 16:30:00,0.019117,231.463,0.5801,50.002
Morning_High,2020-01-12 16:33:00,0.011846,232.55,0.5076,50.004
Morning_High,2020-01-12 16:36:00,0.019381,231.176,0.5629,49.984
Morning_High,2020-01-12 16:39:00,0.025701,231.827,0.7491,49.975
Morning_High,2020-01-12 16:42:00,0.020182,231.094,0.5581,49.991
Morning_High,2020-01-12 16:45:00,0.017867,230.883,0.616,49.993
Morning_High,2020-01-12 16:48:00,0.01848,230.216,0.6317,49.997
Morning_High,2020-01-12 16:51:00,0.026592,230.621,0.7266,49.991
Morning_High,2020-01-12 16:54:00,0.01324,231.148,0.4707,49.992
Morning_High,2020-01-12 16:57:00,0.018472,230.715,0.5092,49.988
Morning_High,2020-01-12 17:00:00,0.022708,229.615,0.6469,49.98
Morning_High,2020-01-12 17:03:00,0.02637,230.496,0.704,49.991
Morning_High,2020-01-12 17:06:00,0.016753,229.645,0.5338,49.983
Morning_High,2020-01-12 17:09:00,0.018779,230.892,0.6031,49.998
Morning_High,2020-01-12 17:12:00,0.021856,232.602,0.6437,50.002
Morning_High,2020-01-12 17:15:00,0.024183,230.969,0.6981,49.996
Morning_High,2020-01-12 17:18:00,0.029195,231.867,0.826,49.985
Morning_High,2020-01-12 17:21:00,0.015781,231.88,0.5666,49.984
Morning_High,2020-01-12 17:24:00,0.017962,230.063,0.619,49.989
Morning_High,2020-01-12 17:27:00,0.016675,231.039,0.5397,49.99
Morning_High,2020-01-12 17:30:00,0.018054,231.211,0.5687,49.995
Morning_High,2020-01-12 17:33:00,0.022965,230.979,0.6742,49.999
Morning_High,2020-01-12 17:36:00,0.029975,229.688,0.7655,49.983
Morning_High,2020-01-12 17:39:00,0.023842,231.509,0.7107,50.0
Morning_High,2020-01-12 17:42:00,0.018969,231.976,0.647,49.983
Morning_High,2020-01-12 17:45:00,0.020889,230.384,0.6405,49.984
Morning_High,2020-01-12 17:48:00,0.015788,230.021,0.5694,49.99
Morning_High,2020-01-12 17:51:00,0.013578,229.988,0.5075,49.996
Morning_High,2020-01-12 17:54:00,0.02437,229.427,0.7185,49.984
Morning_High,2020-01-12 17:57:00,0.019057,231.357,0.6148,49.998
Morning_High,2020-01-12 18:00:00,0.023193,231.865,0.6484,50.003
Morning_High,2020-01-12 18:03:00,0.019572,229.578,0.5423,49.974
Morning_High,2020-01-12 18:06:00,0.030635,229.384,0.7906,50.009
Morning_High,2020-01-12 18:09:00,0.021666,230.807,0.6422,50.003
Morning_High,2020-01-12 18:12:00,0.028909,229.468,0.7864,49.984
Morning_High,2020-01-12 18:15:00,0.020977,231.825,0.6799,50.006
Morning_High,2020-01-12 18:18:00,0.014959,232.023,0.5342,49.975
Morning_High,2020-01-12 18:21:00,0.034714,228.948,0.9109,49.984
Morning_High,2020-01-12 18:24:00,0.02815,230.266,0.7188,49.992
Morning_High,2020-01-12 18:27:00,0.014399,231.207,0.5347,49.987
Morning_High,2020-01-12 18:30:00,0.012434,232.534,0.5142,50.001
Morning_High,2020-01-12 18:33:00,0.020476,230.091,0.6122,49.986
Morning_High,2020-01-12 18:36:00,0.035641,231.001,0.8877,50.009
Morning_High,2020-01-12 18:39:00,0.031112,229.477,0.8111,49.991
Morning_High,2020-01-12 18:42:00,0.025513,230.854,0.61,49.985
Morning_High,2020-01-12 18:45:00,0.030088,231.072,0.8081,49.991
Morning_High,2020-01-12 18:48:00,0.021895,230.336,0.6785,49.997
Morning_High,2020-01-12 18:51:00,0.031189,230.235,0.7849,50.003
Morning_High,2020-01-12 18:54:00,0.018806,231.368,0.6385,49.991
Morning_High,2020-01-12 18:57:00,0.026349,230.244,0.7148,49.985
Morning_High,2020-01-12 19:00:00,0.018641,230.807,0.57,50.007
Morning_High,2020-01-12 19:03:00,0.014053,231.074,0.5424,49.995
Morning_High,2020-01-12 19:06:00,0.013622,233.071,0.5245,50.015
Morning_High,2020-01-12 19:09:00,0.021647,230.761,0.5624,50.004
Morning_High,2020-01-12 19:12:00,0.029647,230.408,0.8394,50.002
Morning_High,2020-01-12 19:15:00,0.036287,229.48,0.902,49.971
Morning_High,2020-01-12 19:18:00,0.028499,229.649,0.7419,50.001
Morning_High,2020-01-12 19:21:00,0.023052,231.582,0.7108,49.972
Morning_High,2020-01-12 19:24:00,0.020321,232.088,0.6069,49.991
Morning_High,2020-01-12 19:27:00,0.023567,231.026,0.691,50.025
Morning_High,2020-01-12 19:30:00,0.027662,231.089,0.7744,49.974
Morning_High,2020-01-12 19:33:00,0.018042,231.746,0.5697,49.992
Morning_High,2020-01-12 19:36:00,0.025854,231.672,0.6793,49.995
Morning_High,2020-01-12 19:39:00,0.022016,232.6,0.6189,50.004
Morning_High,2020-01-12 19:42:00,0.026909,229.785,0.7645,49.997
Morning_High,2020-01-12 19:45:00,0.033443,230.943,0.7999,49.998
Morning_High,2020-01-12 19:48:00,0.026513,229.293,0.7294,49.982
Morning_High,2020-01-12 19:51:00,0.025848,230.156,0.7137,50.003
Morning_High,2020-01-12 19:54:00,0.020425,230.861,0.5953,50.0
Morning_High,2020-01-12 19:57:00,0.025196,230.702,0.6891,49.995
Morning_High,2020-01-12 20:00:00,0.022926,230.573,0.687,49.986
Morning_High,2020-01-12 20:03:00,0.028926,230.306,0.7552,49.995
Morning_High,2020-01-12 20:06:00,0.030429,229.048,0.7702,49.966
Morning_High,2020-01-12 20:09:00,0.027749,229.122,0.7039,50.012
Morning_High,2020-01-12 20:12:00,0.027405,229.566,0.7449,49.991
Morning_High,2020-01-12 20:15:00,0.028648,229.175,0.8031,49.981
Morning_High,2020-01-12 20:18:00,0.02635,229.441,0.7925,49.994
Morning_High,2020-01-12 20:21:00,0.013691,229.255,0.5075,49.99
Morning_High,2020-01-12 20:24:00,0.014952,231.825,0.5118,49.998
Morning_High,2020-01-12 20:27:00,0.021156,231.187,0.6527,50.002
Morning_High,2020-01-12 20:30:00,0.021012,229.255,0.5842,49.983
Morning_High,2020-01-12 20:33:00,0.0342,228.387,0.9002,49.995
Morning_High,2020-01-12 20:36:00,0.016794,231.919,0.5943,49.994
Morning_High,2020-01-12 20:39:00,0.030571,230.117,0.8185,49.989
Morning_High,2020-01-12 20:42:00,0.029749,231.679,0.7841,49.988
Morning_High,2020-01-12 20:45:00,0.030724,229.492,0.7991,49.993
Morning_High,2020-01-12 20:48:00,0.019333,232.19,0.586,49.998
Morning_High,2020-01-12 20:51:00,0.02175,231.2,0.6698,49.988
Morning_High,2020-01-12 20:54:00,0.030988,230.021,0.8273,50.002
Morning_High,2020-01-12 20:57:00,0.020454,232.616,0.5965,49.996
Morning_High,2020-01-12 21:00:00,0.030534,230.821,0.7998,49.977
Morning_High,2020-01-12 21:03:00,0.023045,230.788,0.6904,49.981
Morning_High,2020-01-12 21:06:00,0.016133,231.088,0.512,49.986
Morning_High,2020-01-12 21:09:00,0.027959,229.7,0.7059,50.005
Morning_High,2020-01-12 21:12:00,0.020595,232.267,0.63,49.992
Morning_High,2020-01-12 21:15:00,0.020291,229.661,0.6397,49.992
Morning_High,2020-01-12 21:18:00,0.034209,230.05,0.9292,49.997
Morning_High,2020-01-12 21:21:00,0.028932,230.425,0.84,50.019
Morning_High,2020-01-12 21:24:00,0.025082,230.177,0.6657,49.987
Morning_High,2020-01-12 21:27:00,0.017311,231.693,0.5475,49.984
Morning_High,2020-01-12 21:30:00,0.03169,230.275,0.7951,50.017
Morning_High,2020-01-12 21:33:00,0.025868,231.603,0.7143,50.014
Morning_High,2020-01-12 21:36:00,0.021399,231.785,0.6454,49.98
Morning_High,2020-01-12 21:39:00,0.029656,230.152,0.7841,49.976
Morning_High,2020-01-12 21:42:00,0.024821,231.148,0.7376,49.98
Morning_High,2020-01-12 21:45:00,0.017924,229.856,0.6025,49.976
Morning_High,2020-01-12 21:48:00,0.028983,231.379,0.7571,49.976
Morning_High,2020-01-12 21:51:00,0.017245,231.183,0.5724,49.996
Morning_High,2020-01-12 21:54:00,0.021805,230.735,0.6362,49.99
Morning_High,2020-01-12 21:57:00,0.031116,229.897,0.8077,49.988
Morning_High,2020-01-12 22:00:00,0.024303,231.358,0.679,49.979
Morning_High,2020-01-12 22:03:00,0.010422,230.246,0.4861,49.991
Morning_High,2020-01-12 22:06:00,0.024109,229.587,0.6915,50.004
Morning_High,2020-01-12 22:09:00,0.022574,231.264,0.6808,50.005
Morning_High,2020-01-12 22:12:00,0.0148,231.395,0.525,49.979
Morning_High,2020-01-12 22:15:00,0.016941,232.65,0.5601,49.995
Morning_High,2020-01-12 22:18:00,0.016013,231.434,0.5508,49.993
Morning_High,2020-01-12 22:21:00,0.017296,229.196,0.5481,50.001
Morning_High,2020-01-12 22:24:00,0.027015,231.242,0.7086,50.012
Morning_High,2020-01-12 22:27:00,0.013172,231.282,0.5525,49.993
Morning_High,2020-01-12 22:30:00,0.030209,230.212,0.7709,50.005
Morning_High,2020-01-12 22:33:00,0.015218,231.541,0.4983,49.996
Morning_High,2020-01-12 22:36:00,0.020654,230.479,0.6369,49.993
Morning_High,2020-01-12 22:39:00,0.026235,229.757,0.68,49.999
Morning_High,2020-01-12 22:42:00,0.02162,230.407,0.6689,49.968
Morning_High,2020-01-12 22:45:00,0.018536,231.588,0.6301,50.004
Morning_High,2020-01-12 22:48:00,0.012097,230.203,0.451,50.009
Morning_High,2020-01-12 22:51:00,0.016006,230.297,0.5268,49.982
Morning_High,2020-01-12 22:54:00,0.013738,230.858,0.5041,50.01
Morning_High,2020-01-12 22:57:00,0.014857,230.756,0.4965,49.993
Morning_High,2020-01-12 23:00:00,0.022926,230.278,0.6588,49.986
Morning_High,2020-01-12 23:03:00,0.020775,229.915,0.6325,49.984
Morning_High,2020-01-12 23:06:00,0.01423,231.049,0.4766,49.996
Morning_High,2020-01-12 23:09:00,0.014685,232.33,0.5144,49.996
Morning_High,2020-01-12 23:12:00,0.024716,229.827,0.674,49.995
Morning_High,2020-01-12 23:15:00,0.012051,232.101,0.4857,49.981
Morning_High,2020-01-12 23:18:00,0.013665,231.894,0.5303,49.983
Morning_High,2020-01-12 23:21:00,0.017732,233.049,0.5421,49.979
Morning_High,2020-01-12 23:24:00,0.025211,230.698,0.7223,49.995
Morning_High,2020-01-12 23:27:00,0.016676,231.646,0.5033,49.965
Morning_High,2020-01-12 23:30:00,0.020996,231.255,0.6055,49.988
Morning_High,2020-01-12 23:33:00,0.023709,229.105,0.6952,49.988
Morning_High,2020-01-12 23:36:00,0.019664,230.097,0.5497,49.983
Morning_High,2020-01-12 23:39:00,0.019819,229.607,0.6126,50.0
Morning_High,2020-01-12 23:42:00,0.021025,229.671,0.723,49.988
Morning_High,2020-01-12 23:45:00,0.016935,230.881,0.5935,50.013
Morning_High,2020-01-12 23:48:00,0.023186,230.075,0.648,50.005
Morning_High,2020-01-12 23:51:00,0.016238,230.43,0.5588,49.999
Morning_High,2020-01-12 23:54:00,0.024134,231.283,0.7378,50.004
Morning_High,2020-01-12 23:57:00,0.012558,231.916,0.52,49.992
Morning_High,2020-01-13 00:00:00,0.017206,230.234,0.5967,49.98
Morning_High,2020-01-13 00:03:00,0.0195,229.095,0.5295,50.002
Morning_High,2020-01-13 00:06:00,0.013193,231.039,0.4868,50.007
Morning_High,2020-01-13 00:09:00,0.022789,229.145,0.6681,49.995
Morning_High,2020-01-13 00:12:00,0.015606,231.038,0.513,49.998
Morning_High,2020-01-13 00:15:00,0.026498,230.529,0.7107,50.0
Morning_High,2020-01-13 00:18:00,0.014143,229.79,0.5226,49.959
Morning_High,2020-01-13 00:21:00,0.014476,230.35,0.4399,49.987
Morning_High,2020-01-13 00:24:00,0.017779,232.438,0.5746,49.991
Morning_High,2020-01-13 00:27:00,0.017445,231.467,0.5984,49.986
Morning_High,2020-01-13 00:30:00,0.016632,231.222,0.5191,49.98
Morning_High,2020-01-13 00:33:00,0.01616,232.023,0.5418,49.99
Morning_High,2020-01-13 00:36:00,0.017659,231.035,0.6148,49.99
Morning_High,2020-01-13 00:39:00,0.010458,232.559,0.4012,49.999
Morning_High,2020-01-13 00:42:00,0.013919,232.146,0.4924,50.033
Morning_High,2020-01-13 00:45:00,0.020429,232.434,0.6822,49.992
Morning_High,2020-01-13 00:48:00,0.012025,231.448,0.4328,50.0
Morning_High,2020-01-13 00:51:00,0.018572,230.824,0.5846,49.999
Morning_High,2020-01-13 00:54:00,0.016482,229.962,0.5919,50.008
Morning_High,2020-01-13 00:57:00,0.015972,231.91,0.5483,50.005
Morning_High,2020-01-13 01:00:00,0.016522,231.284,0.5585,49.982
Morning_High,2020-01-13 01:03:00,0.011036,230.398,0.4365,49.984
Morning_High,2020-01-13 01:06:00,0.016829,231.509,0.5337,49.984
Morning_High,2020-01-13 01:09:00,0.011589,231.144,0.4408,49.993
Morning_High,2020-01-13 01:12:00,0.018291,232.494,0.579,50.013
Morning_High,2020-01-13 01:15:00,0.015414,231.071,0.547,49.987
Morning_High,2020-01-13 01:18:00,0.017877,230.568,0.6078,50.003
Morning_High,2020-01-13 01:21:00,0.012119,231.364,0.4831,50.011
Morning_High,2020-01-13 01:24:00,0.011751,231.51,0.4181,49.999
Morning_High,2020-01-13 01:27:00,0.019237,230.927,0.585,50.007
Morning_High,2020-01-13 01:30:00,0.018356,231.334,0.5788,49.992
Morning_High,2020-01-13 01:33:00,0.020945,231.694,0.6526,50.018
Morning_High,2020-01-13 01:36:00,0.012926,231.736,0.5013,49.978
Morning_High,2020-01-13 01:39:00,0.021755,229.663,0.6332,49.989
Morning_High,2020-01-13 01:42:00,0.016647,231.94,0.5571,50.014
Morning_High,2020-01-13 01:45:00,0.011552,231.694,0.3522,50.003
Morning_High,2020-01-13 01:48:00,0.016499,229.586,0.5024,50.002
Morning_High,2020-01-13 01:51:00,0.015976,229.921,0.5645,49.988
Morning_High,2020-01-13 01:54:00,0.009968,230.74,0.4057,49.994
Morning_High,2020-01-13 01:57:00,0.017187,229.623,0.5332,49.998
Morning_High,2020-01-13 02:00:00,0.014212,231.424,0.529,49.986
Morning_High,2020-01-13 02:03:00,0.015732,232.081,0.5019,49.986
Morning_High,2020-01-13 02:06:00,0.018894,231.359,0.5739,50.018
Morning_High,2020-01-13 02:09:00,0.022811,232.145,0.6813,49.997
Morning_High,2020-01-13 02:12:00,0.023326,231.224,0.7493,49.982
Morning_High,2020-01-13 02:15:00,0.017913,230.576,0.5866,49.986
Morning_High,2020-01-13 02:18:00,0.008652,232.594,0.4447,50.002
Morning_High,2020-01-13 02:21:00,0.0148,230.346,0.5412,50.012
Morning_High,2020-01-13 02:24:00,0.01423,231.956,0.5286,50.013
Morning_High,2020-01-13 02:27:00,0.020989,230.945,0.6731,49.998
Morning_High,2020-01-13 02:30:00,0.019221,229.134,0.5965,49.996
Morning_High,2020-01-13 02:33:00,0.016671,231.492,0.545,49.998
Morning_High,2020-01-13 02:36:00,0.019662,231.217,0.5804,49.996
Morning_High,2020-01-13 02:39:00,0.015541,231.151,0.4975,49.974
Morning_High,2020-01-13 02:42:00,0.017155,232.564,0.5337,49.989
Morning_High,2020-01-13 02:45:00,0.017424,231.162,0.5584,49.979
Morning_High,2020-01-13 02:48:00,0.023008,229.492,0.6865,49.994
Morning_High,2020-01-13 02:51:00,0.01592,230.954,0.5666,49.983
Morning_High,2020-01-13 02:54:00,0.016832,231.449,0.5315,49.999
Morning_High,2020-01-13 02:57:00,0.019445,230.912,0.5775,49.984
Morning_High,2020-01-13 03:00:00,0.01797,229.914,0.5281,49.995
Morning_High,2020-01-13 03:03:00,0.014883,231.38,0.5313,49.997
Morning_High,2020-01-13 03:06:00,0.016277,232.895,0.5472,50.019
Morning_High,2020-01-13 03:09:00,0.010079,230.974,0.4191,49.986
Morning_High,2020-01-13 03:12:00,0.012907,231.817,0.5004,50.0
Morning_High,2020-01-13 03:15:00,0.014839,230.784,0.5634,49.986
Morning_High,2020-01-13 03:18:00,0.017089,231.183,0.5789,50.002
Morning_High,2020-01-13 03:21:00,0.028436,230.682,0.7718,50.0
Morning_High,2020-01-13 03:24:00,0.026172,230.023,0.7254,49.996
Morning_High,2020-01-13 03:27:00,0.017179,231.42,0.5509,50.002
Morning_High,2020-01-13 03:30:00,0.018837,230.684,0.5859,49.988
Morning_High,2020-01-13 03:33:00,0.01526,231.149,0.5697,50.004
Morning_High,2020-01-13 03:36:00,0.012339,231.33,0.4894,49.981
Morning_High,2020-01-13 03:39:00,0.017876,231.71,0.5839,50.014
Morning_High,2020-01-13 03:42:00,0.018183,230.042,0.5728,49.989
Morning_High,2020-01-13 03:45:00,0.015419,231.722,0.519,49.983
Morning_High,2020-01-13 03:48:00,0.016099,230.194,0.5163,50.022
Morning_High,2020-01-13 03:51:00,0.013931,231.349,0.5066,49.991
Morning_High,2020-01-13 03:54:00,0.018837,231.511,0.5677,49.991
Morning_High,2020-01-13 03:57:00,0.019329,231.306,0.5961,49.989
Morning_High,2020-01-13 04:00:00,0.015272,231.371,0.51,49.986
Morning_High,2020-01-13 04:03:00,0.016277,231.268,0.4708,49.986
Morning_High,2020-01-13 04:06:00,0.024038,230.122,0.6801,49.997
Morning_High,2020-01-13 04:09:00,0.014889,231.089,0.5062,49.967
Morning_High,2020-01-13 04:12:00,0.018455,231.073,0.5225,49.984
Morning_High,2020-01-13 04:15:00,0.012243,230.419,0.5518,49.974
Morning_High,2020-01-13 04:18:00,0.01847,231.538,0.5891,50.014
Morning_High,2020-01-13 04:21:00,0.021596,231.358,0.6804,49.974
Morning_High,2020-01-13 04:24:00,0.027771,228.709,0.7481,50.01
Morning_High,2020-01-13 04:27:00,0.022554,231.876,0.6792,49.983
Morning_High,2020-01-13 04:30:00,0.026035,231.366,0.6627,49.996
Morning_High,2020-01-13 04:33:00,0.027468,229.874,0.6524,49.99
Morning_High,2020-01-13 04:36:00,0.024324,231.617,0.6963,49.98
Morning_High,2020-01-13 04:39:00,0.014612,230.41,0.5348,49.999
Morning_High,2020-01-13 04:42:00,0.034525,230.656,0.8948,49.98
Morning_High,2020-01-13 04:45:00,0.018053,231.04,0.621,49.979
Morning_High,2020-01-13 04:48:00,0.029397,230.756,0.7547,50.001
Morning_High,2020-01-13 04:51:00,0.029649,231.506,0.7791,49.997
Morning_High,2020-01-13 04:54:00,0.024635,230.341,0.7024,50.003
Morning_High,2020-01-13 04:57:00,0.017968,231.079,0.6258,50.011
Morning_High,2020-01-13 05:00:00,0.023505,231.51,0.6341,49.975
Morning_High,2020-01-13 05:03:00,0.023379,231.553,0.6929,50.005
Morning_High,2020-01-13 05:06:00,0.03076,230.844,0.8131,49.997
Morning_High,2020-01-13 05:09:00,0.027616,230.469,0.7219,50.006
Morning_High,2020-01-13 05:12:00,0.037954,231.071,0.9322,49.98
Morning_High,2020-01-13 05:15:00,0.029385,228.348,0.8377,49.978
Morning_High,2020-01-13 05:18:00,0.039757,230.443,0.8951,49.973
Morning_High,2020-01-13 05:21:00,0.041691,229.484,1.0321,50.001
Morning_High,2020-01-13 05:24:00,0.038114,230.098,0.9055,49.978
Morning_High,2020-01-13 05:27:00,0.038998,229.958,0.9754,50.01
Morning_High,2020-01-13 05:30:00,0.03082,230.652,0.8295,50.001
Morning_High,2020-01-13 05:33:00,0.039952,229.463,0.9286,49.988
Morning_High,2020-01-13 05:36:00,0.028221,230.325,0.6951,49.979
Morning_High,2020-01-13 05:39:00,0.038539,228.881,0.9415,49.986
Morning_High,2020-01-13 05:42:00,0.035427,230.349,0.8759,49.982
Morning_High,2020-01-13 05:45:00,0.047606,228.48,1.0758,49.986
Morning_High,2020-01-13 05:48:00,0.036966,230.555,0.9216,49.995
Morning_High,2020-01-13 05:51:00,0.04235,229.563,0.9711,49.999
Morning_High,2020-01-13 05:54:00,0.025166,230.164,0.6979,50.01
Morning_High,2020-01-13 05:57:00,0.02892,231.283,0.8059,49.993
Morning_High,2020-01-13 06:00:00,0.050334,230.118,1.1793,49.968
Morning_High,2020-01-13 06:03:00,0.036761,230.482,0.9236,49.986
Morning_High,2020-01-13 06:06:00,0.02895,230.85,0.7632,49.992
Morning_High,2020-01-13 06:09:00,0.053195,229.298,1.2633,49.985
Morning_High,2020-01-13 06:12:00,0.053514,229.597,1.2261,49.966
Morning_High,2020-01-13 06:15:00,0.029689,230.614,0.7371,49.984
Morning_High,2020-01-13 06:18:00,0.059205,229.853,1.3153,49.979
Morning_High,2020-01-13 06:21:00,0.05024,229.076,1.1382,49.984
Morning_High,2020-01-13 06:24:00,0.051124,230.606,1.1179,49.967
Morning_High,2020-01-13 06:27:00,0.05055,228.809,1.1155,49.992
Morning_High,2020-01-13 06:30:00,0.054133,228.536,1.2308,49.969
Morning_High,2020-01-13 06:33:00,0.06894,229.652,1.5042,49.961
Morning_High,2020-01-13 06:36:00,0.050647,229.545,1.1737,49.986
Morning_High,2020-01-13 06:39:00,0.045351,229.813,1.0336,49.99
Morning_High,2020-01-13 06:42:00,0.045666,229.971,1.0621,49.973
Morning_High,2020-01-13 06:45:00,0.067158,227.825,1.4297,49.976
Morning_High,2020-01-13 06:48:00,0.062079,228.816,1.401,49.987
Morning_High,2020-01-13 06:51:00,0.051781,228.389,1.1814,50.005
Morning_High,2020-01-13 06:54:00,0.049671,228.529,1.1354,49.986
Morning_High,2020-01-13 06:57:00,0.060933,228.609,1.3638,49.961
Morning_High,2020-01-13 07:00:00,0.056725,227.866,1.2015,49.967
Morning_High,2020-01-13 07:03:00,0.060271,228.396,1.3048,49.986
Morning_High,2020-01-13 07:06:00,0.052283,228.082,1.2153,49.989
Morning_High,2020-01-13 07:09:00,0.057525,229.127,1.3145,49.972
Morning_High,2020-01-13 07:12:00,0.071507,227.139,1.5467,49.971
Morning_High,2020-01-13 07:15:00,0.060042,228.767,1.373,49.963
Morning_High,2020-01-13 07:18:00,0.036045,230.405,0.9666,49.986
Morning_High,2020-01-13 07:21:00,0.062582,228.081,1.3897,49.977
Morning_High,2020-01-13 07:24:00,0.05677,229.77,1.2872,49.966
Morning_High,2020-01-13 07:27:00,0.068718,228.028,1.5216,49.97
Morning_High,2020-01-13 07:30:00,0.026352,230.461,0.7224,50.024
Morning_High,2020-01-13 07:33:00,0.033811,229.817,0.8212,50.006
Morning_High,2020-01-13 07:36:00,0.068821,229.066,1.4664,49.989
Morning_High,2020-01-13 07:39:00,0.092725,227.273,1.8866,49.955
Morning_High,2020-01-13 07:42:00,0.075116,226.772,1.5871,49.989
Morning_High,2020-01-13 07:45:00,0.053862,228.816,1.248,49.983
Morning_High,2020-01-13 07:48:00,0.050854,227.752,1.1542,49.979
Morning_High,2020-01-13 07:51:00,0.064738,228.204,1.417,49.977
Morning_High,2020-01-13 07:54:00,0.06378,228.945,1.3993,49.983
Morning_High,2020-01-13 07:57:00,0.045754,229.236,1.0776,49.976
Morning_High,2020-01-13 08:00:00,0.064289,226.562,1.4216,49.954
Morning_High,2020-01-13 08:03:00,0.058966,229.539,1.3106,50.0
Morning_High,2020-01-13 08:06:00,0.064614,226.937,1.4336,49.981
Morning_High,2020-01-13 08:09:00,0.047339,227.871,1.1039,49.981
Morning_High,2020-01-13 08:12:00,0.057759,227.584,1.3015,49.967
Morning_High,2020-01-13 08:15:00,0.060152,229.671,1.3633,49.966
Morning_High,2020-01-13 08:18:00,0.071632,227.833,1.562,49.97
Morning_High,2020-01-13 08:21:00,0.068304,228.085,1.4375,49.999
Morning_High,2020-01-13 08:24:00,0.071277,228.599,1.5259,49.992
Morning_High,2020-01-13 08:27:00,0.050722,228.684,1.1512,50.0
Morning_High,2020-01-13 08:30:00,0.038841,230.435,0.9434,49.989
Morning_High,2020-01-13 08:33:00,0.070116,228.361,1.5396,49.98
Morning_High,2020-01-13 08:36:00,0.045733,229.93,1.1026,49.98
Morning_High,2020-01-13 08:39:00,0.073839,228.702,1.5362,50.005
Morning_High,2020-01-13 08:42:00,0.093181,226.436,1.9861,49.968
Morning_High,2020-01-13 08:45:00,0.069922,227.557,1.5406,49.995
Morning_High,2020-01-13 08:48:00,0.073209,228.227,1.5603,49.971
Morning_High,2020-01-13 08:51:00,0.038395,230.438,0.8751,49.993
Morning_High,2020-01-13 08:54:00,0.065795,228.413,1.4586,49.994
Morning_High,2020-01-13 08:57:00,0.056367,229.628,1.3201,49.983
Morning_High,2020-01-13 09:00:00,0.067582,230.625,1.492,49.992
Morning_High,2020-01-13 09:03:00,0.062979,230.354,1.4232,49.989
Morning_High,2020-01-13 09:06:00,0.075497,226.584,1.5969,49.971
Morning_High,2020-01-13 09:09:00,0.066466,226.858,1.4019,50.007
Morning_High,2020-01-13 09:12:00,0.064881,227.884,1.362,49.977
Morning_High,2020-01-13 09:15:00,0.027354,231.707,0.7531,49.972
Morning_High,2020-01-13 09:18:00,0.079161,227.56,1.6383,49.989
Morning_High,2020-01-13 09:21:00,0.055682,228.227,1.219,49.984
Morning_High,2020-01-13 09:24:00,0.054668,229.659,1.2705,49.997
Morning_High,2020-01-13 09:27:00,0.078424,227.602,1.664,49.964
Morning_High,2020-01-13 09:30:00,0.051043,229.352,1.1448,49.988
Morning_High,2020-01-13 09:33:00,0.055688,229.622,1.275,49.979
Morning_High,2020-01-13 09:36:00,0.056043,229.051,1.2241,50.005
Morning_High,2020-01-13 09:39:00,0.063185,229.085,1.3833,49.988
Morning_High,2020-01-13 09:42:00,0.051123,228.935,1.1375,50.002
Morning_High,2020-01-13 09:45:00,0.047894,230.486,1.0648,49.988
Morning_High,2020-01-13 09:48:00,0.045404,230.864,1.0699,49.974
Morning_High,2020-01-13 09:51:00,0.038357,230.27,0.9654,49.993
Morning_High,2020-01-13 09:54:00,0.04932,229.521,1.0974,49.992
Morning_High,2020-01-13 09:57:00,0.057736,228.95,1.2126,49.995
Morning_High,2020-01-13 10:00:00,0.050798,229.218,1.1667,50.001
Morning_High,2020-01-13 10:03:00,0.020252,229.792,0.6276,50.005
Morning_High,2020-01-13 10:06:00,0.034687,229.458,0.8521,49.996
Morning_High,2020-01-13 10:09:00,0.029083,229.684,0.7716,49.975
Morning_High,2020-01-13 10:12:00,0.051782,228.406,1.1568,49.987
Morning_High,2020-01-13 10:15:00,0.030775,229.273,0.7402,49.992
Morning_High,2020-01-13 10:18:00,0.039113,229.142,0.9879,50.003
Morning_High,2020-01-13 10:21:00,0.039277,230.541,1.033,50.004
Morning_High,2020-01-13 10:24:00,0.036901,231.163,0.9349,49.986
Morning_High,2020-01-13 10:27:00,0.03073,231.403,0.8413,49.996
Morning_High,2020-01-13 10:30:00,0.039867,230.306,0.9567,49.986
Morning_High,2020-01-13 10:33:00,0.033063,230.159,0.8231,49.999
Morning_High,2020-01-13 10:36:00,0.039808,229.444,0.9921,49.973
Morning_High,2020-01-13 10:39:00,0.033807,230.752,0.8043,49.979
Morning_High,2020-01-13 10:42:00,0.039795,229.296,0.965,49.996
Morning_High,2020-01-13 10:45:00,0.024416,230.377,0.6449,49.998
Morning_High,2020-01-13 10:48:00,0.033186,230.618,0.9015,50.01
Morning_High,2020-01-13 10:51:00,0.021292,230.965,0.6196,49.979
Morning_High,2020-01-13 10:54:00,0.037753,230.485,0.912,50.0
Morning_High,2020-01-13 10:57:00,0.040181,228.883,1.0266,49.974
Morning_High,2020-01-13 11:00:00,0.025586,231.623,0.711,49.99
Morning_High,2020-01-13 11:03:00,0.036021,231.864,0.8421,49.973
Morning_High,2020-01-13 11:06:00,0.019951,231.314,0.6094,49.996
Morning_High,2020-01-13 11:09:00,0.025969,231.788,0.7081,49.986
Morning_High,2020-01-13 11:12:00,0.029177,230.801,0.805,49.989
Morning_High,2020-01-13 11:15:00,0.031536,230.718,0.8104,49.998
Morning_High,2020-01-13 11:18:00,0.02294,231.314,0.6434,50.002
Morning_High,2020-01-13 11:21:00,0.028438,231.66,0.8324,49.999
Morning_High,2020-01-13 11:24:00,0.024255,230.479,0.7164,49.975
Morning_High,2020-01-13 11:27:00,0.020681,232.536,0.5579,49.981
Morning_High,2020-01-13 11:30:00,0.011167,231.569,0.477,49.995
Morning_High,2020-01-13 11:33:00,0.016258,231.438,0.5143,50.001
Morning_High,2020-01-13 11:36:00,0.032147,229.977,0.8585,49.975
Morning_High,2020-01-13 11:39:00,0.018069,230.987,0.5797,49.985
Morning_High,2020-01-13 11:42:00,0.031597,229.446,0.8339,49.968
Morning_High,2020-01-13 11:45:00,0.01415,231.928,0.5698,49.983
Morning_High,2020-01-13 11:48:00,0.018756,229.623,0.5193,49.992
Morning_High,2020-01-13 11:51:00,0.019652,229.675,0.5663,49.992
Morning_High,2020-01-13 11:54:00,0.019762,231.479,0.5885,49.984
Morning_High,2020-01-13 11:57:00,0.013163,231.706,0.5437,50.004
Morning_High,2020-01-13 12:00:00,0.025304,231.564,0.6625,50.014
Morning_High,2020-01-13 12:03:00,0.018628,231.405,0.5863,49.985
Morning_High,2020-01-13 12:06:00,0.02262,230.796,0.5972,50.001
Morning_High,2020-01-13 12:09:00,0.022687,230.955,0.6619,49.989
Morning_High,2020-01-13 12:12:00,0.020754,231.11,0.5992,50.0
Morning_High,2020-01-13 12:15:00,0.021558,230.851,0.6649,49.993
Morning_High,2020-01-13 12:18:00,0.021484,230.184,0.6714,49.998
Morning_High,2020-01-13 12:21:00,0.020905,230.655,0.6043,49.997
Morning_High,2020-01-13 12:24:00,0.020842,228.314,0.6352,49.984
Morning_High,2020-01-13 12:27:00,0.021742,229.703,0.687,50.006
Morning_High,2020-01-13 12:30:00,0.021325,229.255,0.6608,49.999
Morning_High,2020-01-13 12:33:00,0.019535,230.124,0.6032,49.997
Morning_High,2020-01-13 12:36:00,0.026479,230.32,0.6784,49.949
Morning_High,2020-01-13 12:39:00,0.016207,230.753,0.5787,49.979
Morning_High,2020-01-13 12:42:00,0.021069,230.527,0.5982,50.011
Morning_High,2020-01-13 12:45:00,0.023112,229.226,0.6489,49.99
Morning_High,2020-01-13 12:48:00,0.020596,230.854,0.5779,50.001
Morning_High,2020-01-13 12:51:00,0.018301,231.587,0.5864,49.994
Morning_High,2020-01-13 12:54:00,0.017862,230.694,0.542,49.981
Morning_High,2020-01-13 12:57:00,0.018608,230.399,0.5704,49.985
Morning_High,2020-01-13 13:00:00,0.015474,231.249,0.5734,49.99
Morning_High,2020-01-13 13:03:00,0.016163,231.679,0.5493,49.98
Morning_High,2020-01-13 13:06:00,0.017924,229.8,0.6116,50.013
Morning_High,2020-01-13 13:09:00,0.014833,231.221,0.5651,50.018
Morning_High,2020-01-13 13:12:00,0.016666,231.195,0.6604,49.996
Morning_High,2020-01-13 13:15:00,0.015377,231.229,0.4977,50.003
Morning_High,2020-01-13 13:18:00,0.020617,229.99,0.6175,49.963
Morning_High,2020-01-13 13:21:00,0.021509,230.703,0.6426,50.01
Morning_High,2020-01-13 13:24:00,0.025425,231.048,0.7664,49.979
Morning_High,2020-01-13 13:27:00,0.019177,232.328,0.6161,50.006
Morning_High,2020-01-13 13:30:00,0.021204,230.921,0.6112,49.992
Morning_High,2020-01-13 13:33:00,0.012065,231.773,0.4533,49.992
Morning_High,2020-01-13 13:36:00,0.014965,231.39,0.5815,49.982
Morning_High,2020-01-13 13:39:00,0.014101,232.352,0.5521,49.993
Morning_High,2020-01-13 13:42:00,0.016459,231.337,0.5843,49.993
Morning_High,2020-01-13 13:45:00,0.012607,230.752,0.503,49.998
Morning_High,2020-01-13 13:48:00,0.019632,230.316,0.6616,49.994
Morning_High,2020-01-13 13:51:00,0.014458,231.445,0.5277,50.011
Morning_High,2020-01-13 13:54:00,0.026075,229.463,0.7153,49.979
Morning_High,2020-01-13 13:57:00,0.010687,230.551,0.4469,49.989
Morning_High,2020-01-13 14:00:00,0.012855,230.889,0.4132,49.985
Morning_High,2020-01-13 14:03:00,0.017429,230.792,0.5173,49.989
Morning_High,2020-01-13 14:06:00,0.010554,230.682,0.382,50.015
Morning_High,2020-01-13 14:09:00,0.015925,230.685,0.5834,49.983
Morning_High,2020-01-13 14:12:00,0.018363,230.332,0.5682,49.992
Morning_High,2020-01-13 14:15:00,0.016314,232.105,0.527,50.007
Morning_High,2020-01-13 14:18:00,0.018479,230.924,0.5793,50.005
Morning_High,2020-01-13 14:21:00,0.015893,231.155,0.509,50.001
Morning_High,2020-01-13 14:24:00,0.01841,232.312,0.5665,49.966
Morning_High,2020-01-13 14:27:00,0.016002,232.567,0.5111,49.981
Morning_High,2020-01-13 14:30:00,0.013649,230.768,0.5416,49.993
Morning_High,2020-01-13 14:33:00,0.010005,232.289,0.4538,49.991
Morning_High,2020-01-13 14:36:00,0.015951,231.284,0.5215,50.001
Morning_High,2020-01-13 14:39:00,0.015113,230.929,0.5375,49.998
Morning_High,2020-01-13 14:42:00,0.021114,231.336,0.6387,49.994
Morning_High,2020-01-13 14:45:00,0.017139,230.953,0.5388,49.992
Morning_High,2020-01-13 14:48:00,0.020162,230.378,0.6337,49.991
Morning_High,2020-01-13 14:51:00,0.024157,230.916,0.6929,50.01
Morning_High,2020-01-13 14:54:00,0.012507,231.063,0.4473,49.994
Morning_High,2020-01-13 14:57:00,0.010742,230.877,0.4862,49.983
Morning_High,2020-01-13 15:00:00,0.017011,230.8,0.5461,49.994
Morning_High,2020-01-13 15:03:00,0.022199,230.297,0.6858,49.994
Morning_High,2020-01-13 15:06:00,0.020439,231.516,0.6453,49.992
Morning_High,2020-01-13 15:09:00,0.02191,230.148,0.6317,49.987
Morning_High,2020-01-13 15:12:00,0.019019,229.722,0.5387,49.985
Morning_High,2020-01-13 15:15:00,0.010867,231.379,0.3988,49.994
Morning_High,2020-01-13 15:18:00,0.025276,232.109,0.739,49.998
Morning_High,2020-01-13 15:21:00,0.020106,231.456,0.6286,49.997
Morning_High,2020-01-13 15:24:00,0.015922,230.541,0.535,49.979
Morning_High,2020-01-13 15:27:00,0.015792,230.562,0.587,50.0
Morning_High,2020-01-13 15:30:00,0.01697,230.189,0.478,50.02
Morning_High,2020-01-13 15:33:00,0.012688,231.464,0.4501,49.98
Morning_High,2020-01-13 15:36:00,0.015418,231.239,0.5333,49.994
Morning_High,2020-01-13 15:39:00,0.016678,230.094,0.5305,50.0
Morning_High,2020-01-13 15:42:00,0.019616,231.344,0.5757,49.975
Morning_High,2020-01-13 15:45:00,0.010583,230.937,0.4453,49.988
Morning_High,2020-01-13 15:48:00,0.019743,230.806,0.6182,49.98
Morning_High,2020-01-13 15:51:00,0.022649,231.276,0.6634,49.992
Morning_High,2020-01-13 15:54:00,0.014579,231.058,0.4909,50.009
Morning_High,2020-01-13 15:57:00,0.024272,231.612,0.7654,49.985
Morning_High,2020-01-13 16:00:00,0.014048,231.532,0.4918,49.973
Morning_High,2020-01-13 16:03:00,0.015443,231.104,0.4551,49.996
Morning_High,2020-01-13 16:06:00,0.021105,231.0,0.6922,50.0
Morning_High,2020-01-13 16:09:00,0.020763,229.954,0.5515,50.002
Morning_High,2020-01-13 16:12:00,0.016803,229.519,0.6355,49.989
Morning_High,2020-01-13 16:15:00,0.020185,229.519,0.5586,50.01
Morning_High,2020-01-13 16:18:00,0.019958,230.675,0.6618,49.988
Morning_High,2020-01-13 16:21:00,0.020684,232.107,0.6189,49.98
Morning_High,2020-01-13 16:24:00,0.015388,230.878,0.503,49.989
Morning_High,2020-01-13 16:27:00,0.009044,231.836,0.3823,49.997
Morning_High,2020-01-13 16:30:00,0.013222,230.242,0.435,49.986
Morning_High,2020-01-13 16:33:00,0.016076,231.444,0.5402,49.994
Morning_High,2020-01-13 16:36:00,0.011204,231.483,0.4084,49.992
Morning_High,2020-01-13 16:39:00,0.013526,231.868,0.4876,49.997
Morning_High,2020-01-13 16:42:00,0.017005,231.406,0.5428,50.003
Morning_High,2020-01-13 16:45:00,0.019751,230.32,0.6023,49.993
Morning_High,2020-01-13 16:48:00,0.016462,231.341,0.5675,50.014
Morning_High,2020-01-13 16:51:00,0.014403,232.159,0.5457,49.997
Morning_High,2020-01-13 16:54:00,0.018283,230.475,0.5685,49.999
Morning_High,2020-01-13 16:57:00,0.013365,230.44,0.4396,49.986
Morning_High,2020-01-13 17:00:00,0.013326,230.917,0.4248,49.979
Morning_High,2020-01-13 17:03:00,0.011635,231.987,0.3916,50.002
Morning_High,2020-01-13 17:06:00,0.021166,229.648,0.6581,49.995
Morning_High,2020-01-13 17:09:00,0.026161,230.696,0.7124,50.002
Morning_High,2020-01-13 17:12:00,0.023441,231.138,0.653,50.01
Morning_High,2020-01-13 17:15:00,0.014601,230.066,0.4851,50.015
Morning_High,2020-01-13 17:18:00,0.016796,230.616,0.5552,49.993
Morning_High,2020-01-13 17:21:00,0.021689,232.587,0.6215,49.976
Morning_High,2020-01-13 17:24:00,0.021726,232.373,0.6239,49.991
Morning_High,2020-01-13 17:27:00,0.018802,232.749,0.6356,50.002
Morning_High,2020-01-13 17:30:00,0.024062,230.307,0.7073,49.983
Morning_High,2020-01-13 17:33:00,0.012843,231.848,0.4292,49.991
Morning_High,2020-01-13 17:36:00,0.019402,231.105,0.6232,49.974
Morning_High,2020-01-13 17:39:00,0.016193,231.211,0.4967,50.009
Morning_High,2020-01-13 17:42:00,0.019721,232.32,0.6019,50.014
Morning_High,2020-01-13 17:45:00,0.012351,233.473,0.5299,49.985
Morning_High,2020-01-13 17:48:00,0.019083,230.41,0.6413,49.994
Morning_High,2020-01-13 17:51:00,0.021997,230.724,0.6303,49.987
Morning_High,2020-01-13 17:54:00,0.011635,231.301,0.4833,49.999
Morning_High,2020-01-13 17:57:00,0.023909,230.67,0.6891,49.998
Morning_High,2020-01-13 18:00:00,0.023693,231.333,0.6262,49.992
Morning_High,2020-01-13 18:03:00,0.01745,230.668,0.6327,49.99
Morning_High,2020-01-13 18:06:00,0.024384,230.185,0.6312,49.997
Morning_High,2020-01-13 18:09:00,0.023487,231.033,0.7011,49.995
Morning_High,2020-01-13 18:12:00,0.013331,231.917,0.4136,49.978
Morning_High,2020-01-13 18:15:00,0.021755,230.312,0.6613,49.989
Morning_High,2020-01-13 18:18:00,0.025303,230.052,0.68,50.002
Morning_High,2020-01-13 18:21:00,0.027994,229.548,0.7197,50.017
Morning_High,2020-01-13 18:24:00,0.016073,230.37,0.5444,50.0
Morning_High,2020-01-13 18:27:00,0.018062,229.621,0.5494,49.975
Morning_High,2020-01-13 18:30:00,0.024971,231.162,0.7038,49.992
Morning_High,2020-01-13 18:33:00,0.031797,230.277,0.8136,49.973
Morning_High,2020-01-13 18:36:00,0.024993,230.731,0.6776,49.978
Morning_High,2020-01-13 18:39:00,0.026318,230.006,0.7555,50.0
Morning_High,2020-01-13 18:42:00,0.02611,231.536,0.7698,49.997
Morning_High,2020-01-13 18:45:00,0.027861,230.185,0.7253,49.996
Morning_High,2020-01-13 18:48:00,0.025229,231.378,0.7568,49.984
Morning_High,2020-01-13 18:51:00,0.029985,229.844,0.8117,49.992
Morning_High,2020-01-13 18:54:00,0.018768,231.197,0.6312,49.992
Morning_High,2020-01-13 18:57:00,0.02897,230.51,0.7714,50.019
Morning_High,2020-01-13 19:00:00,0.025716,230.877,0.7352,49.991
Morning_High,2020-01-13 19:03:00,0.015296,231.775,0.5474,50.006
Morning_High,2020-01-13 19:06:00,0.020138,230.962,0.5875,49.99
Morning_High,2020-01-13 19:09:00,0.026774,231.836,0.746,50.022
Morning_High,2020-01-13 19:12:00,0.021334,229.736,0.6612,49.98
Morning_High,2020-01-13 19:15:00,0.020437,231.14,0.6602,49.987
Morning_High,2020-01-13 19:18:00,0.014636,229.968,0.4823,49.995
Morning_High,2020-01-13 19:21:00,0.021316,231.124,0.6095,49.984
Morning_High,2020-01-13 19:24:00,0.020322,230.276,0.6251,49.982
Morning_High,2020-01-13 19:27:00,0.030156,230.033,0.7901,49.998
Morning_High,2020-01-13 19:30:00,0.017121,229.607,0.5636,49.991
Morning_High,2020-01-13 19:33:00,0.017119,231.156,0.5847,49.993
Morning_High,2020-01-13 19:36:00,0.021639,231.079,0.5975,49.986
Morning_High,2020-01-13 19:39:00,0.023314,231.96,0.6999,50.008
Morning_High,2020-01-13 19:42:00,0.030158,229.799,0.7822,50.0
Morning_High,2020-01-13 19:45:00,0.027189,231.796,0.7848,50.007
Morning_High,2020-01-13 19:48:00,0.024245,230.728,0.6872,49.988
Morning_High,2020-01-13 19:51:00,0.016532,231.346,0.5828,50.007
Morning_High,2020-01-13 19:54:00,0.022706,229.295,0.6197,49.989
Morning_High,2020-01-13 19:57:00,0.036466,231.051,0.9456,49.985
Morning_High,2020-01-13 20:00:00,0.020838,232.286,0.5683,49.992
Morning_High,2020-01-13 20:03:00,0.024634,229.996,0.6982,50.013
Morning_High,2020-01-13 20:06:00,0.02534,230.187,0.7311,49.988
Morning_High,2020-01-13 20:09:00,0.013967,230.448,0.4932,49.998
Morning_High,2020-01-13 20:12:00,0.0319,229.816,0.809,49.978
Morning_High,2020-01-13 20:15:00,0.028849,231.515,0.7802,49.996
Morning_High,2020-01-13 20:18:00,0.033607,231.804,0.8775,50.006
Morning_High,2020-01-13 20:21:00,0.019996,230.656,0.5899,49.984
Morning_High,2020-01-13 20:24:00,0.026707,231.671,0.744,49.986
Morning_High,2020-01-13 20:27:00,0.022927,231.795,0.7145,49.996
Morning_High,2020-01-13 20:30:00,0.015873,230.324,0.5767,49.993
Morning_High,2020-01-13 20:33:00,0.027322,230.211,0.7302,50.007
Morning_High,2020-01-13 20:36:00,0.022084,230.511,0.6833,49.988
Morning_High,2020-01-13 20:39:00,0.018294,232.258,0.6011,50.017
Morning_High,2020-01-13 20:42:00,0.031359,229.819,0.7295,49.987
Morning_High,2020-01-13 20:45:00,0.023879,230.69,0.6743,50.0
Morning_High,2020-01-13 20:48:00,0.022083,231.609,0.6131,49.977
Morning_High,2020-01-13 20:51:00,0.025649,232.166,0.7814,49.99
Morning_High,2020-01-13 20:54:00,0.026747,230.364,0.7301,50.014
Morning_High,2020-01-13 20:57:00,0.025332,230.296,0.6775,49.984
Morning_High,2020-01-13 21:00:00,0.032195,229.395,0.8688,50.003
Morning_High,2020-01-13 21:03:00,0.030383,231.004,0.7863,49.995
Morning_High,2020-01-13 21:06:00,0.01939,230.857,0.6349,50.006
Morning_High,2020-01-13 21:09:00,0.016947,231.857,0.567,49.98
Morning_High,2020-01-13 21:12:00,0.033826,229.906,0.8381,50.013
Morning_High,2020-01-13 21:15:00,0.020052,230.194,0.5905,50.001
Morning_High,2020-01-13 21:18:00,0.024111,230.46,0.6132,49.997
Morning_High,2020-01-13 21:21:00,0.0131,229.559,0.541,49.973
Morning_High,2020-01-13 21:24:00,0.019182,232.209,0.597,50.01
Morning_High,2020-01-13 21:27:00,0.023441,230.59,0.6615,50.001
Morning_High,2020-01-13 21:30:00,0.033997,231.101,0.8984,49.984
Morning_High,2020-01-13 21:33:00,0.024814,230.248,0.7133,49.996
Morning_High,2020-01-13 21:36:00,0.027972,230.26,0.7727,49.987
Morning_High,2020-01-13 21:39:00,0.029151,229.737,0.787,49.996
Morning_High,2020-01-13 21:42:00,0.023344,230.941,0.6921,49.983
Morning_High,2020-01-13 21:45:00,0.019572,229.932,0.6423,50.012
Morning_High,2020-01-13 21:48:00,0.023829,231.705,0.6788,50.015
Morning_High,2020-01-13 21:51:00,0.020193,231.082,0.6203,49.989
Morning_High,2020-01-13 21:54:00,0.0184,230.178,0.6027,49.995
Morning_High,2020-01-13 21:57:00,0.02439,231.768,0.6564,49.997
Morning_High,2020-01-13 22:00:00,0.015346,230.875,0.547,49.976
Morning_High,2020-01-13 22:03:00,0.02258,228.974,0.6229,49.983
Morning_High,2020-01-13 22:06:00,0.017512,232.158,0.5727,50.017
Morning_High,2020-01-13 22:09:00,0.014957,230.495,0.4926,50.003
Morning_High,2020-01-13 22:12:00,0.015763,231.053,0.4886,49.994
Morning_High,2020-01-13 22:15:00,0.021384,231.478,0.5856,49.987
Morning_High,2020-01-13 22:18:00,0.024148,230.941,0.7189,50.028
Morning_High,2020-01-13 22:21:00,0.021854,231.523,0.6391,49.985
Morning_High,2020-01-13 22:24:00,0.023197,231.489,0.6646,50.018
Morning_High,2020-01-13 22:27:00,0.020258,230.897,0.6056,49.996
Morning_High,2020-01-13 22:30:00,0.020638,230.713,0.538,50.001
Morning_High,2020-01-13 22:33:00,0.017489,231.089,0.4682,49.996
Morning_High,2020-01-13 22:36:00,0.016622,230.015,0.5233,50.009
Morning_High,2020-01-13 22:39:00,0.020141,229.407,0.6446,49.982
Morning_High,2020-01-13 22:42:00,0.018816,229.926,0.6082,49.999
Morning_High,2020-01-13 22:45:00,0.009827,233.309,0.4304,49.998
Morning_High,2020-01-13 22:48:00,0.015519,230.531,0.5401,49.985
Morning_High,2020-01-13 22:51:00,0.012694,232.165,0.5254,50.015
Morning_High,2020-01-13 22:54:00,0.025802,231.116,0.6991,49.996
Morning_High,2020-01-13 22:57:00,0.01541,231.994,0.5845,49.988
Morning_High,2020-01-13 23:00:00,0.021577,231.326,0.6738,50.004
Morning_High,2020-01-13 23:03:00,0.01731,231.373,0.5483,50.001
Morning_High,2020-01-13 23:06:00,0.012477,231.051,0.4965,49.995
Morning_High,2020-01-13 23:09:00,0.014866,231.488,0.5375,49.977
Morning_High,2020-01-13 23:12:00,0.021892,231.781,0.6191,50.018
Morning_High,2020-01-13 23:15:00,0.02046,231.016,0.6908,49.995
Morning_High,2020-01-13 23:18:00,0.015856,230.691,0.4529,50.001
Morning_High,2020-01-13 23:21:00,0.019143,230.691,0.5822,49.987
Morning_High,2020-01-13 23:24:00,0.017845,231.749,0.5599,49.987
Morning_High,2020-01-13 23:27:00,0.021909,231.156,0.6291,50.0
Morning_High,2020-01-13 23:30:00,0.017759,230.874,0.5406,50.002
Morning_High,2020-01-13 23:33:00,0.010002,231.174,0.4416,49.994
Morning_High,2020-01-13 23:36:00,0.015086,232.065,0.5283,49.994
Morning_High,2020-01-13 23:39:00,0.020819,231.052,0.5884,49.981
Morning_High,2020-01-13 23:42:00,0.014237,231.136,0.5063,50.002
Morning_High,2020-01-13 23:45:00,0.01956,230.979,0.5177,50.005
Morning_High,2020-01-13 23:48:00,0.016288,232.071,0.539,50.006
Morning_High,2020-01-13 23:51:00,0.015754,231.319,0.5102,49.997
Morning_High,2020-01-13 23:54:00,0.015484,231.631,0.5371,49.994
Morning_High,2020-01-13 23:57:00,0.016589,232.454,0.5033,49.998
Morning_High,2020-01-14 00:00:00,0.017973,231.452,0.5503,50.013
Morning_High,2020-01-14 00:03:00,0.012786,231.181,0.4886,49.994
Morning_High,2020-01-14 00:06:00,0.008514,230.618,0.3907,49.983
Morning_High,2020-01-14 00:09:00,0.021187,231.336,0.6297,49.977
Morning_High,2020-01-14 00:12:00,0.020573,230.881,0.6502,49.986
Morning_High,2020-01-14 00:15:00,0.011819,231.541,0.5048,49.998
Morning_High,2020-01-14 00:18:00,0.020512,230.604,0.687,49.991
Morning_High,2020-01-14 00:21:00,0.014652,231.139,0.4363,49.99
Morning_High,2020-01-14 00:24:00,0.01978,230.158,0.6674,49.998
Morning_High,2020-01-14 00:27:00,0.018236,230.291,0.5358,49.991
Morning_High,2020-01-14 00:30:00,0.014284,231.08,0.5326,50.007
Morning_High,2020-01-14 00:33:00,0.013507,233.58,0.4325,49.992
Morning_High,2020-01-14 00:36:00,0.022413,232.263,0.6143,49.984
Morning_High,2020-01-14 00:39:00,0.018228,230.463,0.5874,49.974
Morning_High,2020-01-14 00:42:00,0.013326,230.634,0.4365,49.984
Morning_High,2020-01-14 00:45:00,0.020294,230.513,0.5901,49.994
Morning_High,2020-01-14 00:48:00,0.021429,231.333,0.6283,50.002
Morning_High,2020-01-14 00:51:00,0.018232,230.858,0.6102,50.005
Morning_High,2020-01-14 00:54:00,0.017563,230.203,0.5565,49.989
Morning_High,2020-01-14 00:57:00,0.019495,230.558,0.599,49.998
Morning_High,2020-01-14 01:00:00,0.021628,231.651,0.6051,50.002
Morning_High,2020-01-14 01:03:00,0.023727,230.787,0.6719,49.993
Morning_High,2020-01-14 01:06:00,0.011362,232.297,0.4128,49.999
Morning_High,2020-01-14 01:09:00,0.014079,232.62,0.471,50.001
Morning_High,2020-01-14 01:12:00,0.018965,230.945,0.5736,49.982
Morning_High,2020-01-14 01:15:00,0.016814,230.573,0.6409,50.012
Morning_High,2020-01-14 01:18:00,0.012767,230.817,0.4768,49.982
Morning_High,2020-01-14 01:21:00,0.018238,230.844,0.5724,49.976
Morning_High,2020-01-14 01:24:00,0.011815,231.333,0.5205,50.004
Morning_High,2020-01-14 01:27:00,0.014773,230.309,0.4912,49.978
Morning_High,2020-01-14 01:30:00,0.017439,232.232,0.526,50.009
Morning_High,2020-01-14 01:33:00,0.021292,230.933,0.6694,50.006
Morning_High,2020-01-14 01:36:00,0.017811,230.954,0.5659,49.985
Morning_High,2020-01-14 01:39:00,0.017285,229.27,0.6109,50.015
Morning_High,2020-01-14 01:42:00,0.01563,231.067,0.5532,49.993
Morning_High,2020-01-14 01:45:00,0.012061,230.538,0.4675,49.991
Morning_High,2020-01-14 01:48:00,0.019494,229.541,0.566,49.991
Morning_High,2020-01-14 01:51:00,0.017025,231.898,0.5478,49.992
Morning_High,2020-01-14 01:54:00,0.016258,232.433,0.5173,49.986
Morning_High,2020-01-14 01:57:00,0.019621,230.804,0.6431,50.017
Morning_High,2020-01-14 02:00:00,0.018235,229.387,0.55,50.004
Morning_High,2020-01-14 02:03:00,0.013696,232.397,0.5389,49.988
Morning_High,2020-01-14 02:06:00,0.019796,229.945,0.5796,49.993
Morning_High,2020-01-14 02:09:00,0.015262,231.414,0.5526,49.998
Morning_High,2020-01-14 02:12:00,0.020585,231.592,0.5933,50.002
Morning_High,2020-01-14 02:15:00,0.013222,231.552,0.513,50.005
Morning_High,2020-01-14 02:18:00,0.021689,230.669,0.6828,49.975
Morning_High,2020-01-14 02:21:00,0.011478,230.123,0.4321,50.011
Morning_High,2020-01-14 02:24:00,0.014141,230.557,0.5282,49.985
Morning_High,2020-01-14 02:27:00,0.021099,230.991,0.6291,49.981
Morning_High,2020-01-14 02:30:00,0.020009,230.342,0.5951,49.988
Morning_High,2020-01-14 02:33:00,0.022818,230.932,0.6486,49.998
Morning_High,2020-01-14 02:36:00,0.01668,229.79,0.5026,49.996
Morning_High,2020-01-14 02:39:00,0.017287,230.971,0.5474,49.988
Morning_High,2020-01-14 02:42:00,0.02024,229.953,0.5957,49.995
Morning_High,2020-01-14 02:45:00,0.016775,230.383,0.553,49.99
Morning_High,2020-01-14 02:48:00,0.003714,231.452,0.2854,49.996
Morning_High,2020-01-14 02:51:00,0.018499,231.399,0.5327,49.988
Morning_High,2020-01-14 02:54:00,0.013865,232.447,0.4951,49.997
Morning_High,2020-01-14 02:57:00,0.015836,231.501,0.5149,49.99
Morning_High,2020-01-14 03:00:00,0.013279,231.136,0.4831,49.983
Morning_High,2020-01-14 03:03:00,0.01762,231.313,0.5632,49.991
Morning_High,2020-01-14 03:06:00,0.016564,231.102,0.5358,49.99
Morning_High,2020-01-14 03:09:00,0.019775,231.079,0.6264,50.004
Morning_High,2020-01-14 03:12:00,0.018782,231.517,0.6201,50.018
Morning_High,2020-01-14 03:15:00,0.016067,230.694,0.5206,50.006
Morning_High,2020-01-14 03:18:00,0.015395,229.916,0.4932,49.991
Morning_High,2020-01-14 03:21:00,0.013775,231.827,0.5465,49.982
Morning_High,2020-01-14 03:24:00,0.016113,231.619,0.5559,50.0
Morning_High,2020-01-14 03:27:00,0.025208,230.009,0.703,50.017
Morning_High,2020-01-14 03:30:00,0.028776,229.526,0.74,50.005
Morning_High,2020-01-14 03:33:00,0.015247,231.381,0.547,49.988
Morning_High,2020-01-14 03:36:00,0.013152,231.292,0.4714,49.993
Morning_High,2020-01-14 03:39:00,0.025926,230.621,0.735,49.996
Morning_High,2020-01-14 03:42:00,0.015632,232.24,0.4934,50.001
Morning_High,2020-01-14 03:45:00,0.017126,231.773,0.5541,49.994
Morning_High,2020-01-14 03:48:00,0.025428,230.093,0.7037,50.011
Morning_High,2020-01-14 03:51:00,0.02614,229.063,0.6901,49.987
Morning_High,2020-01-14 03:54:00,0.016204,231.46,0.4779,49.981
Morning_High,2020-01-14 03:57:00,0.017884,230.332,0.5895,49.992
Morning_High,2020-01-14 04:00:00,0.017811,229.69,0.5385,49.985
Morning_High,2020-01-14 04:03:00,0.021669,232.143,0.6381,49.982
Morning_High,2020-01-14 04:06:00,0.01754,231.089,0.5493,49.99
Morning_High,2020-01-14 04:09:00,0.021203,230.514,0.6698,50.002
Morning_High,2020-01-14 04:12:00,0.029062,231.789,0.8521,49.978
Morning_High,2020-01-14 04:15:00,0.022247,230.735,0.6794,50.007
Morning_High,2020-01-14 04:18:00,0.021062,230.651,0.6373,49.987
Morning_High,2020-01-14 04:21:00,0.022708,229.527,0.6697,49.981
Morning_High,2020-01-14 04:24:00,0.034389,229.709,0.8015,50.007
Morning_High,2020-01-14 04:27:00,0.03246,229.002,0.8482,49.982
Morning_High,2020-01-14 04:30:00,0.033504,230.337,0.8933,49.994
Morning_High,2020-01-14 04:33:00,0.027142,231.486,0.749,49.997
Morning_High,2020-01-14 04:36:00,0.026286,229.789,0.7274,49.98
Morning_High,2020-01-14 04:39:00,0.017597,231.1,0.5076,49.981
Morning_High,2020-01-14 04:42:00,0.027248,227.992,0.7375,49.976
Morning_High,2020-01-14 04:45:00,0.026514,231.439,0.7606,49.999
Morning_High,2020-01-14 04:48:00,0.019476,230.266,0.6615,49.985
Morning_High,2020-01-14 04:51:00,0.033352,230.003,0.8013,49.982
Morning_High,2020-01-14 04:54:00,0.032615,230.458,0.8212,49.981
Morning_High,2020-01-14 04:57:00,0.032128,231.477,0.8189,49.986
Morning_High,2020-01-14 05:00:00,0.042605,229.104,1.0587,49.975
Morning_High,2020-01-14 05:03:00,0.033576,229.971,0.882,49.982
Morning_High,2020-01-14 05:06:00,0.015568,231.943,0.5063,50.014
Morning_High,2020-01-14 05:09:00,0.021744,231.467,0.6179,49.999
Morning_High,2020-01-14 05:12:00,0.026461,231.408,0.7485,50.009
Morning_High,2020-01-14 05:15:00,0.039114,227.496,0.9497,49.987
Morning_High,2020-01-14 05:18:00,0.026711,230.324,0.7014,50.012
Morning_High,2020-01-14 05:21:00,0.03651,230.507,0.952,49.991
Morning_High,2020-01-14 05:24:00,0.038087,230.738,0.9247,49.982
Morning_High,2020-01-14 05:27:00,0.031624,230.78,0.8204,49.985
Morning_High,2020-01-14 05:30:00,0.04484,229.874,1.051,49.967
Morning_High,2020-01-14 05:33:00,0.036585,230.21,0.8651,50.002
Morning_High,2020-01-14 05:36:00,0.040984,229.948,0.9921,50.009
Morning_High,2020-01-14 05:39:00,0.018607,231.556,0.5614,50.009
Morning_High,2020-01-14 05:42:00,0.045716,228.191,1.0442,50.002
Morning_High,2020-01-14 05:45:00,0.054932,228.731,1.2674,49.977
Morning_High,2020-01-14 05:48:00,0.038128,230.064,0.9065,49.989
Morning_High,2020-01-14 05:51:00,0.047073,227.771,1.1382,49.985
Morning_High,2020-01-14 05:54:00,0.02048,231.015,0.6368,50.005
Morning_High,2020-01-14 05:57:00,0.040056,228.441,0.9854,50.009
Morning_High,2020-01-14 06:00:00,0.027397,230.258,0.7788,49.977
Morning_High,2020-01-14 06:03:00,0.043848,230.721,1.0829,49.992
Morning_High,2020-01-14 06:06:00,0.053776,229.234,1.2033,49.973
Morning_High,2020-01-14 06:09:00,0.041252,229.3,0.9904,49.986
Morning_High,2020-01-14 06:12:00,0.040569,229.154,0.9298,49.983
Morning_High,2020-01-14 06:15:00,0.050353,228.123,1.1485,50.007
Morning_High,2020-01-14 06:18:00,0.049094,228.721,1.0799,49.991
Morning_High,2020-01-14 06:21:00,0.068052,228.151,1.474,49.98
Morning_High,2020-01-14 06:24:00,0.054942,228.511,1.231,49.988
Morning_High,2020-01-14 06:27:00,0.044223,228.613,1.0494,49.994
Morning_High,2020-01-14 06:30:00,0.059468,227.554,1.3459,49.99
Morning_High,2020-01-14 06:33:00,0.053223,230.051,1.1826,49.976
Morning_High,2020-01-14 06:36:00,0.073891,228.147,1.5835,50.004
Morning_High,2020-01-14 06:39:00,0.054557,229.265,1.2033,49.97
Morning_High,2020-01-14 06:42:00,0.055902,228.746,1.2463,49.97
Morning_High,2020-01-14 06:45:00,0.063775,228.957,1.3639,49.983
Morning_High,2020-01-14 06:48:00,0.060646,230.445,1.3113,49.957
Morning_High,2020-01-14 06:51:00,0.045347,228.757,1.0272,49.978
Morning_High,2020-01-14 06:54:00,0.06671,227.81,1.4801,49.993
Morning_High,2020-01-14 06:57:00,0.03795,230.268,0.9185,49.991
Morning_High,2020-01-14 07:00:00,0.061141,228.888,1.3709,50.012
Morning_High,2020-01-14 07:03:00,0.065324,227.235,1.4216,49.97
Morning_High,2020-01-14 07:06:00,0.083357,227.665,1.8003,49.996
Morning_High,2020-01-14 07:09:00,0.040988,230.366,1.0432,49.981
Morning_High,2020-01-14 07:12:00,0.059033,228.249,1.2775,49.975
Morning_High,2020-01-14 07:15:00,0.069461,227.355,1.4873,49.969
Morning_High,2020-01-14 07:18:00,0.073675,226.658,1.5944,49.986
Morning_High,2020-01-14 07:21:00,0.092432,226.908,1.9148,49.968
Morning_High,2020-01-14 07:24:00,0.056772,228.603,1.2888,49.984
Morning_High,2020-01-14 07:27:00,0.042033,228.343,1.01,49.984
Morning_High,2020-01-14 07:30:00,0.053791,229.45,1.1864,49.988
Morning_High,2020-01-14 07:33:00,0.053685,230.94,1.1699,50.007
Morning_High,2020-01-14 07:36:00,0.049778,228.036,1.0929,49.986
Morning_High,2020-01-14 07:39:00,0.067223,228.295,1.5066,49.999
Morning_High,2020-01-14 07:42:00,0.085324,227.446,1.7923,49.953
Morning_High,2020-01-14 07:45:00,0.07299,227.089,1.5058,49.981
Morning_High,2020-01-14 07:48:00,0.034385,231.362,0.8999,49.976
Morning_High,2020-01-14 07:51:00,0.064621,228.994,1.4097,49.961
Morning_High,2020-01-14 07:54:00,0.063919,228.354,1.3207,49.978
Morning_High,2020-01-14 07:57:00,0.077571,226.811,1.637,49.988
Morning_High,2020-01-14 08:00:00,0.044949,229.644,1.068,50.002
Morning_High,2020-01-14 08:03:00,0.08364,227.758,1.6989,49.992
Morning_High,2020-01-14 08:06:00,0.048435,228.61,1.1146,49.997
Morning_High,2020-01-14 08:09:00,0.064435,227.909,1.4161,49.987
Morning_High,2020-01-14 08:12:00,0.07796,228.102,1.6345,49.976
Morning_High,2020-01-14 08:15:00,0.056567,228.478,1.2588,49.966
Morning_High,2020-01-14 08:18:00,0.052965,229.419,1.2098,49.975
Morning_High,2020-01-14 08:21:00,0.050405,229.265,1.1656,49.989
Morning_High,2020-01-14 08:24:00,0.059666,228.374,1.3192,49.974
Morning_High,2020-01-14 08:27:00,0.079136,228.279,1.6927,49.975
Morning_High,2020-01-14 08:30:00,0.070398,227.822,1.4888,49.995
Morning_High,2020-01-14 08:33:00,0.067498,228.68,1.4828,49.968
Morning_High,2020-01-14 08:36:00,0.055689,228.096,1.2093,49.999
Morning_High,2020-01-14 08:39:00,0.070979,227.324,1.5112,49.977
Morning_High,2020-01-14 08:42:00,0.08665,225.213,1.8469,49.952
Morning_High,2020-01-14 08:45:00,0.074576,228.399,1.5799,49.991
Morning_High,2020-01-14 08:48:00,0.069591,227.059,1.4626,49.969
Morning_High,2020-01-14 08:51:00,0.044942,229.134,1.0594,49.985
Morning_High,2020-01-14 08:54:00,0.064934,228.152,1.4719,49.983
Morning_High,2020-01-14 08:57:00,0.059858,227.704,1.3531,49.978
Morning_High,2020-01-14 09:00:00,0.072538,229.187,1.6155,49.996
Morning_High,2020-01-14 09:03:00,0.04395,229.181,1.0841,49.968
Morning_High,2020-01-14 09:06:00,0.049247,226.107,1.1784,49.989
Morning_High,2020-01-14 09:09:00,0.041632,230.903,0.9676,49.996
Morning_High,2020-01-14 09:12:00,0.049388,229.477,1.1975,50.0
Morning_High,2020-01-14 09:15:00,0.082607,227.759,1.691,49.982
Morning_High,2020-01-14 09:18:00,0.068239,228.502,1.4377,49.973
Morning_High,2020-01-14 09:21:00,0.060039,229.357,1.436,49.985
Morning_High,2020-01-14 09:24:00,0.048624,229.456,1.123,50.0
Morning_High,2020-01-14 09:27:00,0.058632,229.065,1.3189,49.98
Morning_High,2020-01-14 09:30:00,0.047646,229.386,1.0884,49.977
Morning_High,2020-01-14 09:33:00,0.069169,227.991,1.5209,49.975
Morning_High,2020-01-14 09:36:00,0.041882,228.853,1.0256,49.993
Morning_High,2020-01-14 09:39:00,0.050062,229.849,1.1529,49.99
Morning_High,2020-01-14 09:42:00,0.055051,229.778,1.2177,50.001
Morning_High,2020-01-14 09:45:00,0.046614,229.646,1.0911,50.003
Morning_High,2020-01-14 09:48:00,0.052437,229.653,1.1861,49.958
Morning_High,2020-01-14 09:51:00,0.046065,228.3,1.0718,49.993
Morning_High,2020-01-14 09:54:00,0.0371,230.461,0.965,50.01
Morning_High,2020-01-14 09:57:00,0.054647,229.583,1.2171,49.973
Morning_High,2020-01-14 10:00:00,0.039251,229.99,0.9201,49.971
Morning_High,2020-01-14 10:03:00,0.059577,229.179,1.3036,49.977
Morning_High,2020-01-14 10:06:00,0.048114,228.367,1.0859,49.979
Morning_High,2020-01-14 10:09:00,0.060132,229.191,1.3572,49.966
Morning_High,2020-01-14 10:12:00,0.036798,230.513,0.8644,49.967
Morning_High,2020-01-14 10:15:00,0.02734,229.82,0.7257,49.98
Morning_High,2020-01-14 10:18:00,0.03136,230.304,0.8112,49.997
Morning_High,2020-01-14 10:21:00,0.0581,230.574,1.3035,49.971
Morning_High,2020-01-14 10:24:00,0.027734,230.348,0.7458,49.994
Morning_High,2020-01-14 10:27:00,0.046676,229.994,1.1489,49.988
Morning_High,2020-01-14 10:30:00,0.047002,231.093,1.077,49.97
Morning_High,2020-01-14 10:33:00,0.036387,229.173,0.8699,49.987
Morning_High,2020-01-14 10:36:00,0.029981,229.109,0.7366,49.991
Morning_High,2020-01-14 10:39:00,0.041004,230.658,0.9372,49.967
Morning_High,2020-01-14 10:42:00,0.025638,230.066,0.7461,49.996
Morning_High,2020-01-14 10:45:00,0.03223,231.645,0.9514,49.996
Morning_High,2020-01-14 10:48:00,0.021212,231.262,0.5852,49.986
Morning_High,2020-01-14 10:51:00,0.03438,229.948,0.8661,50.01
Morning_High,2020-01-14 10:54:00,0.031602,232.363,0.8379,49.985
Morning_High,2020-01-14 10:57:00,0.034758,230.569,0.8988,49.967
Morning_High,2020-01-14 11:00:00,0.031288,229.196,0.7938,49.997
Morning_High,2020-01-14 11:03:00,0.023066,230.858,0.6709,49.994
Morning_High,2020-01-14 11:06:00,0.026575,230.146,0.7677,49.994
Morning_High,2020-01-14 11:09:00,0.019494,231.887,0.6469,49.976
Morning_High,2020-01-14 11:12:00,0.025161,230.78,0.7031,49.975
Morning_High,2020-01-14 11:15:00,0.031199,229.511,0.8433,50.015
Morning_High,2020-01-14 11:18:00,0.023278,229.598,0.6869,49.976
Morning_High,2020-01-14 11:21:00,0.040065,230.365,1.0095,49.991
Morning_High,2020-01-14 11:24:00,0.028818,229.903,0.7859,49.989
Morning_High,2020-01-14 11:27:00,0.020194,231.034,0.6494,49.997
Morning_High,2020-01-14 11:30:00,0.023063,229.961,0.6595,49.991
Morning_High,2020-01-14 11:33:00,0.023464,232.489,0.6425,49.99
Morning_High,2020-01-14 11:36:00,0.021078,228.571,0.6118,50.016
Morning_High,2020-01-14 11:39:00,0.021879,230.459,0.6868,49.998
Morning_High,2020-01-14 11:42:00,0.035255,230.207,0.824,49.994
Morning_High,2020-01-14 11:45:00,0.025057,230.862,0.6963,50.007
Morning_High,2020-01-14 11:48:00,0.021724,229.943,0.6199,49.981
Morning_High,2020-01-14 11:51:00,0.026118,231.204,0.7434,49.983
Morning_High,2020-01-14 11:54:00,0.022421,230.348,0.6414,50.004
Morning_High,2020-01-14 11:57:00,0.027426,230.536,0.7384,50.037
Morning_High,2020-01-14 12:00:00,0.024316,230.751,0.7035,49.987
Morning_High,2020-01-14 12:03:00,0.025398,229.935,0.6999,49.994
Morning_High,2020-01-14 12:06:00,0.018435,230.841,0.537,49.995
Morning_High,2020-01-14 12:09:00,0.019417,232.369,0.5541,49.982
Morning_High,2020-01-14 12:12:00,0.01745,230.834,0.5975,50.005
Morning_High,2020-01-14 12:15:00,0.022534,231.51,0.6423,49.989
Morning_High,2020-01-14 12:18:00,0.014295,230.515,0.4491,49.997
Morning_High,2020-01-14 12:21:00,0.017399,231.915,0.6826,49.99
Morning_High,2020-01-14 12:24:00,0.02741,229.834,0.6947,50.011
Morning_High,2020-01-14 12:27:00,0.016584,230.599,0.5513,50.004
Morning_High,2020-01-14 12:30:00,0.015296,231.871,0.5727,50.005
Morning_High,2020-01-14 12:33:00,0.018893,230.897,0.5751,50.004
Morning_High,2020-01-14 12:36:00,0.01699,231.273,0.5759,49.999
Morning_High,2020-01-14 12:39:00,0.022758,231.391,0.669,49.977
Morning_High,2020-01-14 12:42:00,0.018998,232.002,0.6009,50.017
Morning_High,2020-01-14 12:45:00,0.018142,231.273,0.6156,50.001
Morning_High,2020-01-14 12:48:00,0.01914,230.796,0.5623,49.998
Morning_High,2020-01-14 12:51:00,0.017737,230.902,0.5798,50.01
Morning_High,2020-01-14 12:54:00,0.014322,231.309,0.4215,50.013
Morning_High,2020-01-14 12:57:00,0.022464,231.104,0.6284,50.008
Morning_High,2020-01-14 13:00:00,0.018133,231.061,0.5591,49.979
Morning_High,2020-01-14 13:03:00,0.022527,230.771,0.6669,50.004
Morning_High,2020-01-14 13:06:00,0.014219,231.136,0.4355,50.012
Morning_High,2020-01-14 13:09:00,0.016075,231.183,0.4886,50.011
Morning_High,2020-01-14 13:12:00,0.022514,230.747,0.6702,49.997
Morning_High,2020-01-14 13:15:00,0.019587,230.041,0.6542,49.999
Morning_High,2020-01-14 13:18:00,0.009599,232.337,0.3794,49.99
Morning_High,2020-01-14 13:21:00,0.012791,231.091,0.5139,50.008
Morning_High,2020-01-14 13:24:00,0.020364,230.647,0.628,49.988
Morning_High,2020-01-14 13:27:00,0.015958,231.023,0.5329,49.978
Morning_High,2020-01-14 13:30:00,0.021674,230.223,0.6607,49.998
Morning_High,2020-01-14 13:33:00,0.015635,230.144,0.537,50.006
Morning_High,2020-01-14 13:36:00,0.014937,230.048,0.5332,49.995
Morning_High,2020-01-14 13:39:00,0.015416,231.068,0.5356,49.988
Morning_High,2020-01-14 13:42:00,0.019871,231.652,0.6055,49.996
Morning_High,2020-01-14 13:45:00,0.017109,232.231,0.571,50.004
Morning_High,2020-01-14 13:48:00,0.011715,231.756,0.4965,50.005
Morning_High,2020-01-14 13:51:00,0.015164,231.074,0.548,50.004
Morning_High,2020-01-14 13:54:00,0.013916,232.098,0.5131,49.962
Morning_High,2020-01-14 13:57:00,0.016062,230.999,0.587,49.978
Morning_High,2020-01-14 14:00:00,0.018811,231.31,0.6133,50.003
Morning_High,2020-01-14 14:03:00,0.014419,233.232,0.5004,50.024
Morning_High,2020-01-14 14:06:00,0.013146,232.516,0.4936,50.002
Morning_High,2020-01-14 14:09:00,0.017996,230.632,0.5422,50.009
Morning_High,2020-01-14 14:12:00,0.017004,231.131,0.6033,49.977
Morning_High,2020-01-14 14:15:00,0.014643,230.494,0.4679,49.984
Morning_High,2020-01-14 14:18:00,0.017889,231.566,0.5609,49.999
Morning_High,2020-01-14 14:21:00,0.023681,231.703,0.6547,49.996
Morning_High,2020-01-14 14:24:00,0.019007,229.223,0.5503,50.005
Morning_High,2020-01-14 14:27:00,0.017603,230.786,0.5087,50.006
Morning_High,2020-01-14 14:30:00,0.013341,232.466,0.476,50.009
Morning_High,2020-01-14 14:33:00,0.012689,232.043,0.4377,49.987
Morning_High,2020-01-14 14:36:00,0.013482,231.518,0.5348,50.014
Morning_High,2020-01-14 14:39:00,0.013823,230.19,0.5662,49.992
Morning_High,2020-01-14 14:42:00,0.020601,230.046,0.5887,49.996
Morning_High,2020-01-14 14:45:00,0.016555,231.015,0.5542,50.013
Morning_High,2020-01-14 14:48:00,0.01555,231.326,0.562,50.006
Morning_High,2020-01-14 14:51:00,0.014477,231.721,0.461,49.997
Morning_High,2020-01-14 14:54:00,0.015222,232.168,0.5934,49.99
Morning_High,2020-01-14 14:57:00,0.019035,230.91,0.6071,50.005
Morning_High,2020-01-14 15:00:00,0.019688,232.412,0.6358,49.994
Morning_High,2020-01-14 15:03:00,0.014489,230.914,0.5359,49.995
Morning_High,2020-01-14 15:06:00,0.021606,230.184,0.6126,50.0
Morning_High,2020-01-14 15:09:00,0.016828,230.71,0.577,50.005
Morning_High,2020-01-14 15:12:00,0.015302,230.937,0.4457,49.986
Morning_High,2020-01-14 15:15:00,0.019405,232.325,0.5763,49.997
Morning_High,2020-01-14 15:18:00,0.017273,231.156,0.6188,49.994
Morning_High,2020-01-14 15:21:00,0.019168,230.295,0.5823,49.995
Morning_High,2020-01-14 15:24:00,0.026572,231.057,0.7285,49.987
Morning_High,2020-01-14 15:27:00,0.019636,230.963,0.5876,50.021
Morning_High,2020-01-14 15:30:00,0.023439,230.546,0.6276,49.99
Morning_High,2020-01-14 15:33:00,0.009038,230.302,0.397,49.982
Morning_High,2020-01-14 15:36:00,0.016727,231.725,0.516,49.976
Morning_High,2020-01-14 15:39:00,0.017234,230.911,0.4797,50.014
Morning_High,2020-01-14 15:42:00,0.015826,230.075,0.4961,49.979
Morning_High,2020-01-14 15:45:00,0.019591,231.703,0.5654,49.991
Morning_High,2020-01-14 15:48:00,0.010325,230.656,0.4365,49.995
Morning_High,2020-01-14 15:51:00,0.01801,230.318,0.5908,50.004
Morning_High,2020-01-14 15:54:00,0.01581,230.497,0.495,49.998
Morning_High,2020-01-14 15:57:00,0.015568,231.551,0.5239,49.992
Morning_High,2020-01-14 16:00:00,0.019964,230.204,0.6776,49.996
Morning_High,2020-01-14 16:03:00,0.021572,230.42,0.6449,50.004
Morning_High,2020-01-14 16:06:00,0.019568,230.755,0.5758,50.017
Morning_High,2020-01-14 16:09:00,0.016569,229.729,0.5563,49.993
Morning_High,2020-01-14 16:12:00,0.015714,230.102,0.4712,50.016
Morning_High,2020-01-14 16:15:00,0.018997,230.024,0.5362,50.001
Morning_High,2020-01-14 16:18:00,0.008574,231.522,0.4282,50.019
Morning_High,2020-01-14 16:21:00,0.018935,230.742,0.6581,49.995
Morning_High,2020-01-14 16:24:00,0.018782,230.056,0.6033,50.007
Morning_High,2020-01-14 16:27:00,0.020886,231.072,0.6376,49.987
Morning_High,2020-01-14 16:30:00,0.013478,230.368,0.5478,50.02
Morning_High,2020-01-14 16:33:00,0.016667,232.261,0.6031,50.001
Morning_High,2020-01-14 16:36:00,0.024088,231.283,0.719,49.976
Morning_High,2020-01-14 16:39:00,0.012481,232.178,0.4541,49.994
Morning_High,2020-01-14 16:42:00,0.016856,232.273,0.6282,49.994
Morning_High,2020-01-14 16:45:00,0.019793,231.244,0.5629,49.991
Morning_High,2020-01-14 16:48:00,0.024543,230.84,0.7414,49.982
Morning_High,2020-01-14 16:51:00,0.021639,231.534,0.6471,49.988
Morning_High,2020-01-14 16:54:00,0.013959,231.162,0.5289,50.003
Morning_High,2020-01-14 16:57:00,0.015052,230.601,0.5032,50.003
Morning_High,2020-01-14 17:00:00,0.021474,230.33,0.5862,49.976
Morning_High,2020-01-14 17:03:00,0.01954,230.571,0.5259,50.007
Morning_High,2020-01-14 17:06:00,0.007386,231.442,0.3977,49.991
Morning_High,2020-01-14 17:09:00,0.019448,232.346,0.6008,49.992
Morning_High,2020-01-14 17:12:00,0.017751,231.454,0.569,49.983
Morning_High,2020-01-14 17:15:00,0.025537,229.939,0.6226,49.988
Morning_High,2020-01-14 17:18:00,0.020527,230.861,0.6555,50.004
Morning_High,2020-01-14 17:21:00,0.023271,230.919,0.6833,49.997
Morning_High,2020-01-14 17:24:00,0.034078,229.953,0.793,49.993
Morning_High,2020-01-14 17:27:00,0.024797,231.084,0.6949,49.999
Morning_High,2020-01-14 17:30:00,0.021763,231.115,0.6184,49.983
Morning_High,2020-01-14 17:33:00,0.017036,230.461,0.5051,50.007
Morning_High,2020-01-14 17:36:00,0.017223,230.631,0.5879,49.978
Morning_High,2020-01-14 17:39:00,0.027731,230.994,0.715,50.02
Morning_High,2020-01-14 17:42:00,0.012128,229.692,0.4799,50.001
Morning_High,2020-01-14 17:45:00,0.017775,232.046,0.5953,49.984
Morning_High,2020-01-14 17:48:00,0.017826,229.656,0.5063,50.003
Morning_High,2020-01-14 17:51:00,0.025246,229.595,0.7147,49.99
Morning_High,2020-01-14 17:54:00,0.014392,232.223,0.4984,50.014
Morning_High,2020-01-14 17:57:00,0.013633,231.3,0.4815,49.997
Morning_High,2020-01-14 18:00:00,0.025524,230.166,0.6488,49.995
Morning_High,2020-01-14 18:03:00,0.028614,230.048,0.8098,49.999
Morning_High,2020-01-14 18:06:00,0.025052,230.844,0.6734,49.981
Morning_High,2020-01-14 18:09:00,0.021563,229.401,0.5742,49.975
Morning_High,2020-01-14 18:12:00,0.022893,230.563,0.7188,49.998
Morning_High,2020-01-14 18:15:00,0.02011,230.828,0.6213,50.003
Morning_High,2020-01-14 18:18:00,0.01303,231.798,0.5678,49.983
Morning_High,2020-01-14 18:21:00,0.025771,229.381,0.7153,49.984
Morning_High,2020-01-14 18:24:00,0.026712,230.183,0.743,49.975
Morning_High,2020-01-14 18:27:00,0.026329,230.7,0.7712,50.019
Morning_High,2020-01-14 18:30:00,0.028271,229.714,0.7604,49.98
Morning_High,2020-01-14 18:33:00,0.021014,230.707,0.5935,50.022
Morning_High,2020-01-14 18:36:00,0.028299,228.303,0.7733,49.982
Morning_High,2020-01-14 18:39:00,0.023531,230.927,0.6978,49.985
Morning_High,2020-01-14 18:42:00,0.009218,232.959,0.4061,50.006
Morning_High,2020-01-14 18:45:00,0.020739,230.713,0.6427,50.011
Morning_High,2020-01-14 18:48:00,0.0185,231.349,0.6599,50.036
Morning_High,2020-01-14 18:51:00,0.02181,230.097,0.7036,50.013
Morning_High,2020-01-14 18:54:00,0.029427,229.792,0.7428,50.001
Morning_High,2020-01-14 18:57:00,0.029246,231.134,0.7423,49.987
Morning_High,2020-01-14 19:00:00,0.01717,230.441,0.5887,49.988
Morning_High,2020-01-14 19:03:00,0.019867,230.167,0.5675,50.002
Morning_High,2020-01-14 19:06:00,0.029499,229.87,0.783,49.983
Morning_High,2020-01-14 19:09:00,0.026232,231.955,0.7561,49.99
Morning_High,2020-01-14 19:12:00,0.026504,231.157,0.6935,49.989
Morning_High,2020-01-14 19:15:00,0.025884,229.276,0.7348,49.996
Morning_High,2020-01-14 19:18:00,0.023788,229.954,0.6528,50.007
Morning_High,2020-01-14 19:21:00,0.028355,230.01,0.7841,49.999
Morning_High,2020-01-14 19:24:00,0.029713,230.359,0.7896,49.981
Morning_High,2020-01-14 19:27:00,0.019154,230.416,0.5587,50.006
Morning_High,2020-01-14 19:30:00,0.032701,228.671,0.8543,49.986
Morning_High,2020-01-14 19:33:00,0.037612,229.723,0.9009,49.975
Morning_High,2020-01-14 19:36:00,0.033581,228.974,0.8466,49.993
Morning_High,2020-01-14 19:39:00,0.023055,230.363,0.6344,49.997
Morning_High,2020-01-14 19:42:00,0.023589,229.592,0.6867,49.992
Morning_High,2020-01-14 19:45:00,0.035479,229.747,0.8862,49.983
Morning_High,2020-01-14 19:48:00,0.027154,231.123,0.7824,49.996
Morning_High,2020-01-14 19:51:00,0.029866,231.335,0.8253,49.985
Morning_High,2020-01-14 19:54:00,0.031582,230.572,0.8152,49.984
Morning_High,2020-01-14 19:57:00,0.020752,230.327,0.6605,50.003
Morning_High,2020-01-14 20:00:00,0.022817,230.555,0.7414,49.998
Morning_High,2020-01-14 20:03:00,0.021198,230.819,0.6553,50.001
Morning_High,2020-01-14 20:06:00,0.025864,230.297,0.7027,49.998
Morning_High,2020-01-14 20:09:00,0.02858,229.461,0.7894,49.96
Morning_High,2020-01-14 20:12:00,0.025891,230.408,0.7564,49.986
Morning_High,2020-01-14 20:15:00,0.024991,231.564,0.7138,50.008
Morning_High,2020-01-14 20:18:00,0.027006,230.611,0.6914,50.007
Morning_High,2020-01-14 20:21:00,0.024584,231.077,0.6868,49.979
Morning_High,2020-01-14 20:24:00,0.035932,229.559,0.8327,49.956
Morning_High,2020-01-14 20:27:00,0.032085,231.041,0.7933,49.99
Morning_High,2020-01-14 20:30:00,0.028698,229.677,0.8052,49.985
Morning_High,2020-01-14 20:33:00,0.029394,231.066,0.7035,50.001
Morning_High,2020-01-14 20:36:00,0.028283,230.517,0.766,50.02
Morning_High,2020-01-14 20:39:00,0.030641,231.773,0.8162,50.001
Morning_High,2020-01-14 20:42:00,0.022505,230.521,0.6839,50.006
Morning_High,2020-01-14 20:45:00,0.023092,230.056,0.6514,50.002
Morning_High,2020-01-14 20:48:00,0.028488,231.498,0.7733,49.997
Morning_High,2020-01-14 20:51:00,0.032644,228.855,0.8168,49.963
Morning_High,2020-01-14 20:54:00,0.018029,230.684,0.604,50.014
Morning_High,2020-01-14 20:57:00,0.024813,230.075,0.6973,49.997
Morning_High,2020-01-14 21:00:00,0.024596,230.682,0.7012,50.028
Morning_High,2020-01-14 21:03:00,0.026604,231.001,0.766,49.995
Morning_High,2020-01-14 21:06:00,0.029307,230.188,0.7763,50.002
Morning_High,2020-01-14 21:09:00,0.020187,230.42,0.6188,50.005
Morning_High,2020-01-14 21:12:00,0.023768,230.707,0.6759,50.011
Morning_High,2020-01-14 21:15:00,0.028701,231.491,0.7724,50.012
Morning_High,2020-01-14 21:18:00,0.022224,230.352,0.6535,49.988
Morning_High,2020-01-14 21:21:00,0.03109,230.027,0.8078,49.983
Morning_High,2020-01-14 21:24:00,0.025353,230.04,0.7105,49.994
Morning_High,2020-01-14 21:27:00,0.02532,230.547,0.7597,49.974
Morning_High,2020-01-14 21:30:00,0.027207,232.621,0.7379,49.982
Morning_High,2020-01-14 21:33:00,0.016437,232.2,0.5226,50.001
Morning_High,2020-01-14 21:36:00,0.022181,229.499,0.6069,50.017
Morning_High,2020-01-14 21:39:00,0.020384,231.931,0.5541,49.988
Morning_High,2020-01-14 21:42:00,0.018583,231.623,0.634,50.009
Morning_High,2020-01-14 21:45:00,0.021258,229.262,0.6659,50.009
Morning_High,2020-01-14 21:48:00,0.019636,231.643,0.6028,49.994
Morning_High,2020-01-14 21:51:00,0.023795,229.798,0.6224,50.013
Morning_High,2020-01-14 21:54:00,0.016828,231.506,0.5414,50.005
Morning_High,2020-01-14 21:57:00,0.021357,230.245,0.6586,49.975
Morning_High,2020-01-14 22:00:00,0.026085,229.162,0.7237,50.001
Morning_High,2020-01-14 22:03:00,0.014382,230.846,0.496,49.985
Morning_High,2020-01-14 22:06:00,0.018368,230.7,0.5876,49.979
Morning_High,2020-01-14 22:09:00,0.025275,231.297,0.6923,49.99
Morning_High,2020-01-14 22:12:00,0.02137,230.836,0.6675,50.008
Morning_High,2020-01-14 22:15:00,0.024108,229.628,0.6591,49.992
Morning_High,2020-01-14 22:18:00,0.022235,231.243,0.6139,49.997
Morning_High,2020-01-14 22:21:00,0.020006,230.812,0.5804,50.004
Morning_High,2020-01-14 22:24:00,0.02445,230.38,0.655,49.993
Morning_High,2020-01-14 22:27:00,0.022995,230.985,0.6207,49.991
Morning_High,2020-01-14 22:30:00,0.026331,230.173,0.7123,49.999
Morning_High,2020-01-14 22:33:00,0.016995,229.853,0.5757,49.985
Morning_High,2020-01-14 22:36:00,0.021045,230.053,0.6046,50.017
Morning_High,2020-01-14 22:39:00,0.012495,231.32,0.416,49.987
Morning_High,2020-01-14 22:42:00,0.010772,231.552,0.4556,49.988
Morning_High,2020-01-14 22:45:00,0.019366,231.196,0.5978,49.997
Morning_High,2020-01-14 22:48:00,0.015218,231.605,0.4607,49.993
Morning_High,2020-01-14 22:51:00,0.019658,230.683,0.6024,49.998
Morning_High,2020-01-14 22:54:00,0.024428,230.017,0.6863,50.012
Morning_High,2020-01-14 22:57:00,0.018483,231.438,0.5785,49.997
Morning_High,2020-01-14 23:00:00,0.015685,229.73,0.5447,49.979
Morning_High,2020-01-14 23:03:00,0.014024,231.527,0.4656,49.976
Morning_High,2020-01-14 23:06:00,0.013969,230.597,0.4941,50.005
Morning_High,2020-01-14 23:09:00,0.019854,230.48,0.617,49.991
Morning_High,2020-01-14 23:12:00,0.022942,231.273,0.7267,49.992
Morning_High,2020-01-14 23:15:00,0.013687,232.296,0.4708,49.996
Morning_High,2020-01-14 23:18:00,0.015528,230.338,0.5235,49.979
Morning_High,2020-01-14 23:21:00,0.019898,230.567,0.6133,50.007
Morning_High,2020-01-14 23:24:00,0.017575,232.001,0.5484,49.994
Morning_High,2020-01-14 23:27:00,0.016149,230.535,0.565,50.012
Morning_High,2020-01-14 23:30:00,0.020678,232.386,0.6579,49.977
Morning_High,2020-01-14 23:33:00,0.022544,230.462,0.7044,49.987
Morning_High,2020-01-14 23:36:00,0.015243,232.41,0.5174,50.006
Morning_High,2020-01-14 23:39:00,0.016527,230.946,0.5237,49.988
Morning_High,2020-01-14 23:42:00,0.015474,231.395,0.5275,49.971
Morning_High,2020-01-14 23:45:00,0.019703,230.687,0.5356,49.989
Morning_High,2020-01-14 23:48:00,0.015488,230.778,0.5982,49.991
Morning_High,2020-01-14 23:51:00,0.028726,228.31,0.7711,49.992
Morning_High,2020-01-14 23:54:00,0.018448,229.637,0.5496,49.97
Morning_High,2020-01-14 23:57:00,0.019098,230.939,0.6041,49.982
