meter,x_Timestamp,t_kWh,z_Avg Voltage (Volt),z_Avg Current (Amp),y_Freq (Hz)
Night_Moderate,2020-01-01 00:00:00,0.030881,229.385,0.8216,49.965
Night_Moderate,2020-01-01 00:03:00,0.04094,227.936,0.9507,49.981
Night_Moderate,2020-01-01 00:06:00,0.039883,229.061,1.0153,49.963
Night_Moderate,2020-01-01 00:09:00,0.044012,229.454,1.051,49.983
Night_Moderate,2020-01-01 00:12:00,0.066833,226.013,1.4415,49.967
Night_Moderate,2020-01-01 00:15:00,0.050751,227.816,1.1852,49.984
Night_Moderate,2020-01-01 00:18:00,0.051795,226.742,1.1807,49.964
Night_Moderate,2020-01-01 00:21:00,0.045462,226.018,1.1426,49.972
Night_Moderate,2020-01-01 00:24:00,0.043352,226.772,0.9953,49.994
Night_Moderate,2020-01-01 00:27:00,0.054772,227.292,1.2024,49.994
Night_Moderate,2020-01-01 00:30:00,0.044622,227.733,1.0716,49.992
Night_Moderate,2020-01-01 00:33:00,0.050191,227.834,1.115,49.951
Night_Moderate,2020-01-01 00:36:00,0.034133,228.585,0.8647,49.989
Night_Moderate,2020-01-01 00:39:00,0.053003,228.476,1.1593,49.99
Night_Moderate,2020-01-01 00:42:00,0.044012,228.626,1.028,50.001
Night_Moderate,2020-01-01 00:45:00,0.038893,229.496,0.9395,49.976
Night_Moderate,2020-01-01 00:48:00,0.048932,227.53,1.1126,49.965
Night_Moderate,2020-01-01 00:51:00,0.045893,227.326,1.1135,49.98
Night_Moderate,2020-01-01 00:54:00,0.056419,227.814,1.2209,49.98
Night_Moderate,2020-01-01 00:57:00,0.053858,227.202,1.2227,49.99
Night_Moderate,2020-01-01 01:00:00,0.064256,226.402,1.4018,49.962
Night_Moderate,2020-01-01 01:03:00,0.057055,228.053,1.2517,49.956
Night_Moderate,2020-01-01 01:06:00,0.063556,226.796,1.4548,49.956
Night_Moderate,2020-01-01 01:09:00,0.047036,227.312,1.1592,49.99
Night_Moderate,2020-01-01 01:12:00,0.051213,227.915,1.1534,49.971
Night_Moderate,2020-01-01 01:15:00,0.053771,227.994,1.2012,49.974
Night_Moderate,2020-01-01 01:18:00,0.054307,226.244,1.2061,49.973
Night_Moderate,2020-01-01 01:21:00,0.0427,227.919,0.9893,49.965
Night_Moderate,2020-01-01 01:24:00,0.059434,227.481,1.3317,50.008
Night_Moderate,2020-01-01 01:27:00,0.051023,227.835,1.1643,49.975
Night_Moderate,2020-01-01 01:30:00,0.063857,226.732,1.4148,49.98
Night_Moderate,2020-01-01 01:33:00,0.066373,226.216,1.4704,49.963
Night_Moderate,2020-01-01 01:36:00,0.043154,228.306,0.9988,50.0
Night_Moderate,2020-01-01 01:39:00,0.054134,226.633,1.26,49.968
Night_Moderate,2020-01-01 01:42:00,0.045525,228.465,1.0561,49.964
Night_Moderate,2020-01-01 01:45:00,0.04598,228.261,1.1289,49.976
Night_Moderate,2020-01-01 01:48:00,0.035321,229.198,0.8832,49.973
Night_Moderate,2020-01-01 01:51:00,0.060189,226.963,1.3729,49.983
Night_Moderate,2020-01-01 01:54:00,0.03873,227.83,0.9614,49.979
Night_Moderate,2020-01-01 01:57:00,0.054107,225.83,1.1884,49.981
Night_Moderate,2020-01-01 02:00:00,0.037075,229.212,0.9451,49.98
Night_Moderate,2020-01-01 02:03:00,0.057441,227.461,1.3028,49.962
Night_Moderate,2020-01-01 02:06:00,0.045906,225.985,0.9935,49.992
Night_Moderate,2020-01-01 02:09:00,0.05206,226.855,1.2043,49.985
Night_Moderate,2020-01-01 02:12:00,0.051322,227.452,1.1469,49.989
Night_Moderate,2020-01-01 02:15:00,0.04838,227.534,1.1254,49.978
Night_Moderate,2020-01-01 02:18:00,0.056137,226.766,1.2334,50.002
Night_Moderate,2020-01-01 02:21:00,0.030673,229.806,0.8095,49.984
Night_Moderate,2020-01-01 02:24:00,0.046775,225.884,1.1605,49.992
Night_Moderate,2020-01-01 02:27:00,0.048029,228.574,1.1195,49.986
Night_Moderate,2020-01-01 02:30:00,0.05027,226.702,1.1606,49.973
Night_Moderate,2020-01-01 02:33:00,0.035,229.455,0.9194,49.993
Night_Moderate,2020-01-01 02:36:00,0.048583,227.49,1.1644,49.981
Night_Moderate,2020-01-01 02:39:00,0.055235,228.038,1.2606,49.95
Night_Moderate,2020-01-01 02:42:00,0.046363,228.198,1.0526,49.967
Night_Moderate,2020-01-01 02:45:00,0.051694,227.814,1.1944,49.959
Night_Moderate,2020-01-01 02:48:00,0.043384,226.784,0.9943,49.987
Night_Moderate,2020-01-01 02:51:00,0.048515,228.095,1.1329,49.978
Night_Moderate,2020-01-01 02:54:00,0.036299,229.078,0.9751,49.982
Night_Moderate,2020-01-01 02:57:00,0.040388,227.535,0.9538,49.959
Night_Moderate,2020-01-01 03:00:00,0.045023,226.119,1.0548,49.982
Night_Moderate,2020-01-01 03:03:00,0.036437,229.87,0.8855,49.998
Night_Moderate,2020-01-01 03:06:00,0.046846,227.434,1.1316,49.964
Night_Moderate,2020-01-01 03:09:00,0.046768,227.603,1.1417,49.995
Night_Moderate,2020-01-01 03:12:00,0.040567,226.585,1.0041,49.991
Night_Moderate,2020-01-01 03:15:00,0.041075,227.633,0.9917,49.977
Night_Moderate,2020-01-01 03:18:00,0.037285,229.927,0.9145,50.002
Night_Moderate,2020-01-01 03:21:00,0.03964,228.368,0.9716,49.993
Night_Moderate,2020-01-01 03:24:00,0.022814,230.503,0.6116,49.969
Night_Moderate,2020-01-01 03:27:00,0.033266,229.336,0.8747,49.972
Night_Moderate,2020-01-01 03:30:00,0.04077,229.928,1.0001,49.985
Night_Moderate,2020-01-01 03:33:00,0.037174,228.77,0.867,49.962
Night_Moderate,2020-01-01 03:36:00,0.033837,227.873,0.8134,49.98
Night_Moderate,2020-01-01 03:39:00,0.045932,227.812,1.0673,49.991
Night_Moderate,2020-01-01 03:42:00,0.024621,230.924,0.6375,49.985
Night_Moderate,2020-01-01 03:45:00,0.046378,228.282,1.0595,49.979
Night_Moderate,2020-01-01 03:48:00,0.037557,228.012,1.0014,49.986
Night_Moderate,2020-01-01 03:51:00,0.029002,230.035,0.7717,49.992
Night_Moderate,2020-01-01 03:54:00,0.034195,228.992,0.8508,49.97
Night_Moderate,2020-01-01 03:57:00,0.031128,229.437,0.7894,49.991
Night_Moderate,2020-01-01 04:00:00,0.027208,229.347,0.748,49.972
Night_Moderate,2020-01-01 04:03:00,0.025325,230.596,0.7049,49.983
Night_Moderate,2020-01-01 04:06:00,0.021627,230.097,0.6663,49.988
Night_Moderate,2020-01-01 04:09:00,0.028122,229.064,0.7577,49.989
Night_Moderate,2020-01-01 04:12:00,0.034041,229.757,0.8509,49.96
Night_Moderate,2020-01-01 04:15:00,0.036979,228.309,0.9244,49.975
Night_Moderate,2020-01-01 04:18:00,0.03165,228.716,0.8207,50.001
Night_Moderate,2020-01-01 04:21:00,0.042582,227.877,1.0454,49.972
Night_Moderate,2020-01-01 04:24:00,0.025021,230.814,0.7324,50.0
Night_Moderate,2020-01-01 04:27:00,0.032886,229.417,0.7998,49.984
Night_Moderate,2020-01-01 04:30:00,0.028103,229.813,0.7539,49.986
Night_Moderate,2020-01-01 04:33:00,0.042629,227.93,1.0133,49.971
Night_Moderate,2020-01-01 04:36:00,0.024125,231.55,0.6673,49.987
Night_Moderate,2020-01-01 04:39:00,0.033117,228.383,0.8492,49.989
Night_Moderate,2020-01-01 04:42:00,0.034831,229.028,0.8423,50.004
Night_Moderate,2020-01-01 04:45:00,0.017648,230.583,0.5586,49.992
Night_Moderate,2020-01-01 04:48:00,0.025694,228.819,0.7054,49.989
Night_Moderate,2020-01-01 04:51:00,0.024135,230.104,0.705,50.001
Night_Moderate,2020-01-01 04:54:00,0.024548,228.968,0.6875,49.998
Night_Moderate,2020-01-01 04:57:00,0.022637,229.347,0.6661,49.971
Night_Moderate,2020-01-01 05:00:00,0.029713,229.41,0.7834,49.987
Night_Moderate,2020-01-01 05:03:00,0.024775,229.071,0.703,50.01
Night_Moderate,2020-01-01 05:06:00,0.03788,228.674,0.9615,49.964
Night_Moderate,2020-01-01 05:09:00,0.038668,228.818,0.9053,49.978
Night_Moderate,2020-01-01 05:12:00,0.025121,229.111,0.7205,49.983
Night_Moderate,2020-01-01 05:15:00,0.018795,229.583,0.6466,50.001
Night_Moderate,2020-01-01 05:18:00,0.026594,229.521,0.6833,49.998
Night_Moderate,2020-01-01 05:21:00,0.023702,229.122,0.6962,50.0
Night_Moderate,2020-01-01 05:24:00,0.028584,229.295,0.7105,49.993
Night_Moderate,2020-01-01 05:27:00,0.023245,230.983,0.681,49.998
Night_Moderate,2020-01-01 05:30:00,0.020509,229.967,0.6411,49.968
Night_Moderate,2020-01-01 05:33:00,0.027579,228.918,0.7084,49.975
Night_Moderate,2020-01-01 05:36:00,0.027596,228.655,0.7086,49.999
Night_Moderate,2020-01-01 05:39:00,0.019348,230.487,0.5606,49.979
Night_Moderate,2020-01-01 05:42:00,0.021918,229.557,0.6776,50.001
Night_Moderate,2020-01-01 05:45:00,0.025175,230.27,0.6457,49.99
Night_Moderate,2020-01-01 05:48:00,0.020354,230.673,0.6005,50.0
Night_Moderate,2020-01-01 05:51:00,0.030684,228.391,0.815,49.959
Night_Moderate,2020-01-01 05:54:00,0.023547,231.055,0.647,50.006
Night_Moderate,2020-01-01 05:57:00,0.021234,229.583,0.6121,50.002
Night_Moderate,2020-01-01 06:00:00,0.020589,230.696,0.586,49.996
Night_Moderate,2020-01-01 06:03:00,0.017647,229.763,0.5529,50.009
Night_Moderate,2020-01-01 06:06:00,0.010738,230.119,0.4919,49.999
Night_Moderate,2020-01-01 06:09:00,0.012456,231.617,0.4236,49.996
Night_Moderate,2020-01-01 06:12:00,0.012249,230.805,0.4751,49.981
Night_Moderate,2020-01-01 06:15:00,0.016709,228.756,0.5337,50.008
Night_Moderate,2020-01-01 06:18:00,0.01849,229.268,0.5704,49.992
Night_Moderate,2020-01-01 06:21:00,0.017315,232.736,0.565,49.999
Night_Moderate,2020-01-01 06:24:00,0.018094,230.271,0.5907,49.992
Night_Moderate,2020-01-01 06:27:00,0.016232,230.564,0.5173,50.007
Night_Moderate,2020-01-01 06:30:00,0.013719,232.309,0.5264,49.999
Night_Moderate,2020-01-01 06:33:00,0.016917,229.852,0.4562,49.982
Night_Moderate,2020-01-01 06:36:00,0.009105,231.439,0.4425,50.007
Night_Moderate,2020-01-01 06:39:00,0.019926,229.521,0.6289,49.994
Night_Moderate,2020-01-01 06:42:00,0.019736,229.079,0.5481,49.998
Night_Moderate,2020-01-01 06:45:00,0.01287,229.284,0.4975,49.97
Night_Moderate,2020-01-01 06:48:00,0.014495,229.949,0.5379,49.992
Night_Moderate,2020-01-01 06:51:00,0.011703,230.776,0.4516,50.0
Night_Moderate,2020-01-01 06:54:00,0.016895,229.948,0.5744,49.986
Night_Moderate,2020-01-01 06:57:00,0.016719,229.681,0.5797,50.003
Night_Moderate,2020-01-01 07:00:00,0.012971,231.319,0.4555,49.989
Night_Moderate,2020-01-01 07:03:00,0.016827,231.12,0.5228,49.977
Night_Moderate,2020-01-01 07:06:00,0.006271,231.232,0.4373,49.98
Night_Moderate,2020-01-01 07:09:00,0.01565,229.791,0.4685,49.981
Night_Moderate,2020-01-01 07:12:00,0.010985,231.097,0.4117,49.988
Night_Moderate,2020-01-01 07:15:00,0.012082,230.695,0.5141,49.975
Night_Moderate,2020-01-01 07:18:00,0.017377,229.56,0.5595,49.983
Night_Moderate,2020-01-01 07:21:00,0.014108,231.255,0.5355,49.99
Night_Moderate,2020-01-01 07:24:00,0.013314,229.338,0.4702,49.978
Night_Moderate,2020-01-01 07:27:00,0.012743,231.482,0.5269,49.99
Night_Moderate,2020-01-01 07:30:00,0.012925,231.408,0.4322,49.988
Night_Moderate,2020-01-01 07:33:00,0.011816,230.01,0.5026,49.988
Night_Moderate,2020-01-01 07:36:00,0.016014,231.112,0.5221,49.987
Night_Moderate,2020-01-01 07:39:00,0.010225,230.226,0.427,49.986
Night_Moderate,2020-01-01 07:42:00,0.010837,231.105,0.4586,49.996
Night_Moderate,2020-01-01 07:45:00,0.014946,230.714,0.5218,49.985
Night_Moderate,2020-01-01 07:48:00,0.012756,231.274,0.4881,50.01
Night_Moderate,2020-01-01 07:51:00,0.011561,231.395,0.4413,49.976
Night_Moderate,2020-01-01 07:54:00,0.012071,230.141,0.4432,49.974
Night_Moderate,2020-01-01 07:57:00,0.008125,230.777,0.4045,49.993
Night_Moderate,2020-01-01 08:00:00,0.011236,230.701,0.4925,49.964
Night_Moderate,2020-01-01 08:03:00,0.012647,230.24,0.4641,49.976
Night_Moderate,2020-01-01 08:06:00,0.012815,231.478,0.4836,50.01
Night_Moderate,2020-01-01 08:09:00,0.014975,230.691,0.5571,49.987
Night_Moderate,2020-01-01 08:12:00,0.017959,230.018,0.6313,49.981
Night_Moderate,2020-01-01 08:15:00,0.010567,230.135,0.4242,49.997
Night_Moderate,2020-01-01 08:18:00,0.013476,230.965,0.5343,49.981
Night_Moderate,2020-01-01 08:21:00,0.013799,231.878,0.4806,49.99
Night_Moderate,2020-01-01 08:24:00,0.010274,230.413,0.4455,49.994
Night_Moderate,2020-01-01 08:27:00,0.012511,230.672,0.4574,49.998
Night_Moderate,2020-01-01 08:30:00,0.010736,230.474,0.4554,50.01
Night_Moderate,2020-01-01 08:33:00,0.013833,230.512,0.498,49.999
Night_Moderate,2020-01-01 08:36:00,0.008645,229.823,0.445,50.003
Night_Moderate,2020-01-01 08:39:00,0.007785,231.379,0.39,49.985
Night_Moderate,2020-01-01 08:42:00,0.011815,231.551,0.5046,50.004
Night_Moderate,2020-01-01 08:45:00,0.013129,231.447,0.4565,49.991
Night_Moderate,2020-01-01 08:48:00,0.011484,230.52,0.4954,49.978
Night_Moderate,2020-01-01 08:51:00,0.009205,233.541,0.4056,49.989
Night_Moderate,2020-01-01 08:54:00,0.009681,230.328,0.3881,50.006
Night_Moderate,2020-01-01 08:57:00,0.010471,231.472,0.4322,49.988
Night_Moderate,2020-01-01 09:00:00,0.013326,232.111,0.4956,50.016
Night_Moderate,2020-01-01 09:03:00,0.006926,230.464,0.3797,49.998
Night_Moderate,2020-01-01 09:06:00,0.007805,230.775,0.4448,49.999
Night_Moderate,2020-01-01 09:09:00,0.009903,230.213,0.3904,50.007
Night_Moderate,2020-01-01 09:12:00,0.016289,231.092,0.5036,50.011
Night_Moderate,2020-01-01 09:15:00,0.010475,230.553,0.4765,49.984
Night_Moderate,2020-01-01 09:18:00,0.0103,230.728,0.3983,50.013
Night_Moderate,2020-01-01 09:21:00,0.010337,232.356,0.4057,50.025
Night_Moderate,2020-01-01 09:24:00,0.012949,229.626,0.3757,50.004
Night_Moderate,2020-01-01 09:27:00,0.013104,231.264,0.45,50.017
Night_Moderate,2020-01-01 09:30:00,0.01286,230.533,0.4493,50.01
Night_Moderate,2020-01-01 09:33:00,0.011951,231.536,0.4709,49.989
Night_Moderate,2020-01-01 09:36:00,0.012488,230.364,0.4713,49.983
Night_Moderate,2020-01-01 09:39:00,0.009506,230.578,0.4348,49.99
Night_Moderate,2020-01-01 09:42:00,0.013226,230.336,0.4245,49.983
Night_Moderate,2020-01-01 09:45:00,0.007955,231.567,0.404,49.984
Night_Moderate,2020-01-01 09:48:00,0.008927,230.757,0.4057,49.99
Night_Moderate,2020-01-01 09:51:00,0.014807,231.779,0.5353,49.987
Night_Moderate,2020-01-01 09:54:00,0.011212,229.586,0.4854,50.009
Night_Moderate,2020-01-01 09:57:00,0.010702,229.817,0.4729,50.011
Night_Moderate,2020-01-01 10:00:00,0.009694,231.68,0.4098,49.973
Night_Moderate,2020-01-01 10:03:00,0.010992,230.733,0.4377,49.995
Night_Moderate,2020-01-01 10:06:00,0.008362,230.14,0.3989,49.984
Night_Moderate,2020-01-01 10:09:00,0.01323,231.478,0.5847,50.01
Night_Moderate,2020-01-01 10:12:00,0.011872,231.869,0.473,50.0
Night_Moderate,2020-01-01 10:15:00,0.011617,229.958,0.4456,50.012
Night_Moderate,2020-01-01 10:18:00,0.010244,232.022,0.4147,50.0
Night_Moderate,2020-01-01 10:21:00,0.013065,231.681,0.474,49.985
Night_Moderate,2020-01-01 10:24:00,0.013523,230.374,0.5601,50.011
Night_Moderate,2020-01-01 10:27:00,0.013913,230.516,0.424,50.001
Night_Moderate,2020-01-01 10:30:00,0.011603,230.507,0.4772,49.993
Night_Moderate,2020-01-01 10:33:00,0.012907,231.201,0.5242,49.987
Night_Moderate,2020-01-01 10:36:00,0.009672,231.794,0.4361,49.974
Night_Moderate,2020-01-01 10:39:00,0.010011,230.859,0.431,49.999
Night_Moderate,2020-01-01 10:42:00,0.008582,231.117,0.3758,49.99
Night_Moderate,2020-01-01 10:45:00,0.011416,231.491,0.4853,50.003
Night_Moderate,2020-01-01 10:48:00,0.008844,230.843,0.4065,49.99
Night_Moderate,2020-01-01 10:51:00,0.010938,231.645,0.4292,49.994
Night_Moderate,2020-01-01 10:54:00,0.004415,230.809,0.303,50.003
Night_Moderate,2020-01-01 10:57:00,0.010774,231.62,0.4266,49.994
Night_Moderate,2020-01-01 11:00:00,0.013799,230.502,0.5247,50.005
Night_Moderate,2020-01-01 11:03:00,0.012024,232.598,0.4926,50.0
Night_Moderate,2020-01-01 11:06:00,0.011616,231.573,0.3994,49.994
Night_Moderate,2020-01-01 11:09:00,0.011952,231.599,0.4502,49.994
Night_Moderate,2020-01-01 11:12:00,0.010525,231.904,0.3961,49.982
Night_Moderate,2020-01-01 11:15:00,0.010271,231.426,0.4338,49.973
Night_Moderate,2020-01-01 11:18:00,0.006757,229.996,0.3774,50.0
Night_Moderate,2020-01-01 11:21:00,0.010154,232.136,0.3868,49.993
Night_Moderate,2020-01-01 11:24:00,0.010946,230.995,0.4763,49.998
Night_Moderate,2020-01-01 11:27:00,0.013442,230.584,0.4838,50.009
Night_Moderate,2020-01-01 11:30:00,0.008232,230.347,0.4384,49.992
Night_Moderate,2020-01-01 11:33:00,0.009111,230.979,0.4336,49.972
Night_Moderate,2020-01-01 11:36:00,0.008926,233.169,0.4273,49.987
Night_Moderate,2020-01-01 11:39:00,0.006532,230.903,0.2955,49.989
Night_Moderate,2020-01-01 11:42:00,0.008911,231.964,0.3751,49.974
Night_Moderate,2020-01-01 11:45:00,0.007842,230.996,0.4347,50.018
Night_Moderate,2020-01-01 11:48:00,0.011921,230.365,0.4484,50.004
Night_Moderate,2020-01-01 11:51:00,0.006871,231.492,0.3778,49.991
Night_Moderate,2020-01-01 11:54:00,0.00673,231.094,0.3428,49.989
Night_Moderate,2020-01-01 11:57:00,0.010203,230.992,0.4698,49.982
Night_Moderate,2020-01-01 12:00:00,0.006838,233.066,0.386,50.027
Night_Moderate,2020-01-01 12:03:00,0.014573,232.293,0.4497,49.988
Night_Moderate,2020-01-01 12:06:00,0.008002,232.428,0.4201,49.997
Night_Moderate,2020-01-01 12:09:00,0.009989,230.441,0.4179,50.003
Night_Moderate,2020-01-01 12:12:00,0.010764,231.394,0.4558,49.992
Night_Moderate,2020-01-01 12:15:00,0.007853,231.165,0.3829,49.995
Night_Moderate,2020-01-01 12:18:00,0.007759,232.061,0.3746,49.993
Night_Moderate,2020-01-01 12:21:00,0.00633,231.76,0.3632,49.98
Night_Moderate,2020-01-01 12:24:00,0.00998,230.86,0.3719,50.007
Night_Moderate,2020-01-01 12:27:00,0.01112,231.871,0.4699,49.98
Night_Moderate,2020-01-01 12:30:00,0.015107,232.188,0.5074,49.993
Night_Moderate,2020-01-01 12:33:00,0.011667,231.565,0.4346,49.992
Night_Moderate,2020-01-01 12:36:00,0.009184,230.474,0.4477,50.003
Night_Moderate,2020-01-01 12:39:00,0.009841,230.912,0.399,49.979
Night_Moderate,2020-01-01 12:42:00,0.010216,233.524,0.4029,49.984
Night_Moderate,2020-01-01 12:45:00,0.009838,230.716,0.4265,50.016
Night_Moderate,2020-01-01 12:48:00,0.011819,231.221,0.4553,49.989
Night_Moderate,2020-01-01 12:51:00,0.011372,229.14,0.442,50.008
Night_Moderate,2020-01-01 12:54:00,0.013041,231.38,0.4806,49.993
Night_Moderate,2020-01-01 12:57:00,0.008462,232.081,0.3955,49.996
Night_Moderate,2020-01-01 13:00:00,0.005428,231.289,0.3077,50.002
Night_Moderate,2020-01-01 13:03:00,0.011058,231.618,0.4688,49.983
Night_Moderate,2020-01-01 13:06:00,0.012506,232.007,0.5053,49.975
Night_Moderate,2020-01-01 13:09:00,0.011251,231.542,0.408,49.998
Night_Moderate,2020-01-01 13:12:00,0.010884,229.399,0.5015,49.992
Night_Moderate,2020-01-01 13:15:00,0.011341,230.745,0.4455,50.02
Night_Moderate,2020-01-01 13:18:00,0.008686,229.482,0.3802,49.999
Night_Moderate,2020-01-01 13:21:00,0.009609,231.522,0.4877,50.0
Night_Moderate,2020-01-01 13:24:00,0.006989,231.168,0.3486,50.002
Night_Moderate,2020-01-01 13:27:00,0.010254,232.019,0.3886,50.004
Night_Moderate,2020-01-01 13:30:00,0.013368,231.178,0.4758,49.987
Night_Moderate,2020-01-01 13:33:00,0.007491,231.288,0.3651,50.005
Night_Moderate,2020-01-01 13:36:00,0.014471,229.87,0.5056,49.997
Night_Moderate,2020-01-01 13:39:00,0.003213,231.162,0.3176,50.001
Night_Moderate,2020-01-01 13:42:00,0.013534,230.151,0.544,49.992
Night_Moderate,2020-01-01 13:45:00,0.012179,231.187,0.4678,49.993
Night_Moderate,2020-01-01 13:48:00,0.006197,231.011,0.3575,50.016
Night_Moderate,2020-01-01 13:51:00,0.007471,231.776,0.3884,49.979
Night_Moderate,2020-01-01 13:54:00,0.008826,231.453,0.3235,50.001
Night_Moderate,2020-01-01 13:57:00,0.008168,231.709,0.4028,50.008
Night_Moderate,2020-01-01 14:00:00,0.007677,229.755,0.3798,50.012
Night_Moderate,2020-01-01 14:03:00,0.012798,230.695,0.4881,49.987
Night_Moderate,2020-01-01 14:06:00,0.010842,231.508,0.5335,50.006
Night_Moderate,2020-01-01 14:09:00,0.005774,231.925,0.3454,50.001
Night_Moderate,2020-01-01 14:12:00,0.009518,232.067,0.5028,49.986
Night_Moderate,2020-01-01 14:15:00,0.007068,231.27,0.423,49.99
Night_Moderate,2020-01-01 14:18:00,0.009698,231.466,0.3759,50.01
Night_Moderate,2020-01-01 14:21:00,0.010228,231.238,0.4772,50.006
Night_Moderate,2020-01-01 14:24:00,0.012411,231.629,0.4924,49.996
Night_Moderate,2020-01-01 14:27:00,0.01141,231.007,0.4459,49.994
Night_Moderate,2020-01-01 14:30:00,0.011732,230.487,0.4663,49.988
Night_Moderate,2020-01-01 14:33:00,0.013563,231.357,0.4777,49.995
Night_Moderate,2020-01-01 14:36:00,0.007264,231.974,0.3357,49.993
Night_Moderate,2020-01-01 14:39:00,0.009983,232.44,0.4117,49.978
Night_Moderate,2020-01-01 14:42:00,0.007202,231.377,0.3263,50.005
Night_Moderate,2020-01-01 14:45:00,0.012892,230.021,0.4913,50.005
Night_Moderate,2020-01-01 14:48:00,0.009975,230.806,0.4264,49.998
Night_Moderate,2020-01-01 14:51:00,0.014362,230.521,0.5726,50.0
Night_Moderate,2020-01-01 14:54:00,0.011535,229.126,0.4651,50.01
Night_Moderate,2020-01-01 14:57:00,0.012434,231.913,0.4663,49.983
Night_Moderate,2020-01-01 15:00:00,0.010501,231.087,0.4996,50.003
Night_Moderate,2020-01-01 15:03:00,0.009565,230.232,0.354,50.009
Night_Moderate,2020-01-01 15:06:00,0.008944,230.496,0.4326,49.997
Night_Moderate,2020-01-01 15:09:00,0.009044,229.249,0.3767,49.99
Night_Moderate,2020-01-01 15:12:00,0.00786,231.291,0.3844,50.014
Night_Moderate,2020-01-01 15:15:00,0.015485,230.811,0.473,49.998
Night_Moderate,2020-01-01 15:18:00,0.013791,230.306,0.5922,49.999
Night_Moderate,2020-01-01 15:21:00,0.010698,230.75,0.482,50.01
Night_Moderate,2020-01-01 15:24:00,0.007118,232.767,0.3273,49.992
Night_Moderate,2020-01-01 15:27:00,0.011681,230.262,0.425,50.019
Night_Moderate,2020-01-01 15:30:00,0.009602,231.018,0.4525,49.985
Night_Moderate,2020-01-01 15:33:00,0.013016,230.778,0.4799,49.992
Night_Moderate,2020-01-01 15:36:00,0.005195,230.603,0.3557,49.995
Night_Moderate,2020-01-01 15:39:00,0.013613,228.986,0.4718,49.979
Night_Moderate,2020-01-01 15:42:00,0.015933,229.956,0.5409,49.993
Night_Moderate,2020-01-01 15:45:00,0.006226,232.808,0.3367,50.019
Night_Moderate,2020-01-01 15:48:00,0.008905,231.031,0.4426,50.001
Night_Moderate,2020-01-01 15:51:00,0.012014,230.254,0.5158,50.009
Night_Moderate,2020-01-01 15:54:00,0.0145,230.385,0.5551,50.0
Night_Moderate,2020-01-01 15:57:00,0.008244,232.198,0.4505,49.969
Night_Moderate,2020-01-01 16:00:00,0.011007,229.948,0.4224,50.004
Night_Moderate,2020-01-01 16:03:00,0.014023,232.152,0.4978,49.994
Night_Moderate,2020-01-01 16:06:00,0.005256,230.755,0.2833,50.008
Night_Moderate,2020-01-01 16:09:00,0.008174,228.975,0.3548,50.015
Night_Moderate,2020-01-01 16:12:00,0.011906,230.685,0.4907,49.995
Night_Moderate,2020-01-01 16:15:00,0.011298,231.538,0.471,49.997
Night_Moderate,2020-01-01 16:18:00,0.0103,232.002,0.3689,50.002
Night_Moderate,2020-01-01 16:21:00,0.009204,233.175,0.3726,50.016
Night_Moderate,2020-01-01 16:24:00,0.009241,230.296,0.3638,49.981
Night_Moderate,2020-01-01 16:27:00,0.006854,232.265,0.3249,50.02
Night_Moderate,2020-01-01 16:30:00,0.006666,230.961,0.3855,50.004
Night_Moderate,2020-01-01 16:33:00,0.010069,232.209,0.4131,49.985
Night_Moderate,2020-01-01 16:36:00,0.011506,230.493,0.4307,49.996
Night_Moderate,2020-01-01 16:39:00,0.010678,231.779,0.4505,50.012
Night_Moderate,2020-01-01 16:42:00,0.010965,230.674,0.477,50.007
Night_Moderate,2020-01-01 16:45:00,0.009206,230.907,0.4678,50.004
Night_Moderate,2020-01-01 16:48:00,0.012607,231.141,0.4696,50.001
Night_Moderate,2020-01-01 16:51:00,0.010327,231.686,0.46,49.992
Night_Moderate,2020-01-01 16:54:00,0.013447,230.59,0.5098,49.993
Night_Moderate,2020-01-01 16:57:00,0.007534,232.052,0.3653,49.992
Night_Moderate,2020-01-01 17:00:00,0.012617,231.088,0.4542,49.986
Night_Moderate,2020-01-01 17:03:00,0.010411,230.76,0.4827,49.971
Night_Moderate,2020-01-01 17:06:00,0.012743,230.939,0.5016,49.992
Night_Moderate,2020-01-01 17:09:00,0.010617,230.371,0.4072,50.006
Night_Moderate,2020-01-01 17:12:00,0.016163,230.198,0.5666,49.987
Night_Moderate,2020-01-01 17:15:00,0.014118,230.841,0.4968,50.004
Night_Moderate,2020-01-01 17:18:00,0.011453,231.883,0.5053,49.988
Night_Moderate,2020-01-01 17:21:00,0.012499,230.446,0.4752,49.986
Night_Moderate,2020-01-01 17:24:00,0.012855,230.873,0.5038,49.975
Night_Moderate,2020-01-01 17:27:00,0.015524,230.875,0.5627,49.982
Night_Moderate,2020-01-01 17:30:00,0.014495,231.77,0.481,49.986
Night_Moderate,2020-01-01 17:33:00,0.011056,230.51,0.4071,50.006
Night_Moderate,2020-01-01 17:36:00,0.012034,230.41,0.4973,50.001
Night_Moderate,2020-01-01 17:39:00,0.01313,232.732,0.4161,49.987
Night_Moderate,2020-01-01 17:42:00,0.007011,231.626,0.3782,49.978
Night_Moderate,2020-01-01 17:45:00,0.015182,229.563,0.4744,49.988
Night_Moderate,2020-01-01 17:48:00,0.010586,230.51,0.423,49.993
Night_Moderate,2020-01-01 17:51:00,0.012776,230.795,0.5155,50.019
Night_Moderate,2020-01-01 17:54:00,0.01229,232.341,0.5004,50.006
Night_Moderate,2020-01-01 17:57:00,0.017902,230.295,0.5264,49.988
Night_Moderate,2020-01-01 18:00:00,0.022466,232.125,0.6241,50.008
Night_Moderate,2020-01-01 18:03:00,0.015237,230.924,0.5049,49.979
Night_Moderate,2020-01-01 18:06:00,0.014838,230.764,0.4254,49.995
Night_Moderate,2020-01-01 18:09:00,0.014141,230.761,0.5214,50.008
Night_Moderate,2020-01-01 18:12:00,0.016098,230.171,0.5768,49.999
Night_Moderate,2020-01-01 18:15:00,0.015329,230.788,0.508,49.981
Night_Moderate,2020-01-01 18:18:00,0.012885,231.591,0.4235,49.994
Night_Moderate,2020-01-01 18:21:00,0.017972,230.211,0.6047,49.98
Night_Moderate,2020-01-01 18:24:00,0.017341,230.248,0.5481,49.988
Night_Moderate,2020-01-01 18:27:00,0.014949,232.593,0.5208,49.997
Night_Moderate,2020-01-01 18:30:00,0.018151,230.741,0.5432,49.991
Night_Moderate,2020-01-01 18:33:00,0.017954,229.031,0.5471,49.997
Night_Moderate,2020-01-01 18:36:00,0.017758,229.33,0.5573,49.981
Night_Moderate,2020-01-01 18:39:00,0.016247,230.613,0.5342,49.986
Night_Moderate,2020-01-01 18:42:00,0.015361,231.572,0.5125,50.004
Night_Moderate,2020-01-01 18:45:00,0.018181,230.838,0.5433,50.0
Night_Moderate,2020-01-01 18:48:00,0.020888,230.627,0.6557,50.011
Night_Moderate,2020-01-01 18:51:00,0.025548,230.056,0.7074,49.979
Night_Moderate,2020-01-01 18:54:00,0.022108,230.036,0.6126,50.005
Night_Moderate,2020-01-01 18:57:00,0.021391,230.801,0.6576,49.984
Night_Moderate,2020-01-01 19:00:00,0.016281,230.944,0.5275,49.989
Night_Moderate,2020-01-01 19:03:00,0.020954,229.923,0.5793,49.983
Night_Moderate,2020-01-01 19:06:00,0.021253,231.357,0.5648,49.993
Night_Moderate,2020-01-01 19:09:00,0.016925,231.843,0.5358,50.002
Night_Moderate,2020-01-01 19:12:00,0.022342,231.287,0.612,49.984
Night_Moderate,2020-01-01 19:15:00,0.020941,229.041,0.6287,49.985
Night_Moderate,2020-01-01 19:18:00,0.022367,230.515,0.6297,49.985
Night_Moderate,2020-01-01 19:21:00,0.02339,230.191,0.6871,49.971
Night_Moderate,2020-01-01 19:24:00,0.029324,229.591,0.7205,49.998
Night_Moderate,2020-01-01 19:27:00,0.01245,231.702,0.4983,50.0
Night_Moderate,2020-01-01 19:30:00,0.035041,229.046,0.9122,49.989
Night_Moderate,2020-01-01 19:33:00,0.019681,230.41,0.5841,49.995
Night_Moderate,2020-01-01 19:36:00,0.024841,230.42,0.6472,49.979
Night_Moderate,2020-01-01 19:39:00,0.02032,230.285,0.5787,50.002
Night_Moderate,2020-01-01 19:42:00,0.01088,232.565,0.487,49.993
Night_Moderate,2020-01-01 19:45:00,0.025769,228.765,0.7505,49.964
Night_Moderate,2020-01-01 19:48:00,0.025542,229.262,0.7027,49.976
Night_Moderate,2020-01-01 19:51:00,0.021441,231.484,0.5765,49.977
Night_Moderate,2020-01-01 19:54:00,0.01651,231.975,0.5972,49.996
Night_Moderate,2020-01-01 19:57:00,0.022294,230.378,0.64,49.984
Night_Moderate,2020-01-01 20:00:00,0.019349,230.034,0.5606,50.009
Night_Moderate,2020-01-01 20:03:00,0.024744,231.0,0.6686,49.972
Night_Moderate,2020-01-01 20:06:00,0.023026,231.695,0.673,49.981
Night_Moderate,2020-01-01 20:09:00,0.022459,229.281,0.635,49.998
Night_Moderate,2020-01-01 20:12:00,0.027643,229.599,0.6343,49.976
Night_Moderate,2020-01-01 20:15:00,0.012363,230.703,0.4837,49.992
Night_Moderate,2020-01-01 20:18:00,0.01864,229.709,0.5621,50.004
Night_Moderate,2020-01-01 20:21:00,0.015848,229.355,0.5679,49.965
Night_Moderate,2020-01-01 20:24:00,0.024453,228.964,0.7314,49.989
Night_Moderate,2020-01-01 20:27:00,0.025463,229.904,0.6946,49.999
Night_Moderate,2020-01-01 20:30:00,0.025838,228.448,0.7124,49.97
Night_Moderate,2020-01-01 20:33:00,0.028966,229.493,0.7675,50.001
Night_Moderate,2020-01-01 20:36:00,0.029909,229.272,0.8013,49.984
Night_Moderate,2020-01-01 20:39:00,0.026224,230.254,0.6916,49.994
Night_Moderate,2020-01-01 20:42:00,0.028653,229.679,0.7682,49.999
Night_Moderate,2020-01-01 20:45:00,0.028116,229.54,0.6853,49.985
Night_Moderate,2020-01-01 20:48:00,0.032999,228.914,0.8663,49.991
Night_Moderate,2020-01-01 20:51:00,0.033696,230.383,0.8922,49.988
Night_Moderate,2020-01-01 20:54:00,0.031576,230.501,0.8033,49.999
Night_Moderate,2020-01-01 20:57:00,0.032445,229.108,0.7721,49.977
Night_Moderate,2020-01-01 21:00:00,0.033984,229.039,0.8965,49.992
Night_Moderate,2020-01-01 21:03:00,0.045498,228.264,1.0733,49.976
Night_Moderate,2020-01-01 21:06:00,0.042088,227.406,0.9887,49.981
Night_Moderate,2020-01-01 21:09:00,0.029668,230.613,0.696,49.982
Night_Moderate,2020-01-01 21:12:00,0.032276,228.446,0.8542,49.99
Night_Moderate,2020-01-01 21:15:00,0.039399,228.739,0.9485,49.957
Night_Moderate,2020-01-01 21:18:00,0.023899,231.494,0.6707,50.002
Night_Moderate,2020-01-01 21:21:00,0.034481,228.875,0.8775,49.974
Night_Moderate,2020-01-01 21:24:00,0.014945,231.904,0.5513,49.993
Night_Moderate,2020-01-01 21:27:00,0.030077,229.467,0.8501,49.964
Night_Moderate,2020-01-01 21:30:00,0.032405,227.891,0.8181,49.978
Night_Moderate,2020-01-01 21:33:00,0.026944,229.835,0.6948,49.981
Night_Moderate,2020-01-01 21:36:00,0.032776,228.143,0.8089,49.981
Night_Moderate,2020-01-01 21:39:00,0.024462,229.541,0.705,50.004
Night_Moderate,2020-01-01 21:42:00,0.027529,228.813,0.741,50.004
Night_Moderate,2020-01-01 21:45:00,0.029665,229.375,0.7393,49.988
Night_Moderate,2020-01-01 21:48:00,0.029208,229.006,0.8412,49.997
Night_Moderate,2020-01-01 21:51:00,0.037016,227.382,0.9664,50.003
Night_Moderate,2020-01-01 21:54:00,0.033888,229.297,0.8056,49.987
Night_Moderate,2020-01-01 21:57:00,0.028594,229.287,0.7791,49.973
Night_Moderate,2020-01-01 22:00:00,0.051134,228.485,1.1402,49.97
Night_Moderate,2020-01-01 22:03:00,0.022898,230.569,0.6555,49.983
Night_Moderate,2020-01-01 22:06:00,0.042425,226.91,1.0552,49.965
Night_Moderate,2020-01-01 22:09:00,0.025232,229.634,0.7426,49.972
Night_Moderate,2020-01-01 22:12:00,0.036779,229.335,0.9726,49.988
Night_Moderate,2020-01-01 22:15:00,0.057694,226.278,1.2735,49.987
Night_Moderate,2020-01-01 22:18:00,0.035434,228.931,0.9035,49.966
Night_Moderate,2020-01-01 22:21:00,0.045713,228.657,1.1174,49.98
Night_Moderate,2020-01-01 22:24:00,0.037433,228.937,0.9082,49.993
Night_Moderate,2020-01-01 22:27:00,0.03429,230.393,0.9055,49.987
Night_Moderate,2020-01-01 22:30:00,0.044171,228.04,1.046,49.971
Night_Moderate,2020-01-01 22:33:00,0.040399,228.677,1.0004,49.992
Night_Moderate,2020-01-01 22:36:00,0.038122,228.479,0.9705,49.977
Night_Moderate,2020-01-01 22:39:00,0.036326,228.614,0.8677,49.989
Night_Moderate,2020-01-01 22:42:00,0.036265,228.835,0.9191,49.972
Night_Moderate,2020-01-01 22:45:00,0.046454,227.166,1.0945,49.964
Night_Moderate,2020-01-01 22:48:00,0.035942,229.603,0.9081,50.015
Night_Moderate,2020-01-01 22:51:00,0.033159,228.247,0.8309,49.976
Night_Moderate,2020-01-01 22:54:00,0.042593,227.853,1.0658,50.004
Night_Moderate,2020-01-01 22:57:00,0.053524,227.385,1.2103,49.971
Night_Moderate,2020-01-01 23:00:00,0.046963,228.427,1.1549,49.965
Night_Moderate,2020-01-01 23:03:00,0.057405,227.015,1.3517,49.962
Night_Moderate,2020-01-01 23:06:00,0.050353,227.317,1.1157,49.982
Night_Moderate,2020-01-01 23:09:00,0.046744,227.174,1.0682,49.973
Night_Moderate,2020-01-01 23:12:00,0.039087,229.046,0.9174,50.004
Night_Moderate,2020-01-01 23:15:00,0.039543,227.411,0.9254,49.988
Night_Moderate,2020-01-01 23:18:00,0.034866,228.955,0.8447,49.974
Night_Moderate,2020-01-01 23:21:00,0.04638,227.909,1.0575,49.988
Night_Moderate,2020-01-01 23:24:00,0.03901,228.8,1.0059,49.954
Night_Moderate,2020-01-01 23:27:00,0.053722,227.849,1.2363,49.981
Night_Moderate,2020-01-01 23:30:00,0.008414,231.914,0.3946,49.979
Night_Moderate,2020-01-01 23:33:00,0.029455,228.087,0.8151,49.973
Night_Moderate,2020-01-01 23:36:00,0.045523,227.685,1.0368,49.962
Night_Moderate,2020-01-01 23:39:00,0.05149,228.023,1.1942,49.99
Night_Moderate,2020-01-01 23:42:00,0.059493,227.022,1.2704,50.003
Night_Moderate,2020-01-01 23:45:00,0.046462,228.225,1.1142,49.991
Night_Moderate,2020-01-01 23:48:00,0.029528,229.869,0.752,49.979
Night_Moderate,2020-01-01 23:51:00,0.052536,227.607,1.2064,49.933
Night_Moderate,2020-01-01 23:54:00,0.048021,225.965,1.0935,50.002
Night_Moderate,2020-01-01 23:57:00,0.035153,229.789,0.864,50.0
Night_Moderate,2020-01-02 00:00:00,0.047468,228.15,1.1552,49.977
Night_Moderate,2020-01-02 00:03:00,0.042069,227.105,1.0325,49.987
Night_Moderate,2020-01-02 00:06:00,0.04544,228.787,1.0302,49.976
Night_Moderate,2020-01-02 00:09:00,0.052542,228.797,1.2018,49.965
Night_Moderate,2020-01-02 00:12:00,0.040575,228.967,0.9289,49.988
Night_Moderate,2020-01-02 00:15:00,0.047557,228.328,1.1361,49.986
Night_Moderate,2020-01-02 00:18:00,0.04352,228.879,1.0137,49.957
Night_Moderate,2020-01-02 00:21:00,0.047702,229.337,1.0731,49.987
Night_Moderate,2020-01-02 00:24:00,0.065895,225.893,1.4303,49.95
Night_Moderate,2020-01-02 00:27:00,0.037551,227.643,0.9189,49.981
Night_Moderate,2020-01-02 00:30:00,0.050724,228.205,1.1649,49.978
Night_Moderate,2020-01-02 00:33:00,0.042614,229.298,1.014,49.967
Night_Moderate,2020-01-02 00:36:00,0.058436,225.568,1.2586,49.979
Night_Moderate,2020-01-02 00:39:00,0.045142,228.775,1.0577,49.981
Night_Moderate,2020-01-02 00:42:00,0.041831,227.233,1.0375,49.983
Night_Moderate,2020-01-02 00:45:00,0.052017,226.015,1.1914,49.967
Night_Moderate,2020-01-02 00:48:00,0.017201,231.317,0.6198,50.005
Night_Moderate,2020-01-02 00:51:00,0.041831,228.962,1.0084,49.98
Night_Moderate,2020-01-02 00:54:00,0.051063,228.084,1.1488,49.955
Night_Moderate,2020-01-02 00:57:00,0.057248,224.949,1.3008,49.972
Night_Moderate,2020-01-02 01:00:00,0.043049,227.82,1.0426,49.985
Night_Moderate,2020-01-02 01:03:00,0.039801,228.131,0.9139,49.996
Night_Moderate,2020-01-02 01:06:00,0.039091,228.139,0.9445,49.984
Night_Moderate,2020-01-02 01:09:00,0.057212,225.649,1.235,49.987
Night_Moderate,2020-01-02 01:12:00,0.046904,227.746,1.063,49.979
Night_Moderate,2020-01-02 01:15:00,0.059395,227.483,1.2737,49.979
Night_Moderate,2020-01-02 01:18:00,0.043017,227.587,0.9966,49.97
Night_Moderate,2020-01-02 01:21:00,0.043081,228.118,1.0067,49.997
Night_Moderate,2020-01-02 01:24:00,0.034439,226.892,0.841,49.997
Night_Moderate,2020-01-02 01:27:00,0.044162,227.651,1.0911,49.956
Night_Moderate,2020-01-02 01:30:00,0.045311,227.152,1.0852,49.998
Night_Moderate,2020-01-02 01:33:00,0.042583,228.328,1.0285,50.014
Night_Moderate,2020-01-02 01:36:00,0.046353,228.154,1.0907,49.968
Night_Moderate,2020-01-02 01:39:00,0.038932,229.16,0.9974,50.005
Night_Moderate,2020-01-02 01:42:00,0.054741,227.479,1.2961,49.964
Night_Moderate,2020-01-02 01:45:00,0.050322,225.789,1.1997,49.978
Night_Moderate,2020-01-02 01:48:00,0.05595,227.293,1.2826,49.982
Night_Moderate,2020-01-02 01:51:00,0.043213,229.289,1.0194,49.97
Night_Moderate,2020-01-02 01:54:00,0.035828,228.773,0.8791,49.981
Night_Moderate,2020-01-02 01:57:00,0.045916,227.002,1.09,49.99
Night_Moderate,2020-01-02 02:00:00,0.0428,228.677,1.0367,49.978
Night_Moderate,2020-01-02 02:03:00,0.044492,228.768,1.0595,49.993
Night_Moderate,2020-01-02 02:06:00,0.041397,227.778,0.9867,49.98
Night_Moderate,2020-01-02 02:09:00,0.041416,228.413,1.0412,49.977
Night_Moderate,2020-01-02 02:12:00,0.063284,223.548,1.4213,49.992
Night_Moderate,2020-01-02 02:15:00,0.047803,228.684,1.1415,49.978
Night_Moderate,2020-01-02 02:18:00,0.049439,227.082,1.1462,49.991
Night_Moderate,2020-01-02 02:21:00,0.052993,226.597,1.1513,49.983
Night_Moderate,2020-01-02 02:24:00,0.028512,230.011,0.8127,49.977
Night_Moderate,2020-01-02 02:27:00,0.035447,228.731,0.9245,49.977
Night_Moderate,2020-01-02 02:30:00,0.046476,227.672,1.0711,49.972
Night_Moderate,2020-01-02 02:33:00,0.012212,232.267,0.4246,50.001
Night_Moderate,2020-01-02 02:36:00,0.034884,229.249,0.8512,49.968
Night_Moderate,2020-01-02 02:39:00,0.039554,228.631,0.9594,49.995
Night_Moderate,2020-01-02 02:42:00,0.033562,228.859,0.8721,49.987
Night_Moderate,2020-01-02 02:45:00,0.044791,229.055,1.0632,49.981
Night_Moderate,2020-01-02 02:48:00,0.050217,227.552,1.1246,49.954
Night_Moderate,2020-01-02 02:51:00,0.03504,229.949,0.8831,50.0
Night_Moderate,2020-01-02 02:54:00,0.039971,228.298,0.9987,49.972
Night_Moderate,2020-01-02 02:57:00,0.03893,228.55,0.9644,49.969
Night_Moderate,2020-01-02 03:00:00,0.035348,227.596,0.9294,49.989
Night_Moderate,2020-01-02 03:03:00,0.037641,227.938,0.9874,49.973
Night_Moderate,2020-01-02 03:06:00,0.035721,228.442,0.9027,50.0
Night_Moderate,2020-01-02 03:09:00,0.044053,226.687,1.013,49.977
Night_Moderate,2020-01-02 03:12:00,0.037234,227.344,0.9247,50.007
Night_Moderate,2020-01-02 03:15:00,0.044069,227.976,1.0148,49.98
Night_Moderate,2020-01-02 03:18:00,0.034413,228.895,0.8843,49.958
Night_Moderate,2020-01-02 03:21:00,0.033952,229.064,0.8585,49.975
Night_Moderate,2020-01-02 03:24:00,0.039559,228.405,0.9848,49.995
Night_Moderate,2020-01-02 03:27:00,0.046832,227.333,1.0702,49.974
Night_Moderate,2020-01-02 03:30:00,0.031387,229.219,0.795,49.989
Night_Moderate,2020-01-02 03:33:00,0.052164,228.149,1.2087,49.994
Night_Moderate,2020-01-02 03:36:00,0.042531,228.164,0.9754,49.983
Night_Moderate,2020-01-02 03:39:00,0.024025,229.207,0.6584,49.987
Night_Moderate,2020-01-02 03:42:00,0.027346,229.308,0.7869,49.967
Night_Moderate,2020-01-02 03:45:00,0.042567,227.558,1.014,49.999
Night_Moderate,2020-01-02 03:48:00,0.037657,228.725,1.0004,49.976
Night_Moderate,2020-01-02 03:51:00,0.036108,228.715,0.8828,49.992
Night_Moderate,2020-01-02 03:54:00,0.033301,228.618,0.8106,49.982
Night_Moderate,2020-01-02 03:57:00,0.028945,230.999,0.7496,49.967
Night_Moderate,2020-01-02 04:00:00,0.026488,230.005,0.7159,49.993
Night_Moderate,2020-01-02 04:03:00,0.02905,229.315,0.7245,50.007
Night_Moderate,2020-01-02 04:06:00,0.03828,229.215,0.9178,49.968
Night_Moderate,2020-01-02 04:09:00,0.033327,228.812,0.8236,49.991
Night_Moderate,2020-01-02 04:12:00,0.031767,230.718,0.8126,49.983
Night_Moderate,2020-01-02 04:15:00,0.02918,228.807,0.8,49.988
Night_Moderate,2020-01-02 04:18:00,0.020563,231.419,0.6029,50.0
Night_Moderate,2020-01-02 04:21:00,0.027696,229.514,0.73,49.986
Night_Moderate,2020-01-02 04:24:00,0.024772,230.184,0.6396,50.002
Night_Moderate,2020-01-02 04:27:00,0.024724,228.096,0.69,49.986
Night_Moderate,2020-01-02 04:30:00,0.027356,230.331,0.6969,49.999
Night_Moderate,2020-01-02 04:33:00,0.04022,228.395,0.9761,49.98
Night_Moderate,2020-01-02 04:36:00,0.032688,229.393,0.9187,50.001
Night_Moderate,2020-01-02 04:39:00,0.015829,231.982,0.5431,49.993
Night_Moderate,2020-01-02 04:42:00,0.019978,229.859,0.5958,49.978
Night_Moderate,2020-01-02 04:45:00,0.018857,229.841,0.6113,50.001
Night_Moderate,2020-01-02 04:48:00,0.017582,230.773,0.5906,49.981
Night_Moderate,2020-01-02 04:51:00,0.018867,230.724,0.5892,49.972
Night_Moderate,2020-01-02 04:54:00,0.028627,228.662,0.825,49.991
Night_Moderate,2020-01-02 04:57:00,0.020445,229.691,0.5985,49.997
Night_Moderate,2020-01-02 05:00:00,0.022334,230.012,0.6395,49.965
Night_Moderate,2020-01-02 05:03:00,0.021333,230.891,0.6361,49.971
Night_Moderate,2020-01-02 05:06:00,0.02185,229.746,0.6492,49.985
Night_Moderate,2020-01-02 05:09:00,0.014172,230.689,0.4911,50.001
Night_Moderate,2020-01-02 05:12:00,0.028349,230.028,0.7194,49.99
Night_Moderate,2020-01-02 05:15:00,0.022928,228.869,0.6406,50.025
Night_Moderate,2020-01-02 05:18:00,0.023446,229.368,0.654,49.967
Night_Moderate,2020-01-02 05:21:00,0.024922,228.191,0.6702,49.995
Night_Moderate,2020-01-02 05:24:00,0.017659,231.282,0.634,49.974
Night_Moderate,2020-01-02 05:27:00,0.01822,230.752,0.5831,49.988
Night_Moderate,2020-01-02 05:30:00,0.020447,230.251,0.6082,49.986
Night_Moderate,2020-01-02 05:33:00,0.024773,230.709,0.7395,49.992
Night_Moderate,2020-01-02 05:36:00,0.027426,229.426,0.7446,49.976
Night_Moderate,2020-01-02 05:39:00,0.023513,228.331,0.7041,49.979
Night_Moderate,2020-01-02 05:42:00,0.026948,231.048,0.7576,49.975
Night_Moderate,2020-01-02 05:45:00,0.015336,230.036,0.5711,49.996
Night_Moderate,2020-01-02 05:48:00,0.014075,231.766,0.5419,49.993
Night_Moderate,2020-01-02 05:51:00,0.023041,228.842,0.581,50.001
Night_Moderate,2020-01-02 05:54:00,0.017028,230.729,0.5902,50.006
Night_Moderate,2020-01-02 05:57:00,0.022146,230.678,0.7152,49.996
Night_Moderate,2020-01-02 06:00:00,0.013456,230.656,0.5164,49.948
Night_Moderate,2020-01-02 06:03:00,0.015007,231.814,0.584,50.004
Night_Moderate,2020-01-02 06:06:00,0.01859,229.429,0.6052,49.986
Night_Moderate,2020-01-02 06:09:00,0.017802,229.687,0.5342,49.986
Night_Moderate,2020-01-02 06:12:00,0.021601,230.35,0.6153,50.008
Night_Moderate,2020-01-02 06:15:00,0.020144,230.145,0.6196,49.989
Night_Moderate,2020-01-02 06:18:00,0.012071,230.155,0.4654,49.987
Night_Moderate,2020-01-02 06:21:00,0.018922,232.115,0.6167,49.976
Night_Moderate,2020-01-02 06:24:00,0.014906,231.018,0.5265,50.003
Night_Moderate,2020-01-02 06:27:00,0.01471,231.525,0.5054,49.988
Night_Moderate,2020-01-02 06:30:00,0.013004,232.738,0.5145,50.004
Night_Moderate,2020-01-02 06:33:00,0.017566,229.545,0.6045,49.982
Night_Moderate,2020-01-02 06:36:00,0.012016,231.068,0.4148,49.999
Night_Moderate,2020-01-02 06:39:00,0.016281,231.872,0.4987,50.011
Night_Moderate,2020-01-02 06:42:00,0.012551,230.574,0.4084,49.986
Night_Moderate,2020-01-02 06:45:00,0.015244,230.55,0.5075,49.994
Night_Moderate,2020-01-02 06:48:00,0.018869,229.676,0.6246,49.999
Night_Moderate,2020-01-02 06:51:00,0.010703,229.612,0.4138,49.998
Night_Moderate,2020-01-02 06:54:00,0.017018,230.355,0.5157,49.99
Night_Moderate,2020-01-02 06:57:00,0.014196,229.77,0.4792,49.989
Night_Moderate,2020-01-02 07:00:00,0.013165,231.574,0.492,49.982
Night_Moderate,2020-01-02 07:03:00,0.016049,230.267,0.498,49.968
Night_Moderate,2020-01-02 07:06:00,0.014458,231.916,0.5158,49.982
Night_Moderate,2020-01-02 07:09:00,0.015586,230.464,0.5011,49.997
Night_Moderate,2020-01-02 07:12:00,0.017464,230.821,0.5801,49.987
Night_Moderate,2020-01-02 07:15:00,0.019727,230.566,0.6241,49.984
Night_Moderate,2020-01-02 07:18:00,0.014701,231.321,0.4919,50.002
Night_Moderate,2020-01-02 07:21:00,0.014355,230.204,0.522,49.996
Night_Moderate,2020-01-02 07:24:00,0.012264,229.998,0.4591,50.017
Night_Moderate,2020-01-02 07:27:00,0.011061,231.428,0.4602,50.005
Night_Moderate,2020-01-02 07:30:00,0.011256,230.842,0.4549,49.988
Night_Moderate,2020-01-02 07:33:00,0.014918,230.841,0.5113,49.997
Night_Moderate,2020-01-02 07:36:00,0.014299,230.688,0.4933,49.967
Night_Moderate,2020-01-02 07:39:00,0.010334,231.723,0.5087,49.993
Night_Moderate,2020-01-02 07:42:00,0.00932,232.381,0.4437,49.991
Night_Moderate,2020-01-02 07:45:00,0.011797,230.97,0.4399,50.02
Night_Moderate,2020-01-02 07:48:00,0.008775,231.087,0.3707,50.003
Night_Moderate,2020-01-02 07:51:00,0.011898,230.207,0.438,49.995
Night_Moderate,2020-01-02 07:54:00,0.01335,231.2,0.5132,49.991
Night_Moderate,2020-01-02 07:57:00,0.010241,230.503,0.4581,49.97
Night_Moderate,2020-01-02 08:00:00,0.011859,230.421,0.459,49.992
Night_Moderate,2020-01-02 08:03:00,0.011691,232.279,0.4578,49.984
Night_Moderate,2020-01-02 08:06:00,0.009493,232.097,0.4267,49.968
Night_Moderate,2020-01-02 08:09:00,0.010842,230.248,0.4308,49.993
Night_Moderate,2020-01-02 08:12:00,0.013137,229.984,0.5108,49.983
Night_Moderate,2020-01-02 08:15:00,0.014396,230.825,0.5009,49.979
Night_Moderate,2020-01-02 08:18:00,0.012455,231.028,0.4599,49.986
Night_Moderate,2020-01-02 08:21:00,0.010932,230.541,0.5013,49.998
Night_Moderate,2020-01-02 08:24:00,0.01003,231.828,0.4314,50.001
Night_Moderate,2020-01-02 08:27:00,0.006954,231.045,0.3586,49.974
Night_Moderate,2020-01-02 08:30:00,0.010695,229.712,0.4763,49.996
Night_Moderate,2020-01-02 08:33:00,0.009225,231.453,0.4211,49.99
Night_Moderate,2020-01-02 08:36:00,0.014616,230.47,0.4742,49.989
Night_Moderate,2020-01-02 08:39:00,0.011843,231.081,0.4456,50.01
Night_Moderate,2020-01-02 08:42:00,0.015206,229.334,0.5025,50.009
Night_Moderate,2020-01-02 08:45:00,0.00939,230.864,0.4073,49.973
Night_Moderate,2020-01-02 08:48:00,0.010019,230.435,0.4369,49.993
Night_Moderate,2020-01-02 08:51:00,0.013662,230.625,0.4669,49.981
Night_Moderate,2020-01-02 08:54:00,0.011197,231.98,0.4461,49.994
Night_Moderate,2020-01-02 08:57:00,0.009216,230.078,0.3839,49.989
Night_Moderate,2020-01-02 09:00:00,0.012144,231.804,0.4762,49.98
Night_Moderate,2020-01-02 09:03:00,0.011871,229.986,0.4526,49.98
Night_Moderate,2020-01-02 09:06:00,0.01398,231.303,0.5434,49.976
Night_Moderate,2020-01-02 09:09:00,0.014425,230.699,0.5318,49.977
Night_Moderate,2020-01-02 09:12:00,0.012003,231.738,0.4943,49.994
Night_Moderate,2020-01-02 09:15:00,0.013406,229.482,0.4695,50.014
Night_Moderate,2020-01-02 09:18:00,0.009603,230.969,0.4095,49.986
Night_Moderate,2020-01-02 09:21:00,0.010915,231.146,0.4781,49.973
Night_Moderate,2020-01-02 09:24:00,0.011064,231.984,0.4666,49.986
Night_Moderate,2020-01-02 09:27:00,0.008552,231.464,0.4368,50.001
Night_Moderate,2020-01-02 09:30:00,0.012355,229.367,0.4923,50.017
Night_Moderate,2020-01-02 09:33:00,0.010774,232.141,0.4269,50.001
Night_Moderate,2020-01-02 09:36:00,0.00853,231.428,0.3976,50.008
Night_Moderate,2020-01-02 09:39:00,0.013196,232.368,0.4679,49.989
Night_Moderate,2020-01-02 09:42:00,0.013037,230.971,0.5258,49.986
Night_Moderate,2020-01-02 09:45:00,0.013629,230.603,0.5218,49.985
Night_Moderate,2020-01-02 09:48:00,0.013848,230.201,0.4998,49.994
Night_Moderate,2020-01-02 09:51:00,0.01412,230.713,0.5383,50.004
Night_Moderate,2020-01-02 09:54:00,0.015904,230.864,0.5515,49.997
Night_Moderate,2020-01-02 09:57:00,0.012128,232.779,0.4554,49.983
Night_Moderate,2020-01-02 10:00:00,0.007212,230.943,0.3591,49.995
Night_Moderate,2020-01-02 10:03:00,0.009554,231.053,0.4075,49.993
Night_Moderate,2020-01-02 10:06:00,0.010407,232.086,0.4152,49.995
Night_Moderate,2020-01-02 10:09:00,0.009799,229.543,0.3915,49.998
Night_Moderate,2020-01-02 10:12:00,0.007771,231.267,0.3596,49.993
Night_Moderate,2020-01-02 10:15:00,0.012581,230.516,0.4802,49.992
Night_Moderate,2020-01-02 10:18:00,0.00969,231.559,0.4368,49.993
Night_Moderate,2020-01-02 10:21:00,0.012043,229.187,0.4656,49.973
Night_Moderate,2020-01-02 10:24:00,0.005435,231.887,0.4106,50.002
Night_Moderate,2020-01-02 10:27:00,0.010681,231.43,0.4788,50.004
Night_Moderate,2020-01-02 10:30:00,0.006931,230.743,0.3432,49.997
Night_Moderate,2020-01-02 10:33:00,0.013059,231.545,0.4162,49.989
Night_Moderate,2020-01-02 10:36:00,0.006506,231.069,0.3501,49.998
Night_Moderate,2020-01-02 10:39:00,0.01132,231.132,0.4667,49.995
Night_Moderate,2020-01-02 10:42:00,0.005433,230.399,0.3065,49.989
Night_Moderate,2020-01-02 10:45:00,0.015559,231.207,0.5344,49.984
Night_Moderate,2020-01-02 10:48:00,0.006968,232.411,0.3606,49.987
Night_Moderate,2020-01-02 10:51:00,0.013458,231.322,0.4994,50.011
Night_Moderate,2020-01-02 10:54:00,0.010454,231.923,0.4963,50.023
Night_Moderate,2020-01-02 10:57:00,0.013175,230.639,0.5276,49.978
Night_Moderate,2020-01-02 11:00:00,0.006229,231.954,0.3454,49.978
Night_Moderate,2020-01-02 11:03:00,0.008704,231.766,0.4471,49.984
Night_Moderate,2020-01-02 11:06:00,0.008362,231.952,0.3599,50.005
Night_Moderate,2020-01-02 11:09:00,0.01503,230.294,0.5119,49.994
Night_Moderate,2020-01-02 11:12:00,0.012464,232.676,0.4177,49.975
Night_Moderate,2020-01-02 11:15:00,0.010349,230.593,0.3766,49.997
Night_Moderate,2020-01-02 11:18:00,0.008559,231.438,0.4633,50.017
Night_Moderate,2020-01-02 11:21:00,0.009474,231.442,0.4465,49.999
Night_Moderate,2020-01-02 11:24:00,0.009623,231.844,0.4597,50.003
Night_Moderate,2020-01-02 11:27:00,0.013242,230.765,0.4293,50.009
Night_Moderate,2020-01-02 11:30:00,0.008736,229.765,0.4101,50.004
Night_Moderate,2020-01-02 11:33:00,0.0141,229.74,0.488,50.0
Night_Moderate,2020-01-02 11:36:00,0.009622,231.139,0.4532,49.997
Night_Moderate,2020-01-02 11:39:00,0.013013,230.811,0.51,49.998
Night_Moderate,2020-01-02 11:42:00,0.010424,230.844,0.4467,50.002
Night_Moderate,2020-01-02 11:45:00,0.007868,232.732,0.3539,49.985
Night_Moderate,2020-01-02 11:48:00,0.009508,230.484,0.4315,49.98
Night_Moderate,2020-01-02 11:51:00,0.012775,232.74,0.4508,49.989
Night_Moderate,2020-01-02 11:54:00,0.015585,230.705,0.5454,49.975
Night_Moderate,2020-01-02 11:57:00,0.005827,232.858,0.3567,49.998
Night_Moderate,2020-01-02 12:00:00,0.008628,229.776,0.4083,50.011
Night_Moderate,2020-01-02 12:03:00,0.010373,230.437,0.4569,49.995
Night_Moderate,2020-01-02 12:06:00,0.008834,230.151,0.4291,49.995
Night_Moderate,2020-01-02 12:09:00,0.010648,230.514,0.4772,50.002
Night_Moderate,2020-01-02 12:12:00,0.010831,229.308,0.4635,49.999
Night_Moderate,2020-01-02 12:15:00,0.011583,232.15,0.4777,49.969
Night_Moderate,2020-01-02 12:18:00,0.011065,231.822,0.4613,49.984
Night_Moderate,2020-01-02 12:21:00,0.009069,231.386,0.4113,50.007
Night_Moderate,2020-01-02 12:24:00,0.008173,231.328,0.3976,50.012
Night_Moderate,2020-01-02 12:27:00,0.011436,231.37,0.4685,50.0
Night_Moderate,2020-01-02 12:30:00,0.00914,232.079,0.4309,49.996
Night_Moderate,2020-01-02 12:33:00,0.012254,230.433,0.522,49.99
Night_Moderate,2020-01-02 12:36:00,0.008543,230.23,0.4099,49.99
Night_Moderate,2020-01-02 12:39:00,0.011107,232.398,0.4446,49.993
Night_Moderate,2020-01-02 12:42:00,0.008546,230.526,0.3553,49.985
Night_Moderate,2020-01-02 12:45:00,0.008164,231.706,0.4316,49.979
Night_Moderate,2020-01-02 12:48:00,0.00705,230.912,0.3542,49.995
Night_Moderate,2020-01-02 12:51:00,0.009199,232.375,0.4538,50.007
Night_Moderate,2020-01-02 12:54:00,0.010734,229.785,0.4421,49.986
Night_Moderate,2020-01-02 12:57:00,0.007742,231.76,0.3795,50.021
Night_Moderate,2020-01-02 13:00:00,0.010973,230.495,0.4605,49.994
Night_Moderate,2020-01-02 13:03:00,0.006853,231.349,0.2985,50.008
Night_Moderate,2020-01-02 13:06:00,0.01269,229.959,0.5071,50.007
Night_Moderate,2020-01-02 13:09:00,0.008753,231.487,0.4232,50.008
Night_Moderate,2020-01-02 13:12:00,0.009523,231.257,0.3886,49.998
Night_Moderate,2020-01-02 13:15:00,0.005791,231.122,0.3087,49.988
Night_Moderate,2020-01-02 13:18:00,0.012083,231.087,0.4308,50.0
Night_Moderate,2020-01-02 13:21:00,0.010251,231.379,0.4305,49.98
Night_Moderate,2020-01-02 13:24:00,0.005886,231.608,0.4068,49.986
Night_Moderate,2020-01-02 13:27:00,0.010559,230.564,0.3533,50.003
Night_Moderate,2020-01-02 13:30:00,0.010018,231.632,0.4121,49.995
Night_Moderate,2020-01-02 13:33:00,0.007791,231.412,0.4692,49.992
Night_Moderate,2020-01-02 13:36:00,0.010441,231.217,0.4464,49.988
Night_Moderate,2020-01-02 13:39:00,0.008668,230.563,0.3915,49.987
Night_Moderate,2020-01-02 13:42:00,0.008889,230.036,0.4107,50.01
Night_Moderate,2020-01-02 13:45:00,0.008616,231.165,0.4634,49.978
Night_Moderate,2020-01-02 13:48:00,0.008308,232.314,0.3965,50.005
Night_Moderate,2020-01-02 13:51:00,0.012105,230.884,0.4586,49.991
Night_Moderate,2020-01-02 13:54:00,0.008468,232.164,0.4087,50.003
Night_Moderate,2020-01-02 13:57:00,0.006983,231.844,0.404,50.004
Night_Moderate,2020-01-02 14:00:00,0.011172,230.802,0.4572,49.999
Night_Moderate,2020-01-02 14:03:00,0.011362,230.944,0.4951,49.991
Night_Moderate,2020-01-02 14:06:00,0.007726,230.397,0.3819,49.972
Night_Moderate,2020-01-02 14:09:00,0.010136,231.424,0.4719,50.011
Night_Moderate,2020-01-02 14:12:00,0.011666,230.317,0.4294,50.0
Night_Moderate,2020-01-02 14:15:00,0.009308,231.912,0.4287,49.998
Night_Moderate,2020-01-02 14:18:00,0.008098,229.48,0.4487,50.012
Night_Moderate,2020-01-02 14:21:00,0.010393,229.817,0.4906,50.004
Night_Moderate,2020-01-02 14:24:00,0.008844,231.577,0.4517,49.985
Night_Moderate,2020-01-02 14:27:00,0.012552,229.895,0.4441,49.971
Night_Moderate,2020-01-02 14:30:00,0.008987,231.745,0.3844,49.996
Night_Moderate,2020-01-02 14:33:00,0.007509,229.606,0.3866,49.998
Night_Moderate,2020-01-02 14:36:00,0.01196,230.688,0.4794,49.975
Night_Moderate,2020-01-02 14:39:00,0.012801,231.098,0.4665,49.987
Night_Moderate,2020-01-02 14:42:00,0.011254,231.814,0.4448,50.002
Night_Moderate,2020-01-02 14:45:00,0.011209,231.629,0.457,49.988
Night_Moderate,2020-01-02 14:48:00,0.006848,231.207,0.3477,49.978
Night_Moderate,2020-01-02 14:51:00,0.013197,231.771,0.5208,49.973
Night_Moderate,2020-01-02 14:54:00,0.010429,230.766,0.4262,49.98
Night_Moderate,2020-01-02 14:57:00,0.005446,231.339,0.3649,50.004
Night_Moderate,2020-01-02 15:00:00,0.007758,230.67,0.4031,49.979
Night_Moderate,2020-01-02 15:03:00,0.013159,230.965,0.511,50.009
Night_Moderate,2020-01-02 15:06:00,0.012586,230.225,0.4678,49.998
Night_Moderate,2020-01-02 15:09:00,0.007128,231.302,0.3995,49.995
Night_Moderate,2020-01-02 15:12:00,0.011225,230.189,0.4773,49.978
Night_Moderate,2020-01-02 15:15:00,0.010217,230.823,0.4106,49.997
Night_Moderate,2020-01-02 15:18:00,0.012654,232.075,0.4791,50.029
Night_Moderate,2020-01-02 15:21:00,0.008173,230.987,0.501,50.003
Night_Moderate,2020-01-02 15:24:00,0.014539,229.822,0.508,50.003
Night_Moderate,2020-01-02 15:27:00,0.010545,230.952,0.4911,50.002
Night_Moderate,2020-01-02 15:30:00,0.012098,230.186,0.437,50.003
Night_Moderate,2020-01-02 15:33:00,0.010544,232.283,0.4105,49.98
Night_Moderate,2020-01-02 15:36:00,0.009237,231.574,0.4139,49.98
Night_Moderate,2020-01-02 15:39:00,0.005338,232.537,0.3201,49.974
Night_Moderate,2020-01-02 15:42:00,0.012094,231.04,0.516,49.976
Night_Moderate,2020-01-02 15:45:00,0.011983,229.787,0.4696,49.987
Night_Moderate,2020-01-02 15:48:00,0.008682,230.436,0.412,49.992
Night_Moderate,2020-01-02 15:51:00,0.00955,231.436,0.3927,49.991
Night_Moderate,2020-01-02 15:54:00,0.010313,232.136,0.4495,49.981
Night_Moderate,2020-01-02 15:57:00,0.012186,230.248,0.4067,50.003
Night_Moderate,2020-01-02 16:00:00,0.01224,231.361,0.4615,49.991
Night_Moderate,2020-01-02 16:03:00,0.011458,230.827,0.465,49.999
Night_Moderate,2020-01-02 16:06:00,0.013752,230.272,0.4674,49.998
Night_Moderate,2020-01-02 16:09:00,0.011795,230.385,0.4301,49.995
Night_Moderate,2020-01-02 16:12:00,0.008364,231.242,0.4389,49.979
Night_Moderate,2020-01-02 16:15:00,0.012457,231.278,0.4605,49.993
Night_Moderate,2020-01-02 16:18:00,0.012294,230.611,0.5347,49.99
Night_Moderate,2020-01-02 16:21:00,0.010955,231.345,0.4245,49.985
Night_Moderate,2020-01-02 16:24:00,0.007555,231.025,0.4106,49.998
Night_Moderate,2020-01-02 16:27:00,0.012121,231.53,0.4039,49.985
Night_Moderate,2020-01-02 16:30:00,0.010757,231.621,0.4511,50.0
Night_Moderate,2020-01-02 16:33:00,0.00788,231.866,0.4288,50.002
Night_Moderate,2020-01-02 16:36:00,0.010465,230.638,0.4318,49.963
Night_Moderate,2020-01-02 16:39:00,0.012203,231.875,0.455,49.974
Night_Moderate,2020-01-02 16:42:00,0.010236,231.052,0.3737,50.011
Night_Moderate,2020-01-02 16:45:00,0.008371,230.09,0.3966,49.989
Night_Moderate,2020-01-02 16:48:00,0.014295,231.045,0.4844,49.979
Night_Moderate,2020-01-02 16:51:00,0.012179,231.061,0.4542,49.989
Night_Moderate,2020-01-02 16:54:00,0.013554,229.994,0.5564,50.01
Night_Moderate,2020-01-02 16:57:00,0.011339,231.393,0.4811,49.999
Night_Moderate,2020-01-02 17:00:00,0.007676,231.061,0.3862,49.999
Night_Moderate,2020-01-02 17:03:00,0.010873,230.723,0.4285,49.989
Night_Moderate,2020-01-02 17:06:00,0.007632,230.552,0.3924,49.991
Night_Moderate,2020-01-02 17:09:00,0.014378,231.47,0.4569,50.016
Night_Moderate,2020-01-02 17:12:00,0.010822,231.741,0.4405,49.991
Night_Moderate,2020-01-02 17:15:00,0.01288,230.799,0.484,49.996
Night_Moderate,2020-01-02 17:18:00,0.007679,230.758,0.4248,49.991
Night_Moderate,2020-01-02 17:21:00,0.010791,231.891,0.432,49.99
Night_Moderate,2020-01-02 17:24:00,0.013794,231.658,0.5119,50.011
Night_Moderate,2020-01-02 17:27:00,0.008136,231.655,0.4083,49.996
Night_Moderate,2020-01-02 17:30:00,0.005069,232.887,0.3021,49.967
Night_Moderate,2020-01-02 17:33:00,0.011896,230.607,0.5139,49.995
Night_Moderate,2020-01-02 17:36:00,0.009291,231.099,0.4447,49.977
Night_Moderate,2020-01-02 17:39:00,0.011044,230.122,0.417,49.982
Night_Moderate,2020-01-02 17:42:00,0.018465,230.979,0.6214,49.959
Night_Moderate,2020-01-02 17:45:00,0.011561,231.444,0.4309,50.0
Night_Moderate,2020-01-02 17:48:00,0.009499,232.952,0.4368,49.991
Night_Moderate,2020-01-02 17:51:00,0.012184,229.641,0.4973,50.003
Night_Moderate,2020-01-02 17:54:00,0.011467,232.386,0.4972,49.988
Night_Moderate,2020-01-02 17:57:00,0.016225,231.432,0.5935,49.98
Night_Moderate,2020-01-02 18:00:00,0.01481,230.099,0.5331,50.015
Night_Moderate,2020-01-02 18:03:00,0.015276,228.685,0.5401,49.993
Night_Moderate,2020-01-02 18:06:00,0.01368,228.955,0.4722,49.998
Night_Moderate,2020-01-02 18:09:00,0.012,230.544,0.4586,50.004
Night_Moderate,2020-01-02 18:12:00,0.014452,230.157,0.5362,49.983
Night_Moderate,2020-01-02 18:15:00,0.021128,229.903,0.5989,49.983
Night_Moderate,2020-01-02 18:18:00,0.01394,229.979,0.4682,50.005
Night_Moderate,2020-01-02 18:21:00,0.012422,231.686,0.4496,49.991
Night_Moderate,2020-01-02 18:24:00,0.015096,230.389,0.4994,49.972
Night_Moderate,2020-01-02 18:27:00,0.015918,229.631,0.5131,50.003
Night_Moderate,2020-01-02 18:30:00,0.013319,231.042,0.4942,49.996
Night_Moderate,2020-01-02 18:33:00,0.019922,231.388,0.5749,49.983
Night_Moderate,2020-01-02 18:36:00,0.01568,230.674,0.542,50.003
Night_Moderate,2020-01-02 18:39:00,0.017851,229.605,0.612,49.996
Night_Moderate,2020-01-02 18:42:00,0.017932,230.568,0.5957,49.997
Night_Moderate,2020-01-02 18:45:00,0.017487,231.513,0.6019,49.993
Night_Moderate,2020-01-02 18:48:00,0.014348,230.365,0.4761,50.003
Night_Moderate,2020-01-02 18:51:00,0.023474,230.382,0.6808,49.971
Night_Moderate,2020-01-02 18:54:00,0.012793,231.947,0.5441,49.987
Night_Moderate,2020-01-02 18:57:00,0.014882,230.527,0.4992,50.005
Night_Moderate,2020-01-02 19:00:00,0.023035,231.667,0.687,49.989
Night_Moderate,2020-01-02 19:03:00,0.012967,229.912,0.5158,50.01
Night_Moderate,2020-01-02 19:06:00,0.015249,230.576,0.5359,50.0
Night_Moderate,2020-01-02 19:09:00,0.014812,229.957,0.5636,49.995
Night_Moderate,2020-01-02 19:12:00,0.01317,232.259,0.4757,50.002
Night_Moderate,2020-01-02 19:15:00,0.016103,230.224,0.5955,49.99
Night_Moderate,2020-01-02 19:18:00,0.014048,231.366,0.5314,50.0
Night_Moderate,2020-01-02 19:21:00,0.021546,231.249,0.6295,49.98
Night_Moderate,2020-01-02 19:24:00,0.017254,231.422,0.5556,49.989
Night_Moderate,2020-01-02 19:27:00,0.024455,229.711,0.6519,49.976
Night_Moderate,2020-01-02 19:30:00,0.022823,230.044,0.6971,49.998
Night_Moderate,2020-01-02 19:33:00,0.019807,229.922,0.5727,49.984
Night_Moderate,2020-01-02 19:36:00,0.028379,229.458,0.7555,49.985
Night_Moderate,2020-01-02 19:39:00,0.02479,228.795,0.6895,49.996
Night_Moderate,2020-01-02 19:42:00,0.013865,230.82,0.4254,49.988
Night_Moderate,2020-01-02 19:45:00,0.024531,230.699,0.6385,49.976
Night_Moderate,2020-01-02 19:48:00,0.020887,230.107,0.573,49.956
Night_Moderate,2020-01-02 19:51:00,0.025345,228.63,0.7821,49.994
Night_Moderate,2020-01-02 19:54:00,0.016516,230.237,0.5649,49.999
Night_Moderate,2020-01-02 19:57:00,0.013771,231.815,0.4944,49.991
Night_Moderate,2020-01-02 20:00:00,0.012661,230.653,0.4946,49.999
Night_Moderate,2020-01-02 20:03:00,0.01731,229.87,0.522,49.988
Night_Moderate,2020-01-02 20:06:00,0.023309,228.7,0.7051,49.997
Night_Moderate,2020-01-02 20:09:00,0.018262,230.474,0.5683,49.986
Night_Moderate,2020-01-02 20:12:00,0.022947,228.559,0.6885,49.983
Night_Moderate,2020-01-02 20:15:00,0.020479,230.608,0.6529,50.005
Night_Moderate,2020-01-02 20:18:00,0.033244,229.535,0.897,49.984
Night_Moderate,2020-01-02 20:21:00,0.033502,230.149,0.9283,49.973
Night_Moderate,2020-01-02 20:24:00,0.020985,230.355,0.6249,49.988
Night_Moderate,2020-01-02 20:27:00,0.034028,228.699,0.9037,49.997
Night_Moderate,2020-01-02 20:30:00,0.020873,230.317,0.6227,49.991
Night_Moderate,2020-01-02 20:33:00,0.03486,227.952,0.8679,49.979
Night_Moderate,2020-01-02 20:36:00,0.019387,230.588,0.6222,49.996
Night_Moderate,2020-01-02 20:39:00,0.030125,229.639,0.7806,49.975
Night_Moderate,2020-01-02 20:42:00,0.02627,229.956,0.6635,49.975
Night_Moderate,2020-01-02 20:45:00,0.021111,230.422,0.6959,49.958
Night_Moderate,2020-01-02 20:48:00,0.019014,231.256,0.5886,49.996
Night_Moderate,2020-01-02 20:51:00,0.019726,231.084,0.6325,49.994
Night_Moderate,2020-01-02 20:54:00,0.029039,228.618,0.725,49.996
Night_Moderate,2020-01-02 20:57:00,0.023754,230.26,0.691,49.982
Night_Moderate,2020-01-02 21:00:00,0.025587,230.61,0.785,49.975
Night_Moderate,2020-01-02 21:03:00,0.023383,229.638,0.6327,49.98
Night_Moderate,2020-01-02 21:06:00,0.03395,227.994,0.8417,49.999
Night_Moderate,2020-01-02 21:09:00,0.04252,228.988,1.002,49.986
Night_Moderate,2020-01-02 21:12:00,0.026042,228.77,0.6956,49.996
Night_Moderate,2020-01-02 21:15:00,0.021207,229.087,0.61,49.988
Night_Moderate,2020-01-02 21:18:00,0.031628,228.565,0.7936,49.982
Night_Moderate,2020-01-02 21:21:00,0.033847,229.905,0.8759,49.982
Night_Moderate,2020-01-02 21:24:00,0.026556,229.226,0.7006,50.009
Night_Moderate,2020-01-02 21:27:00,0.027267,229.699,0.786,49.984
Night_Moderate,2020-01-02 21:30:00,0.02733,230.389,0.7029,49.97
Night_Moderate,2020-01-02 21:33:00,0.038234,228.357,0.9287,49.986
Night_Moderate,2020-01-02 21:36:00,0.037726,228.139,0.9604,49.984
Night_Moderate,2020-01-02 21:39:00,0.032108,230.287,0.8444,49.979
Night_Moderate,2020-01-02 21:42:00,0.030292,230.65,0.7832,49.973
Night_Moderate,2020-01-02 21:45:00,0.034522,227.823,0.8859,49.98
Night_Moderate,2020-01-02 21:48:00,0.023137,229.735,0.6702,49.992
Night_Moderate,2020-01-02 21:51:00,0.043227,227.058,0.9833,50.004
Night_Moderate,2020-01-02 21:54:00,0.032444,228.96,0.8353,50.0
Night_Moderate,2020-01-02 21:57:00,0.017185,231.229,0.4653,49.984
Night_Moderate,2020-01-02 22:00:00,0.024744,230.261,0.7031,49.968
Night_Moderate,2020-01-02 22:03:00,0.033521,229.777,0.835,49.954
Night_Moderate,2020-01-02 22:06:00,0.027671,229.846,0.7461,49.987
Night_Moderate,2020-01-02 22:09:00,0.031761,230.402,0.859,50.001
Night_Moderate,2020-01-02 22:12:00,0.035653,228.334,0.901,49.984
Night_Moderate,2020-01-02 22:15:00,0.04526,228.371,1.0549,49.981
Night_Moderate,2020-01-02 22:18:00,0.036172,229.967,0.903,49.985
Night_Moderate,2020-01-02 22:21:00,0.041801,227.773,0.9853,49.963
Night_Moderate,2020-01-02 22:24:00,0.043076,228.309,1.044,49.979
Night_Moderate,2020-01-02 22:27:00,0.031914,229.86,0.7989,49.977
Night_Moderate,2020-01-02 22:30:00,0.05002,227.475,1.0932,49.964
Night_Moderate,2020-01-02 22:33:00,0.045114,228.224,1.0905,49.97
Night_Moderate,2020-01-02 22:36:00,0.039966,229.877,0.9402,49.988
Night_Moderate,2020-01-02 22:39:00,0.020067,228.651,0.6095,50.009
Night_Moderate,2020-01-02 22:42:00,0.050505,226.182,1.186,49.961
Night_Moderate,2020-01-02 22:45:00,0.033837,228.391,0.9352,49.992
Night_Moderate,2020-01-02 22:48:00,0.040016,227.808,0.9995,49.957
Night_Moderate,2020-01-02 22:51:00,0.03419,229.459,0.8512,49.975
Night_Moderate,2020-01-02 22:54:00,0.045167,227.883,1.0682,49.958
Night_Moderate,2020-01-02 22:57:00,0.049994,227.107,1.1246,49.975
Night_Moderate,2020-01-02 23:00:00,0.026803,230.741,0.7107,49.99
Night_Moderate,2020-01-02 23:03:00,0.047252,227.922,1.0694,49.99
Night_Moderate,2020-01-02 23:06:00,0.039479,228.915,0.934,49.976
Night_Moderate,2020-01-02 23:09:00,0.030925,229.252,0.8417,50.008
Night_Moderate,2020-01-02 23:12:00,0.018879,231.282,0.5824,49.992
Night_Moderate,2020-01-02 23:15:00,0.045004,228.005,1.074,49.964
Night_Moderate,2020-01-02 23:18:00,0.062161,227.065,1.3855,49.975
Night_Moderate,2020-01-02 23:21:00,0.042922,229.507,1.0349,49.988
Night_Moderate,2020-01-02 23:24:00,0.050955,226.301,1.1739,49.977
Night_Moderate,2020-01-02 23:27:00,0.044185,227.529,1.0431,49.952
Night_Moderate,2020-01-02 23:30:00,0.046958,227.657,1.1017,49.982
Night_Moderate,2020-01-02 23:33:00,0.048644,227.852,1.1025,49.962
Night_Moderate,2020-01-02 23:36:00,0.033826,229.533,0.8514,49.992
Night_Moderate,2020-01-02 23:39:00,0.027903,230.289,0.7677,49.968
Night_Moderate,2020-01-02 23:42:00,0.055187,227.622,1.2611,49.977
Night_Moderate,2020-01-02 23:45:00,0.040165,229.944,0.9185,49.964
Night_Moderate,2020-01-02 23:48:00,0.063818,226.045,1.3827,49.969
Night_Moderate,2020-01-02 23:51:00,0.045293,228.51,1.0265,49.975
Night_Moderate,2020-01-02 23:54:00,0.03845,228.213,1.0133,49.983
Night_Moderate,2020-01-02 23:57:00,0.058323,227.28,1.3199,49.977
Night_Moderate,2020-01-03 00:00:00,0.042612,228.292,0.9691,49.964
Night_Moderate,2020-01-03 00:03:00,0.056094,225.892,1.3062,49.988
Night_Moderate,2020-01-03 00:06:00,0.033953,228.397,0.8721,49.962
Night_Moderate,2020-01-03 00:09:00,0.039717,228.247,0.9665,49.982
Night_Moderate,2020-01-03 00:12:00,0.039652,229.105,0.9665,49.993
Night_Moderate,2020-01-03 00:15:00,0.056229,227.519,1.1415,49.966
Night_Moderate,2020-01-03 00:18:00,0.033091,230.361,0.8875,49.981
Night_Moderate,2020-01-03 00:21:00,0.042421,228.249,1.0567,49.98
Night_Moderate,2020-01-03 00:24:00,0.062967,225.121,1.3797,49.952
Night_Moderate,2020-01-03 00:27:00,0.046347,229.521,1.0777,49.993
Night_Moderate,2020-01-03 00:30:00,0.043202,228.29,1.03,49.976
Night_Moderate,2020-01-03 00:33:00,0.052753,227.221,1.1845,49.986
Night_Moderate,2020-01-03 00:36:00,0.036958,228.726,0.9434,49.979
Night_Moderate,2020-01-03 00:39:00,0.028167,229.794,0.8301,49.973
Night_Moderate,2020-01-03 00:42:00,0.040322,227.204,1.0123,49.978
Night_Moderate,2020-01-03 00:45:00,0.048381,228.954,1.0675,49.98
Night_Moderate,2020-01-03 00:48:00,0.030956,229.881,0.8146,49.985
Night_Moderate,2020-01-03 00:51:00,0.064031,224.795,1.4025,49.969
Night_Moderate,2020-01-03 00:54:00,0.052206,229.328,1.1942,49.977
Night_Moderate,2020-01-03 00:57:00,0.041801,228.695,0.9836,49.999
Night_Moderate,2020-01-03 01:00:00,0.031415,229.128,0.8437,49.994
Night_Moderate,2020-01-03 01:03:00,0.03187,229.055,0.8398,49.982
Night_Moderate,2020-01-03 01:06:00,0.043246,227.806,1.0817,49.965
Night_Moderate,2020-01-03 01:09:00,0.032481,229.869,0.9308,49.982
Night_Moderate,2020-01-03 01:12:00,0.040327,228.399,1.0478,49.99
Night_Moderate,2020-01-03 01:15:00,0.057435,225.711,1.2482,49.961
Night_Moderate,2020-01-03 01:18:00,0.051628,226.889,1.1671,49.971
Night_Moderate,2020-01-03 01:21:00,0.050179,227.342,1.1695,49.982
Night_Moderate,2020-01-03 01:24:00,0.054072,226.381,1.2517,49.975
Night_Moderate,2020-01-03 01:27:00,0.047752,226.014,1.0844,49.977
Night_Moderate,2020-01-03 01:30:00,0.038416,228.797,0.9357,49.962
Night_Moderate,2020-01-03 01:33:00,0.060595,226.552,1.2887,49.989
Night_Moderate,2020-01-03 01:36:00,0.046617,227.783,1.0378,49.969
Night_Moderate,2020-01-03 01:39:00,0.039961,228.533,0.9702,49.97
Night_Moderate,2020-01-03 01:42:00,0.055335,227.672,1.2128,49.99
Night_Moderate,2020-01-03 01:45:00,0.040535,229.005,1.0426,49.99
Night_Moderate,2020-01-03 01:48:00,0.041468,227.155,1.104,50.004
Night_Moderate,2020-01-03 01:51:00,0.048893,226.891,1.1493,49.979
Night_Moderate,2020-01-03 01:54:00,0.049774,225.789,1.1746,49.976
Night_Moderate,2020-01-03 01:57:00,0.046002,228.012,1.086,49.991
Night_Moderate,2020-01-03 02:00:00,0.03611,228.154,0.853,49.971
Night_Moderate,2020-01-03 02:03:00,0.047102,226.605,1.0719,49.984
Night_Moderate,2020-01-03 02:06:00,0.049158,228.047,1.1026,49.983
Night_Moderate,2020-01-03 02:09:00,0.034331,229.421,0.8862,49.995
Night_Moderate,2020-01-03 02:12:00,0.040963,229.055,0.9412,49.982
Night_Moderate,2020-01-03 02:15:00,0.050392,227.046,1.1856,49.971
Night_Moderate,2020-01-03 02:18:00,0.04074,228.543,1.0054,49.989
Night_Moderate,2020-01-03 02:21:00,0.040467,228.541,0.9557,49.971
Night_Moderate,2020-01-03 02:24:00,0.033413,228.768,0.8675,49.99
Night_Moderate,2020-01-03 02:27:00,0.052094,226.577,1.209,49.976
Night_Moderate,2020-01-03 02:30:00,0.066387,223.814,1.4682,49.968
Night_Moderate,2020-01-03 02:33:00,0.054565,227.915,1.1318,49.959
Night_Moderate,2020-01-03 02:36:00,0.046068,227.775,1.067,49.996
Night_Moderate,2020-01-03 02:39:00,0.042206,227.893,1.0657,49.973
Night_Moderate,2020-01-03 02:42:00,0.031971,228.533,0.7737,50.007
Night_Moderate,2020-01-03 02:45:00,0.031709,228.509,0.8087,49.999
Night_Moderate,2020-01-03 02:48:00,0.023837,229.842,0.726,49.981
Night_Moderate,2020-01-03 02:51:00,0.045718,228.259,1.0912,49.984
Night_Moderate,2020-01-03 02:54:00,0.04375,228.008,1.062,49.977
Night_Moderate,2020-01-03 02:57:00,0.033882,228.38,0.8687,49.987
Night_Moderate,2020-01-03 03:00:00,0.029591,228.121,0.7699,49.987
Night_Moderate,2020-01-03 03:03:00,0.048469,227.979,1.1338,49.966
Night_Moderate,2020-01-03 03:06:00,0.039367,228.093,0.9493,49.998
Night_Moderate,2020-01-03 03:09:00,0.035484,229.247,0.9584,49.979
Night_Moderate,2020-01-03 03:12:00,0.031452,228.785,0.8108,49.988
Night_Moderate,2020-01-03 03:15:00,0.038262,228.144,0.9232,49.989
Night_Moderate,2020-01-03 03:18:00,0.043367,227.805,0.9846,49.987
Night_Moderate,2020-01-03 03:21:00,0.029088,231.491,0.7387,49.975
Night_Moderate,2020-01-03 03:24:00,0.035329,227.944,0.9194,49.968
Night_Moderate,2020-01-03 03:27:00,0.034995,230.024,0.8352,49.995
Night_Moderate,2020-01-03 03:30:00,0.042235,226.663,1.0127,49.981
Night_Moderate,2020-01-03 03:33:00,0.025485,229.447,0.6742,49.983
Night_Moderate,2020-01-03 03:36:00,0.033926,227.557,0.9272,49.973
Night_Moderate,2020-01-03 03:39:00,0.045708,228.235,1.0653,49.98
Night_Moderate,2020-01-03 03:42:00,0.028748,228.492,0.7428,49.98
Night_Moderate,2020-01-03 03:45:00,0.026276,229.43,0.6421,50.002
Night_Moderate,2020-01-03 03:48:00,0.028987,228.094,0.7055,49.979
Night_Moderate,2020-01-03 03:51:00,0.028092,229.806,0.7851,49.994
Night_Moderate,2020-01-03 03:54:00,0.029548,230.117,0.8199,49.994
Night_Moderate,2020-01-03 03:57:00,0.025487,229.075,0.6846,49.975
Night_Moderate,2020-01-03 04:00:00,0.026026,230.043,0.6755,49.973
Night_Moderate,2020-01-03 04:03:00,0.035195,228.356,0.8782,50.002
Night_Moderate,2020-01-03 04:06:00,0.025976,229.138,0.7745,50.01
Night_Moderate,2020-01-03 04:09:00,0.026765,228.901,0.7806,49.973
Night_Moderate,2020-01-03 04:12:00,0.025599,230.448,0.6996,49.979
Night_Moderate,2020-01-03 04:15:00,0.021934,231.802,0.6687,49.998
Night_Moderate,2020-01-03 04:18:00,0.017384,229.718,0.5976,50.005
Night_Moderate,2020-01-03 04:21:00,0.032001,229.353,0.7805,49.985
Night_Moderate,2020-01-03 04:24:00,0.03187,228.95,0.8182,49.976
Night_Moderate,2020-01-03 04:27:00,0.021821,228.644,0.6736,49.996
Night_Moderate,2020-01-03 04:30:00,0.03186,229.857,0.8126,50.001
Night_Moderate,2020-01-03 04:33:00,0.036523,228.682,0.8827,49.988
Night_Moderate,2020-01-03 04:36:00,0.028884,229.93,0.7982,49.989
Night_Moderate,2020-01-03 04:39:00,0.029156,231.069,0.7637,49.995
Night_Moderate,2020-01-03 04:42:00,0.022258,230.033,0.6019,50.005
Night_Moderate,2020-01-03 04:45:00,0.017429,231.402,0.5596,50.0
Night_Moderate,2020-01-03 04:48:00,0.027778,229.462,0.7603,49.998
Night_Moderate,2020-01-03 04:51:00,0.023369,228.772,0.7081,49.996
Night_Moderate,2020-01-03 04:54:00,0.027347,229.571,0.7575,50.001
Night_Moderate,2020-01-03 04:57:00,0.03076,230.066,0.8446,49.98
Night_Moderate,2020-01-03 05:00:00,0.019843,231.211,0.5444,49.966
Night_Moderate,2020-01-03 05:03:00,0.022918,230.078,0.6829,49.971
Night_Moderate,2020-01-03 05:06:00,0.024771,229.328,0.6874,49.979
Night_Moderate,2020-01-03 05:09:00,0.020446,229.485,0.5758,50.004
Night_Moderate,2020-01-03 05:12:00,0.014063,231.589,0.5109,49.99
Night_Moderate,2020-01-03 05:15:00,0.025827,229.404,0.7578,49.994
Night_Moderate,2020-01-03 05:18:00,0.022625,228.303,0.6562,49.968
Night_Moderate,2020-01-03 05:21:00,0.01226,231.328,0.5311,49.999
Night_Moderate,2020-01-03 05:24:00,0.013823,230.832,0.5399,49.991
Night_Moderate,2020-01-03 05:27:00,0.020003,229.671,0.5498,49.99
Night_Moderate,2020-01-03 05:30:00,0.015709,231.356,0.5133,49.978
Night_Moderate,2020-01-03 05:33:00,0.019467,230.503,0.6061,49.986
Night_Moderate,2020-01-03 05:36:00,0.0163,230.318,0.5409,50.015
Night_Moderate,2020-01-03 05:39:00,0.027842,230.919,0.7528,49.983
Night_Moderate,2020-01-03 05:42:00,0.018592,230.741,0.584,49.972
Night_Moderate,2020-01-03 05:45:00,0.017397,230.625,0.5908,49.981
Night_Moderate,2020-01-03 05:48:00,0.015647,229.284,0.5377,49.995
Night_Moderate,2020-01-03 05:51:00,0.019367,229.189,0.6082,49.987
Night_Moderate,2020-01-03 05:54:00,0.017871,229.327,0.523,49.998
Night_Moderate,2020-01-03 05:57:00,0.01861,230.618,0.6072,49.988
Night_Moderate,2020-01-03 06:00:00,0.017532,231.018,0.591,50.005
Night_Moderate,2020-01-03 06:03:00,0.013495,231.232,0.5651,49.998
Night_Moderate,2020-01-03 06:06:00,0.025546,231.036,0.7393,49.99
Night_Moderate,2020-01-03 06:09:00,0.019767,231.52,0.6164,49.986
Night_Moderate,2020-01-03 06:12:00,0.020265,230.065,0.6659,49.992
Night_Moderate,2020-01-03 06:15:00,0.018038,232.081,0.5889,50.008
Night_Moderate,2020-01-03 06:18:00,0.017299,229.962,0.6376,49.986
Night_Moderate,2020-01-03 06:21:00,0.018626,230.644,0.6461,49.975
Night_Moderate,2020-01-03 06:24:00,0.01253,230.386,0.4505,49.973
Night_Moderate,2020-01-03 06:27:00,0.017776,230.204,0.5852,49.998
Night_Moderate,2020-01-03 06:30:00,0.015554,231.311,0.4973,49.99
Night_Moderate,2020-01-03 06:33:00,0.015431,230.859,0.5091,49.995
Night_Moderate,2020-01-03 06:36:00,0.02015,230.359,0.6091,49.958
Night_Moderate,2020-01-03 06:39:00,0.019571,230.652,0.5621,49.992
Night_Moderate,2020-01-03 06:42:00,0.01554,231.923,0.5881,50.01
Night_Moderate,2020-01-03 06:45:00,0.015638,230.795,0.5483,49.99
Night_Moderate,2020-01-03 06:48:00,0.00962,230.399,0.451,50.021
Night_Moderate,2020-01-03 06:51:00,0.010668,231.398,0.42,49.965
Night_Moderate,2020-01-03 06:54:00,0.019365,229.453,0.6055,50.001
Night_Moderate,2020-01-03 06:57:00,0.016893,229.891,0.6047,49.979
Night_Moderate,2020-01-03 07:00:00,0.01656,232.107,0.4925,49.999
Night_Moderate,2020-01-03 07:03:00,0.016532,228.918,0.4629,49.998
Night_Moderate,2020-01-03 07:06:00,0.01941,231.997,0.6002,49.992
Night_Moderate,2020-01-03 07:09:00,0.010973,230.119,0.4511,49.981
Night_Moderate,2020-01-03 07:12:00,0.014734,232.25,0.519,49.993
Night_Moderate,2020-01-03 07:15:00,0.013242,231.635,0.4453,50.013
Night_Moderate,2020-01-03 07:18:00,0.013077,230.882,0.5578,49.991
Night_Moderate,2020-01-03 07:21:00,0.019899,230.552,0.5849,49.996
Night_Moderate,2020-01-03 07:24:00,0.00623,231.536,0.335,49.984
Night_Moderate,2020-01-03 07:27:00,0.014493,231.207,0.5074,49.98
Night_Moderate,2020-01-03 07:30:00,0.014327,230.228,0.4861,50.003
Night_Moderate,2020-01-03 07:33:00,0.021004,228.494,0.669,49.995
Night_Moderate,2020-01-03 07:36:00,0.012302,231.003,0.5024,50.008
Night_Moderate,2020-01-03 07:39:00,0.013384,229.692,0.5697,49.983
Night_Moderate,2020-01-03 07:42:00,0.014138,229.46,0.5023,49.983
Night_Moderate,2020-01-03 07:45:00,0.012806,229.282,0.4922,50.0
Night_Moderate,2020-01-03 07:48:00,0.012924,230.914,0.4436,49.983
Night_Moderate,2020-01-03 07:51:00,0.013408,231.638,0.4322,50.009
Night_Moderate,2020-01-03 07:54:00,0.012199,230.02,0.471,49.991
Night_Moderate,2020-01-03 07:57:00,0.00916,232.472,0.436,50.014
Night_Moderate,2020-01-03 08:00:00,0.013995,230.386,0.551,50.009
Night_Moderate,2020-01-03 08:03:00,0.011552,231.484,0.5302,50.0
Night_Moderate,2020-01-03 08:06:00,0.012081,230.471,0.4324,49.992
Night_Moderate,2020-01-03 08:09:00,0.008744,230.908,0.4968,50.013
Night_Moderate,2020-01-03 08:12:00,0.011691,231.231,0.4862,49.965
Night_Moderate,2020-01-03 08:15:00,0.012899,231.652,0.4752,50.004
Night_Moderate,2020-01-03 08:18:00,0.009717,231.437,0.4145,49.967
Night_Moderate,2020-01-03 08:21:00,0.008954,230.941,0.458,49.968
Night_Moderate,2020-01-03 08:24:00,0.01154,232.529,0.48,49.977
Night_Moderate,2020-01-03 08:27:00,0.011903,229.78,0.4318,49.994
Night_Moderate,2020-01-03 08:30:00,0.013863,230.033,0.5049,49.976
Night_Moderate,2020-01-03 08:33:00,0.013948,230.414,0.462,49.989
Night_Moderate,2020-01-03 08:36:00,0.009439,230.444,0.425,49.99
Night_Moderate,2020-01-03 08:39:00,0.008943,231.081,0.4406,49.975
Night_Moderate,2020-01-03 08:42:00,0.012772,230.847,0.4271,50.008
Night_Moderate,2020-01-03 08:45:00,0.013209,230.613,0.5196,49.985
Night_Moderate,2020-01-03 08:48:00,0.008275,231.631,0.3868,49.991
Night_Moderate,2020-01-03 08:51:00,0.016472,230.787,0.509,49.994
Night_Moderate,2020-01-03 08:54:00,0.009398,230.73,0.3716,49.985
Night_Moderate,2020-01-03 08:57:00,0.012952,232.231,0.4853,49.993
Night_Moderate,2020-01-03 09:00:00,0.011154,230.764,0.4391,50.001
Night_Moderate,2020-01-03 09:03:00,0.01137,230.95,0.5055,49.965
Night_Moderate,2020-01-03 09:06:00,0.00952,230.966,0.4452,49.989
Night_Moderate,2020-01-03 09:09:00,0.011875,230.306,0.4437,50.017
Night_Moderate,2020-01-03 09:12:00,0.010274,229.793,0.473,50.005
Night_Moderate,2020-01-03 09:15:00,0.005939,230.584,0.3854,50.006
Night_Moderate,2020-01-03 09:18:00,0.009381,231.927,0.4196,49.993
Night_Moderate,2020-01-03 09:21:00,0.008469,231.895,0.3881,49.983
Night_Moderate,2020-01-03 09:24:00,0.010796,228.82,0.4525,50.014
Night_Moderate,2020-01-03 09:27:00,0.012537,230.752,0.4131,49.98
Night_Moderate,2020-01-03 09:30:00,0.010763,231.235,0.4374,49.991
Night_Moderate,2020-01-03 09:33:00,0.005288,232.514,0.361,49.999
Night_Moderate,2020-01-03 09:36:00,0.010343,231.983,0.3868,49.982
Night_Moderate,2020-01-03 09:39:00,0.012838,230.134,0.428,49.993
Night_Moderate,2020-01-03 09:42:00,0.00768,232.396,0.4286,49.996
Night_Moderate,2020-01-03 09:45:00,0.010755,230.836,0.4584,50.012
Night_Moderate,2020-01-03 09:48:00,0.009222,230.323,0.4207,50.016
Night_Moderate,2020-01-03 09:51:00,0.013403,230.402,0.613,49.978
Night_Moderate,2020-01-03 09:54:00,0.005278,230.349,0.3404,50.005
Night_Moderate,2020-01-03 09:57:00,0.010643,230.703,0.484,49.979
Night_Moderate,2020-01-03 10:00:00,0.011279,229.933,0.4248,49.988
Night_Moderate,2020-01-03 10:03:00,0.012296,230.304,0.4422,49.986
Night_Moderate,2020-01-03 10:06:00,0.007173,231.137,0.3306,49.979
Night_Moderate,2020-01-03 10:09:00,0.009949,232.504,0.4021,50.006
Night_Moderate,2020-01-03 10:12:00,0.015478,228.849,0.4898,50.01
Night_Moderate,2020-01-03 10:15:00,0.007728,230.776,0.3719,50.001
Night_Moderate,2020-01-03 10:18:00,0.009476,232.457,0.4375,49.986
Night_Moderate,2020-01-03 10:21:00,0.008031,230.409,0.3964,49.989
Night_Moderate,2020-01-03 10:24:00,0.007195,232.094,0.4082,49.984
Night_Moderate,2020-01-03 10:27:00,0.00976,230.587,0.4427,49.982
Night_Moderate,2020-01-03 10:30:00,0.007638,230.634,0.3991,50.015
Night_Moderate,2020-01-03 10:33:00,0.008188,231.074,0.3985,49.989
Night_Moderate,2020-01-03 10:36:00,0.008967,231.285,0.4463,50.007
Night_Moderate,2020-01-03 10:39:00,0.011216,230.839,0.4673,49.995
Night_Moderate,2020-01-03 10:42:00,0.011081,232.191,0.4351,50.0
Night_Moderate,2020-01-03 10:45:00,0.01211,231.176,0.4071,49.999
Night_Moderate,2020-01-03 10:48:00,0.009631,229.414,0.3956,49.992
Night_Moderate,2020-01-03 10:51:00,0.006455,231.958,0.4051,50.006
Night_Moderate,2020-01-03 10:54:00,0.016098,230.104,0.5378,49.977
Night_Moderate,2020-01-03 10:57:00,0.01245,231.518,0.4783,50.01
Night_Moderate,2020-01-03 11:00:00,0.0055,230.839,0.3433,50.001
Night_Moderate,2020-01-03 11:03:00,0.00898,230.793,0.4009,50.014
Night_Moderate,2020-01-03 11:06:00,0.007128,232.759,0.4195,50.011
Night_Moderate,2020-01-03 11:09:00,0.006586,231.432,0.3455,50.0
Night_Moderate,2020-01-03 11:12:00,0.006723,230.101,0.3586,50.006
Night_Moderate,2020-01-03 11:15:00,0.011461,231.241,0.4137,49.993
Night_Moderate,2020-01-03 11:18:00,0.009512,231.171,0.3854,49.996
Night_Moderate,2020-01-03 11:21:00,0.015226,231.421,0.5215,49.986
Night_Moderate,2020-01-03 11:24:00,0.00896,231.809,0.4561,49.999
Night_Moderate,2020-01-03 11:27:00,0.010997,232.185,0.4302,50.008
Night_Moderate,2020-01-03 11:30:00,0.008944,231.751,0.4465,49.984
Night_Moderate,2020-01-03 11:33:00,0.012301,230.602,0.5088,49.99
Night_Moderate,2020-01-03 11:36:00,0.005177,231.819,0.3417,49.998
Night_Moderate,2020-01-03 11:39:00,0.012516,232.38,0.4684,49.986
Night_Moderate,2020-01-03 11:42:00,0.010484,230.25,0.4941,49.993
Night_Moderate,2020-01-03 11:45:00,0.008486,232.217,0.4117,50.012
Night_Moderate,2020-01-03 11:48:00,0.009331,232.475,0.3704,50.0
Night_Moderate,2020-01-03 11:51:00,0.009058,230.982,0.4346,49.998
Night_Moderate,2020-01-03 11:54:00,0.009715,231.36,0.4327,49.978
Night_Moderate,2020-01-03 11:57:00,0.009402,232.316,0.4665,49.992
Night_Moderate,2020-01-03 12:00:00,0.010972,230.768,0.4611,49.998
Night_Moderate,2020-01-03 12:03:00,0.004293,231.837,0.2729,49.997
Night_Moderate,2020-01-03 12:06:00,0.007978,231.506,0.3579,50.007
Night_Moderate,2020-01-03 12:09:00,0.009238,230.414,0.4197,49.99
Night_Moderate,2020-01-03 12:12:00,0.007567,231.754,0.3673,49.987
Night_Moderate,2020-01-03 12:15:00,0.012833,230.482,0.4835,49.992
Night_Moderate,2020-01-03 12:18:00,0.009248,230.683,0.4068,50.009
Night_Moderate,2020-01-03 12:21:00,0.006061,229.809,0.3757,49.993
Night_Moderate,2020-01-03 12:24:00,0.010852,230.605,0.4287,50.0
Night_Moderate,2020-01-03 12:27:00,0.010196,232.56,0.4221,50.01
Night_Moderate,2020-01-03 12:30:00,0.006001,231.637,0.3333,49.992
Night_Moderate,2020-01-03 12:33:00,0.013022,232.596,0.5371,49.985
Night_Moderate,2020-01-03 12:36:00,0.009296,231.474,0.3643,49.998
Night_Moderate,2020-01-03 12:39:00,0.011851,230.659,0.4661,49.975
Night_Moderate,2020-01-03 12:42:00,0.010471,230.214,0.4002,50.015
Night_Moderate,2020-01-03 12:45:00,0.007953,231.682,0.404,49.961
Night_Moderate,2020-01-03 12:48:00,0.009785,230.589,0.486,49.995
Night_Moderate,2020-01-03 12:51:00,0.011149,231.936,0.499,50.0
Night_Moderate,2020-01-03 12:54:00,0.010578,231.742,0.4584,50.004
Night_Moderate,2020-01-03 12:57:00,0.009058,232.303,0.4058,50.011
Night_Moderate,2020-01-03 13:00:00,0.006949,230.85,0.3449,49.975
Night_Moderate,2020-01-03 13:03:00,0.009718,230.469,0.4372,49.998
Night_Moderate,2020-01-03 13:06:00,0.00777,230.896,0.402,50.003
Night_Moderate,2020-01-03 13:09:00,0.015778,230.328,0.5601,49.993
Night_Moderate,2020-01-03 13:12:00,0.008661,231.208,0.4084,49.986
Night_Moderate,2020-01-03 13:15:00,0.006216,231.891,0.3867,50.005
Night_Moderate,2020-01-03 13:18:00,0.006696,230.74,0.3795,49.998
Night_Moderate,2020-01-03 13:21:00,0.007426,230.122,0.385,49.979
Night_Moderate,2020-01-03 13:24:00,0.006269,231.762,0.3156,50.012
Night_Moderate,2020-01-03 13:27:00,0.007324,230.99,0.3658,50.006
Night_Moderate,2020-01-03 13:30:00,0.007252,232.661,0.4194,49.979
Night_Moderate,2020-01-03 13:33:00,0.010584,231.252,0.4787,49.977
Night_Moderate,2020-01-03 13:36:00,0.005963,230.723,0.3757,50.001
Night_Moderate,2020-01-03 13:39:00,0.007649,231.911,0.403,49.982
Night_Moderate,2020-01-03 13:42:00,0.010612,231.048,0.4827,49.983
Night_Moderate,2020-01-03 13:45:00,0.00929,229.987,0.4466,49.975
Night_Moderate,2020-01-03 13:48:00,0.009787,229.788,0.4525,50.016
Night_Moderate,2020-01-03 13:51:00,0.0095,231.015,0.4414,50.006
Night_Moderate,2020-01-03 13:54:00,0.010205,229.808,0.4309,50.0
Night_Moderate,2020-01-03 13:57:00,0.008358,231.967,0.4104,49.993
Night_Moderate,2020-01-03 14:00:00,0.009526,230.866,0.4833,50.011
Night_Moderate,2020-01-03 14:03:00,0.01001,229.774,0.3874,49.993
Night_Moderate,2020-01-03 14:06:00,0.008478,230.899,0.4138,50.014
Night_Moderate,2020-01-03 14:09:00,0.007068,231.552,0.3121,49.979
Night_Moderate,2020-01-03 14:12:00,0.014019,229.301,0.4965,49.984
Night_Moderate,2020-01-03 14:15:00,0.007685,231.599,0.4236,49.995
Night_Moderate,2020-01-03 14:18:00,0.009249,232.283,0.4021,50.004
Night_Moderate,2020-01-03 14:21:00,0.012559,230.677,0.4948,49.997
Night_Moderate,2020-01-03 14:24:00,0.009516,230.137,0.4134,50.003
Night_Moderate,2020-01-03 14:27:00,0.009202,231.638,0.4227,50.002
Night_Moderate,2020-01-03 14:30:00,0.011275,230.249,0.4592,49.976
Night_Moderate,2020-01-03 14:33:00,0.010598,230.79,0.4326,50.008
Night_Moderate,2020-01-03 14:36:00,0.008271,231.197,0.4147,50.019
Night_Moderate,2020-01-03 14:39:00,0.013323,230.644,0.4785,49.998
Night_Moderate,2020-01-03 14:42:00,0.010625,230.643,0.4275,49.998
Night_Moderate,2020-01-03 14:45:00,0.009022,230.836,0.3542,49.999
Night_Moderate,2020-01-03 14:48:00,0.01086,230.021,0.4381,50.008
Night_Moderate,2020-01-03 14:51:00,0.008655,231.595,0.4224,49.992
Night_Moderate,2020-01-03 14:54:00,0.012325,230.597,0.4621,49.989
Night_Moderate,2020-01-03 14:57:00,0.010351,230.713,0.3781,49.993
Night_Moderate,2020-01-03 15:00:00,0.010018,229.855,0.4199,49.984
Night_Moderate,2020-01-03 15:03:00,0.013758,231.048,0.4634,49.992
Night_Moderate,2020-01-03 15:06:00,0.008807,231.309,0.4425,49.99
Night_Moderate,2020-01-03 15:09:00,0.008035,229.839,0.3606,49.982
Night_Moderate,2020-01-03 15:12:00,0.008327,231.211,0.3651,49.995
Night_Moderate,2020-01-03 15:15:00,0.006343,231.208,0.3914,50.002
Night_Moderate,2020-01-03 15:18:00,0.009791,231.415,0.4553,50.003
Night_Moderate,2020-01-03 15:21:00,0.011014,231.028,0.4263,49.991
Night_Moderate,2020-01-03 15:24:00,0.011998,229.058,0.4317,49.979
Night_Moderate,2020-01-03 15:27:00,0.010679,232.549,0.4101,49.998
Night_Moderate,2020-01-03 15:30:00,0.012499,232.074,0.4671,49.975
Night_Moderate,2020-01-03 15:33:00,0.010394,230.684,0.4051,49.996
Night_Moderate,2020-01-03 15:36:00,0.006401,231.769,0.3711,49.995
Night_Moderate,2020-01-03 15:39:00,0.007306,233.191,0.3402,50.005
Night_Moderate,2020-01-03 15:42:00,0.011735,230.159,0.3752,50.015
Night_Moderate,2020-01-03 15:45:00,0.007443,230.843,0.4452,49.989
Night_Moderate,2020-01-03 15:48:00,0.011165,232.033,0.4487,49.991
Night_Moderate,2020-01-03 15:51:00,0.00933,231.645,0.3938,49.998
Night_Moderate,2020-01-03 15:54:00,0.008129,230.964,0.4179,50.007
Night_Moderate,2020-01-03 15:57:00,0.012562,230.667,0.455,49.997
Night_Moderate,2020-01-03 16:00:00,0.009539,231.254,0.4649,50.009
Night_Moderate,2020-01-03 16:03:00,0.014016,232.187,0.5008,49.998
Night_Moderate,2020-01-03 16:06:00,0.011001,231.997,0.4571,49.991
Night_Moderate,2020-01-03 16:09:00,0.007549,232.655,0.3685,49.988
Night_Moderate,2020-01-03 16:12:00,0.007283,229.308,0.4136,49.996
Night_Moderate,2020-01-03 16:15:00,0.008781,232.118,0.4229,49.985
Night_Moderate,2020-01-03 16:18:00,0.010485,232.159,0.4781,49.981
Night_Moderate,2020-01-03 16:21:00,0.011665,232.736,0.5113,49.979
Night_Moderate,2020-01-03 16:24:00,0.013059,232.166,0.4747,49.991
Night_Moderate,2020-01-03 16:27:00,0.007919,231.641,0.3476,49.995
Night_Moderate,2020-01-03 16:30:00,0.010186,230.876,0.4057,49.997
Night_Moderate,2020-01-03 16:33:00,0.011272,230.477,0.4889,49.987
Night_Moderate,2020-01-03 16:36:00,0.011,230.243,0.4147,50.0
Night_Moderate,2020-01-03 16:39:00,0.008148,230.613,0.4031,50.006
Night_Moderate,2020-01-03 16:42:00,0.010619,230.318,0.4157,49.984
Night_Moderate,2020-01-03 16:45:00,0.011642,231.064,0.4156,49.984
Night_Moderate,2020-01-03 16:48:00,0.008165,231.66,0.4102,49.996
Night_Moderate,2020-01-03 16:51:00,0.008611,230.462,0.4042,49.988
Night_Moderate,2020-01-03 16:54:00,0.013785,230.897,0.4447,49.997
Night_Moderate,2020-01-03 16:57:00,0.008768,231.128,0.4189,49.997
Night_Moderate,2020-01-03 17:00:00,0.011285,230.44,0.4532,49.995
Night_Moderate,2020-01-03 17:03:00,0.016157,229.691,0.4574,50.003
Night_Moderate,2020-01-03 17:06:00,0.014826,230.256,0.4993,49.985
Night_Moderate,2020-01-03 17:09:00,0.012809,231.294,0.4469,49.988
Night_Moderate,2020-01-03 17:12:00,0.007915,230.023,0.3706,49.981
Night_Moderate,2020-01-03 17:15:00,0.005959,231.716,0.3468,49.989
Night_Moderate,2020-01-03 17:18:00,0.008663,231.271,0.4368,49.997
Night_Moderate,2020-01-03 17:21:00,0.010872,232.446,0.4948,49.999
Night_Moderate,2020-01-03 17:24:00,0.012723,231.65,0.4752,49.987
Night_Moderate,2020-01-03 17:27:00,0.015159,230.802,0.4951,49.984
Night_Moderate,2020-01-03 17:30:00,0.012731,231.583,0.4373,49.991
Night_Moderate,2020-01-03 17:33:00,0.013738,231.301,0.4708,50.007
Night_Moderate,2020-01-03 17:36:00,0.014804,230.809,0.464,49.995
Night_Moderate,2020-01-03 17:39:00,0.013089,229.997,0.5335,49.983
Night_Moderate,2020-01-03 17:42:00,0.014023,230.71,0.5105,49.979
Night_Moderate,2020-01-03 17:45:00,0.01531,231.335,0.5476,50.001
Night_Moderate,2020-01-03 17:48:00,0.008813,230.878,0.4219,49.995
Night_Moderate,2020-01-03 17:51:00,0.012297,231.15,0.4169,49.993
Night_Moderate,2020-01-03 17:54:00,0.015391,230.151,0.4854,49.978
Night_Moderate,2020-01-03 17:57:00,0.015146,230.05,0.5461,49.984
Night_Moderate,2020-01-03 18:00:00,0.011054,231.286,0.4352,49.989
Night_Moderate,2020-01-03 18:03:00,0.012632,229.928,0.5269,49.982
Night_Moderate,2020-01-03 18:06:00,0.023093,229.304,0.674,49.99
Night_Moderate,2020-01-03 18:09:00,0.018391,228.256,0.597,49.989
Night_Moderate,2020-01-03 18:12:00,0.01332,231.676,0.4448,49.997
Night_Moderate,2020-01-03 18:15:00,0.015408,230.728,0.5401,50.0
Night_Moderate,2020-01-03 18:18:00,0.010285,230.531,0.3926,49.991
Night_Moderate,2020-01-03 18:21:00,0.014876,230.2,0.4914,49.981
Night_Moderate,2020-01-03 18:24:00,0.015056,231.823,0.4947,49.99
Night_Moderate,2020-01-03 18:27:00,0.011115,231.642,0.4473,49.999
Night_Moderate,2020-01-03 18:30:00,0.014135,229.381,0.4973,49.989
Night_Moderate,2020-01-03 18:33:00,0.017008,230.093,0.5803,49.995
Night_Moderate,2020-01-03 18:36:00,0.009665,231.562,0.4299,50.001
Night_Moderate,2020-01-03 18:39:00,0.022285,228.264,0.7102,50.011
Night_Moderate,2020-01-03 18:42:00,0.016318,230.817,0.4919,49.989
Night_Moderate,2020-01-03 18:45:00,0.01918,231.937,0.5538,49.973
Night_Moderate,2020-01-03 18:48:00,0.016415,231.629,0.6267,49.989
Night_Moderate,2020-01-03 18:51:00,0.014301,230.95,0.4301,49.986
Night_Moderate,2020-01-03 18:54:00,0.013898,230.977,0.5263,49.985
Night_Moderate,2020-01-03 18:57:00,0.012992,230.288,0.492,50.009
Night_Moderate,2020-01-03 19:00:00,0.024056,230.243,0.7416,50.003
Night_Moderate,2020-01-03 19:03:00,0.021797,229.926,0.6201,49.985
Night_Moderate,2020-01-03 19:06:00,0.017474,230.322,0.5911,49.989
Night_Moderate,2020-01-03 19:09:00,0.014402,230.071,0.534,50.016
Night_Moderate,2020-01-03 19:12:00,0.021592,228.975,0.6255,49.985
Night_Moderate,2020-01-03 19:15:00,0.019356,229.543,0.5543,50.016
Night_Moderate,2020-01-03 19:18:00,0.016951,230.252,0.5872,49.966
Night_Moderate,2020-01-03 19:21:00,0.02247,231.918,0.5993,49.997
Night_Moderate,2020-01-03 19:24:00,0.010246,230.299,0.457,49.997
Night_Moderate,2020-01-03 19:27:00,0.023362,229.768,0.6763,49.981
Night_Moderate,2020-01-03 19:30:00,0.020433,228.736,0.573,49.989
Night_Moderate,2020-01-03 19:33:00,0.018662,229.001,0.5904,49.982
Night_Moderate,2020-01-03 19:36:00,0.015663,230.142,0.5639,50.002
Night_Moderate,2020-01-03 19:39:00,0.02569,230.659,0.6652,49.968
Night_Moderate,2020-01-03 19:42:00,0.026427,230.222,0.7721,49.995
Night_Moderate,2020-01-03 19:45:00,0.019879,230.469,0.6223,50.011
Night_Moderate,2020-01-03 19:48:00,0.020756,230.039,0.685,50.016
Night_Moderate,2020-01-03 19:51:00,0.026511,229.376,0.7347,50.019
Night_Moderate,2020-01-03 19:54:00,0.022337,230.512,0.6533,49.995
Night_Moderate,2020-01-03 19:57:00,0.017676,230.826,0.5543,49.994
Night_Moderate,2020-01-03 20:00:00,0.020546,230.416,0.6281,50.002
Night_Moderate,2020-01-03 20:03:00,0.020455,229.153,0.5969,49.98
Night_Moderate,2020-01-03 20:06:00,0.023608,229.309,0.6175,49.985
Night_Moderate,2020-01-03 20:09:00,0.021104,229.588,0.6355,49.99
Night_Moderate,2020-01-03 20:12:00,0.019917,230.269,0.5868,50.006
Night_Moderate,2020-01-03 20:15:00,0.012697,231.217,0.457,50.024
Night_Moderate,2020-01-03 20:18:00,0.024526,230.358,0.7016,49.987
Night_Moderate,2020-01-03 20:21:00,0.022067,228.538,0.6503,49.991
Night_Moderate,2020-01-03 20:24:00,0.022791,229.155,0.6293,50.016
Night_Moderate,2020-01-03 20:27:00,0.026916,229.341,0.7559,49.995
Night_Moderate,2020-01-03 20:30:00,0.025013,230.413,0.688,49.989
Night_Moderate,2020-01-03 20:33:00,0.037544,227.39,0.8802,49.968
Night_Moderate,2020-01-03 20:36:00,0.032481,228.736,0.8618,49.982
Night_Moderate,2020-01-03 20:39:00,0.028491,228.425,0.7593,49.988
Night_Moderate,2020-01-03 20:42:00,0.028108,230.404,0.773,50.011
Night_Moderate,2020-01-03 20:45:00,0.03274,228.863,0.7373,49.991
Night_Moderate,2020-01-03 20:48:00,0.023522,231.124,0.6246,50.016
Night_Moderate,2020-01-03 20:51:00,0.031242,229.265,0.8619,49.989
Night_Moderate,2020-01-03 20:54:00,0.021463,231.925,0.6458,50.0
Night_Moderate,2020-01-03 20:57:00,0.030798,229.972,0.8298,49.998
Night_Moderate,2020-01-03 21:00:00,0.02901,229.092,0.7639,49.966
Night_Moderate,2020-01-03 21:03:00,0.043951,227.946,1.0056,49.995
Night_Moderate,2020-01-03 21:06:00,0.033394,229.377,0.8865,50.0
Night_Moderate,2020-01-03 21:09:00,0.029734,230.114,0.834,50.01
Night_Moderate,2020-01-03 21:12:00,0.034074,228.74,0.8631,49.973
Night_Moderate,2020-01-03 21:15:00,0.035501,227.176,0.9211,49.965
Night_Moderate,2020-01-03 21:18:00,0.041242,229.029,0.9961,49.977
Night_Moderate,2020-01-03 21:21:00,0.022716,231.371,0.6792,49.969
Night_Moderate,2020-01-03 21:24:00,0.023823,230.858,0.7117,49.974
Night_Moderate,2020-01-03 21:27:00,0.023442,230.322,0.7243,49.986
Night_Moderate,2020-01-03 21:30:00,0.032985,229.12,0.8704,49.992
Night_Moderate,2020-01-03 21:33:00,0.030499,230.574,0.8435,50.007
Night_Moderate,2020-01-03 21:36:00,0.023547,230.134,0.7329,49.983
Night_Moderate,2020-01-03 21:39:00,0.031146,229.858,0.8112,49.99
Night_Moderate,2020-01-03 21:42:00,0.03468,228.728,0.8685,49.994
Night_Moderate,2020-01-03 21:45:00,0.036858,229.406,0.8855,49.974
Night_Moderate,2020-01-03 21:48:00,0.028298,229.776,0.7448,49.99
Night_Moderate,2020-01-03 21:51:00,0.028336,229.649,0.7188,49.99
Night_Moderate,2020-01-03 21:54:00,0.027334,229.634,0.7048,49.973
Night_Moderate,2020-01-03 21:57:00,0.036809,228.076,0.9178,49.987
Night_Moderate,2020-01-03 22:00:00,0.035939,227.551,0.851,50.004
Night_Moderate,2020-01-03 22:03:00,0.028253,228.914,0.7683,49.969
Night_Moderate,2020-01-03 22:06:00,0.025446,229.059,0.7331,49.985
Night_Moderate,2020-01-03 22:09:00,0.022177,230.015,0.6326,50.004
Night_Moderate,2020-01-03 22:12:00,0.03194,229.382,0.8476,49.984
Night_Moderate,2020-01-03 22:15:00,0.037169,228.114,0.931,49.979
Night_Moderate,2020-01-03 22:18:00,0.031854,229.245,0.8793,49.995
Night_Moderate,2020-01-03 22:21:00,0.037209,229.305,0.9195,49.973
Night_Moderate,2020-01-03 22:24:00,0.030993,228.68,0.7999,50.0
Night_Moderate,2020-01-03 22:27:00,0.032529,227.957,0.8081,49.968
Night_Moderate,2020-01-03 22:30:00,0.028973,228.413,0.7704,49.96
Night_Moderate,2020-01-03 22:33:00,0.028149,228.718,0.7546,49.982
Night_Moderate,2020-01-03 22:36:00,0.025906,229.905,0.6852,49.966
Night_Moderate,2020-01-03 22:39:00,0.040697,230.118,0.9769,50.007
Night_Moderate,2020-01-03 22:42:00,0.025568,230.079,0.7342,49.993
Night_Moderate,2020-01-03 22:45:00,0.029724,229.528,0.8362,49.988
Night_Moderate,2020-01-03 22:48:00,0.032911,229.767,0.8491,49.987
Night_Moderate,2020-01-03 22:51:00,0.054723,226.393,1.2007,49.981
Night_Moderate,2020-01-03 22:54:00,0.039951,227.874,0.9624,49.979
Night_Moderate,2020-01-03 22:57:00,0.024028,229.407,0.6283,49.983
Night_Moderate,2020-01-03 23:00:00,0.049829,228.319,1.1598,49.966
Night_Moderate,2020-01-03 23:03:00,0.045797,227.95,1.0655,49.972
Night_Moderate,2020-01-03 23:06:00,0.037022,228.424,0.9315,49.988
Night_Moderate,2020-01-03 23:09:00,0.056306,226.086,1.2621,49.968
Night_Moderate,2020-01-03 23:12:00,0.04381,228.881,1.0407,49.993
Night_Moderate,2020-01-03 23:15:00,0.039659,229.248,0.9225,49.978
Night_Moderate,2020-01-03 23:18:00,0.045914,228.294,1.1211,49.95
Night_Moderate,2020-01-03 23:21:00,0.029334,230.162,0.7713,49.995
Night_Moderate,2020-01-03 23:24:00,0.045359,228.225,1.0831,49.97
Night_Moderate,2020-01-03 23:27:00,0.031528,227.858,0.8213,49.992
Night_Moderate,2020-01-03 23:30:00,0.031765,230.546,0.8392,49.978
Night_Moderate,2020-01-03 23:33:00,0.036561,229.303,0.8879,49.977
Night_Moderate,2020-01-03 23:36:00,0.035915,230.223,0.9461,49.988
Night_Moderate,2020-01-03 23:39:00,0.039233,228.865,1.0001,49.998
Night_Moderate,2020-01-03 23:42:00,0.034531,229.986,0.9119,49.965
Night_Moderate,2020-01-03 23:45:00,0.041029,230.869,1.0612,49.975
Night_Moderate,2020-01-03 23:48:00,0.040509,227.527,0.9137,50.013
Night_Moderate,2020-01-03 23:51:00,0.026733,229.693,0.7547,49.992
Night_Moderate,2020-01-03 23:54:00,0.047588,227.071,1.0697,49.973
Night_Moderate,2020-01-03 23:57:00,0.034423,228.954,0.8625,49.977
Night_Moderate,2020-01-04 00:00:00,0.044056,228.163,1.0777,49.97
Night_Moderate,2020-01-04 00:03:00,0.048221,227.974,1.0914,49.974
Night_Moderate,2020-01-04 00:06:00,0.045461,228.252,1.0465,49.973
Night_Moderate,2020-01-04 00:09:00,0.048393,228.039,1.1773,49.967
Night_Moderate,2020-01-04 00:12:00,0.031153,229.769,0.8223,49.96
Night_Moderate,2020-01-04 00:15:00,0.040547,228.58,0.9583,49.996
Night_Moderate,2020-01-04 00:18:00,0.040794,229.469,0.9736,49.968
Night_Moderate,2020-01-04 00:21:00,0.052292,225.714,1.1928,49.979
Night_Moderate,2020-01-04 00:24:00,0.052776,226.802,1.2287,49.97
Night_Moderate,2020-01-04 00:27:00,0.050999,227.852,1.115,49.959
Night_Moderate,2020-01-04 00:30:00,0.041746,227.986,1.0505,49.98
Night_Moderate,2020-01-04 00:33:00,0.039331,228.881,0.9596,49.99
Night_Moderate,2020-01-04 00:36:00,0.048661,227.593,1.1655,49.989
Night_Moderate,2020-01-04 00:39:00,0.057882,227.426,1.2367,49.983
Night_Moderate,2020-01-04 00:42:00,0.05419,227.653,1.2579,49.961
Night_Moderate,2020-01-04 00:45:00,0.034751,228.834,0.8251,49.982
Night_Moderate,2020-01-04 00:48:00,0.064091,226.473,1.3954,49.964
Night_Moderate,2020-01-04 00:51:00,0.057943,225.191,1.2988,49.994
Night_Moderate,2020-01-04 00:54:00,0.077872,224.877,1.6646,49.962
Night_Moderate,2020-01-04 00:57:00,0.035664,227.555,0.8352,49.987
Night_Moderate,2020-01-04 01:00:00,0.051079,228.402,1.2071,49.985
Night_Moderate,2020-01-04 01:03:00,0.052074,227.483,1.2105,49.964
Night_Moderate,2020-01-04 01:06:00,0.041426,228.255,0.9593,49.971
Night_Moderate,2020-01-04 01:09:00,0.057985,227.357,1.236,49.988
Night_Moderate,2020-01-04 01:12:00,0.043238,228.357,1.0467,49.998
Night_Moderate,2020-01-04 01:15:00,0.046948,226.886,1.1674,49.976
Night_Moderate,2020-01-04 01:18:00,0.045251,228.067,1.06,49.994
Night_Moderate,2020-01-04 01:21:00,0.043512,228.334,0.988,49.99
Night_Moderate,2020-01-04 01:24:00,0.035652,227.827,0.9062,49.998
Night_Moderate,2020-01-04 01:27:00,0.045666,227.11,1.1029,49.989
Night_Moderate,2020-01-04 01:30:00,0.039557,229.527,0.9717,49.985
Night_Moderate,2020-01-04 01:33:00,0.03781,229.657,0.95,49.989
Night_Moderate,2020-01-04 01:36:00,0.055876,226.743,1.2574,49.979
Night_Moderate,2020-01-04 01:39:00,0.062193,226.631,1.3438,49.971
Night_Moderate,2020-01-04 01:42:00,0.048516,227.833,1.0402,49.982
Night_Moderate,2020-01-04 01:45:00,0.048809,227.909,1.0553,49.967
Night_Moderate,2020-01-04 01:48:00,0.026376,228.126,0.7664,49.988
Night_Moderate,2020-01-04 01:51:00,0.035986,228.567,0.8683,49.996
Night_Moderate,2020-01-04 01:54:00,0.03558,228.818,0.9041,49.964
Night_Moderate,2020-01-04 01:57:00,0.019014,232.029,0.5371,50.006
Night_Moderate,2020-01-04 02:00:00,0.038873,228.738,0.9237,49.962
Night_Moderate,2020-01-04 02:03:00,0.030036,229.923,0.8377,49.984
Night_Moderate,2020-01-04 02:06:00,0.055288,226.906,1.2298,49.96
Night_Moderate,2020-01-04 02:09:00,0.032419,227.851,0.7885,49.984
Night_Moderate,2020-01-04 02:12:00,0.044923,227.402,1.1031,49.979
Night_Moderate,2020-01-04 02:15:00,0.037674,228.445,0.9681,49.989
Night_Moderate,2020-01-04 02:18:00,0.046775,227.665,1.0948,49.994
Night_Moderate,2020-01-04 02:21:00,0.037577,227.011,0.8868,49.995
Night_Moderate,2020-01-04 02:24:00,0.044483,228.881,1.0167,49.971
Night_Moderate,2020-01-04 02:27:00,0.048657,227.83,1.1178,49.985
Night_Moderate,2020-01-04 02:30:00,0.023292,229.883,0.6698,49.974
Night_Moderate,2020-01-04 02:33:00,0.031625,229.914,0.7842,49.982
Night_Moderate,2020-01-04 02:36:00,0.035575,228.764,0.908,49.989
Night_Moderate,2020-01-04 02:39:00,0.030536,229.243,0.8241,49.961
Night_Moderate,2020-01-04 02:42:00,0.013912,231.52,0.4863,49.973
Night_Moderate,2020-01-04 02:45:00,0.039249,228.05,0.9834,49.995
Night_Moderate,2020-01-04 02:48:00,0.034744,229.126,0.8769,49.979
Night_Moderate,2020-01-04 02:51:00,0.035039,228.644,0.91,49.994
Night_Moderate,2020-01-04 02:54:00,0.055442,227.563,1.2831,49.956
Night_Moderate,2020-01-04 02:57:00,0.039576,227.622,0.9524,49.991
Night_Moderate,2020-01-04 03:00:00,0.03384,228.892,0.8351,49.981
Night_Moderate,2020-01-04 03:03:00,0.040807,229.176,0.985,49.992
Night_Moderate,2020-01-04 03:06:00,0.040216,227.675,0.8996,49.985
Night_Moderate,2020-01-04 03:09:00,0.035402,228.255,0.8525,49.975
Night_Moderate,2020-01-04 03:12:00,0.041316,226.919,1.0339,49.997
Night_Moderate,2020-01-04 03:15:00,0.042374,227.666,0.9596,49.992
Night_Moderate,2020-01-04 03:18:00,0.041251,226.968,1.0209,49.976
Night_Moderate,2020-01-04 03:21:00,0.047633,226.748,1.0976,49.975
Night_Moderate,2020-01-04 03:24:00,0.016576,228.677,0.5395,49.988
Night_Moderate,2020-01-04 03:27:00,0.034934,228.385,0.9418,49.988
Night_Moderate,2020-01-04 03:30:00,0.036371,228.777,0.8704,49.984
Night_Moderate,2020-01-04 03:33:00,0.034898,228.617,0.8963,49.952
Night_Moderate,2020-01-04 03:36:00,0.053348,227.367,1.1987,49.96
Night_Moderate,2020-01-04 03:39:00,0.034179,227.92,0.8444,50.004
Night_Moderate,2020-01-04 03:42:00,0.033567,229.14,0.8555,49.959
Night_Moderate,2020-01-04 03:45:00,0.024865,228.98,0.6282,49.988
Night_Moderate,2020-01-04 03:48:00,0.032311,229.232,0.8489,50.0
Night_Moderate,2020-01-04 03:51:00,0.031956,229.22,0.7344,49.974
Night_Moderate,2020-01-04 03:54:00,0.030023,229.218,0.7832,49.975
Night_Moderate,2020-01-04 03:57:00,0.04157,229.001,1.0242,49.998
Night_Moderate,2020-01-04 04:00:00,0.038553,227.567,0.9615,49.957
Night_Moderate,2020-01-04 04:03:00,0.02819,229.935,0.75,49.989
Night_Moderate,2020-01-04 04:06:00,0.03192,230.063,0.7936,49.982
Night_Moderate,2020-01-04 04:09:00,0.033559,228.167,0.8552,49.98
Night_Moderate,2020-01-04 04:12:00,0.0368,227.207,0.933,49.98
Night_Moderate,2020-01-04 04:15:00,0.031906,228.407,0.8606,49.986
Night_Moderate,2020-01-04 04:18:00,0.042576,227.178,0.991,49.986
Night_Moderate,2020-01-04 04:21:00,0.019675,230.761,0.6604,50.001
Night_Moderate,2020-01-04 04:24:00,0.026604,229.801,0.7035,49.985
Night_Moderate,2020-01-04 04:27:00,0.02868,229.239,0.7825,49.97
Night_Moderate,2020-01-04 04:30:00,0.027282,230.096,0.7176,49.992
Night_Moderate,2020-01-04 04:33:00,0.022799,230.34,0.6399,49.985
Night_Moderate,2020-01-04 04:36:00,0.035364,228.65,0.8988,49.995
Night_Moderate,2020-01-04 04:39:00,0.02923,228.607,0.7996,49.978
Night_Moderate,2020-01-04 04:42:00,0.018461,231.124,0.5893,50.001
Night_Moderate,2020-01-04 04:45:00,0.027218,229.793,0.7448,50.002
Night_Moderate,2020-01-04 04:48:00,0.025374,229.539,0.7291,49.978
Night_Moderate,2020-01-04 04:51:00,0.023686,230.071,0.6653,49.991
Night_Moderate,2020-01-04 04:54:00,0.020633,229.972,0.6499,49.978
Night_Moderate,2020-01-04 04:57:00,0.027638,227.733,0.7613,49.989
Night_Moderate,2020-01-04 05:00:00,0.020723,230.336,0.615,49.971
Night_Moderate,2020-01-04 05:03:00,0.019466,230.743,0.554,49.98
Night_Moderate,2020-01-04 05:06:00,0.022946,230.489,0.6516,49.989
Night_Moderate,2020-01-04 05:09:00,0.020184,230.397,0.6071,49.99
Night_Moderate,2020-01-04 05:12:00,0.021569,230.118,0.6797,49.957
Night_Moderate,2020-01-04 05:15:00,0.01447,231.403,0.5163,49.983
Night_Moderate,2020-01-04 05:18:00,0.01968,230.133,0.5755,49.988
Night_Moderate,2020-01-04 05:21:00,0.027668,229.779,0.7433,49.991
Night_Moderate,2020-01-04 05:24:00,0.018855,230.237,0.5723,49.994
Night_Moderate,2020-01-04 05:27:00,0.025347,229.766,0.7165,49.99
Night_Moderate,2020-01-04 05:30:00,0.032407,227.476,0.799,49.992
Night_Moderate,2020-01-04 05:33:00,0.01593,230.915,0.5127,49.991
Night_Moderate,2020-01-04 05:36:00,0.025684,228.833,0.6985,50.009
Night_Moderate,2020-01-04 05:39:00,0.017743,231.109,0.5494,49.97
Night_Moderate,2020-01-04 05:42:00,0.026012,228.248,0.6509,49.994
Night_Moderate,2020-01-04 05:45:00,0.024217,229.139,0.683,49.99
Night_Moderate,2020-01-04 05:48:00,0.016272,231.021,0.5951,49.986
Night_Moderate,2020-01-04 05:51:00,0.019086,228.645,0.6346,49.99
Night_Moderate,2020-01-04 05:54:00,0.019281,228.56,0.598,49.983
Night_Moderate,2020-01-04 05:57:00,0.015772,230.633,0.5032,49.995
Night_Moderate,2020-01-04 06:00:00,0.02148,230.091,0.6415,50.019
Night_Moderate,2020-01-04 06:03:00,0.018414,231.155,0.5389,49.98
Night_Moderate,2020-01-04 06:06:00,0.025102,230.197,0.7096,49.977
Night_Moderate,2020-01-04 06:09:00,0.019287,230.822,0.5609,49.989
Night_Moderate,2020-01-04 06:12:00,0.0189,230.43,0.5681,49.981
Night_Moderate,2020-01-04 06:15:00,0.012962,229.996,0.4449,49.982
Night_Moderate,2020-01-04 06:18:00,0.01636,230.687,0.5191,49.985
Night_Moderate,2020-01-04 06:21:00,0.013712,231.501,0.4469,50.002
Night_Moderate,2020-01-04 06:24:00,0.017651,231.077,0.5644,49.99
Night_Moderate,2020-01-04 06:27:00,0.014805,232.006,0.5424,50.008
Night_Moderate,2020-01-04 06:30:00,0.015705,231.234,0.5636,49.983
Night_Moderate,2020-01-04 06:33:00,0.010897,230.391,0.504,50.002
Night_Moderate,2020-01-04 06:36:00,0.014263,230.012,0.4377,49.999
Night_Moderate,2020-01-04 06:39:00,0.020677,231.641,0.5641,49.981
Night_Moderate,2020-01-04 06:42:00,0.014474,229.907,0.4661,50.001
Night_Moderate,2020-01-04 06:45:00,0.015558,229.896,0.5137,50.006
Night_Moderate,2020-01-04 06:48:00,0.020117,230.487,0.5854,49.988
Night_Moderate,2020-01-04 06:51:00,0.015643,231.806,0.4759,50.001
Night_Moderate,2020-01-04 06:54:00,0.0163,230.784,0.607,49.987
Night_Moderate,2020-01-04 06:57:00,0.016448,228.762,0.5089,49.997
Night_Moderate,2020-01-04 07:00:00,0.021151,231.045,0.5796,49.99
Night_Moderate,2020-01-04 07:03:00,0.015682,231.253,0.5561,49.986
Night_Moderate,2020-01-04 07:06:00,0.012268,230.999,0.4127,49.988
Night_Moderate,2020-01-04 07:09:00,0.017346,232.282,0.5775,50.007
Night_Moderate,2020-01-04 07:12:00,0.015548,229.121,0.5211,49.989
Night_Moderate,2020-01-04 07:15:00,0.017815,230.04,0.5174,49.996
Night_Moderate,2020-01-04 07:18:00,0.012842,231.414,0.4761,50.005
Night_Moderate,2020-01-04 07:21:00,0.021588,228.949,0.6133,49.994
Night_Moderate,2020-01-04 07:24:00,0.011366,230.597,0.4852,49.978
Night_Moderate,2020-01-04 07:27:00,0.016497,230.995,0.5953,49.988
Night_Moderate,2020-01-04 07:30:00,0.01416,229.875,0.5721,49.99
Night_Moderate,2020-01-04 07:33:00,0.015375,229.812,0.541,49.998
Night_Moderate,2020-01-04 07:36:00,0.015939,231.456,0.4953,49.993
Night_Moderate,2020-01-04 07:39:00,0.013384,231.505,0.5192,49.991
Night_Moderate,2020-01-04 07:42:00,0.014935,230.958,0.5287,49.992
Night_Moderate,2020-01-04 07:45:00,0.008776,231.246,0.3985,50.004
Night_Moderate,2020-01-04 07:48:00,0.015962,229.923,0.5374,50.007
Night_Moderate,2020-01-04 07:51:00,0.011694,231.701,0.4372,49.987
Night_Moderate,2020-01-04 07:54:00,0.009187,231.865,0.494,49.992
Night_Moderate,2020-01-04 07:57:00,0.007547,231.367,0.393,49.981
Night_Moderate,2020-01-04 08:00:00,0.013186,233.023,0.5473,49.999
Night_Moderate,2020-01-04 08:03:00,0.014048,230.256,0.5158,49.996
Night_Moderate,2020-01-04 08:06:00,0.015705,230.712,0.4733,49.998
Night_Moderate,2020-01-04 08:09:00,0.005328,231.337,0.4406,49.972
Night_Moderate,2020-01-04 08:12:00,0.01067,231.675,0.5199,49.983
Night_Moderate,2020-01-04 08:15:00,0.014166,229.67,0.4617,49.996
Night_Moderate,2020-01-04 08:18:00,0.012065,230.683,0.4698,49.991
Night_Moderate,2020-01-04 08:21:00,0.010881,231.805,0.4464,49.985
Night_Moderate,2020-01-04 08:24:00,0.012432,231.96,0.4735,49.985
Night_Moderate,2020-01-04 08:27:00,0.014757,231.846,0.5219,50.008
Night_Moderate,2020-01-04 08:30:00,0.011491,230.214,0.4911,49.992
Night_Moderate,2020-01-04 08:33:00,0.01223,230.774,0.4282,50.015
Night_Moderate,2020-01-04 08:36:00,0.012716,232.438,0.4423,49.99
Night_Moderate,2020-01-04 08:39:00,0.013169,230.169,0.505,49.983
Night_Moderate,2020-01-04 08:42:00,0.012776,230.082,0.5121,50.004
Night_Moderate,2020-01-04 08:45:00,0.014375,230.539,0.5027,49.985
Night_Moderate,2020-01-04 08:48:00,0.014194,229.55,0.4698,49.99
Night_Moderate,2020-01-04 08:51:00,0.014939,230.63,0.5388,49.999
Night_Moderate,2020-01-04 08:54:00,0.013637,231.002,0.4818,49.992
Night_Moderate,2020-01-04 08:57:00,0.011034,230.949,0.4376,50.004
Night_Moderate,2020-01-04 09:00:00,0.009996,232.267,0.4057,49.99
Night_Moderate,2020-01-04 09:03:00,0.010244,231.791,0.4153,49.993
Night_Moderate,2020-01-04 09:06:00,0.012065,232.147,0.3359,49.986
Night_Moderate,2020-01-04 09:09:00,0.012954,231.144,0.4206,49.988
Night_Moderate,2020-01-04 09:12:00,0.011608,232.378,0.4962,49.998
Night_Moderate,2020-01-04 09:15:00,0.013565,231.726,0.4792,50.02
Night_Moderate,2020-01-04 09:18:00,0.011499,231.063,0.4551,50.005
Night_Moderate,2020-01-04 09:21:00,0.010468,230.573,0.4093,49.996
Night_Moderate,2020-01-04 09:24:00,0.010934,230.427,0.5224,49.993
Night_Moderate,2020-01-04 09:27:00,0.012307,233.545,0.3926,49.999
Night_Moderate,2020-01-04 09:30:00,0.011065,230.516,0.4576,49.974
Night_Moderate,2020-01-04 09:33:00,0.011038,230.338,0.4604,49.997
Night_Moderate,2020-01-04 09:36:00,0.008991,231.51,0.4108,49.985
Night_Moderate,2020-01-04 09:39:00,0.00936,230.852,0.4478,49.993
Night_Moderate,2020-01-04 09:42:00,0.012398,232.111,0.4665,50.009
Night_Moderate,2020-01-04 09:45:00,0.013753,232.244,0.5032,49.973
Night_Moderate,2020-01-04 09:48:00,0.008299,231.165,0.3379,49.995
Night_Moderate,2020-01-04 09:51:00,0.014685,230.439,0.5705,49.993
Night_Moderate,2020-01-04 09:54:00,0.010494,230.575,0.4399,50.002
Night_Moderate,2020-01-04 09:57:00,0.01139,230.459,0.5061,50.004
Night_Moderate,2020-01-04 10:00:00,0.011997,231.3,0.4886,50.017
Night_Moderate,2020-01-04 10:03:00,0.009209,231.157,0.4552,49.992
Night_Moderate,2020-01-04 10:06:00,0.009808,230.459,0.4048,49.998
Night_Moderate,2020-01-04 10:09:00,0.006984,231.837,0.2999,49.998
Night_Moderate,2020-01-04 10:12:00,0.009545,230.801,0.4396,50.019
Night_Moderate,2020-01-04 10:15:00,0.010687,230.687,0.4061,50.005
Night_Moderate,2020-01-04 10:18:00,0.011059,229.018,0.4641,50.0
Night_Moderate,2020-01-04 10:21:00,0.013079,230.62,0.5245,49.986
Night_Moderate,2020-01-04 10:24:00,0.009588,231.365,0.4081,50.001
Night_Moderate,2020-01-04 10:27:00,0.007271,230.98,0.3981,50.002
Night_Moderate,2020-01-04 10:30:00,0.007996,231.101,0.3915,49.988
Night_Moderate,2020-01-04 10:33:00,0.013146,229.681,0.475,50.002
Night_Moderate,2020-01-04 10:36:00,0.011548,228.703,0.4045,49.97
Night_Moderate,2020-01-04 10:39:00,0.008617,232.147,0.3749,49.972
Night_Moderate,2020-01-04 10:42:00,0.010012,231.226,0.4223,50.007
Night_Moderate,2020-01-04 10:45:00,0.011941,231.578,0.4492,49.966
Night_Moderate,2020-01-04 10:48:00,0.009768,231.945,0.4239,49.996
Night_Moderate,2020-01-04 10:51:00,0.006543,230.078,0.3727,49.996
Night_Moderate,2020-01-04 10:54:00,0.008305,230.07,0.3786,49.992
Night_Moderate,2020-01-04 10:57:00,0.016975,230.797,0.5322,49.987
Night_Moderate,2020-01-04 11:00:00,0.010586,230.713,0.3928,49.989
Night_Moderate,2020-01-04 11:03:00,0.008414,230.841,0.393,50.002
Night_Moderate,2020-01-04 11:06:00,0.00917,230.988,0.384,49.986
Night_Moderate,2020-01-04 11:09:00,0.01009,230.079,0.4859,49.996
Night_Moderate,2020-01-04 11:12:00,0.01103,230.285,0.4551,49.988
Night_Moderate,2020-01-04 11:15:00,0.008921,230.044,0.4372,50.011
Night_Moderate,2020-01-04 11:18:00,0.007263,230.716,0.2744,50.008
Night_Moderate,2020-01-04 11:21:00,0.010034,230.326,0.4454,50.007
Night_Moderate,2020-01-04 11:24:00,0.009235,231.566,0.3591,49.991
Night_Moderate,2020-01-04 11:27:00,0.010245,231.737,0.4143,50.003
Night_Moderate,2020-01-04 11:30:00,0.006723,231.672,0.304,49.994
Night_Moderate,2020-01-04 11:33:00,0.010591,230.841,0.4378,50.005
Night_Moderate,2020-01-04 11:36:00,0.010848,231.268,0.412,50.0
Night_Moderate,2020-01-04 11:39:00,0.010467,230.407,0.4334,50.01
Night_Moderate,2020-01-04 11:42:00,0.010442,231.487,0.4229,49.994
Night_Moderate,2020-01-04 11:45:00,0.010975,230.953,0.4353,50.008
Night_Moderate,2020-01-04 11:48:00,0.009958,231.297,0.4145,50.002
Night_Moderate,2020-01-04 11:51:00,0.009982,231.835,0.4568,49.992
Night_Moderate,2020-01-04 11:54:00,0.010574,231.285,0.466,49.991
Night_Moderate,2020-01-04 11:57:00,0.010004,231.065,0.5142,49.991
Night_Moderate,2020-01-04 12:00:00,0.011465,231.891,0.4503,49.986
Night_Moderate,2020-01-04 12:03:00,0.006691,230.996,0.3469,49.999
Night_Moderate,2020-01-04 12:06:00,0.010602,231.194,0.4646,50.004
Night_Moderate,2020-01-04 12:09:00,0.009407,232.264,0.4329,49.99
Night_Moderate,2020-01-04 12:12:00,0.011314,230.45,0.5352,50.014
Night_Moderate,2020-01-04 12:15:00,0.009142,231.346,0.4667,49.982
Night_Moderate,2020-01-04 12:18:00,0.007937,232.289,0.399,50.006
Night_Moderate,2020-01-04 12:21:00,0.011763,231.156,0.3842,49.987
Night_Moderate,2020-01-04 12:24:00,0.010334,230.497,0.4856,49.987
Night_Moderate,2020-01-04 12:27:00,0.007227,231.425,0.3598,49.982
Night_Moderate,2020-01-04 12:30:00,0.005685,229.968,0.3172,49.983
Night_Moderate,2020-01-04 12:33:00,0.013782,230.319,0.5623,49.965
Night_Moderate,2020-01-04 12:36:00,0.009794,230.427,0.4654,50.011
Night_Moderate,2020-01-04 12:39:00,0.009979,230.419,0.4566,49.999
Night_Moderate,2020-01-04 12:42:00,0.012268,230.84,0.4595,49.989
Night_Moderate,2020-01-04 12:45:00,0.011221,231.54,0.4326,50.008
Night_Moderate,2020-01-04 12:48:00,0.0102,232.303,0.4628,49.986
Night_Moderate,2020-01-04 12:51:00,0.011111,231.605,0.4252,49.983
Night_Moderate,2020-01-04 12:54:00,0.007407,232.359,0.358,49.986
Night_Moderate,2020-01-04 12:57:00,0.009618,231.655,0.4586,50.002
Night_Moderate,2020-01-04 13:00:00,0.013495,230.47,0.4984,50.009
Night_Moderate,2020-01-04 13:03:00,0.007051,230.658,0.301,50.006
Night_Moderate,2020-01-04 13:06:00,0.008651,230.187,0.3524,49.955
Night_Moderate,2020-01-04 13:09:00,0.007441,231.887,0.4385,50.007
Night_Moderate,2020-01-04 13:12:00,0.011776,230.491,0.4508,49.998
Night_Moderate,2020-01-04 13:15:00,0.006283,232.014,0.3924,49.992
Night_Moderate,2020-01-04 13:18:00,0.009895,231.163,0.4174,50.015
Night_Moderate,2020-01-04 13:21:00,0.012185,230.152,0.5269,49.977
Night_Moderate,2020-01-04 13:24:00,0.006908,230.599,0.3484,49.992
Night_Moderate,2020-01-04 13:27:00,0.012557,230.486,0.4709,49.99
Night_Moderate,2020-01-04 13:30:00,0.012633,230.21,0.4689,49.998
Night_Moderate,2020-01-04 13:33:00,0.011768,231.493,0.5132,50.0
Night_Moderate,2020-01-04 13:36:00,0.006938,231.446,0.3328,50.024
Night_Moderate,2020-01-04 13:39:00,0.008831,230.9,0.4203,49.999
Night_Moderate,2020-01-04 13:42:00,0.009264,229.946,0.3988,49.994
Night_Moderate,2020-01-04 13:45:00,0.007032,232.771,0.394,49.989
Night_Moderate,2020-01-04 13:48:00,0.011501,232.121,0.4532,50.0
Night_Moderate,2020-01-04 13:51:00,0.008118,232.316,0.4685,50.01
Night_Moderate,2020-01-04 13:54:00,0.006268,232.445,0.3396,49.996
Night_Moderate,2020-01-04 13:57:00,0.007157,229.536,0.3751,49.991
Night_Moderate,2020-01-04 14:00:00,0.005022,231.878,0.3088,49.995
Night_Moderate,2020-01-04 14:03:00,0.007992,231.258,0.3596,49.999
Night_Moderate,2020-01-04 14:06:00,0.011604,231.963,0.5316,49.983
Night_Moderate,2020-01-04 14:09:00,0.008481,232.394,0.4479,49.993
Night_Moderate,2020-01-04 14:12:00,0.008494,231.217,0.3892,49.997
Night_Moderate,2020-01-04 14:15:00,0.011798,230.769,0.5326,50.007
Night_Moderate,2020-01-04 14:18:00,0.011978,232.267,0.4478,49.993
Night_Moderate,2020-01-04 14:21:00,0.009889,230.854,0.4257,50.006
Night_Moderate,2020-01-04 14:24:00,0.0068,230.779,0.3069,49.965
Night_Moderate,2020-01-04 14:27:00,0.007814,230.289,0.3821,50.016
Night_Moderate,2020-01-04 14:30:00,0.012972,230.43,0.4408,49.994
Night_Moderate,2020-01-04 14:33:00,0.013154,231.814,0.4737,49.994
Night_Moderate,2020-01-04 14:36:00,0.00565,230.941,0.365,50.0
Night_Moderate,2020-01-04 14:39:00,0.012043,231.031,0.4498,50.006
Night_Moderate,2020-01-04 14:42:00,0.008394,231.43,0.4771,50.007
Night_Moderate,2020-01-04 14:45:00,0.009838,230.779,0.4198,49.999
Night_Moderate,2020-01-04 14:48:00,0.01535,230.601,0.5445,49.992
Night_Moderate,2020-01-04 14:51:00,0.009606,230.836,0.4296,49.982
Night_Moderate,2020-01-04 14:54:00,0.013275,229.402,0.5397,49.973
Night_Moderate,2020-01-04 14:57:00,0.012651,229.265,0.4833,49.974
Night_Moderate,2020-01-04 15:00:00,0.009448,229.86,0.3588,49.978
Night_Moderate,2020-01-04 15:03:00,0.009211,230.677,0.4106,50.009
Night_Moderate,2020-01-04 15:06:00,0.012055,230.43,0.4965,49.98
Night_Moderate,2020-01-04 15:09:00,0.00916,231.738,0.3707,50.005
Night_Moderate,2020-01-04 15:12:00,0.012405,229.594,0.3918,49.996
Night_Moderate,2020-01-04 15:15:00,0.011032,232.547,0.4788,49.969
Night_Moderate,2020-01-04 15:18:00,0.01113,230.827,0.4162,49.982
Night_Moderate,2020-01-04 15:21:00,0.01114,231.341,0.4514,50.005
Night_Moderate,2020-01-04 15:24:00,0.007721,231.302,0.3641,49.999
Night_Moderate,2020-01-04 15:27:00,0.009972,230.755,0.438,50.025
Night_Moderate,2020-01-04 15:30:00,0.012566,232.827,0.5121,49.976
Night_Moderate,2020-01-04 15:33:00,0.011298,232.108,0.4169,49.983
Night_Moderate,2020-01-04 15:36:00,0.010868,231.862,0.4899,49.976
Night_Moderate,2020-01-04 15:39:00,0.009305,230.417,0.3793,49.977
Night_Moderate,2020-01-04 15:42:00,0.010856,230.431,0.4293,49.968
Night_Moderate,2020-01-04 15:45:00,0.010248,232.674,0.4556,50.002
Night_Moderate,2020-01-04 15:48:00,0.00968,230.575,0.4257,49.982
Night_Moderate,2020-01-04 15:51:00,0.010482,230.687,0.3838,49.998
Night_Moderate,2020-01-04 15:54:00,0.011589,231.361,0.4911,49.981
Night_Moderate,2020-01-04 15:57:00,0.009764,231.105,0.3841,50.002
Night_Moderate,2020-01-04 16:00:00,0.009403,232.452,0.446,49.993
Night_Moderate,2020-01-04 16:03:00,0.011808,231.321,0.492,49.995
Night_Moderate,2020-01-04 16:06:00,0.013782,232.9,0.4664,50.002
Night_Moderate,2020-01-04 16:09:00,0.006844,233.345,0.3893,49.995
Night_Moderate,2020-01-04 16:12:00,0.01111,230.932,0.4358,50.0
Night_Moderate,2020-01-04 16:15:00,0.011635,232.088,0.4912,49.991
Night_Moderate,2020-01-04 16:18:00,0.009104,228.281,0.4425,49.996
Night_Moderate,2020-01-04 16:21:00,0.011558,230.415,0.4866,50.012
Night_Moderate,2020-01-04 16:24:00,0.009167,230.557,0.4129,49.999
Night_Moderate,2020-01-04 16:27:00,0.011489,231.134,0.4435,50.011
Night_Moderate,2020-01-04 16:30:00,0.014083,230.453,0.4838,49.998
Night_Moderate,2020-01-04 16:33:00,0.007595,231.344,0.3502,49.98
Night_Moderate,2020-01-04 16:36:00,0.008412,231.842,0.3526,49.992
Night_Moderate,2020-01-04 16:39:00,0.009769,232.211,0.4522,49.983
Night_Moderate,2020-01-04 16:42:00,0.009382,231.992,0.3604,50.001
Night_Moderate,2020-01-04 16:45:00,0.011065,231.097,0.4083,50.009
Night_Moderate,2020-01-04 16:48:00,0.015297,230.688,0.5508,49.983
Night_Moderate,2020-01-04 16:51:00,0.006825,231.164,0.3955,49.985
Night_Moderate,2020-01-04 16:54:00,0.011681,231.037,0.4693,50.005
Night_Moderate,2020-01-04 16:57:00,0.009745,229.604,0.422,49.984
Night_Moderate,2020-01-04 17:00:00,0.011036,231.241,0.4474,50.005
Night_Moderate,2020-01-04 17:03:00,0.01169,232.021,0.4556,49.977
Night_Moderate,2020-01-04 17:06:00,0.009113,232.386,0.4805,49.987
Night_Moderate,2020-01-04 17:09:00,0.013268,231.25,0.5021,50.003
Night_Moderate,2020-01-04 17:12:00,0.012775,231.59,0.4805,50.011
Night_Moderate,2020-01-04 17:15:00,0.011519,230.591,0.474,49.989
Night_Moderate,2020-01-04 17:18:00,0.011264,231.498,0.4064,50.004
Night_Moderate,2020-01-04 17:21:00,0.010437,232.24,0.4587,49.992
Night_Moderate,2020-01-04 17:24:00,0.01367,232.337,0.5084,49.997
Night_Moderate,2020-01-04 17:27:00,0.01691,231.33,0.5651,49.979
Night_Moderate,2020-01-04 17:30:00,0.007598,230.701,0.4075,49.997
Night_Moderate,2020-01-04 17:33:00,0.016883,230.696,0.581,49.989
Night_Moderate,2020-01-04 17:36:00,0.0083,231.445,0.3095,50.002
Night_Moderate,2020-01-04 17:39:00,0.016428,230.096,0.5241,50.0
Night_Moderate,2020-01-04 17:42:00,0.015884,231.882,0.5205,49.998
Night_Moderate,2020-01-04 17:45:00,0.012846,230.361,0.4234,49.982
Night_Moderate,2020-01-04 17:48:00,0.009041,230.237,0.4615,50.021
Night_Moderate,2020-01-04 17:51:00,0.022095,231.705,0.6897,49.984
Night_Moderate,2020-01-04 17:54:00,0.016248,230.072,0.5789,49.983
Night_Moderate,2020-01-04 17:57:00,0.017188,230.763,0.5272,49.983
Night_Moderate,2020-01-04 18:00:00,0.015148,230.942,0.4886,49.997
Night_Moderate,2020-01-04 18:03:00,0.010812,231.528,0.5051,49.994
Night_Moderate,2020-01-04 18:06:00,0.015148,231.069,0.5204,49.976
Night_Moderate,2020-01-04 18:09:00,0.018296,229.822,0.5941,49.986
Night_Moderate,2020-01-04 18:12:00,0.01165,230.46,0.4622,50.0
Night_Moderate,2020-01-04 18:15:00,0.01676,231.404,0.5691,49.984
Night_Moderate,2020-01-04 18:18:00,0.014241,230.356,0.5102,49.996
Night_Moderate,2020-01-04 18:21:00,0.019075,230.33,0.5827,49.962
Night_Moderate,2020-01-04 18:24:00,0.01907,229.727,0.5974,49.997
Night_Moderate,2020-01-04 18:27:00,0.013451,231.385,0.4598,50.015
Night_Moderate,2020-01-04 18:30:00,0.019464,230.427,0.6396,49.978
Night_Moderate,2020-01-04 18:33:00,0.015517,229.814,0.5665,49.995
Night_Moderate,2020-01-04 18:36:00,0.019954,230.864,0.5476,50.01
Night_Moderate,2020-01-04 18:39:00,0.011308,230.21,0.4644,49.997
Night_Moderate,2020-01-04 18:42:00,0.015796,230.538,0.526,49.978
Night_Moderate,2020-01-04 18:45:00,0.017471,230.786,0.6123,50.002
Night_Moderate,2020-01-04 18:48:00,0.014702,232.181,0.5238,49.982
Night_Moderate,2020-01-04 18:51:00,0.012763,231.941,0.466,50.011
Night_Moderate,2020-01-04 18:54:00,0.017696,230.231,0.5555,49.995
Night_Moderate,2020-01-04 18:57:00,0.016042,230.292,0.5307,49.985
Night_Moderate,2020-01-04 19:00:00,0.018213,230.087,0.6108,50.011
Night_Moderate,2020-01-04 19:03:00,0.016662,230.444,0.5389,50.001
Night_Moderate,2020-01-04 19:06:00,0.02026,228.687,0.6627,49.967
Night_Moderate,2020-01-04 19:09:00,0.02569,229.503,0.6869,49.998
Night_Moderate,2020-01-04 19:12:00,0.006409,231.667,0.3862,50.011
Night_Moderate,2020-01-04 19:15:00,0.015902,230.595,0.5621,50.011
Night_Moderate,2020-01-04 19:18:00,0.017273,230.673,0.4869,50.014
Night_Moderate,2020-01-04 19:21:00,0.017397,229.834,0.5513,49.997
Night_Moderate,2020-01-04 19:24:00,0.017816,228.938,0.5795,50.016
Night_Moderate,2020-01-04 19:27:00,0.015196,231.259,0.5158,50.012
Night_Moderate,2020-01-04 19:30:00,0.015881,231.757,0.5467,50.005
Night_Moderate,2020-01-04 19:33:00,0.018002,230.802,0.6203,49.982
Night_Moderate,2020-01-04 19:36:00,0.019309,231.127,0.6118,50.001
Night_Moderate,2020-01-04 19:39:00,0.023381,230.213,0.6665,50.005
Night_Moderate,2020-01-04 19:42:00,0.027302,230.335,0.7819,49.995
Night_Moderate,2020-01-04 19:45:00,0.033858,228.976,0.9042,50.002
Night_Moderate,2020-01-04 19:48:00,0.025098,230.379,0.7185,49.987
Night_Moderate,2020-01-04 19:51:00,0.020502,229.335,0.5787,49.979
Night_Moderate,2020-01-04 19:54:00,0.029585,228.443,0.8052,49.976
Night_Moderate,2020-01-04 19:57:00,0.013142,231.95,0.5077,50.002
Night_Moderate,2020-01-04 20:00:00,0.010036,230.299,0.4404,50.005
Night_Moderate,2020-01-04 20:03:00,0.02238,230.602,0.6348,49.999
Night_Moderate,2020-01-04 20:06:00,0.025048,228.849,0.7122,49.976
Night_Moderate,2020-01-04 20:09:00,0.024771,230.373,0.6863,49.976
Night_Moderate,2020-01-04 20:12:00,0.016401,231.655,0.5299,49.998
Night_Moderate,2020-01-04 20:15:00,0.020034,231.528,0.6324,50.002
Night_Moderate,2020-01-04 20:18:00,0.01728,231.906,0.5249,49.988
Night_Moderate,2020-01-04 20:21:00,0.028759,230.376,0.8339,49.98
Night_Moderate,2020-01-04 20:24:00,0.026728,228.997,0.7044,50.008
Night_Moderate,2020-01-04 20:27:00,0.024488,229.074,0.7072,50.003
Night_Moderate,2020-01-04 20:30:00,0.02903,228.487,0.7873,49.983
Night_Moderate,2020-01-04 20:33:00,0.021826,229.757,0.6121,50.005
Night_Moderate,2020-01-04 20:36:00,0.023552,231.043,0.6626,49.987
Night_Moderate,2020-01-04 20:39:00,0.028143,227.861,0.7404,49.984
Night_Moderate,2020-01-04 20:42:00,0.033567,228.168,0.8856,49.991
Night_Moderate,2020-01-04 20:45:00,0.026414,230.275,0.7056,49.992
Night_Moderate,2020-01-04 20:48:00,0.029661,229.678,0.8009,49.987
Night_Moderate,2020-01-04 20:51:00,0.028284,228.525,0.7858,49.993
Night_Moderate,2020-01-04 20:54:00,0.02452,229.305,0.6851,50.002
Night_Moderate,2020-01-04 20:57:00,0.026247,230.507,0.6793,49.991
Night_Moderate,2020-01-04 21:00:00,0.02185,230.542,0.6819,49.992
Night_Moderate,2020-01-04 21:03:00,0.037768,228.201,0.9333,49.997
Night_Moderate,2020-01-04 21:06:00,0.02777,229.388,0.7598,49.97
Night_Moderate,2020-01-04 21:09:00,0.041358,228.905,1.027,49.984
Night_Moderate,2020-01-04 21:12:00,0.028394,231.486,0.7537,49.99
Night_Moderate,2020-01-04 21:15:00,0.030913,228.718,0.7695,49.992
Night_Moderate,2020-01-04 21:18:00,0.037839,228.401,0.9202,49.968
Night_Moderate,2020-01-04 21:21:00,0.031074,229.815,0.7217,49.991
Night_Moderate,2020-01-04 21:24:00,0.020726,230.888,0.6531,49.996
Night_Moderate,2020-01-04 21:27:00,0.028601,229.36,0.6981,49.992
Night_Moderate,2020-01-04 21:30:00,0.024385,228.209,0.661,49.979
Night_Moderate,2020-01-04 21:33:00,0.042075,229.881,1.0173,49.975
Night_Moderate,2020-01-04 21:36:00,0.023448,231.451,0.6399,49.992
Night_Moderate,2020-01-04 21:39:00,0.024814,229.56,0.7123,49.967
Night_Moderate,2020-01-04 21:42:00,0.025598,229.215,0.7165,50.002
Night_Moderate,2020-01-04 21:45:00,0.018882,230.494,0.54,49.99
Night_Moderate,2020-01-04 21:48:00,0.034931,229.712,0.8922,49.971
Night_Moderate,2020-01-04 21:51:00,0.023168,230.074,0.7271,49.986
Night_Moderate,2020-01-04 21:54:00,0.036697,229.005,0.9255,49.963
Night_Moderate,2020-01-04 21:57:00,0.029567,229.312,0.8665,49.998
Night_Moderate,2020-01-04 22:00:00,0.035788,229.343,0.9156,49.974
Night_Moderate,2020-01-04 22:03:00,0.024792,229.429,0.6894,49.994
Night_Moderate,2020-01-04 22:06:00,0.036244,230.172,0.8723,49.973
Night_Moderate,2020-01-04 22:09:00,0.038478,228.58,0.9882,49.987
Night_Moderate,2020-01-04 22:12:00,0.032409,228.249,0.8606,49.982
Night_Moderate,2020-01-04 22:15:00,0.035256,229.629,0.9005,49.98
Night_Moderate,2020-01-04 22:18:00,0.029016,228.996,0.7426,49.987
Night_Moderate,2020-01-04 22:21:00,0.033716,228.908,0.9002,49.971
Night_Moderate,2020-01-04 22:24:00,0.035117,227.852,0.9003,49.999
Night_Moderate,2020-01-04 22:27:00,0.032675,230.376,0.8992,50.007
Night_Moderate,2020-01-04 22:30:00,0.052735,226.657,1.21,49.978
Night_Moderate,2020-01-04 22:33:00,0.03521,229.559,0.8626,49.984
Night_Moderate,2020-01-04 22:36:00,0.041829,229.339,0.9929,49.985
Night_Moderate,2020-01-04 22:39:00,0.028612,230.499,0.7926,49.986
Night_Moderate,2020-01-04 22:42:00,0.031336,229.509,0.8103,49.969
Night_Moderate,2020-01-04 22:45:00,0.045878,228.874,1.1586,49.996
Night_Moderate,2020-01-04 22:48:00,0.046353,227.168,1.1081,49.98
Night_Moderate,2020-01-04 22:51:00,0.052198,226.485,1.2051,49.979
Night_Moderate,2020-01-04 22:54:00,0.041047,228.261,1.0442,49.982
Night_Moderate,2020-01-04 22:57:00,0.051456,229.15,1.22,49.972
Night_Moderate,2020-01-04 23:00:00,0.061191,225.475,1.3246,49.963
Night_Moderate,2020-01-04 23:03:00,0.051742,228.235,1.1837,49.977
Night_Moderate,2020-01-04 23:06:00,0.041238,229.278,0.9287,49.98
Night_Moderate,2020-01-04 23:09:00,0.034339,228.762,0.9129,49.98
Night_Moderate,2020-01-04 23:12:00,0.046744,226.398,1.0626,49.966
Night_Moderate,2020-01-04 23:15:00,0.050623,228.668,1.0914,49.988
Night_Moderate,2020-01-04 23:18:00,0.039034,227.445,0.97,49.987
Night_Moderate,2020-01-04 23:21:00,0.027089,230.452,0.7219,49.991
Night_Moderate,2020-01-04 23:24:00,0.04762,228.228,1.1519,50.002
Night_Moderate,2020-01-04 23:27:00,0.04102,228.91,1.0349,49.984
Night_Moderate,2020-01-04 23:30:00,0.032132,230.948,0.7829,49.995
Night_Moderate,2020-01-04 23:33:00,0.056227,226.61,1.2268,49.977
Night_Moderate,2020-01-04 23:36:00,0.045597,226.879,1.1111,49.97
Night_Moderate,2020-01-04 23:39:00,0.039412,228.41,0.9848,49.98
Night_Moderate,2020-01-04 23:42:00,0.035197,229.4,0.8348,49.972
Night_Moderate,2020-01-04 23:45:00,0.045756,227.582,1.1003,49.999
Night_Moderate,2020-01-04 23:48:00,0.040776,228.179,0.9764,49.982
Night_Moderate,2020-01-04 23:51:00,0.050371,228.404,1.1431,49.978
Night_Moderate,2020-01-04 23:54:00,0.023858,229.257,0.6993,49.995
Night_Moderate,2020-01-04 23:57:00,0.046592,227.471,1.1283,49.964
Night_Moderate,2020-01-05 00:00:00,0.047176,227.333,1.0886,49.979
Night_Moderate,2020-01-05 00:03:00,0.038947,227.11,0.9595,49.986
Night_Moderate,2020-01-05 00:06:00,0.047921,227.501,1.1319,49.996
Night_Moderate,2020-01-05 00:09:00,0.05221,226.536,1.1582,49.996
Night_Moderate,2020-01-05 00:12:00,0.042862,229.229,0.9744,49.989
Night_Moderate,2020-01-05 00:15:00,0.036657,229.867,0.8427,49.979
Night_Moderate,2020-01-05 00:18:00,0.0372,229.655,0.9143,49.99
Night_Moderate,2020-01-05 00:21:00,0.04421,228.443,1.0654,49.978
Night_Moderate,2020-01-05 00:24:00,0.035617,228.913,0.8517,49.97
Night_Moderate,2020-01-05 00:27:00,0.055829,227.942,1.2351,49.958
Night_Moderate,2020-01-05 00:30:00,0.065996,225.908,1.4539,49.977
Night_Moderate,2020-01-05 00:33:00,0.019689,229.782,0.5483,49.989
Night_Moderate,2020-01-05 00:36:00,0.047716,227.171,1.0735,49.988
Night_Moderate,2020-01-05 00:39:00,0.042998,228.945,0.9754,49.984
Night_Moderate,2020-01-05 00:42:00,0.023117,231.046,0.6371,49.983
Night_Moderate,2020-01-05 00:45:00,0.040923,228.779,0.9877,49.985
Night_Moderate,2020-01-05 00:48:00,0.045296,228.433,1.0557,49.984
Night_Moderate,2020-01-05 00:51:00,0.048991,227.265,1.177,50.002
Night_Moderate,2020-01-05 00:54:00,0.051575,228.936,1.1649,49.955
Night_Moderate,2020-01-05 00:57:00,0.050655,227.221,1.1596,49.974
Night_Moderate,2020-01-05 01:00:00,0.048378,228.254,1.1103,49.989
Night_Moderate,2020-01-05 01:03:00,0.048836,228.157,1.1323,49.983
Night_Moderate,2020-01-05 01:06:00,0.048153,227.955,1.1368,50.001
Night_Moderate,2020-01-05 01:09:00,0.044511,227.205,0.9823,49.96
Night_Moderate,2020-01-05 01:12:00,0.046531,227.594,1.0282,49.983
Night_Moderate,2020-01-05 01:15:00,0.051482,226.018,1.2203,49.957
Night_Moderate,2020-01-05 01:18:00,0.041401,227.69,1.0278,49.976
Night_Moderate,2020-01-05 01:21:00,0.038191,228.48,0.8517,49.978
Night_Moderate,2020-01-05 01:24:00,0.044224,227.585,1.0295,49.991
Night_Moderate,2020-01-05 01:27:00,0.029041,230.081,0.7876,49.983
Night_Moderate,2020-01-05 01:30:00,0.043294,227.494,1.1003,49.978
Night_Moderate,2020-01-05 01:33:00,0.033048,227.963,0.8839,49.987
Night_Moderate,2020-01-05 01:36:00,0.024516,230.073,0.6314,49.988
Night_Moderate,2020-01-05 01:39:00,0.037821,227.819,0.9384,49.964
Night_Moderate,2020-01-05 01:42:00,0.051554,226.837,1.1487,49.992
Night_Moderate,2020-01-05 01:45:00,0.042276,227.605,1.0363,49.984
Night_Moderate,2020-01-05 01:48:00,0.054853,225.917,1.2244,49.987
Night_Moderate,2020-01-05 01:51:00,0.034149,228.374,0.8756,49.987
Night_Moderate,2020-01-05 01:54:00,0.048001,227.818,1.1048,49.987
Night_Moderate,2020-01-05 01:57:00,0.046106,229.001,1.0821,49.997
Night_Moderate,2020-01-05 02:00:00,0.041681,226.959,1.0057,49.985
Night_Moderate,2020-01-05 02:03:00,0.045822,228.028,1.0288,49.984
Night_Moderate,2020-01-05 02:06:00,0.062019,227.163,1.4182,49.982
Night_Moderate,2020-01-05 02:09:00,0.05622,227.015,1.2293,49.963
Night_Moderate,2020-01-05 02:12:00,0.058361,226.615,1.3006,49.984
Night_Moderate,2020-01-05 02:15:00,0.026037,230.493,0.7076,49.98
Night_Moderate,2020-01-05 02:18:00,0.035,228.121,0.9149,49.992
Night_Moderate,2020-01-05 02:21:00,0.038439,227.543,0.9209,49.985
Night_Moderate,2020-01-05 02:24:00,0.033329,228.902,0.8457,49.99
Night_Moderate,2020-01-05 02:27:00,0.050163,227.984,1.1097,49.969
Night_Moderate,2020-01-05 02:30:00,0.041688,227.806,1.0671,49.985
Night_Moderate,2020-01-05 02:33:00,0.03736,228.289,0.9452,49.998
Night_Moderate,2020-01-05 02:36:00,0.049319,228.416,1.1806,49.953
Night_Moderate,2020-01-05 02:39:00,0.051219,227.748,1.1092,49.984
Night_Moderate,2020-01-05 02:42:00,0.049555,228.55,1.1458,49.965
Night_Moderate,2020-01-05 02:45:00,0.036369,228.609,0.8683,49.969
Night_Moderate,2020-01-05 02:48:00,0.039668,228.23,0.9318,49.993
Night_Moderate,2020-01-05 02:51:00,0.035531,229.618,0.9139,49.982
Night_Moderate,2020-01-05 02:54:00,0.056914,227.681,1.2278,49.98
Night_Moderate,2020-01-05 02:57:00,0.049354,226.827,1.1386,49.974
Night_Moderate,2020-01-05 03:00:00,0.040744,227.605,1.045,49.975
Night_Moderate,2020-01-05 03:03:00,0.026155,228.497,0.743,49.993
Night_Moderate,2020-01-05 03:06:00,0.061909,227.511,1.38,49.96
Night_Moderate,2020-01-05 03:09:00,0.03349,228.833,0.8198,49.998
Night_Moderate,2020-01-05 03:12:00,0.040326,228.828,0.9416,49.99
Night_Moderate,2020-01-05 03:15:00,0.03829,227.359,0.9019,50.002
Night_Moderate,2020-01-05 03:18:00,0.046812,228.43,1.1185,49.984
Night_Moderate,2020-01-05 03:21:00,0.044305,227.389,1.0141,49.966
Night_Moderate,2020-01-05 03:24:00,0.030493,229.459,0.8099,50.001
Night_Moderate,2020-01-05 03:27:00,0.047786,228.158,1.0929,49.959
Night_Moderate,2020-01-05 03:30:00,0.037817,228.493,0.9505,49.993
Night_Moderate,2020-01-05 03:33:00,0.031727,228.532,0.8387,49.975
Night_Moderate,2020-01-05 03:36:00,0.041369,228.207,1.0524,49.973
Night_Moderate,2020-01-05 03:39:00,0.025934,229.649,0.7414,49.985
Night_Moderate,2020-01-05 03:42:00,0.02161,228.602,0.6115,49.976
Night_Moderate,2020-01-05 03:45:00,0.024742,229.44,0.6985,49.983
Night_Moderate,2020-01-05 03:48:00,0.03235,229.093,0.7978,49.99
Night_Moderate,2020-01-05 03:51:00,0.034271,229.319,0.8914,49.999
Night_Moderate,2020-01-05 03:54:00,0.030168,230.421,0.8238,50.008
Night_Moderate,2020-01-05 03:57:00,0.021865,228.89,0.6397,50.012
Night_Moderate,2020-01-05 04:00:00,0.029846,228.475,0.7839,49.986
Night_Moderate,2020-01-05 04:03:00,0.039323,226.772,0.9879,49.982
Night_Moderate,2020-01-05 04:06:00,0.034224,228.69,0.906,49.967
Night_Moderate,2020-01-05 04:09:00,0.025665,230.937,0.6777,49.989
Night_Moderate,2020-01-05 04:12:00,0.032249,229.146,0.8652,49.998
Night_Moderate,2020-01-05 04:15:00,0.036787,228.392,0.8249,49.998
Night_Moderate,2020-01-05 04:18:00,0.030116,229.287,0.7484,49.989
Night_Moderate,2020-01-05 04:21:00,0.032537,228.637,0.8307,49.983
Night_Moderate,2020-01-05 04:24:00,0.02418,229.075,0.7003,49.979
Night_Moderate,2020-01-05 04:27:00,0.030489,228.471,0.831,49.992
Night_Moderate,2020-01-05 04:30:00,0.028574,228.715,0.7716,49.978
Night_Moderate,2020-01-05 04:33:00,0.027754,228.423,0.6977,50.012
Night_Moderate,2020-01-05 04:36:00,0.028574,229.981,0.7795,49.983
Night_Moderate,2020-01-05 04:39:00,0.034573,230.045,0.7936,49.971
Night_Moderate,2020-01-05 04:42:00,0.031,226.713,0.8477,50.0
Night_Moderate,2020-01-05 04:45:00,0.022865,230.62,0.6435,49.985
Night_Moderate,2020-01-05 04:48:00,0.015714,230.34,0.5572,49.997
Night_Moderate,2020-01-05 04:51:00,0.024804,228.631,0.7547,49.995
Night_Moderate,2020-01-05 04:54:00,0.023245,230.306,0.6725,49.986
Night_Moderate,2020-01-05 04:57:00,0.028653,228.622,0.8101,49.979
Night_Moderate,2020-01-05 05:00:00,0.029836,229.453,0.8878,49.974
Night_Moderate,2020-01-05 05:03:00,0.026896,229.571,0.7043,50.003
Night_Moderate,2020-01-05 05:06:00,0.034886,228.308,0.9216,50.0
Night_Moderate,2020-01-05 05:09:00,0.030426,228.219,0.8081,49.984
Night_Moderate,2020-01-05 05:12:00,0.031444,229.912,0.7886,49.986
Night_Moderate,2020-01-05 05:15:00,0.025445,229.076,0.7352,49.989
Night_Moderate,2020-01-05 05:18:00,0.023035,230.067,0.6273,49.989
Night_Moderate,2020-01-05 05:21:00,0.010093,231.484,0.394,50.0
Night_Moderate,2020-01-05 05:24:00,0.026845,228.959,0.7221,50.006
Night_Moderate,2020-01-05 05:27:00,0.029742,228.887,0.753,49.988
Night_Moderate,2020-01-05 05:30:00,0.014029,230.771,0.4709,50.002
Night_Moderate,2020-01-05 05:33:00,0.02143,231.186,0.6699,50.007
Night_Moderate,2020-01-05 05:36:00,0.029059,231.059,0.7323,50.019
Night_Moderate,2020-01-05 05:39:00,0.021399,229.66,0.6573,49.999
Night_Moderate,2020-01-05 05:42:00,0.019636,230.943,0.6489,49.981
Night_Moderate,2020-01-05 05:45:00,0.026738,228.956,0.7153,50.005
Night_Moderate,2020-01-05 05:48:00,0.026593,228.364,0.7317,49.992
Night_Moderate,2020-01-05 05:51:00,0.014171,231.383,0.4895,49.999
Night_Moderate,2020-01-05 05:54:00,0.021418,229.819,0.6044,50.005
Night_Moderate,2020-01-05 05:57:00,0.014761,229.802,0.494,49.999
Night_Moderate,2020-01-05 06:00:00,0.020085,230.391,0.598,50.019
Night_Moderate,2020-01-05 06:03:00,0.017551,230.168,0.5589,49.962
Night_Moderate,2020-01-05 06:06:00,0.02081,231.814,0.5826,50.01
Night_Moderate,2020-01-05 06:09:00,0.019339,230.517,0.6199,49.996
Night_Moderate,2020-01-05 06:12:00,0.014086,230.281,0.5266,49.972
Night_Moderate,2020-01-05 06:15:00,0.016315,229.588,0.5505,49.98
Night_Moderate,2020-01-05 06:18:00,0.014058,230.842,0.5019,49.987
Night_Moderate,2020-01-05 06:21:00,0.017784,231.226,0.509,49.994
Night_Moderate,2020-01-05 06:24:00,0.013847,228.945,0.5312,49.977
Night_Moderate,2020-01-05 06:27:00,0.009271,230.777,0.3806,50.013
Night_Moderate,2020-01-05 06:30:00,0.019582,228.902,0.5605,49.984
Night_Moderate,2020-01-05 06:33:00,0.009518,230.526,0.4011,49.99
Night_Moderate,2020-01-05 06:36:00,0.023088,229.642,0.7153,49.989
Night_Moderate,2020-01-05 06:39:00,0.011949,230.676,0.4785,49.99
Night_Moderate,2020-01-05 06:42:00,0.022446,230.933,0.6878,49.979
Night_Moderate,2020-01-05 06:45:00,0.014948,229.427,0.5309,49.991
Night_Moderate,2020-01-05 06:48:00,0.018731,229.926,0.5996,49.982
Night_Moderate,2020-01-05 06:51:00,0.017694,229.509,0.497,49.986
Night_Moderate,2020-01-05 06:54:00,0.01586,230.599,0.5247,49.986
Night_Moderate,2020-01-05 06:57:00,0.019771,230.079,0.5755,50.0
Night_Moderate,2020-01-05 07:00:00,0.016462,230.999,0.5392,50.007
Night_Moderate,2020-01-05 07:03:00,0.02144,231.267,0.6152,49.976
Night_Moderate,2020-01-05 07:06:00,0.014694,229.873,0.4791,50.014
Night_Moderate,2020-01-05 07:09:00,0.008958,231.191,0.3276,50.0
Night_Moderate,2020-01-05 07:12:00,0.012113,231.996,0.5104,49.983
Night_Moderate,2020-01-05 07:15:00,0.014911,230.713,0.5047,50.004
Night_Moderate,2020-01-05 07:18:00,0.012088,231.408,0.4331,49.992
Night_Moderate,2020-01-05 07:21:00,0.016519,230.943,0.4736,49.982
Night_Moderate,2020-01-05 07:24:00,0.012868,230.287,0.4856,49.999
Night_Moderate,2020-01-05 07:27:00,0.012685,231.234,0.4713,50.006
Night_Moderate,2020-01-05 07:30:00,0.014629,229.913,0.4653,50.003
Night_Moderate,2020-01-05 07:33:00,0.01257,229.792,0.4789,49.995
Night_Moderate,2020-01-05 07:36:00,0.019196,230.627,0.631,49.989
Night_Moderate,2020-01-05 07:39:00,0.010484,232.382,0.4294,49.998
Night_Moderate,2020-01-05 07:42:00,0.013533,231.503,0.4964,49.975
Night_Moderate,2020-01-05 07:45:00,0.012988,231.292,0.5176,49.996
Night_Moderate,2020-01-05 07:48:00,0.011872,230.512,0.4581,50.002
Night_Moderate,2020-01-05 07:51:00,0.016585,229.88,0.5519,50.006
Night_Moderate,2020-01-05 07:54:00,0.010153,231.108,0.4628,49.986
Night_Moderate,2020-01-05 07:57:00,0.010918,229.852,0.4375,49.992
Night_Moderate,2020-01-05 08:00:00,0.008112,230.108,0.4012,49.996
Night_Moderate,2020-01-05 08:03:00,0.010363,231.024,0.4048,49.993
Night_Moderate,2020-01-05 08:06:00,0.01297,230.804,0.4833,49.998
Night_Moderate,2020-01-05 08:09:00,0.013767,230.917,0.5105,49.995
Night_Moderate,2020-01-05 08:12:00,0.014123,231.651,0.4964,49.976
Night_Moderate,2020-01-05 08:15:00,0.01027,229.651,0.4292,49.983
Night_Moderate,2020-01-05 08:18:00,0.01319,231.579,0.5058,50.016
Night_Moderate,2020-01-05 08:21:00,0.009862,231.307,0.479,50.0
Night_Moderate,2020-01-05 08:24:00,0.014996,231.098,0.4993,50.015
Night_Moderate,2020-01-05 08:27:00,0.016043,230.856,0.5138,49.991
Night_Moderate,2020-01-05 08:30:00,0.013118,231.693,0.5584,50.023
Night_Moderate,2020-01-05 08:33:00,0.007581,230.388,0.345,49.995
Night_Moderate,2020-01-05 08:36:00,0.003431,231.988,0.3083,50.01
Night_Moderate,2020-01-05 08:39:00,0.010908,229.601,0.4603,50.01
Night_Moderate,2020-01-05 08:42:00,0.011015,231.768,0.3883,49.98
Night_Moderate,2020-01-05 08:45:00,0.011501,231.706,0.4578,49.978
Night_Moderate,2020-01-05 08:48:00,0.010936,230.997,0.41,49.998
Night_Moderate,2020-01-05 08:51:00,0.010619,232.013,0.502,49.978
Night_Moderate,2020-01-05 08:54:00,0.009726,232.409,0.4544,50.003
Night_Moderate,2020-01-05 08:57:00,0.011804,230.139,0.4575,50.02
Night_Moderate,2020-01-05 09:00:00,0.01039,231.222,0.4156,49.988
Night_Moderate,2020-01-05 09:03:00,0.010367,229.498,0.354,49.988
Night_Moderate,2020-01-05 09:06:00,0.012088,231.192,0.5205,49.974
Night_Moderate,2020-01-05 09:09:00,0.010489,230.517,0.4254,49.998
Night_Moderate,2020-01-05 09:12:00,0.011389,232.836,0.483,49.978
Night_Moderate,2020-01-05 09:15:00,0.010008,229.868,0.4126,50.009
Night_Moderate,2020-01-05 09:18:00,0.009352,232.361,0.3528,49.984
Night_Moderate,2020-01-05 09:21:00,0.011116,230.016,0.4616,49.991
Night_Moderate,2020-01-05 09:24:00,0.012938,230.785,0.5879,49.995
Night_Moderate,2020-01-05 09:27:00,0.0123,231.206,0.5141,49.993
Night_Moderate,2020-01-05 09:30:00,0.008895,230.723,0.3782,50.007
Night_Moderate,2020-01-05 09:33:00,0.009855,231.382,0.4066,50.003
Night_Moderate,2020-01-05 09:36:00,0.011185,230.714,0.479,49.963
Night_Moderate,2020-01-05 09:39:00,0.012614,230.038,0.433,50.001
Night_Moderate,2020-01-05 09:42:00,0.013079,230.387,0.495,49.994
Night_Moderate,2020-01-05 09:45:00,0.006825,231.965,0.3686,50.0
Night_Moderate,2020-01-05 09:48:00,0.007828,230.98,0.3404,49.971
Night_Moderate,2020-01-05 09:51:00,0.008782,231.254,0.4437,50.019
Night_Moderate,2020-01-05 09:54:00,0.010691,232.476,0.4675,50.012
Night_Moderate,2020-01-05 09:57:00,0.008868,230.192,0.4277,50.01
Night_Moderate,2020-01-05 10:00:00,0.011797,231.86,0.4754,50.003
Night_Moderate,2020-01-05 10:03:00,0.012981,229.788,0.5011,50.01
Night_Moderate,2020-01-05 10:06:00,0.00822,231.53,0.4029,49.979
Night_Moderate,2020-01-05 10:09:00,0.010261,230.984,0.4332,49.998
Night_Moderate,2020-01-05 10:12:00,0.010549,230.925,0.4422,49.995
Night_Moderate,2020-01-05 10:15:00,0.00834,231.083,0.4559,50.011
Night_Moderate,2020-01-05 10:18:00,0.012476,231.35,0.4473,49.999
Night_Moderate,2020-01-05 10:21:00,0.008248,231.06,0.4178,49.99
Night_Moderate,2020-01-05 10:24:00,0.009476,230.685,0.4535,49.987
Night_Moderate,2020-01-05 10:27:00,0.009041,231.235,0.4335,50.002
Night_Moderate,2020-01-05 10:30:00,0.004057,231.556,0.3217,50.033
Night_Moderate,2020-01-05 10:33:00,0.011771,231.549,0.411,49.988
Night_Moderate,2020-01-05 10:36:00,0.012385,231.715,0.473,50.001
Night_Moderate,2020-01-05 10:39:00,0.009725,231.299,0.4234,49.989
Night_Moderate,2020-01-05 10:42:00,0.010558,231.019,0.4557,49.978
Night_Moderate,2020-01-05 10:45:00,0.006087,231.444,0.3363,50.002
Night_Moderate,2020-01-05 10:48:00,0.010061,230.891,0.3684,50.01
Night_Moderate,2020-01-05 10:51:00,0.007972,229.114,0.3949,50.003
Night_Moderate,2020-01-05 10:54:00,0.00852,230.775,0.4047,49.995
Night_Moderate,2020-01-05 10:57:00,0.008901,230.534,0.3553,50.003
Night_Moderate,2020-01-05 11:00:00,0.007325,230.874,0.3531,49.986
Night_Moderate,2020-01-05 11:03:00,0.012336,231.787,0.5031,50.006
Night_Moderate,2020-01-05 11:06:00,0.007813,230.375,0.3704,50.003
Night_Moderate,2020-01-05 11:09:00,0.006914,231.668,0.3731,50.007
Night_Moderate,2020-01-05 11:12:00,0.009322,230.393,0.4232,49.975
Night_Moderate,2020-01-05 11:15:00,0.010797,230.497,0.4055,49.993
Night_Moderate,2020-01-05 11:18:00,0.006608,230.48,0.3091,50.021
Night_Moderate,2020-01-05 11:21:00,0.013089,230.573,0.4934,50.021
Night_Moderate,2020-01-05 11:24:00,0.009618,231.544,0.4165,50.02
Night_Moderate,2020-01-05 11:27:00,0.00325,232.39,0.3284,49.96
Night_Moderate,2020-01-05 11:30:00,0.012655,231.602,0.4248,50.003
Night_Moderate,2020-01-05 11:33:00,0.009121,231.794,0.4484,50.014
Night_Moderate,2020-01-05 11:36:00,0.013567,230.689,0.4857,50.021
Night_Moderate,2020-01-05 11:39:00,0.01007,231.399,0.5161,50.012
Night_Moderate,2020-01-05 11:42:00,0.010016,231.225,0.414,49.985
Night_Moderate,2020-01-05 11:45:00,0.013244,229.956,0.4525,49.966
Night_Moderate,2020-01-05 11:48:00,0.009667,231.086,0.3476,50.008
Night_Moderate,2020-01-05 11:51:00,0.010638,232.459,0.5098,49.975
Night_Moderate,2020-01-05 11:54:00,0.009246,229.96,0.396,50.01
Night_Moderate,2020-01-05 11:57:00,0.009843,231.714,0.4422,50.007
Night_Moderate,2020-01-05 12:00:00,0.011833,231.175,0.4512,50.002
Night_Moderate,2020-01-05 12:03:00,0.010769,230.418,0.4631,49.997
Night_Moderate,2020-01-05 12:06:00,0.00993,230.739,0.4265,50.006
Night_Moderate,2020-01-05 12:09:00,0.011538,230.02,0.4376,49.996
Night_Moderate,2020-01-05 12:12:00,0.01114,232.02,0.4684,49.993
Night_Moderate,2020-01-05 12:15:00,0.005926,231.617,0.3368,50.003
Night_Moderate,2020-01-05 12:18:00,0.011115,230.245,0.4981,50.014
Night_Moderate,2020-01-05 12:21:00,0.011542,231.277,0.4638,50.013
Night_Moderate,2020-01-05 12:24:00,0.010356,231.427,0.423,50.017
Night_Moderate,2020-01-05 12:27:00,0.010016,231.235,0.4585,49.991
Night_Moderate,2020-01-05 12:30:00,0.008692,230.642,0.3657,50.0
Night_Moderate,2020-01-05 12:33:00,0.01143,231.951,0.4199,50.001
Night_Moderate,2020-01-05 12:36:00,0.0099,232.247,0.4304,50.0
Night_Moderate,2020-01-05 12:39:00,0.011053,231.248,0.4346,49.993
Night_Moderate,2020-01-05 12:42:00,0.010366,231.319,0.4727,49.981
Night_Moderate,2020-01-05 12:45:00,0.013179,230.787,0.4588,50.006
Night_Moderate,2020-01-05 12:48:00,0.008044,232.667,0.4284,49.997
Night_Moderate,2020-01-05 12:51:00,0.011614,232.247,0.4675,50.006
Night_Moderate,2020-01-05 12:54:00,0.010533,231.655,0.4709,49.988
Night_Moderate,2020-01-05 12:57:00,0.011649,232.087,0.4734,50.019
Night_Moderate,2020-01-05 13:00:00,0.010753,231.468,0.4103,50.02
Night_Moderate,2020-01-05 13:03:00,0.007978,231.772,0.4254,49.988
Night_Moderate,2020-01-05 13:06:00,0.011547,229.962,0.4856,49.988
Night_Moderate,2020-01-05 13:09:00,0.010122,231.654,0.4408,50.004
Night_Moderate,2020-01-05 13:12:00,0.009117,231.317,0.4206,49.995
Night_Moderate,2020-01-05 13:15:00,0.009429,231.776,0.4315,49.986
Night_Moderate,2020-01-05 13:18:00,0.010167,230.79,0.4998,49.988
Night_Moderate,2020-01-05 13:21:00,0.009266,231.668,0.4182,49.986
Night_Moderate,2020-01-05 13:24:00,0.00783,230.639,0.4119,50.004
Night_Moderate,2020-01-05 13:27:00,0.010358,228.713,0.4441,49.977
Night_Moderate,2020-01-05 13:30:00,0.01216,230.211,0.5015,50.02
Night_Moderate,2020-01-05 13:33:00,0.011839,231.698,0.4889,49.995
Night_Moderate,2020-01-05 13:36:00,0.010494,231.244,0.4335,50.006
Night_Moderate,2020-01-05 13:39:00,0.003833,231.26,0.3371,50.0
Night_Moderate,2020-01-05 13:42:00,0.008876,231.406,0.3759,50.007
Night_Moderate,2020-01-05 13:45:00,0.010791,231.664,0.4786,49.994
Night_Moderate,2020-01-05 13:48:00,0.006582,232.52,0.3393,49.999
Night_Moderate,2020-01-05 13:51:00,0.009736,232.057,0.3927,49.988
Night_Moderate,2020-01-05 13:54:00,0.007713,230.507,0.3781,49.979
Night_Moderate,2020-01-05 13:57:00,0.010945,230.453,0.4698,49.992
Night_Moderate,2020-01-05 14:00:00,0.009644,230.806,0.4332,49.999
Night_Moderate,2020-01-05 14:03:00,0.013472,231.637,0.5494,49.982
Night_Moderate,2020-01-05 14:06:00,0.008402,229.435,0.3924,49.985
Night_Moderate,2020-01-05 14:09:00,0.007095,230.499,0.3654,49.99
Night_Moderate,2020-01-05 14:12:00,0.008354,231.985,0.4429,49.988
Night_Moderate,2020-01-05 14:15:00,0.013299,231.319,0.4565,49.985
Night_Moderate,2020-01-05 14:18:00,0.008505,230.393,0.4328,49.975
Night_Moderate,2020-01-05 14:21:00,0.008148,231.095,0.4081,50.0
Night_Moderate,2020-01-05 14:24:00,0.007524,230.342,0.3946,50.003
Night_Moderate,2020-01-05 14:27:00,0.010473,230.429,0.4357,49.998
Night_Moderate,2020-01-05 14:30:00,0.010481,231.784,0.4186,49.995
Night_Moderate,2020-01-05 14:33:00,0.006728,231.027,0.4199,49.999
Night_Moderate,2020-01-05 14:36:00,0.008577,232.162,0.381,50.008
Night_Moderate,2020-01-05 14:39:00,0.009469,230.699,0.4486,49.987
Night_Moderate,2020-01-05 14:42:00,0.01099,232.474,0.4837,50.001
Night_Moderate,2020-01-05 14:45:00,0.011802,231.137,0.4787,50.006
Night_Moderate,2020-01-05 14:48:00,0.017629,230.384,0.5442,49.985
Night_Moderate,2020-01-05 14:51:00,0.009643,230.075,0.4958,49.984
Night_Moderate,2020-01-05 14:54:00,0.009738,231.347,0.4866,49.975
Night_Moderate,2020-01-05 14:57:00,0.011493,229.94,0.4844,50.005
Night_Moderate,2020-01-05 15:00:00,0.007757,231.759,0.4074,49.999
Night_Moderate,2020-01-05 15:03:00,0.009728,230.33,0.4176,50.006
Night_Moderate,2020-01-05 15:06:00,0.011819,231.053,0.4897,50.007
Night_Moderate,2020-01-05 15:09:00,0.007801,232.078,0.4252,50.006
Night_Moderate,2020-01-05 15:12:00,0.010574,229.505,0.3768,49.985
Night_Moderate,2020-01-05 15:15:00,0.009117,229.484,0.4132,49.976
Night_Moderate,2020-01-05 15:18:00,0.008494,232.033,0.3718,50.013
Night_Moderate,2020-01-05 15:21:00,0.008877,231.309,0.3793,50.011
Night_Moderate,2020-01-05 15:24:00,0.01309,230.619,0.509,50.003
Night_Moderate,2020-01-05 15:27:00,0.009287,229.714,0.4945,49.998
Night_Moderate,2020-01-05 15:30:00,0.00806,231.091,0.4209,49.978
Night_Moderate,2020-01-05 15:33:00,0.011778,231.251,0.497,49.994
Night_Moderate,2020-01-05 15:36:00,0.012106,231.34,0.4664,50.012
Night_Moderate,2020-01-05 15:39:00,0.012429,230.679,0.4904,49.989
Night_Moderate,2020-01-05 15:42:00,0.011888,231.24,0.4881,49.991
Night_Moderate,2020-01-05 15:45:00,0.010058,231.356,0.4291,49.996
Night_Moderate,2020-01-05 15:48:00,0.009931,232.608,0.3609,50.016
Night_Moderate,2020-01-05 15:51:00,0.011732,230.843,0.4499,50.021
Night_Moderate,2020-01-05 15:54:00,0.009757,231.883,0.4938,49.967
Night_Moderate,2020-01-05 15:57:00,0.009277,230.677,0.3761,49.99
Night_Moderate,2020-01-05 16:00:00,0.010795,232.033,0.508,50.011
Night_Moderate,2020-01-05 16:03:00,0.007953,230.939,0.3555,50.008
Night_Moderate,2020-01-05 16:06:00,0.013544,231.73,0.5297,50.001
Night_Moderate,2020-01-05 16:09:00,0.013475,230.37,0.4619,49.985
Night_Moderate,2020-01-05 16:12:00,0.011174,231.995,0.4476,49.981
Night_Moderate,2020-01-05 16:15:00,0.008836,230.466,0.3879,50.002
Night_Moderate,2020-01-05 16:18:00,0.009986,232.366,0.466,50.003
Night_Moderate,2020-01-05 16:21:00,0.006712,231.133,0.3756,49.987
Night_Moderate,2020-01-05 16:24:00,0.010436,231.219,0.4736,50.001
Night_Moderate,2020-01-05 16:27:00,0.013106,231.118,0.4743,49.997
Night_Moderate,2020-01-05 16:30:00,0.009944,230.794,0.4055,49.985
Night_Moderate,2020-01-05 16:33:00,0.013198,229.291,0.4551,50.001
Night_Moderate,2020-01-05 16:36:00,0.011051,231.552,0.4981,49.99
Night_Moderate,2020-01-05 16:39:00,0.017239,229.492,0.5682,49.989
Night_Moderate,2020-01-05 16:42:00,0.009273,230.479,0.4708,50.013
Night_Moderate,2020-01-05 16:45:00,0.010101,231.928,0.4621,50.004
Night_Moderate,2020-01-05 16:48:00,0.00925,231.432,0.4353,49.968
Night_Moderate,2020-01-05 16:51:00,0.011898,229.639,0.4698,50.003
Night_Moderate,2020-01-05 16:54:00,0.011872,230.252,0.4152,49.987
Night_Moderate,2020-01-05 16:57:00,0.009497,232.0,0.4729,50.006
Night_Moderate,2020-01-05 17:00:00,0.011455,230.226,0.5246,49.986
Night_Moderate,2020-01-05 17:03:00,0.015331,231.557,0.5785,49.977
Night_Moderate,2020-01-05 17:06:00,0.010041,230.497,0.4401,50.002
Night_Moderate,2020-01-05 17:09:00,0.010228,231.89,0.4355,49.985
Night_Moderate,2020-01-05 17:12:00,0.018332,229.434,0.6357,49.978
Night_Moderate,2020-01-05 17:15:00,0.01479,229.932,0.5693,49.963
Night_Moderate,2020-01-05 17:18:00,0.018436,230.292,0.563,49.967
Night_Moderate,2020-01-05 17:21:00,0.014434,231.018,0.5001,49.998
Night_Moderate,2020-01-05 17:24:00,0.015532,230.312,0.5675,49.989
Night_Moderate,2020-01-05 17:27:00,0.010853,230.919,0.438,50.008
Night_Moderate,2020-01-05 17:30:00,0.015061,230.052,0.5214,49.997
Night_Moderate,2020-01-05 17:33:00,0.009817,231.017,0.4527,50.017
Night_Moderate,2020-01-05 17:36:00,0.009723,232.361,0.3965,49.977
Night_Moderate,2020-01-05 17:39:00,0.01513,230.701,0.5393,49.97
Night_Moderate,2020-01-05 17:42:00,0.010734,230.937,0.4641,50.015
Night_Moderate,2020-01-05 17:45:00,0.011271,230.987,0.4433,50.006
Night_Moderate,2020-01-05 17:48:00,0.01076,231.611,0.4593,49.977
Night_Moderate,2020-01-05 17:51:00,0.014476,231.107,0.461,49.982
Night_Moderate,2020-01-05 17:54:00,0.007137,231.075,0.374,49.996
Night_Moderate,2020-01-05 17:57:00,0.014227,230.364,0.522,50.008
Night_Moderate,2020-01-05 18:00:00,0.016755,230.829,0.5239,49.976
Night_Moderate,2020-01-05 18:03:00,0.015231,230.628,0.4939,49.993
Night_Moderate,2020-01-05 18:06:00,0.017324,231.042,0.562,49.988
Night_Moderate,2020-01-05 18:09:00,0.018307,229.75,0.5109,49.988
Night_Moderate,2020-01-05 18:12:00,0.01047,231.679,0.4152,50.003
Night_Moderate,2020-01-05 18:15:00,0.01333,230.028,0.5037,49.997
Night_Moderate,2020-01-05 18:18:00,0.011225,231.98,0.4389,49.969
Night_Moderate,2020-01-05 18:21:00,0.013891,231.167,0.5625,50.016
Night_Moderate,2020-01-05 18:24:00,0.020042,231.409,0.5254,50.02
Night_Moderate,2020-01-05 18:27:00,0.019769,231.438,0.5935,49.979
Night_Moderate,2020-01-05 18:30:00,0.014815,230.4,0.5338,49.976
Night_Moderate,2020-01-05 18:33:00,0.021556,229.965,0.6121,49.987
Night_Moderate,2020-01-05 18:36:00,0.020118,230.499,0.6349,50.0
Night_Moderate,2020-01-05 18:39:00,0.017789,230.908,0.5858,49.984
Night_Moderate,2020-01-05 18:42:00,0.012852,231.476,0.4632,50.002
Night_Moderate,2020-01-05 18:45:00,0.020392,230.766,0.6028,49.981
Night_Moderate,2020-01-05 18:48:00,0.01391,231.395,0.5154,50.023
Night_Moderate,2020-01-05 18:51:00,0.016302,230.261,0.5391,49.996
Night_Moderate,2020-01-05 18:54:00,0.011178,230.568,0.4521,50.009
Night_Moderate,2020-01-05 18:57:00,0.018774,229.98,0.6221,50.011
Night_Moderate,2020-01-05 19:00:00,0.016147,230.064,0.5942,49.995
Night_Moderate,2020-01-05 19:03:00,0.015696,229.99,0.4979,49.981
Night_Moderate,2020-01-05 19:06:00,0.016452,231.769,0.5721,49.982
Night_Moderate,2020-01-05 19:09:00,0.015353,229.943,0.6311,50.0
Night_Moderate,2020-01-05 19:12:00,0.02249,230.026,0.7089,50.01
Night_Moderate,2020-01-05 19:15:00,0.015837,230.921,0.5271,49.994
Night_Moderate,2020-01-05 19:18:00,0.018015,231.156,0.6451,49.984
Night_Moderate,2020-01-05 19:21:00,0.022433,230.959,0.6242,49.988
Night_Moderate,2020-01-05 19:24:00,0.022892,231.866,0.6562,49.993
Night_Moderate,2020-01-05 19:27:00,0.024154,230.537,0.6851,49.98
Night_Moderate,2020-01-05 19:30:00,0.023501,229.176,0.7209,49.997
Night_Moderate,2020-01-05 19:33:00,0.0224,230.405,0.6644,49.992
Night_Moderate,2020-01-05 19:36:00,0.019224,229.75,0.5925,50.015
Night_Moderate,2020-01-05 19:39:00,0.02001,228.9,0.6189,49.977
Night_Moderate,2020-01-05 19:42:00,0.02859,228.519,0.6849,49.974
Night_Moderate,2020-01-05 19:45:00,0.012848,231.475,0.4605,49.985
Night_Moderate,2020-01-05 19:48:00,0.022099,229.845,0.6162,49.993
Night_Moderate,2020-01-05 19:51:00,0.020501,230.661,0.6525,49.978
Night_Moderate,2020-01-05 19:54:00,0.024792,230.556,0.7067,49.984
Night_Moderate,2020-01-05 19:57:00,0.015383,230.487,0.5843,49.996
Night_Moderate,2020-01-05 20:00:00,0.027981,230.534,0.7558,49.981
Night_Moderate,2020-01-05 20:03:00,0.017438,230.63,0.5674,49.998
Night_Moderate,2020-01-05 20:06:00,0.015991,231.327,0.5995,49.997
Night_Moderate,2020-01-05 20:09:00,0.01558,231.8,0.5312,49.992
Night_Moderate,2020-01-05 20:12:00,0.027801,228.962,0.7713,49.979
Night_Moderate,2020-01-05 20:15:00,0.025818,230.902,0.7174,49.994
Night_Moderate,2020-01-05 20:18:00,0.022013,229.725,0.6192,49.972
Night_Moderate,2020-01-05 20:21:00,0.013264,231.02,0.4832,50.001
Night_Moderate,2020-01-05 20:24:00,0.021484,228.577,0.6425,50.0
Night_Moderate,2020-01-05 20:27:00,0.032162,228.145,0.7896,49.99
Night_Moderate,2020-01-05 20:30:00,0.019697,229.223,0.6391,49.979
Night_Moderate,2020-01-05 20:33:00,0.026187,229.772,0.6703,49.987
Night_Moderate,2020-01-05 20:36:00,0.037797,228.81,0.929,49.983
Night_Moderate,2020-01-05 20:39:00,0.03251,228.958,0.8135,49.996
Night_Moderate,2020-01-05 20:42:00,0.027873,229.393,0.7298,49.98
Night_Moderate,2020-01-05 20:45:00,0.027471,229.864,0.7309,49.991
Night_Moderate,2020-01-05 20:48:00,0.024081,230.848,0.6716,49.979
Night_Moderate,2020-01-05 20:51:00,0.03342,229.215,0.8783,49.97
Night_Moderate,2020-01-05 20:54:00,0.033829,227.537,0.8638,49.964
Night_Moderate,2020-01-05 20:57:00,0.030471,228.72,0.7868,49.978
Night_Moderate,2020-01-05 21:00:00,0.025328,230.23,0.7194,49.988
Night_Moderate,2020-01-05 21:03:00,0.033863,230.736,0.845,50.002
Night_Moderate,2020-01-05 21:06:00,0.02381,229.825,0.7268,49.995
Night_Moderate,2020-01-05 21:09:00,0.027148,229.158,0.7304,49.98
Night_Moderate,2020-01-05 21:12:00,0.030721,229.152,0.7832,49.976
Night_Moderate,2020-01-05 21:15:00,0.03506,229.814,0.878,49.967
Night_Moderate,2020-01-05 21:18:00,0.041852,229.96,0.9535,50.005
Night_Moderate,2020-01-05 21:21:00,0.02955,230.564,0.7123,49.969
Night_Moderate,2020-01-05 21:24:00,0.03294,230.733,0.8546,49.955
Night_Moderate,2020-01-05 21:27:00,0.031729,229.632,0.8503,49.995
Night_Moderate,2020-01-05 21:30:00,0.034748,229.716,0.8806,49.987
Night_Moderate,2020-01-05 21:33:00,0.035476,229.404,0.8765,49.986
Night_Moderate,2020-01-05 21:36:00,0.039205,228.798,0.983,49.967
Night_Moderate,2020-01-05 21:39:00,0.030099,229.786,0.7646,50.013
Night_Moderate,2020-01-05 21:42:00,0.030897,229.844,0.7802,49.991
Night_Moderate,2020-01-05 21:45:00,0.028085,229.309,0.774,49.989
Night_Moderate,2020-01-05 21:48:00,0.034497,229.159,0.8631,49.977
Night_Moderate,2020-01-05 21:51:00,0.029397,228.195,0.7757,49.998
Night_Moderate,2020-01-05 21:54:00,0.031261,230.387,0.838,49.98
Night_Moderate,2020-01-05 21:57:00,0.038333,228.613,0.9283,49.978
Night_Moderate,2020-01-05 22:00:00,0.045727,228.168,1.0817,49.978
Night_Moderate,2020-01-05 22:03:00,0.036976,227.933,0.9574,49.985
Night_Moderate,2020-01-05 22:06:00,0.039622,229.195,0.9833,49.974
Night_Moderate,2020-01-05 22:09:00,0.031029,231.037,0.7908,49.988
Night_Moderate,2020-01-05 22:12:00,0.034059,229.407,0.8942,50.004
Night_Moderate,2020-01-05 22:15:00,0.024386,229.04,0.6734,49.987
Night_Moderate,2020-01-05 22:18:00,0.026631,230.583,0.7529,49.97
Night_Moderate,2020-01-05 22:21:00,0.036499,229.364,0.8918,49.99
Night_Moderate,2020-01-05 22:24:00,0.034268,229.858,0.8236,49.98
Night_Moderate,2020-01-05 22:27:00,0.037796,228.326,0.9431,49.965
Night_Moderate,2020-01-05 22:30:00,0.032312,230.824,0.8283,49.976
Night_Moderate,2020-01-05 22:33:00,0.033535,229.328,0.8334,50.011
Night_Moderate,2020-01-05 22:36:00,0.039623,228.638,0.9596,49.967
Night_Moderate,2020-01-05 22:39:00,0.03135,229.29,0.7627,49.979
Night_Moderate,2020-01-05 22:42:00,0.026667,229.991,0.7476,49.992
Night_Moderate,2020-01-05 22:45:00,0.040693,228.845,0.9863,49.978
Night_Moderate,2020-01-05 22:48:00,0.029677,230.178,0.8443,49.967
Night_Moderate,2020-01-05 22:51:00,0.035711,228.771,0.9381,49.988
Night_Moderate,2020-01-05 22:54:00,0.024986,227.213,0.6444,50.011
Night_Moderate,2020-01-05 22:57:00,0.045062,227.535,1.0324,49.99
Night_Moderate,2020-01-05 23:00:00,0.047827,227.355,1.0601,49.973
Night_Moderate,2020-01-05 23:03:00,0.032428,230.031,0.8052,49.991
Night_Moderate,2020-01-05 23:06:00,0.046927,228.344,1.0855,49.99
Night_Moderate,2020-01-05 23:09:00,0.047744,228.145,1.1256,49.985
Night_Moderate,2020-01-05 23:12:00,0.044359,227.738,1.0702,49.981
Night_Moderate,2020-01-05 23:15:00,0.04261,226.936,1.0642,49.984
Night_Moderate,2020-01-05 23:18:00,0.041449,228.631,1.0159,49.972
Night_Moderate,2020-01-05 23:21:00,0.027689,229.722,0.7171,49.993
Night_Moderate,2020-01-05 23:24:00,0.046784,227.172,1.0809,49.975
Night_Moderate,2020-01-05 23:27:00,0.053037,227.419,1.2413,49.965
Night_Moderate,2020-01-05 23:30:00,0.032967,228.238,0.8683,49.988
Night_Moderate,2020-01-05 23:33:00,0.050025,227.451,1.1406,49.97
Night_Moderate,2020-01-05 23:36:00,0.042749,228.928,1.0465,49.966
Night_Moderate,2020-01-05 23:39:00,0.037032,229.958,0.9018,49.96
Night_Moderate,2020-01-05 23:42:00,0.047785,227.388,1.1552,49.953
Night_Moderate,2020-01-05 23:45:00,0.023593,228.282,0.6952,50.002
Night_Moderate,2020-01-05 23:48:00,0.041449,228.04,0.9495,49.999
Night_Moderate,2020-01-05 23:51:00,0.045211,227.653,1.067,49.986
Night_Moderate,2020-01-05 23:54:00,0.061712,226.056,1.343,49.976
Night_Moderate,2020-01-05 23:57:00,0.04584,226.07,1.0499,49.977
Night_Moderate,2020-01-06 00:00:00,0.042762,227.357,0.9756,49.988
Night_Moderate,2020-01-06 00:03:00,0.026514,229.528,0.6687,49.983
Night_Moderate,2020-01-06 00:06:00,0.041214,228.113,1.0021,49.973
Night_Moderate,2020-01-06 00:09:00,0.056428,227.428,1.2978,49.982
Night_Moderate,2020-01-06 00:12:00,0.048203,226.894,1.1385,49.973
Night_Moderate,2020-01-06 00:15:00,0.041283,229.079,0.9949,49.997
Night_Moderate,2020-01-06 00:18:00,0.037429,230.707,0.8941,49.979
Night_Moderate,2020-01-06 00:21:00,0.044154,227.144,1.0193,49.966
Night_Moderate,2020-01-06 00:24:00,0.039207,228.733,0.9473,49.972
Night_Moderate,2020-01-06 00:27:00,0.04459,228.816,1.0502,49.966
Night_Moderate,2020-01-06 00:30:00,0.043042,228.427,1.0051,49.984
Night_Moderate,2020-01-06 00:33:00,0.057124,225.716,1.2882,49.988
Night_Moderate,2020-01-06 00:36:00,0.041735,228.615,1.0173,50.002
Night_Moderate,2020-01-06 00:39:00,0.043573,227.76,1.024,49.965
Night_Moderate,2020-01-06 00:42:00,0.045913,226.611,1.1014,49.962
Night_Moderate,2020-01-06 00:45:00,0.035245,229.969,0.8996,49.983
Night_Moderate,2020-01-06 00:48:00,0.038378,227.914,0.9531,49.974
Night_Moderate,2020-01-06 00:51:00,0.036574,228.272,0.831,49.981
Night_Moderate,2020-01-06 00:54:00,0.040088,227.531,0.9251,49.969
Night_Moderate,2020-01-06 00:57:00,0.028964,229.395,0.7453,49.977
Night_Moderate,2020-01-06 01:00:00,0.049127,226.923,1.1388,49.971
Night_Moderate,2020-01-06 01:03:00,0.033117,228.567,0.8459,49.975
Night_Moderate,2020-01-06 01:06:00,0.03869,229.018,0.9176,49.98
Night_Moderate,2020-01-06 01:09:00,0.050082,226.318,1.1549,49.995
Night_Moderate,2020-01-06 01:12:00,0.046136,228.712,1.0974,49.973
Night_Moderate,2020-01-06 01:15:00,0.039955,230.219,0.9901,49.986
Night_Moderate,2020-01-06 01:18:00,0.05156,226.48,1.1003,49.975
Night_Moderate,2020-01-06 01:21:00,0.044403,228.296,0.9864,49.98
Night_Moderate,2020-01-06 01:24:00,0.056729,227.139,1.257,49.98
Night_Moderate,2020-01-06 01:27:00,0.038947,230.201,0.9093,49.987
Night_Moderate,2020-01-06 01:30:00,0.045157,227.955,1.0844,49.983
Night_Moderate,2020-01-06 01:33:00,0.041971,228.264,1.0077,49.99
Night_Moderate,2020-01-06 01:36:00,0.034662,228.933,0.8809,49.983
Night_Moderate,2020-01-06 01:39:00,0.050932,226.648,1.1932,49.966
Night_Moderate,2020-01-06 01:42:00,0.047347,227.471,1.0818,49.964
Night_Moderate,2020-01-06 01:45:00,0.021152,230.717,0.5904,49.993
Night_Moderate,2020-01-06 01:48:00,0.038164,229.982,0.9185,49.982
Night_Moderate,2020-01-06 01:51:00,0.056912,226.882,1.2756,49.971
Night_Moderate,2020-01-06 01:54:00,0.04259,227.602,0.9523,49.998
Night_Moderate,2020-01-06 01:57:00,0.043476,228.229,1.0073,49.969
Night_Moderate,2020-01-06 02:00:00,0.029966,227.932,0.8055,49.985
Night_Moderate,2020-01-06 02:03:00,0.046784,228.655,1.0466,49.975
Night_Moderate,2020-01-06 02:06:00,0.030978,230.002,0.765,49.987
Night_Moderate,2020-01-06 02:09:00,0.034182,229.403,0.8508,49.966
Night_Moderate,2020-01-06 02:12:00,0.04882,227.392,1.1491,49.977
Night_Moderate,2020-01-06 02:15:00,0.068748,226.842,1.4625,49.965
Night_Moderate,2020-01-06 02:18:00,0.040116,228.401,0.9924,49.979
Night_Moderate,2020-01-06 02:21:00,0.031627,229.127,0.8782,50.002
Night_Moderate,2020-01-06 02:24:00,0.0372,228.796,0.9132,49.993
Night_Moderate,2020-01-06 02:27:00,0.041951,229.386,0.9607,49.962
Night_Moderate,2020-01-06 02:30:00,0.033151,229.677,0.8512,49.963
Night_Moderate,2020-01-06 02:33:00,0.05241,226.883,1.1731,49.969
Night_Moderate,2020-01-06 02:36:00,0.046738,227.218,1.1311,49.991
Night_Moderate,2020-01-06 02:39:00,0.039626,228.338,0.9394,49.99
Night_Moderate,2020-01-06 02:42:00,0.058123,227.592,1.3102,49.985
Night_Moderate,2020-01-06 02:45:00,0.049137,228.753,1.149,49.994
Night_Moderate,2020-01-06 02:48:00,0.024778,230.083,0.6903,49.983
Night_Moderate,2020-01-06 02:51:00,0.038132,229.12,0.8676,49.975
Night_Moderate,2020-01-06 02:54:00,0.037074,229.296,0.9103,49.991
Night_Moderate,2020-01-06 02:57:00,0.047996,228.482,1.0795,49.96
Night_Moderate,2020-01-06 03:00:00,0.039133,229.266,0.9367,49.977
Night_Moderate,2020-01-06 03:03:00,0.034622,228.698,0.9301,49.993
Night_Moderate,2020-01-06 03:06:00,0.030003,229.555,0.802,49.97
Night_Moderate,2020-01-06 03:09:00,0.035276,229.829,0.8764,49.99
Night_Moderate,2020-01-06 03:12:00,0.033263,229.987,0.8546,50.005
Night_Moderate,2020-01-06 03:15:00,0.023603,227.965,0.6401,49.972
Night_Moderate,2020-01-06 03:18:00,0.03828,228.001,0.9214,49.998
Night_Moderate,2020-01-06 03:21:00,0.026968,229.049,0.8098,49.973
Night_Moderate,2020-01-06 03:24:00,0.026649,230.884,0.7732,49.989
Night_Moderate,2020-01-06 03:27:00,0.023451,230.81,0.7236,49.973
Night_Moderate,2020-01-06 03:30:00,0.036262,227.227,0.9192,49.987
Night_Moderate,2020-01-06 03:33:00,0.032407,229.003,0.8313,49.968
Night_Moderate,2020-01-06 03:36:00,0.032412,230.848,0.8429,49.971
Night_Moderate,2020-01-06 03:39:00,0.027354,227.762,0.7275,49.998
Night_Moderate,2020-01-06 03:42:00,0.034775,228.846,0.9175,49.978
Night_Moderate,2020-01-06 03:45:00,0.035892,227.855,0.8857,49.994
Night_Moderate,2020-01-06 03:48:00,0.031367,229.399,0.8212,50.006
Night_Moderate,2020-01-06 03:51:00,0.02738,229.764,0.8042,49.996
Night_Moderate,2020-01-06 03:54:00,0.030838,227.561,0.8334,49.984
Night_Moderate,2020-01-06 03:57:00,0.029175,228.15,0.7995,49.992
Night_Moderate,2020-01-06 04:00:00,0.038698,229.011,0.9375,49.99
Night_Moderate,2020-01-06 04:03:00,0.027789,229.491,0.747,49.986
Night_Moderate,2020-01-06 04:06:00,0.033696,229.584,0.8674,49.989
Night_Moderate,2020-01-06 04:09:00,0.030235,228.811,0.7591,49.969
Night_Moderate,2020-01-06 04:12:00,0.01478,231.214,0.4325,49.983
Night_Moderate,2020-01-06 04:15:00,0.030114,230.024,0.7602,49.971
Night_Moderate,2020-01-06 04:18:00,0.01218,230.4,0.4342,49.998
Night_Moderate,2020-01-06 04:21:00,0.034572,229.385,0.8459,49.998
Night_Moderate,2020-01-06 04:24:00,0.027663,230.932,0.7929,49.986
Night_Moderate,2020-01-06 04:27:00,0.034585,228.717,0.8448,49.983
Night_Moderate,2020-01-06 04:30:00,0.027711,230.096,0.7111,50.013
Night_Moderate,2020-01-06 04:33:00,0.023571,229.838,0.7378,49.971
Night_Moderate,2020-01-06 04:36:00,0.025632,229.381,0.6871,49.991
Night_Moderate,2020-01-06 04:39:00,0.028157,229.289,0.7711,49.99
Night_Moderate,2020-01-06 04:42:00,0.023878,231.943,0.6573,50.005
Night_Moderate,2020-01-06 04:45:00,0.021422,231.153,0.5957,49.983
Night_Moderate,2020-01-06 04:48:00,0.02022,231.584,0.6595,49.997
Night_Moderate,2020-01-06 04:51:00,0.021873,231.161,0.666,50.009
Night_Moderate,2020-01-06 04:54:00,0.019875,229.981,0.6494,49.982
Night_Moderate,2020-01-06 04:57:00,0.028032,230.049,0.7858,49.99
Night_Moderate,2020-01-06 05:00:00,0.018608,229.845,0.6443,49.996
Night_Moderate,2020-01-06 05:03:00,0.025118,229.552,0.7314,49.99
Night_Moderate,2020-01-06 05:06:00,0.018408,231.22,0.5872,50.011
Night_Moderate,2020-01-06 05:09:00,0.022656,229.783,0.676,50.005
Night_Moderate,2020-01-06 05:12:00,0.023368,230.183,0.7265,49.98
Night_Moderate,2020-01-06 05:15:00,0.023584,228.905,0.6824,49.986
Night_Moderate,2020-01-06 05:18:00,0.026681,229.13,0.7531,49.995
Night_Moderate,2020-01-06 05:21:00,0.018889,230.541,0.585,50.011
Night_Moderate,2020-01-06 05:24:00,0.014594,229.627,0.5265,49.979
Night_Moderate,2020-01-06 05:27:00,0.019999,229.926,0.5652,49.999
Night_Moderate,2020-01-06 05:30:00,0.026538,229.382,0.7022,49.996
Night_Moderate,2020-01-06 05:33:00,0.007008,231.199,0.3443,50.006
Night_Moderate,2020-01-06 05:36:00,0.029642,229.916,0.7646,49.979
Night_Moderate,2020-01-06 05:39:00,0.018358,229.444,0.623,50.002
Night_Moderate,2020-01-06 05:42:00,0.030029,230.158,0.8141,49.992
Night_Moderate,2020-01-06 05:45:00,0.017918,230.665,0.5735,49.976
Night_Moderate,2020-01-06 05:48:00,0.024001,229.754,0.7227,49.979
Night_Moderate,2020-01-06 05:51:00,0.022167,229.419,0.6352,49.995
Night_Moderate,2020-01-06 05:54:00,0.017771,229.928,0.5645,49.995
Night_Moderate,2020-01-06 05:57:00,0.018406,230.407,0.5737,49.998
Night_Moderate,2020-01-06 06:00:00,0.02338,229.577,0.668,50.002
Night_Moderate,2020-01-06 06:03:00,0.0271,229.674,0.7051,49.99
Night_Moderate,2020-01-06 06:06:00,0.016499,230.127,0.614,49.983
Night_Moderate,2020-01-06 06:09:00,0.014684,231.791,0.4726,49.983
Night_Moderate,2020-01-06 06:12:00,0.017435,229.418,0.6058,49.986
Night_Moderate,2020-01-06 06:15:00,0.013295,231.875,0.4291,49.995
Night_Moderate,2020-01-06 06:18:00,0.010408,230.71,0.4542,50.003
Night_Moderate,2020-01-06 06:21:00,0.017326,230.916,0.555,49.987
Night_Moderate,2020-01-06 06:24:00,0.020173,229.716,0.5704,50.003
Night_Moderate,2020-01-06 06:27:00,0.019975,230.953,0.615,49.993
Night_Moderate,2020-01-06 06:30:00,0.012992,232.407,0.4941,49.979
Night_Moderate,2020-01-06 06:33:00,0.014225,231.03,0.4287,49.999
Night_Moderate,2020-01-06 06:36:00,0.010526,231.86,0.4662,49.984
Night_Moderate,2020-01-06 06:39:00,0.006696,230.86,0.3261,49.993
Night_Moderate,2020-01-06 06:42:00,0.016485,230.513,0.5979,49.964
Night_Moderate,2020-01-06 06:45:00,0.013422,230.016,0.4338,49.977
Night_Moderate,2020-01-06 06:48:00,0.018873,229.724,0.6091,49.977
Night_Moderate,2020-01-06 06:51:00,0.012418,230.744,0.4857,50.009
Night_Moderate,2020-01-06 06:54:00,0.01537,231.375,0.5556,49.981
Night_Moderate,2020-01-06 06:57:00,0.014491,231.082,0.5377,49.984
Night_Moderate,2020-01-06 07:00:00,0.015293,231.279,0.4498,50.006
Night_Moderate,2020-01-06 07:03:00,0.010101,230.843,0.417,49.997
Night_Moderate,2020-01-06 07:06:00,0.015729,231.053,0.5231,49.999
Night_Moderate,2020-01-06 07:09:00,0.013915,230.076,0.5618,50.006
Night_Moderate,2020-01-06 07:12:00,0.015961,230.492,0.5676,49.97
Night_Moderate,2020-01-06 07:15:00,0.017641,229.117,0.5689,49.994
Night_Moderate,2020-01-06 07:18:00,0.012749,229.991,0.4445,49.971
Night_Moderate,2020-01-06 07:21:00,0.015092,231.372,0.5012,49.994
Night_Moderate,2020-01-06 07:24:00,0.007126,231.513,0.4066,50.02
Night_Moderate,2020-01-06 07:27:00,0.013232,231.022,0.529,49.983
Night_Moderate,2020-01-06 07:30:00,0.010104,231.455,0.4709,50.01
Night_Moderate,2020-01-06 07:33:00,0.013021,230.833,0.5454,49.992
Night_Moderate,2020-01-06 07:36:00,0.009155,230.204,0.423,49.989
Night_Moderate,2020-01-06 07:39:00,0.013396,232.197,0.4692,49.988
Night_Moderate,2020-01-06 07:42:00,0.010681,231.582,0.4521,49.999
Night_Moderate,2020-01-06 07:45:00,0.011056,229.971,0.4654,50.008
Night_Moderate,2020-01-06 07:48:00,0.011696,231.322,0.4363,50.006
Night_Moderate,2020-01-06 07:51:00,0.007377,231.649,0.4096,49.98
Night_Moderate,2020-01-06 07:54:00,0.010315,229.392,0.5469,49.991
Night_Moderate,2020-01-06 07:57:00,0.011517,230.903,0.4814,49.994
Night_Moderate,2020-01-06 08:00:00,0.014009,230.909,0.5155,49.991
Night_Moderate,2020-01-06 08:03:00,0.012316,230.595,0.4552,50.022
Night_Moderate,2020-01-06 08:06:00,0.012413,230.892,0.4915,50.005
Night_Moderate,2020-01-06 08:09:00,0.010832,231.379,0.458,49.973
Night_Moderate,2020-01-06 08:12:00,0.011595,230.769,0.4946,49.979
Night_Moderate,2020-01-06 08:15:00,0.011661,230.387,0.4754,49.991
Night_Moderate,2020-01-06 08:18:00,0.014352,231.968,0.5205,49.985
Night_Moderate,2020-01-06 08:21:00,0.011445,232.908,0.4922,50.006
Night_Moderate,2020-01-06 08:24:00,0.009196,230.638,0.4292,50.022
Night_Moderate,2020-01-06 08:27:00,0.014439,231.347,0.5279,49.979
Night_Moderate,2020-01-06 08:30:00,0.012672,230.516,0.5005,49.996
Night_Moderate,2020-01-06 08:33:00,0.010528,231.543,0.4749,50.015
Night_Moderate,2020-01-06 08:36:00,0.011978,232.059,0.4981,49.988
Night_Moderate,2020-01-06 08:39:00,0.010969,230.958,0.4998,50.005
Night_Moderate,2020-01-06 08:42:00,0.009662,232.529,0.3985,50.007
Night_Moderate,2020-01-06 08:45:00,0.007713,230.909,0.396,50.0
Night_Moderate,2020-01-06 08:48:00,0.008201,231.035,0.497,49.975
Night_Moderate,2020-01-06 08:51:00,0.012495,232.374,0.4614,50.003
Night_Moderate,2020-01-06 08:54:00,0.011875,230.977,0.405,49.988
Night_Moderate,2020-01-06 08:57:00,0.010107,231.08,0.4768,50.002
Night_Moderate,2020-01-06 09:00:00,0.013553,231.744,0.5344,50.015
Night_Moderate,2020-01-06 09:03:00,0.010511,232.942,0.4872,49.999
Night_Moderate,2020-01-06 09:06:00,0.011071,231.687,0.4093,49.994
Night_Moderate,2020-01-06 09:09:00,0.012976,229.978,0.4694,49.998
Night_Moderate,2020-01-06 09:12:00,0.011054,230.866,0.455,50.0
Night_Moderate,2020-01-06 09:15:00,0.01365,231.346,0.5329,49.981
Night_Moderate,2020-01-06 09:18:00,0.012937,230.043,0.4285,49.988
Night_Moderate,2020-01-06 09:21:00,0.011203,230.386,0.4717,50.004
Night_Moderate,2020-01-06 09:24:00,0.010654,230.823,0.4372,50.013
Night_Moderate,2020-01-06 09:27:00,0.010969,231.329,0.4407,50.013
Night_Moderate,2020-01-06 09:30:00,0.010919,231.785,0.4678,50.017
Night_Moderate,2020-01-06 09:33:00,0.00532,231.618,0.3773,49.989
Night_Moderate,2020-01-06 09:36:00,0.01052,230.978,0.4412,49.995
Night_Moderate,2020-01-06 09:39:00,0.00874,232.368,0.4904,49.985
Night_Moderate,2020-01-06 09:42:00,0.011826,231.457,0.4791,50.003
Night_Moderate,2020-01-06 09:45:00,0.011563,229.98,0.4823,49.987
Night_Moderate,2020-01-06 09:48:00,0.007761,229.619,0.3757,50.005
Night_Moderate,2020-01-06 09:51:00,0.010124,231.006,0.4746,49.988
Night_Moderate,2020-01-06 09:54:00,0.006961,231.27,0.3619,50.001
Night_Moderate,2020-01-06 09:57:00,0.009023,231.818,0.4279,49.982
Night_Moderate,2020-01-06 10:00:00,0.011966,232.56,0.4708,49.998
Night_Moderate,2020-01-06 10:03:00,0.009684,231.12,0.3982,49.977
Night_Moderate,2020-01-06 10:06:00,0.012791,230.755,0.4272,50.008
Night_Moderate,2020-01-06 10:09:00,0.012161,230.547,0.4382,49.989
Night_Moderate,2020-01-06 10:12:00,0.009489,231.766,0.5032,49.997
Night_Moderate,2020-01-06 10:15:00,0.009589,232.007,0.4218,49.994
Night_Moderate,2020-01-06 10:18:00,0.00915,231.434,0.3888,49.996
Night_Moderate,2020-01-06 10:21:00,0.005137,230.574,0.3307,50.004
Night_Moderate,2020-01-06 10:24:00,0.014863,230.021,0.5127,49.988
Night_Moderate,2020-01-06 10:27:00,0.010767,229.719,0.4517,49.992
Night_Moderate,2020-01-06 10:30:00,0.00902,230.287,0.4151,50.001
Night_Moderate,2020-01-06 10:33:00,0.008734,230.434,0.4018,49.984
Night_Moderate,2020-01-06 10:36:00,0.010426,232.397,0.5196,49.997
Night_Moderate,2020-01-06 10:39:00,0.005765,230.665,0.3954,49.998
Night_Moderate,2020-01-06 10:42:00,0.011741,231.301,0.4682,49.998
Night_Moderate,2020-01-06 10:45:00,0.008224,232.698,0.4265,50.012
Night_Moderate,2020-01-06 10:48:00,0.007281,231.526,0.4007,50.002
Night_Moderate,2020-01-06 10:51:00,0.009175,230.678,0.364,49.997
Night_Moderate,2020-01-06 10:54:00,0.004895,231.514,0.3918,49.977
Night_Moderate,2020-01-06 10:57:00,0.009544,230.583,0.4209,49.981
Night_Moderate,2020-01-06 11:00:00,0.009836,231.522,0.3905,49.992
Night_Moderate,2020-01-06 11:03:00,0.010574,230.811,0.4756,49.973
Night_Moderate,2020-01-06 11:06:00,0.008796,230.872,0.3968,49.999
Night_Moderate,2020-01-06 11:09:00,0.013783,229.988,0.4658,50.012
Night_Moderate,2020-01-06 11:12:00,0.007639,232.026,0.3541,49.991
Night_Moderate,2020-01-06 11:15:00,0.011868,233.045,0.4476,49.992
Night_Moderate,2020-01-06 11:18:00,0.011607,231.587,0.4706,49.993
Night_Moderate,2020-01-06 11:21:00,0.009053,233.188,0.4165,50.001
Night_Moderate,2020-01-06 11:24:00,0.011957,231.072,0.4495,49.965
Night_Moderate,2020-01-06 11:27:00,0.00943,230.595,0.3986,50.01
Night_Moderate,2020-01-06 11:30:00,0.010415,231.008,0.4927,49.997
Night_Moderate,2020-01-06 11:33:00,0.011196,230.827,0.4645,49.986
Night_Moderate,2020-01-06 11:36:00,0.008572,231.495,0.336,50.006
Night_Moderate,2020-01-06 11:39:00,0.006739,232.12,0.3852,50.007
Night_Moderate,2020-01-06 11:42:00,0.010055,231.394,0.384,49.992
Night_Moderate,2020-01-06 11:45:00,0.010273,231.223,0.4298,49.97
Night_Moderate,2020-01-06 11:48:00,0.010207,229.896,0.4703,50.002
Night_Moderate,2020-01-06 11:51:00,0.007298,231.305,0.4047,49.969
Night_Moderate,2020-01-06 11:54:00,0.010076,230.02,0.4207,50.001
Night_Moderate,2020-01-06 11:57:00,0.00933,231.451,0.4249,49.988
Night_Moderate,2020-01-06 12:00:00,0.009635,231.133,0.4026,49.991
Night_Moderate,2020-01-06 12:03:00,0.006878,232.823,0.3646,50.0
Night_Moderate,2020-01-06 12:06:00,0.010087,232.221,0.4816,50.002
Night_Moderate,2020-01-06 12:09:00,0.00954,231.907,0.4241,50.012
Night_Moderate,2020-01-06 12:12:00,0.009396,231.691,0.4647,49.994
Night_Moderate,2020-01-06 12:15:00,0.009662,232.31,0.383,50.001
Night_Moderate,2020-01-06 12:18:00,0.010814,230.572,0.4441,50.004
Night_Moderate,2020-01-06 12:21:00,0.01153,231.385,0.5042,50.004
Night_Moderate,2020-01-06 12:24:00,0.007004,230.494,0.3038,49.991
Night_Moderate,2020-01-06 12:27:00,0.012788,230.896,0.487,50.002
Night_Moderate,2020-01-06 12:30:00,0.01061,230.472,0.4723,50.017
Night_Moderate,2020-01-06 12:33:00,0.005787,230.624,0.3947,49.997
Night_Moderate,2020-01-06 12:36:00,0.008874,232.135,0.3882,50.013
Night_Moderate,2020-01-06 12:39:00,0.010657,231.136,0.3844,49.998
Night_Moderate,2020-01-06 12:42:00,0.010383,231.003,0.457,50.008
Night_Moderate,2020-01-06 12:45:00,0.012189,231.36,0.4282,49.971
Night_Moderate,2020-01-06 12:48:00,0.009979,231.247,0.3959,49.984
Night_Moderate,2020-01-06 12:51:00,0.008851,231.465,0.4285,49.979
Night_Moderate,2020-01-06 12:54:00,0.009118,230.549,0.472,49.979
Night_Moderate,2020-01-06 12:57:00,0.007226,231.073,0.3801,50.007
Night_Moderate,2020-01-06 13:00:00,0.009965,230.738,0.432,50.0
Night_Moderate,2020-01-06 13:03:00,0.00969,232.011,0.4103,50.007
Night_Moderate,2020-01-06 13:06:00,0.008143,232.299,0.3824,49.991
Night_Moderate,2020-01-06 13:09:00,0.00754,232.874,0.4071,50.014
Night_Moderate,2020-01-06 13:12:00,0.014412,231.717,0.4852,49.989
Night_Moderate,2020-01-06 13:15:00,0.007491,230.598,0.4031,50.001
Night_Moderate,2020-01-06 13:18:00,0.008235,229.652,0.3393,49.993
Night_Moderate,2020-01-06 13:21:00,0.005027,231.695,0.4149,49.989
Night_Moderate,2020-01-06 13:24:00,0.009512,231.507,0.473,50.0
Night_Moderate,2020-01-06 13:27:00,0.008118,229.518,0.3898,50.005
Night_Moderate,2020-01-06 13:30:00,0.013001,231.373,0.4804,49.996
Night_Moderate,2020-01-06 13:33:00,0.007897,230.459,0.3845,49.987
Night_Moderate,2020-01-06 13:36:00,0.012304,231.594,0.5152,49.986
Night_Moderate,2020-01-06 13:39:00,0.011293,231.484,0.4608,49.999
Night_Moderate,2020-01-06 13:42:00,0.011988,231.287,0.4824,49.986
Night_Moderate,2020-01-06 13:45:00,0.009936,230.333,0.3724,49.994
Night_Moderate,2020-01-06 13:48:00,0.013861,229.659,0.4592,49.99
Night_Moderate,2020-01-06 13:51:00,0.008258,231.262,0.3808,49.98
Night_Moderate,2020-01-06 13:54:00,0.010229,230.865,0.4371,50.004
Night_Moderate,2020-01-06 13:57:00,0.00989,231.407,0.4156,50.006
Night_Moderate,2020-01-06 14:00:00,0.00714,231.665,0.3916,49.983
Night_Moderate,2020-01-06 14:03:00,0.012449,230.368,0.4582,49.998
Night_Moderate,2020-01-06 14:06:00,0.006529,231.656,0.3487,49.989
Night_Moderate,2020-01-06 14:09:00,0.004585,231.453,0.3459,49.988
Night_Moderate,2020-01-06 14:12:00,0.009343,229.819,0.3998,49.983
Night_Moderate,2020-01-06 14:15:00,0.010763,229.788,0.4273,49.993
Night_Moderate,2020-01-06 14:18:00,0.00572,229.241,0.3428,49.999
Night_Moderate,2020-01-06 14:21:00,0.008607,229.799,0.3698,49.998
Night_Moderate,2020-01-06 14:24:00,0.010382,231.095,0.4065,50.005
Night_Moderate,2020-01-06 14:27:00,0.009764,229.669,0.4645,50.0
Night_Moderate,2020-01-06 14:30:00,0.009496,230.378,0.4505,50.008
Night_Moderate,2020-01-06 14:33:00,0.007004,231.417,0.3984,49.99
Night_Moderate,2020-01-06 14:36:00,0.011704,231.294,0.4429,49.998
Night_Moderate,2020-01-06 14:39:00,0.006832,232.174,0.4039,49.998
Night_Moderate,2020-01-06 14:42:00,0.00943,231.442,0.3866,49.983
Night_Moderate,2020-01-06 14:45:00,0.009794,231.987,0.4138,49.997
Night_Moderate,2020-01-06 14:48:00,0.011377,231.355,0.4541,50.005
Night_Moderate,2020-01-06 14:51:00,0.00751,232.052,0.2763,49.999
Night_Moderate,2020-01-06 14:54:00,0.008137,231.628,0.3116,49.989
Night_Moderate,2020-01-06 14:57:00,0.011908,230.833,0.4209,49.992
Night_Moderate,2020-01-06 15:00:00,0.009603,229.209,0.4649,50.031
Night_Moderate,2020-01-06 15:03:00,0.013333,231.778,0.4548,49.981
Night_Moderate,2020-01-06 15:06:00,0.008656,229.958,0.4443,50.014
Night_Moderate,2020-01-06 15:09:00,0.010026,230.837,0.3242,49.984
Night_Moderate,2020-01-06 15:12:00,0.005835,231.451,0.4025,50.004
Night_Moderate,2020-01-06 15:15:00,0.012104,232.061,0.499,49.998
Night_Moderate,2020-01-06 15:18:00,0.015207,231.032,0.4721,49.976
Night_Moderate,2020-01-06 15:21:00,0.009042,231.579,0.4476,49.993
Night_Moderate,2020-01-06 15:24:00,0.004535,231.299,0.2975,50.003
Night_Moderate,2020-01-06 15:27:00,0.006683,231.803,0.3718,50.004
Night_Moderate,2020-01-06 15:30:00,0.011177,230.82,0.3666,50.01
Night_Moderate,2020-01-06 15:33:00,0.013649,230.026,0.4883,49.99
Night_Moderate,2020-01-06 15:36:00,0.013617,229.864,0.4658,49.982
Night_Moderate,2020-01-06 15:39:00,0.009895,231.432,0.4629,49.996
Night_Moderate,2020-01-06 15:42:00,0.008628,230.496,0.3251,50.004
Night_Moderate,2020-01-06 15:45:00,0.006841,231.91,0.3951,50.004
Night_Moderate,2020-01-06 15:48:00,0.007537,230.125,0.4238,50.01
Night_Moderate,2020-01-06 15:51:00,0.008765,230.997,0.3994,49.997
Night_Moderate,2020-01-06 15:54:00,0.009849,230.51,0.452,49.999
Night_Moderate,2020-01-06 15:57:00,0.008147,231.133,0.4398,49.995
Night_Moderate,2020-01-06 16:00:00,0.012183,231.626,0.4946,49.998
Night_Moderate,2020-01-06 16:03:00,0.009937,230.806,0.495,50.013
Night_Moderate,2020-01-06 16:06:00,0.011216,232.123,0.4323,49.998
Night_Moderate,2020-01-06 16:09:00,0.009019,232.583,0.3788,49.983
Night_Moderate,2020-01-06 16:12:00,0.009633,231.335,0.4029,50.007
Night_Moderate,2020-01-06 16:15:00,0.013406,230.06,0.505,50.0
Night_Moderate,2020-01-06 16:18:00,0.00963,230.377,0.4065,50.014
Night_Moderate,2020-01-06 16:21:00,0.009258,231.508,0.4568,49.994
Night_Moderate,2020-01-06 16:24:00,0.005864,230.076,0.2783,49.998
Night_Moderate,2020-01-06 16:27:00,0.009313,230.103,0.5019,50.006
Night_Moderate,2020-01-06 16:30:00,0.013221,231.655,0.5023,50.004
Night_Moderate,2020-01-06 16:33:00,0.013288,230.425,0.5595,49.977
Night_Moderate,2020-01-06 16:36:00,0.008866,232.423,0.3875,49.99
Night_Moderate,2020-01-06 16:39:00,0.010632,232.202,0.3823,49.987
Night_Moderate,2020-01-06 16:42:00,0.007024,231.509,0.3549,50.016
Night_Moderate,2020-01-06 16:45:00,0.009341,230.908,0.4217,49.993
Night_Moderate,2020-01-06 16:48:00,0.010839,230.729,0.4412,49.974
Night_Moderate,2020-01-06 16:51:00,0.008805,230.005,0.4361,49.998
Night_Moderate,2020-01-06 16:54:00,0.01474,230.067,0.4971,49.981
Night_Moderate,2020-01-06 16:57:00,0.012439,232.048,0.4712,49.996
Night_Moderate,2020-01-06 17:00:00,0.011839,228.862,0.4877,50.001
Night_Moderate,2020-01-06 17:03:00,0.008477,232.024,0.4507,49.997
Night_Moderate,2020-01-06 17:06:00,0.012539,231.046,0.4937,50.014
Night_Moderate,2020-01-06 17:09:00,0.010326,231.668,0.4241,49.99
Night_Moderate,2020-01-06 17:12:00,0.011807,230.455,0.4596,50.013
Night_Moderate,2020-01-06 17:15:00,0.011864,231.327,0.4364,49.997
Night_Moderate,2020-01-06 17:18:00,0.013167,231.488,0.4687,50.002
Night_Moderate,2020-01-06 17:21:00,0.013439,230.14,0.5255,50.0
Night_Moderate,2020-01-06 17:24:00,0.012041,230.047,0.456,49.996
Night_Moderate,2020-01-06 17:27:00,0.009262,232.055,0.435,49.989
Night_Moderate,2020-01-06 17:30:00,0.016349,230.559,0.5474,50.006
Night_Moderate,2020-01-06 17:33:00,0.012642,231.476,0.5121,50.01
Night_Moderate,2020-01-06 17:36:00,0.01231,231.164,0.4927,49.987
Night_Moderate,2020-01-06 17:39:00,0.018827,229.813,0.603,49.964
Night_Moderate,2020-01-06 17:42:00,0.009891,231.965,0.4531,49.997
Night_Moderate,2020-01-06 17:45:00,0.016376,230.581,0.5509,50.022
Night_Moderate,2020-01-06 17:48:00,0.011133,231.019,0.472,49.999
Night_Moderate,2020-01-06 17:51:00,0.013194,229.583,0.5314,50.012
Night_Moderate,2020-01-06 17:54:00,0.01456,230.146,0.4929,49.988
Night_Moderate,2020-01-06 17:57:00,0.017012,230.871,0.5472,50.005
Night_Moderate,2020-01-06 18:00:00,0.016697,229.256,0.5514,49.981
Night_Moderate,2020-01-06 18:03:00,0.012053,231.871,0.491,49.994
Night_Moderate,2020-01-06 18:06:00,0.015849,230.028,0.5114,49.97
Night_Moderate,2020-01-06 18:09:00,0.017796,230.282,0.6077,49.987
Night_Moderate,2020-01-06 18:12:00,0.018753,229.966,0.6437,49.997
Night_Moderate,2020-01-06 18:15:00,0.014703,232.016,0.5137,50.004
Night_Moderate,2020-01-06 18:18:00,0.019016,229.154,0.5886,49.996
Night_Moderate,2020-01-06 18:21:00,0.012662,229.593,0.5722,50.021
Night_Moderate,2020-01-06 18:24:00,0.008662,231.304,0.4538,50.003
Night_Moderate,2020-01-06 18:27:00,0.013806,230.548,0.4779,50.012
Night_Moderate,2020-01-06 18:30:00,0.015844,230.249,0.5162,49.985
Night_Moderate,2020-01-06 18:33:00,0.016492,231.688,0.5177,50.005
Night_Moderate,2020-01-06 18:36:00,0.019105,230.091,0.5132,49.997
Night_Moderate,2020-01-06 18:39:00,0.017973,230.41,0.564,50.013
Night_Moderate,2020-01-06 18:42:00,0.01524,230.044,0.5509,50.017
Night_Moderate,2020-01-06 18:45:00,0.017749,229.612,0.5761,49.998
Night_Moderate,2020-01-06 18:48:00,0.021788,229.439,0.6939,49.975
Night_Moderate,2020-01-06 18:51:00,0.023503,231.143,0.64,49.989
Night_Moderate,2020-01-06 18:54:00,0.01343,231.212,0.5101,49.974
Night_Moderate,2020-01-06 18:57:00,0.016356,230.534,0.5949,50.004
Night_Moderate,2020-01-06 19:00:00,0.014011,230.49,0.4768,49.99
Night_Moderate,2020-01-06 19:03:00,0.017095,229.28,0.579,49.978
Night_Moderate,2020-01-06 19:06:00,0.022625,228.763,0.6946,49.992
Night_Moderate,2020-01-06 19:09:00,0.015363,231.394,0.5277,49.985
Night_Moderate,2020-01-06 19:12:00,0.017756,229.712,0.5788,50.003
Night_Moderate,2020-01-06 19:15:00,0.020867,230.226,0.6648,49.996
Night_Moderate,2020-01-06 19:18:00,0.01547,230.216,0.4834,50.008
Night_Moderate,2020-01-06 19:21:00,0.021979,230.771,0.6348,50.006
Night_Moderate,2020-01-06 19:24:00,0.019703,230.436,0.5781,50.0
Night_Moderate,2020-01-06 19:27:00,0.019865,229.821,0.5927,49.993
Night_Moderate,2020-01-06 19:30:00,0.026613,229.173,0.6911,49.963
Night_Moderate,2020-01-06 19:33:00,0.01914,231.647,0.6944,49.996
Night_Moderate,2020-01-06 19:36:00,0.023204,229.0,0.5815,50.027
Night_Moderate,2020-01-06 19:39:00,0.019732,229.362,0.635,49.998
Night_Moderate,2020-01-06 19:42:00,0.019024,230.119,0.5475,49.978
Night_Moderate,2020-01-06 19:45:00,0.028428,228.841,0.6903,49.994
Night_Moderate,2020-01-06 19:48:00,0.027608,229.146,0.7639,49.975
Night_Moderate,2020-01-06 19:51:00,0.023307,229.766,0.6042,50.003
Night_Moderate,2020-01-06 19:54:00,0.021889,228.565,0.6067,49.985
Night_Moderate,2020-01-06 19:57:00,0.023122,230.255,0.6675,49.976
Night_Moderate,2020-01-06 20:00:00,0.025488,229.537,0.738,49.98
Night_Moderate,2020-01-06 20:03:00,0.021462,229.364,0.6226,49.997
Night_Moderate,2020-01-06 20:06:00,0.028563,229.804,0.7853,50.001
Night_Moderate,2020-01-06 20:09:00,0.018012,230.766,0.5681,49.985
Night_Moderate,2020-01-06 20:12:00,0.021419,230.921,0.6678,49.97
Night_Moderate,2020-01-06 20:15:00,0.02162,229.804,0.6035,49.989
Night_Moderate,2020-01-06 20:18:00,0.025331,229.857,0.6821,49.981
Night_Moderate,2020-01-06 20:21:00,0.016561,230.353,0.5775,49.987
Night_Moderate,2020-01-06 20:24:00,0.028398,229.302,0.8225,49.978
Night_Moderate,2020-01-06 20:27:00,0.0125,230.21,0.4061,50.005
Night_Moderate,2020-01-06 20:30:00,0.028228,229.332,0.8145,49.978
Night_Moderate,2020-01-06 20:33:00,0.025928,228.643,0.7157,49.984
Night_Moderate,2020-01-06 20:36:00,0.012,229.779,0.5108,50.032
Night_Moderate,2020-01-06 20:39:00,0.024383,230.09,0.6839,49.977
Night_Moderate,2020-01-06 20:42:00,0.030459,229.188,0.7823,50.004
Night_Moderate,2020-01-06 20:45:00,0.035121,228.82,0.814,49.998
Night_Moderate,2020-01-06 20:48:00,0.024716,229.951,0.6876,49.972
Night_Moderate,2020-01-06 20:51:00,0.014321,230.911,0.5109,49.988
Night_Moderate,2020-01-06 20:54:00,0.028499,230.513,0.8009,49.995
Night_Moderate,2020-01-06 20:57:00,0.022693,232.044,0.615,49.995
Night_Moderate,2020-01-06 21:00:00,0.023264,230.587,0.6728,49.978
Night_Moderate,2020-01-06 21:03:00,0.025104,229.057,0.6924,49.986
Night_Moderate,2020-01-06 21:06:00,0.031717,230.964,0.7623,49.992
Night_Moderate,2020-01-06 21:09:00,0.03508,228.267,0.8871,49.998
Night_Moderate,2020-01-06 21:12:00,0.028714,230.326,0.79,50.008
Night_Moderate,2020-01-06 21:15:00,0.032753,229.058,0.8793,49.962
Night_Moderate,2020-01-06 21:18:00,0.026006,230.43,0.7087,49.995
Night_Moderate,2020-01-06 21:21:00,0.028068,230.152,0.8261,49.985
Night_Moderate,2020-01-06 21:24:00,0.027164,228.514,0.7297,49.987
Night_Moderate,2020-01-06 21:27:00,0.027907,228.628,0.6809,50.001
Night_Moderate,2020-01-06 21:30:00,0.018144,232.06,0.5491,50.021
Night_Moderate,2020-01-06 21:33:00,0.035366,227.978,0.859,49.993
Night_Moderate,2020-01-06 21:36:00,0.033809,228.604,0.8615,49.99
Night_Moderate,2020-01-06 21:39:00,0.029243,230.015,0.7866,49.986
Night_Moderate,2020-01-06 21:42:00,0.024528,230.655,0.7309,50.007
Night_Moderate,2020-01-06 21:45:00,0.028808,229.101,0.7604,49.997
Night_Moderate,2020-01-06 21:48:00,0.039285,228.921,0.9272,49.988
Night_Moderate,2020-01-06 21:51:00,0.029483,229.718,0.7719,50.0
Night_Moderate,2020-01-06 21:54:00,0.032667,229.122,0.8915,49.993
Night_Moderate,2020-01-06 21:57:00,0.034156,228.902,0.8424,49.968
Night_Moderate,2020-01-06 22:00:00,0.035981,228.326,0.8606,49.978
Night_Moderate,2020-01-06 22:03:00,0.038102,227.677,0.9462,49.973
Night_Moderate,2020-01-06 22:06:00,0.033958,229.052,0.9495,50.008
Night_Moderate,2020-01-06 22:09:00,0.025355,229.166,0.6398,49.996
Night_Moderate,2020-01-06 22:12:00,0.04525,228.97,1.0545,49.956
Night_Moderate,2020-01-06 22:15:00,0.050813,226.897,1.2559,49.963
Night_Moderate,2020-01-06 22:18:00,0.034916,229.02,0.9426,49.994
Night_Moderate,2020-01-06 22:21:00,0.043508,228.15,1.0675,49.974
Night_Moderate,2020-01-06 22:24:00,0.045162,226.547,1.0946,49.982
Night_Moderate,2020-01-06 22:27:00,0.037549,229.046,0.9007,49.995
Night_Moderate,2020-01-06 22:30:00,0.033381,230.046,0.8353,49.984
Night_Moderate,2020-01-06 22:33:00,0.018274,232.804,0.5727,49.994
Night_Moderate,2020-01-06 22:36:00,0.036987,228.384,0.9541,49.992
Night_Moderate,2020-01-06 22:39:00,0.034471,228.643,0.8634,49.984
Night_Moderate,2020-01-06 22:42:00,0.054446,227.549,1.2033,49.96
Night_Moderate,2020-01-06 22:45:00,0.061557,227.358,1.4045,49.961
Night_Moderate,2020-01-06 22:48:00,0.03184,229.32,0.8084,50.008
Night_Moderate,2020-01-06 22:51:00,0.044458,227.44,1.0016,49.981
Night_Moderate,2020-01-06 22:54:00,0.047005,227.155,1.0442,49.991
Night_Moderate,2020-01-06 22:57:00,0.026856,228.996,0.7365,50.004
Night_Moderate,2020-01-06 23:00:00,0.040983,228.747,0.9576,50.003
Night_Moderate,2020-01-06 23:03:00,0.031501,229.441,0.7902,49.976
Night_Moderate,2020-01-06 23:06:00,0.045354,225.956,1.0952,49.972
Night_Moderate,2020-01-06 23:09:00,0.035186,228.895,0.8286,49.969
Night_Moderate,2020-01-06 23:12:00,0.035287,228.346,0.8823,49.979
Night_Moderate,2020-01-06 23:15:00,0.037646,227.99,0.9597,49.979
Night_Moderate,2020-01-06 23:18:00,0.024373,229.788,0.6621,49.999
Night_Moderate,2020-01-06 23:21:00,0.041014,228.238,1.0159,49.968
Night_Moderate,2020-01-06 23:24:00,0.046582,227.449,1.0975,49.983
Night_Moderate,2020-01-06 23:27:00,0.015406,229.35,0.55,49.991
Night_Moderate,2020-01-06 23:30:00,0.04114,230.385,0.9324,49.994
Night_Moderate,2020-01-06 23:33:00,0.047147,227.258,1.0953,49.971
Night_Moderate,2020-01-06 23:36:00,0.035246,227.592,0.8546,49.979
Night_Moderate,2020-01-06 23:39:00,0.038473,229.889,0.9887,49.996
Night_Moderate,2020-01-06 23:42:00,0.037365,227.92,0.9568,50.007
Night_Moderate,2020-01-06 23:45:00,0.023356,229.494,0.6962,49.997
Night_Moderate,2020-01-06 23:48:00,0.030893,229.991,0.8149,49.964
Night_Moderate,2020-01-06 23:51:00,0.032062,229.637,0.8271,49.987
Night_Moderate,2020-01-06 23:54:00,0.051942,228.659,1.1701,49.968
Night_Moderate,2020-01-06 23:57:00,0.028541,228.588,0.7661,49.993
Night_Moderate,2020-01-07 00:00:00,0.03632,229.793,0.9806,50.0
Night_Moderate,2020-01-07 00:03:00,0.047409,227.799,1.0373,49.991
Night_Moderate,2020-01-07 00:06:00,0.046801,227.809,1.1059,49.98
Night_Moderate,2020-01-07 00:09:00,0.042695,226.93,0.9985,49.993
Night_Moderate,2020-01-07 00:12:00,0.054518,227.525,1.2417,49.987
Night_Moderate,2020-01-07 00:15:00,0.055433,227.443,1.2146,49.954
Night_Moderate,2020-01-07 00:18:00,0.040991,227.797,0.9886,49.979
Night_Moderate,2020-01-07 00:21:00,0.039367,228.841,0.9716,49.972
Night_Moderate,2020-01-07 00:24:00,0.054179,227.399,1.2097,49.969
Night_Moderate,2020-01-07 00:27:00,0.043547,227.945,0.99,49.985
Night_Moderate,2020-01-07 00:30:00,0.050317,228.634,1.1275,49.96
Night_Moderate,2020-01-07 00:33:00,0.052341,227.383,1.1635,49.964
Night_Moderate,2020-01-07 00:36:00,0.035787,228.518,0.8866,49.979
Night_Moderate,2020-01-07 00:39:00,0.053563,226.541,1.1862,49.989
Night_Moderate,2020-01-07 00:42:00,0.05258,227.562,1.1138,49.979
Night_Moderate,2020-01-07 00:45:00,0.053771,226.573,1.1832,49.964
Night_Moderate,2020-01-07 00:48:00,0.032863,227.72,0.8556,50.005
Night_Moderate,2020-01-07 00:51:00,0.040296,228.568,0.9527,50.001
Night_Moderate,2020-01-07 00:54:00,0.031375,229.824,0.7728,49.978
Night_Moderate,2020-01-07 00:57:00,0.048864,227.853,1.1402,49.982
Night_Moderate,2020-01-07 01:00:00,0.048984,227.826,1.0856,49.985
Night_Moderate,2020-01-07 01:03:00,0.055908,227.32,1.2303,49.957
Night_Moderate,2020-01-07 01:06:00,0.053053,227.17,1.2307,49.998
Night_Moderate,2020-01-07 01:09:00,0.037856,227.429,1.0118,49.991
Night_Moderate,2020-01-07 01:12:00,0.042287,226.436,0.9689,49.979
Night_Moderate,2020-01-07 01:15:00,0.05041,227.437,1.1047,49.954
Night_Moderate,2020-01-07 01:18:00,0.054613,228.761,1.2369,49.969
Night_Moderate,2020-01-07 01:21:00,0.066257,227.675,1.488,49.995
Night_Moderate,2020-01-07 01:24:00,0.045309,227.68,1.0566,49.984
Night_Moderate,2020-01-07 01:27:00,0.057389,226.205,1.3137,49.962
Night_Moderate,2020-01-07 01:30:00,0.031158,230.408,0.7915,49.978
Night_Moderate,2020-01-07 01:33:00,0.031781,228.872,0.7781,49.98
Night_Moderate,2020-01-07 01:36:00,0.04218,227.506,1.0267,49.981
Night_Moderate,2020-01-07 01:39:00,0.050899,228.002,1.1914,49.977
Night_Moderate,2020-01-07 01:42:00,0.025631,229.942,0.7043,49.988
Night_Moderate,2020-01-07 01:45:00,0.030529,229.203,0.8464,50.002
Night_Moderate,2020-01-07 01:48:00,0.040269,229.463,1.0444,49.997
Night_Moderate,2020-01-07 01:51:00,0.046339,226.776,1.0662,49.989
Night_Moderate,2020-01-07 01:54:00,0.035354,227.788,0.8388,49.998
Night_Moderate,2020-01-07 01:57:00,0.065073,225.916,1.4623,49.984
Night_Moderate,2020-01-07 02:00:00,0.032347,227.959,0.8588,49.981
Night_Moderate,2020-01-07 02:03:00,0.047512,227.095,1.0974,49.982
Night_Moderate,2020-01-07 02:06:00,0.043722,227.828,1.0205,49.995
Night_Moderate,2020-01-07 02:09:00,0.057012,226.098,1.3203,49.991
Night_Moderate,2020-01-07 02:12:00,0.046286,227.255,1.1021,49.98
Night_Moderate,2020-01-07 02:15:00,0.042296,226.592,1.0551,50.006
Night_Moderate,2020-01-07 02:18:00,0.028785,227.781,0.7695,49.996
Night_Moderate,2020-01-07 02:21:00,0.034707,228.391,0.8845,49.974
Night_Moderate,2020-01-07 02:24:00,0.038942,227.596,0.9838,50.005
Night_Moderate,2020-01-07 02:27:00,0.048424,227.352,1.1692,49.989
Night_Moderate,2020-01-07 02:30:00,0.044427,227.33,1.0515,49.985
Night_Moderate,2020-01-07 02:33:00,0.035848,227.977,0.8933,49.984
Night_Moderate,2020-01-07 02:36:00,0.040093,227.716,0.9987,49.984
Night_Moderate,2020-01-07 02:39:00,0.028275,228.659,0.7717,49.986
Night_Moderate,2020-01-07 02:42:00,0.032265,228.012,0.8202,49.987
Night_Moderate,2020-01-07 02:45:00,0.048694,227.543,1.2061,49.964
Night_Moderate,2020-01-07 02:48:00,0.031881,228.717,0.8289,49.976
Night_Moderate,2020-01-07 02:51:00,0.037195,229.037,0.9145,50.004
Night_Moderate,2020-01-07 02:54:00,0.042143,227.899,1.0256,49.972
Night_Moderate,2020-01-07 02:57:00,0.041732,228.23,1.0179,49.971
Night_Moderate,2020-01-07 03:00:00,0.043226,228.964,1.0275,49.983
Night_Moderate,2020-01-07 03:03:00,0.045111,228.993,1.0628,49.982
Night_Moderate,2020-01-07 03:06:00,0.045109,229.158,1.0345,49.99
Night_Moderate,2020-01-07 03:09:00,0.0347,229.007,0.903,49.975
Night_Moderate,2020-01-07 03:12:00,0.029422,228.423,0.8503,49.961
Night_Moderate,2020-01-07 03:15:00,0.039763,228.773,0.9513,49.983
Night_Moderate,2020-01-07 03:18:00,0.028138,229.866,0.7445,49.983
Night_Moderate,2020-01-07 03:21:00,0.043472,229.068,1.0122,50.001
Night_Moderate,2020-01-07 03:24:00,0.050044,227.966,1.2134,49.979
Night_Moderate,2020-01-07 03:27:00,0.027659,228.362,0.7527,49.968
Night_Moderate,2020-01-07 03:30:00,0.048489,226.315,1.1627,49.973
Night_Moderate,2020-01-07 03:33:00,0.041304,228.161,0.996,49.966
Night_Moderate,2020-01-07 03:36:00,0.025051,228.4,0.7188,49.966
Night_Moderate,2020-01-07 03:39:00,0.025411,229.879,0.7308,49.99
Night_Moderate,2020-01-07 03:42:00,0.032222,228.683,0.8183,49.969
Night_Moderate,2020-01-07 03:45:00,0.029732,229.343,0.8027,50.006
Night_Moderate,2020-01-07 03:48:00,0.030583,228.495,0.7701,50.015
Night_Moderate,2020-01-07 03:51:00,0.028539,229.259,0.8242,49.96
Night_Moderate,2020-01-07 03:54:00,0.034509,229.226,0.8562,49.984
Night_Moderate,2020-01-07 03:57:00,0.024599,230.602,0.6606,49.999
Night_Moderate,2020-01-07 04:00:00,0.033815,228.429,0.8341,49.981
Night_Moderate,2020-01-07 04:03:00,0.032301,227.886,0.8457,50.004
Night_Moderate,2020-01-07 04:06:00,0.039023,227.798,0.9093,49.984
Night_Moderate,2020-01-07 04:09:00,0.033925,228.737,0.9353,49.98
Night_Moderate,2020-01-07 04:12:00,0.041343,227.79,0.9816,49.955
Night_Moderate,2020-01-07 04:15:00,0.028485,229.001,0.7617,50.008
Night_Moderate,2020-01-07 04:18:00,0.034035,228.478,0.8525,50.003
Night_Moderate,2020-01-07 04:21:00,0.024904,227.706,0.7306,50.0
Night_Moderate,2020-01-07 04:24:00,0.023287,229.446,0.7606,50.0
Night_Moderate,2020-01-07 04:27:00,0.034443,230.181,0.8455,49.976
Night_Moderate,2020-01-07 04:30:00,0.044488,227.851,1.0046,49.959
Night_Moderate,2020-01-07 04:33:00,0.026838,229.004,0.7209,49.996
Night_Moderate,2020-01-07 04:36:00,0.035471,229.535,0.9204,49.994
Night_Moderate,2020-01-07 04:39:00,0.019718,231.272,0.6118,49.993
Night_Moderate,2020-01-07 04:42:00,0.03291,228.474,0.8074,49.99
Night_Moderate,2020-01-07 04:45:00,0.033004,228.76,0.853,49.999
Night_Moderate,2020-01-07 04:48:00,0.023712,229.797,0.6715,49.964
Night_Moderate,2020-01-07 04:51:00,0.022099,229.479,0.6066,49.998
Night_Moderate,2020-01-07 04:54:00,0.013758,230.4,0.5138,50.011
Night_Moderate,2020-01-07 04:57:00,0.031377,229.331,0.7902,49.984
Night_Moderate,2020-01-07 05:00:00,0.01689,230.385,0.5299,50.002
Night_Moderate,2020-01-07 05:03:00,0.024809,229.546,0.6451,50.002
Night_Moderate,2020-01-07 05:06:00,0.017688,232.413,0.5633,50.006
Night_Moderate,2020-01-07 05:09:00,0.019961,230.7,0.604,49.986
Night_Moderate,2020-01-07 05:12:00,0.029127,229.605,0.7647,49.998
Night_Moderate,2020-01-07 05:15:00,0.021648,231.178,0.5752,49.991
Night_Moderate,2020-01-07 05:18:00,0.020387,229.671,0.61,49.981
Night_Moderate,2020-01-07 05:21:00,0.019889,230.465,0.6004,50.018
Night_Moderate,2020-01-07 05:24:00,0.019812,230.196,0.6273,49.983
Night_Moderate,2020-01-07 05:27:00,0.024132,229.237,0.6914,49.995
Night_Moderate,2020-01-07 05:30:00,0.019465,231.068,0.5744,49.967
Night_Moderate,2020-01-07 05:33:00,0.017406,230.861,0.5453,49.995
Night_Moderate,2020-01-07 05:36:00,0.021175,230.24,0.6383,49.988
Night_Moderate,2020-01-07 05:39:00,0.019378,230.386,0.6056,49.981
Night_Moderate,2020-01-07 05:42:00,0.017164,229.045,0.5908,50.008
Night_Moderate,2020-01-07 05:45:00,0.020414,231.731,0.569,49.995
Night_Moderate,2020-01-07 05:48:00,0.022294,229.69,0.6278,49.996
Night_Moderate,2020-01-07 05:51:00,0.015647,230.271,0.4833,50.022
Night_Moderate,2020-01-07 05:54:00,0.012666,230.507,0.4398,50.01
Night_Moderate,2020-01-07 05:57:00,0.015957,230.05,0.5275,49.998
Night_Moderate,2020-01-07 06:00:00,0.016496,228.637,0.5423,49.984
Night_Moderate,2020-01-07 06:03:00,0.016254,229.886,0.5467,49.987
Night_Moderate,2020-01-07 06:06:00,0.015413,231.349,0.5093,50.001
Night_Moderate,2020-01-07 06:09:00,0.012942,231.105,0.4941,49.993
Night_Moderate,2020-01-07 06:12:00,0.014342,230.757,0.5363,49.995
Night_Moderate,2020-01-07 06:15:00,0.020029,230.559,0.5245,49.976
Night_Moderate,2020-01-07 06:18:00,0.017251,231.553,0.5333,49.987
Night_Moderate,2020-01-07 06:21:00,0.020119,230.611,0.6176,49.983
Night_Moderate,2020-01-07 06:24:00,0.021931,228.34,0.6422,49.992
Night_Moderate,2020-01-07 06:27:00,0.018008,231.15,0.5284,50.022
Night_Moderate,2020-01-07 06:30:00,0.022347,229.836,0.6852,50.004
Night_Moderate,2020-01-07 06:33:00,0.014354,230.898,0.4911,49.982
Night_Moderate,2020-01-07 06:36:00,0.016466,231.871,0.4674,50.001
Night_Moderate,2020-01-07 06:39:00,0.009951,231.082,0.3605,50.002
Night_Moderate,2020-01-07 06:42:00,0.016741,231.607,0.5231,50.0
Night_Moderate,2020-01-07 06:45:00,0.020517,228.734,0.5991,50.004
Night_Moderate,2020-01-07 06:48:00,0.015212,229.315,0.5393,49.988
Night_Moderate,2020-01-07 06:51:00,0.017415,230.327,0.6019,49.978
Night_Moderate,2020-01-07 06:54:00,0.013915,230.525,0.5528,50.018
Night_Moderate,2020-01-07 06:57:00,0.0175,229.947,0.5677,50.001
Night_Moderate,2020-01-07 07:00:00,0.022628,230.06,0.7113,49.989
Night_Moderate,2020-01-07 07:03:00,0.014849,230.73,0.5555,50.016
Night_Moderate,2020-01-07 07:06:00,0.010073,231.668,0.3788,49.981
Night_Moderate,2020-01-07 07:09:00,0.019427,230.01,0.5603,49.999
Night_Moderate,2020-01-07 07:12:00,0.013176,231.0,0.4976,50.0
Night_Moderate,2020-01-07 07:15:00,0.01651,229.711,0.5374,49.984
Night_Moderate,2020-01-07 07:18:00,0.015417,230.884,0.5264,50.001
Night_Moderate,2020-01-07 07:21:00,0.011805,230.967,0.4198,49.988
Night_Moderate,2020-01-07 07:24:00,0.012541,229.363,0.4447,49.997
Night_Moderate,2020-01-07 07:27:00,0.017074,229.704,0.5773,49.988
Night_Moderate,2020-01-07 07:30:00,0.015822,231.027,0.5145,49.993
Night_Moderate,2020-01-07 07:33:00,0.014317,231.465,0.493,49.982
Night_Moderate,2020-01-07 07:36:00,0.01044,230.991,0.378,50.005
Night_Moderate,2020-01-07 07:39:00,0.012405,230.193,0.4783,49.992
Night_Moderate,2020-01-07 07:42:00,0.013606,230.905,0.5092,49.989
Night_Moderate,2020-01-07 07:45:00,0.019371,231.084,0.6014,49.996
Night_Moderate,2020-01-07 07:48:00,0.014148,230.719,0.5325,50.024
Night_Moderate,2020-01-07 07:51:00,0.012997,230.24,0.496,49.99
Night_Moderate,2020-01-07 07:54:00,0.015088,230.38,0.5629,49.966
Night_Moderate,2020-01-07 07:57:00,0.0144,230.129,0.4744,50.008
Night_Moderate,2020-01-07 08:00:00,0.011195,230.355,0.4769,49.994
Night_Moderate,2020-01-07 08:03:00,0.013219,231.301,0.5303,49.998
Night_Moderate,2020-01-07 08:06:00,0.007685,230.25,0.3528,50.006
Night_Moderate,2020-01-07 08:09:00,0.011419,231.803,0.3965,49.995
Night_Moderate,2020-01-07 08:12:00,0.014616,230.056,0.5284,49.986
Night_Moderate,2020-01-07 08:15:00,0.012122,231.108,0.5062,50.01
Night_Moderate,2020-01-07 08:18:00,0.012215,231.64,0.4301,49.985
Night_Moderate,2020-01-07 08:21:00,0.008697,233.093,0.4217,49.977
Night_Moderate,2020-01-07 08:24:00,0.01282,231.014,0.4256,49.993
Night_Moderate,2020-01-07 08:27:00,0.013328,231.15,0.4737,50.009
Night_Moderate,2020-01-07 08:30:00,0.011764,230.78,0.4519,49.989
Night_Moderate,2020-01-07 08:33:00,0.009938,231.559,0.363,49.986
Night_Moderate,2020-01-07 08:36:00,0.012983,228.888,0.5344,50.002
Night_Moderate,2020-01-07 08:39:00,0.009303,230.512,0.4756,50.021
Night_Moderate,2020-01-07 08:42:00,0.011924,230.227,0.4478,49.998
Night_Moderate,2020-01-07 08:45:00,0.014675,231.076,0.4971,49.987
Night_Moderate,2020-01-07 08:48:00,0.009935,230.388,0.4524,49.959
Night_Moderate,2020-01-07 08:51:00,0.007286,230.543,0.3777,50.004
Night_Moderate,2020-01-07 08:54:00,0.0096,231.188,0.375,49.985
Night_Moderate,2020-01-07 08:57:00,0.009439,229.385,0.4164,49.989
Night_Moderate,2020-01-07 09:00:00,0.010413,231.582,0.3833,50.013
Night_Moderate,2020-01-07 09:03:00,0.010816,230.955,0.447,49.989
Night_Moderate,2020-01-07 09:06:00,0.016251,229.266,0.5161,49.993
Night_Moderate,2020-01-07 09:09:00,0.013163,230.605,0.4699,49.993
Night_Moderate,2020-01-07 09:12:00,0.010977,231.381,0.4364,50.014
Night_Moderate,2020-01-07 09:15:00,0.013731,232.295,0.5407,49.964
Night_Moderate,2020-01-07 09:18:00,0.008592,231.576,0.4059,49.999
Night_Moderate,2020-01-07 09:21:00,0.010975,229.666,0.3785,49.974
Night_Moderate,2020-01-07 09:24:00,0.007924,231.334,0.4295,50.009
Night_Moderate,2020-01-07 09:27:00,0.012455,230.969,0.4831,49.99
Night_Moderate,2020-01-07 09:30:00,0.010829,231.014,0.4561,49.995
Night_Moderate,2020-01-07 09:33:00,0.007799,230.861,0.3938,49.978
Night_Moderate,2020-01-07 09:36:00,0.011728,231.423,0.447,50.005
Night_Moderate,2020-01-07 09:39:00,0.008978,230.534,0.4588,49.983
Night_Moderate,2020-01-07 09:42:00,0.011663,231.387,0.4725,50.006
Night_Moderate,2020-01-07 09:45:00,0.010565,229.31,0.4544,49.986
Night_Moderate,2020-01-07 09:48:00,0.008873,229.785,0.4043,49.988
Night_Moderate,2020-01-07 09:51:00,0.00953,231.961,0.4641,50.003
Night_Moderate,2020-01-07 09:54:00,0.010662,229.894,0.4701,49.986
Night_Moderate,2020-01-07 09:57:00,0.010397,230.336,0.4393,50.003
Night_Moderate,2020-01-07 10:00:00,0.008644,232.608,0.3535,49.991
Night_Moderate,2020-01-07 10:03:00,0.008169,230.05,0.4064,49.979
Night_Moderate,2020-01-07 10:06:00,0.009009,230.676,0.3925,49.996
Night_Moderate,2020-01-07 10:09:00,0.010151,230.551,0.4655,50.001
Night_Moderate,2020-01-07 10:12:00,0.010717,230.391,0.4607,49.991
Night_Moderate,2020-01-07 10:15:00,0.012916,230.532,0.4657,49.979
Night_Moderate,2020-01-07 10:18:00,0.007751,232.156,0.3649,50.005
Night_Moderate,2020-01-07 10:21:00,0.015701,230.332,0.4653,49.988
Night_Moderate,2020-01-07 10:24:00,0.012098,231.203,0.4053,49.994
Night_Moderate,2020-01-07 10:27:00,0.012694,229.487,0.4919,49.981
Night_Moderate,2020-01-07 10:30:00,0.010424,230.526,0.5094,50.01
Night_Moderate,2020-01-07 10:33:00,0.008275,230.174,0.3224,49.984
Night_Moderate,2020-01-07 10:36:00,0.010618,231.679,0.4655,50.003
Night_Moderate,2020-01-07 10:39:00,0.008751,231.702,0.3921,49.998
Night_Moderate,2020-01-07 10:42:00,0.01357,231.354,0.4794,49.982
Night_Moderate,2020-01-07 10:45:00,0.010804,231.424,0.4252,50.007
Night_Moderate,2020-01-07 10:48:00,0.007176,232.522,0.3381,49.988
Night_Moderate,2020-01-07 10:51:00,0.010366,230.608,0.4342,49.991
Night_Moderate,2020-01-07 10:54:00,0.009103,231.814,0.4226,49.988
Night_Moderate,2020-01-07 10:57:00,0.009166,232.09,0.3918,49.997
Night_Moderate,2020-01-07 11:00:00,0.013058,232.871,0.5512,49.989
Night_Moderate,2020-01-07 11:03:00,0.008606,231.318,0.3851,49.979
Night_Moderate,2020-01-07 11:06:00,0.010478,231.014,0.4254,50.011
Night_Moderate,2020-01-07 11:09:00,0.008069,230.295,0.3334,49.993
Night_Moderate,2020-01-07 11:12:00,0.012754,230.002,0.455,50.009
Night_Moderate,2020-01-07 11:15:00,0.010671,231.588,0.5066,49.971
Night_Moderate,2020-01-07 11:18:00,0.010199,229.841,0.3695,49.998
Night_Moderate,2020-01-07 11:21:00,0.008034,230.855,0.4009,49.987
Night_Moderate,2020-01-07 11:24:00,0.009937,231.242,0.3837,49.993
Night_Moderate,2020-01-07 11:27:00,0.010125,230.615,0.4434,49.98
Night_Moderate,2020-01-07 11:30:00,0.010233,231.424,0.4176,50.006
Night_Moderate,2020-01-07 11:33:00,0.00919,231.244,0.4262,49.993
Night_Moderate,2020-01-07 11:36:00,0.008419,231.296,0.3514,49.999
Night_Moderate,2020-01-07 11:39:00,0.011475,231.59,0.4573,49.991
Night_Moderate,2020-01-07 11:42:00,0.008864,230.321,0.4271,49.994
Night_Moderate,2020-01-07 11:45:00,0.01216,230.89,0.4739,49.999
Night_Moderate,2020-01-07 11:48:00,0.00741,231.925,0.3313,49.995
Night_Moderate,2020-01-07 11:51:00,0.010779,230.708,0.4385,50.001
Night_Moderate,2020-01-07 11:54:00,0.013732,231.722,0.5241,50.002
Night_Moderate,2020-01-07 11:57:00,0.008167,230.883,0.3228,49.994
Night_Moderate,2020-01-07 12:00:00,0.014052,230.868,0.5005,49.988
Night_Moderate,2020-01-07 12:03:00,0.014263,230.832,0.4847,49.984
Night_Moderate,2020-01-07 12:06:00,0.011602,230.629,0.466,50.007
Night_Moderate,2020-01-07 12:09:00,0.011645,231.53,0.4394,49.991
Night_Moderate,2020-01-07 12:12:00,0.009926,231.751,0.4395,50.016
Night_Moderate,2020-01-07 12:15:00,0.009282,229.916,0.4082,49.994
Night_Moderate,2020-01-07 12:18:00,0.008435,232.216,0.4099,50.012
Night_Moderate,2020-01-07 12:21:00,0.00655,231.355,0.3294,49.985
Night_Moderate,2020-01-07 12:24:00,0.004656,231.395,0.3253,49.985
Night_Moderate,2020-01-07 12:27:00,0.006112,231.292,0.3936,50.001
Night_Moderate,2020-01-07 12:30:00,0.00811,231.014,0.3806,50.004
Night_Moderate,2020-01-07 12:33:00,0.012042,231.979,0.4518,49.986
Night_Moderate,2020-01-07 12:36:00,0.012044,231.496,0.477,49.995
Night_Moderate,2020-01-07 12:39:00,0.012375,230.902,0.5032,49.981
Night_Moderate,2020-01-07 12:42:00,0.010749,230.959,0.4477,49.998
Night_Moderate,2020-01-07 12:45:00,0.01298,230.171,0.4748,50.006
Night_Moderate,2020-01-07 12:48:00,0.008197,230.874,0.3478,49.976
Night_Moderate,2020-01-07 12:51:00,0.005795,231.735,0.4415,49.99
Night_Moderate,2020-01-07 12:54:00,0.009857,230.162,0.4321,49.992
Night_Moderate,2020-01-07 12:57:00,0.014045,232.361,0.4689,50.006
Night_Moderate,2020-01-07 13:00:00,0.011913,231.221,0.454,50.004
Night_Moderate,2020-01-07 13:03:00,0.008699,231.173,0.3953,49.991
Night_Moderate,2020-01-07 13:06:00,0.00704,231.175,0.3148,50.006
Night_Moderate,2020-01-07 13:09:00,0.012827,231.978,0.4674,49.985
Night_Moderate,2020-01-07 13:12:00,0.012576,231.694,0.4564,49.99
Night_Moderate,2020-01-07 13:15:00,0.013919,230.217,0.4931,50.009
Night_Moderate,2020-01-07 13:18:00,0.010646,231.854,0.4125,49.981
Night_Moderate,2020-01-07 13:21:00,0.008921,232.049,0.4734,50.005
Night_Moderate,2020-01-07 13:24:00,0.009246,232.328,0.3405,49.993
Night_Moderate,2020-01-07 13:27:00,0.009264,230.388,0.4386,49.981
Night_Moderate,2020-01-07 13:30:00,0.005315,231.029,0.3329,50.01
Night_Moderate,2020-01-07 13:33:00,0.00986,229.446,0.4526,49.994
Night_Moderate,2020-01-07 13:36:00,0.009726,229.793,0.4204,49.966
Night_Moderate,2020-01-07 13:39:00,0.011246,231.936,0.4278,50.003
Night_Moderate,2020-01-07 13:42:00,0.011792,230.357,0.5143,49.987
Night_Moderate,2020-01-07 13:45:00,0.011244,231.395,0.4511,49.987
Night_Moderate,2020-01-07 13:48:00,0.004825,231.157,0.3149,50.002
Night_Moderate,2020-01-07 13:51:00,0.010233,233.524,0.4435,49.999
Night_Moderate,2020-01-07 13:54:00,0.009055,230.725,0.3718,50.015
Night_Moderate,2020-01-07 13:57:00,0.011205,231.095,0.4374,50.013
Night_Moderate,2020-01-07 14:00:00,0.00803,231.972,0.412,50.015
Night_Moderate,2020-01-07 14:03:00,0.009354,231.607,0.4165,50.011
Night_Moderate,2020-01-07 14:06:00,0.005949,230.863,0.371,49.999
Night_Moderate,2020-01-07 14:09:00,0.008276,230.938,0.4075,49.982
Night_Moderate,2020-01-07 14:12:00,0.008629,231.212,0.3821,49.986
Night_Moderate,2020-01-07 14:15:00,0.009619,231.879,0.4023,49.994
Night_Moderate,2020-01-07 14:18:00,0.010645,231.851,0.4751,49.997
Night_Moderate,2020-01-07 14:21:00,0.00567,230.531,0.3626,50.009
Night_Moderate,2020-01-07 14:24:00,0.012722,231.439,0.4602,49.986
Night_Moderate,2020-01-07 14:27:00,0.009884,231.209,0.4585,49.998
Night_Moderate,2020-01-07 14:30:00,0.008957,229.681,0.3074,49.994
Night_Moderate,2020-01-07 14:33:00,0.012763,230.585,0.4484,50.004
Night_Moderate,2020-01-07 14:36:00,0.012956,231.055,0.4675,50.002
Night_Moderate,2020-01-07 14:39:00,0.01192,232.622,0.4792,49.985
Night_Moderate,2020-01-07 14:42:00,0.004831,231.334,0.385,49.994
Night_Moderate,2020-01-07 14:45:00,0.010209,230.885,0.4599,50.003
Night_Moderate,2020-01-07 14:48:00,0.0099,232.282,0.4498,49.98
Night_Moderate,2020-01-07 14:51:00,0.012807,230.698,0.4505,49.984
Night_Moderate,2020-01-07 14:54:00,0.010548,232.116,0.4793,49.986
Night_Moderate,2020-01-07 14:57:00,0.008741,230.819,0.4063,50.011
Night_Moderate,2020-01-07 15:00:00,0.010655,231.449,0.4442,50.0
Night_Moderate,2020-01-07 15:03:00,0.012638,231.927,0.421,49.991
Night_Moderate,2020-01-07 15:06:00,0.009213,231.374,0.3921,49.993
Night_Moderate,2020-01-07 15:09:00,0.008009,232.548,0.3946,49.99
Night_Moderate,2020-01-07 15:12:00,0.010821,231.914,0.3976,50.006
Night_Moderate,2020-01-07 15:15:00,0.0083,231.697,0.4122,49.992
Night_Moderate,2020-01-07 15:18:00,0.007034,231.616,0.4114,49.981
Night_Moderate,2020-01-07 15:21:00,0.013268,230.983,0.4906,50.002
Night_Moderate,2020-01-07 15:24:00,0.007418,231.583,0.3521,49.993
Night_Moderate,2020-01-07 15:27:00,0.010996,231.69,0.3977,50.004
Night_Moderate,2020-01-07 15:30:00,0.009515,230.303,0.4172,49.996
Night_Moderate,2020-01-07 15:33:00,0.010578,231.477,0.4459,49.986
Night_Moderate,2020-01-07 15:36:00,0.009872,231.755,0.4278,49.997
Night_Moderate,2020-01-07 15:39:00,0.010677,230.258,0.4464,50.006
Night_Moderate,2020-01-07 15:42:00,0.010606,229.821,0.3923,50.004
Night_Moderate,2020-01-07 15:45:00,0.007988,231.654,0.4122,50.003
Night_Moderate,2020-01-07 15:48:00,0.017564,229.728,0.5712,49.982
Night_Moderate,2020-01-07 15:51:00,0.011491,231.348,0.4763,50.003
Night_Moderate,2020-01-07 15:54:00,0.012366,230.908,0.4783,50.003
Night_Moderate,2020-01-07 15:57:00,0.011649,231.001,0.4695,50.001
Night_Moderate,2020-01-07 16:00:00,0.009646,231.667,0.4752,50.01
Night_Moderate,2020-01-07 16:03:00,0.010623,231.653,0.5098,50.009
Night_Moderate,2020-01-07 16:06:00,0.017581,231.292,0.6506,49.998
Night_Moderate,2020-01-07 16:09:00,0.010074,231.73,0.4367,49.983
Night_Moderate,2020-01-07 16:12:00,0.015044,230.987,0.4987,50.013
Night_Moderate,2020-01-07 16:15:00,0.007898,231.943,0.4356,49.984
Night_Moderate,2020-01-07 16:18:00,0.015034,232.037,0.5449,49.996
Night_Moderate,2020-01-07 16:21:00,0.011196,232.219,0.4887,50.033
Night_Moderate,2020-01-07 16:24:00,0.012042,229.025,0.4856,50.014
Night_Moderate,2020-01-07 16:27:00,0.010064,231.424,0.4495,49.987
Night_Moderate,2020-01-07 16:30:00,0.014493,230.6,0.4915,50.001
Night_Moderate,2020-01-07 16:33:00,0.007143,231.481,0.3066,49.998
Night_Moderate,2020-01-07 16:36:00,0.010484,231.032,0.4617,49.996
Night_Moderate,2020-01-07 16:39:00,0.010224,230.472,0.4483,49.984
Night_Moderate,2020-01-07 16:42:00,0.009005,230.658,0.4912,49.995
Night_Moderate,2020-01-07 16:45:00,0.009798,230.136,0.4312,49.983
Night_Moderate,2020-01-07 16:48:00,0.010282,231.354,0.4529,49.978
Night_Moderate,2020-01-07 16:51:00,0.012397,230.976,0.532,50.012
Night_Moderate,2020-01-07 16:54:00,0.009213,232.451,0.3856,49.984
Night_Moderate,2020-01-07 16:57:00,0.012177,230.352,0.4603,49.977
Night_Moderate,2020-01-07 17:00:00,0.014585,231.268,0.5117,50.0
Night_Moderate,2020-01-07 17:03:00,0.005248,230.713,0.3522,49.987
Night_Moderate,2020-01-07 17:06:00,0.008941,231.764,0.4194,49.987
Night_Moderate,2020-01-07 17:09:00,0.010639,230.264,0.4159,49.983
Night_Moderate,2020-01-07 17:12:00,0.016458,231.527,0.5664,49.974
Night_Moderate,2020-01-07 17:15:00,0.011508,231.066,0.4928,49.999
Night_Moderate,2020-01-07 17:18:00,0.012702,229.904,0.4011,50.001
Night_Moderate,2020-01-07 17:21:00,0.014524,231.579,0.4593,50.001
Night_Moderate,2020-01-07 17:24:00,0.00955,231.434,0.4166,49.996
Night_Moderate,2020-01-07 17:27:00,0.012364,229.374,0.4284,49.989
Night_Moderate,2020-01-07 17:30:00,0.011337,230.625,0.5219,49.982
Night_Moderate,2020-01-07 17:33:00,0.013704,230.843,0.4692,49.996
Night_Moderate,2020-01-07 17:36:00,0.015479,229.493,0.5901,49.995
Night_Moderate,2020-01-07 17:39:00,0.020668,229.436,0.6235,49.991
Night_Moderate,2020-01-07 17:42:00,0.016293,230.074,0.5325,50.008
Night_Moderate,2020-01-07 17:45:00,0.017927,231.309,0.6227,49.998
Night_Moderate,2020-01-07 17:48:00,0.01028,231.174,0.4405,50.003
Night_Moderate,2020-01-07 17:51:00,0.018749,230.245,0.6295,49.995
Night_Moderate,2020-01-07 17:54:00,0.016339,231.55,0.5632,49.998
Night_Moderate,2020-01-07 17:57:00,0.013326,230.683,0.5142,50.004
Night_Moderate,2020-01-07 18:00:00,0.013105,230.531,0.4746,49.998
Night_Moderate,2020-01-07 18:03:00,0.010009,230.862,0.4364,50.004
Night_Moderate,2020-01-07 18:06:00,0.014771,230.81,0.4921,49.999
Night_Moderate,2020-01-07 18:09:00,0.016485,229.762,0.5269,50.006
Night_Moderate,2020-01-07 18:12:00,0.014298,230.871,0.5192,49.979
Night_Moderate,2020-01-07 18:15:00,0.017031,231.177,0.5577,49.996
Night_Moderate,2020-01-07 18:18:00,0.019338,229.861,0.6286,50.005
Night_Moderate,2020-01-07 18:21:00,0.013055,233.091,0.4629,49.978
Night_Moderate,2020-01-07 18:24:00,0.014265,232.024,0.5311,50.009
Night_Moderate,2020-01-07 18:27:00,0.017126,230.278,0.5176,49.97
Night_Moderate,2020-01-07 18:30:00,0.020315,230.576,0.6002,50.008
Night_Moderate,2020-01-07 18:33:00,0.016652,232.17,0.5151,50.002
Night_Moderate,2020-01-07 18:36:00,0.021797,230.063,0.6235,49.98
Night_Moderate,2020-01-07 18:39:00,0.020021,229.974,0.6417,49.993
Night_Moderate,2020-01-07 18:42:00,0.012976,232.244,0.4408,49.979
Night_Moderate,2020-01-07 18:45:00,0.01779,229.678,0.5564,50.001
Night_Moderate,2020-01-07 18:48:00,0.019611,229.63,0.6352,50.002
Night_Moderate,2020-01-07 18:51:00,0.016742,229.096,0.5369,49.997
Night_Moderate,2020-01-07 18:54:00,0.017554,231.493,0.6449,49.987
Night_Moderate,2020-01-07 18:57:00,0.011689,231.086,0.4961,49.99
Night_Moderate,2020-01-07 19:00:00,0.02162,230.17,0.6225,50.003
Night_Moderate,2020-01-07 19:03:00,0.019629,229.573,0.5942,49.999
Night_Moderate,2020-01-07 19:06:00,0.016141,231.391,0.5201,49.99
Night_Moderate,2020-01-07 19:09:00,0.02579,229.854,0.7363,49.973
Night_Moderate,2020-01-07 19:12:00,0.01809,230.392,0.5034,49.984
Night_Moderate,2020-01-07 19:15:00,0.022504,229.916,0.669,50.01
Night_Moderate,2020-01-07 19:18:00,0.022814,229.974,0.6665,50.0
Night_Moderate,2020-01-07 19:21:00,0.021441,230.203,0.6304,50.003
Night_Moderate,2020-01-07 19:24:00,0.02088,230.745,0.6667,49.994
Night_Moderate,2020-01-07 19:27:00,0.017275,230.09,0.5954,49.997
Night_Moderate,2020-01-07 19:30:00,0.023244,230.336,0.6833,49.986
Night_Moderate,2020-01-07 19:33:00,0.027101,231.205,0.7457,49.978
Night_Moderate,2020-01-07 19:36:00,0.020346,230.4,0.6481,49.984
Night_Moderate,2020-01-07 19:39:00,0.024587,229.523,0.6888,49.989
Night_Moderate,2020-01-07 19:42:00,0.024953,231.827,0.7055,50.004
Night_Moderate,2020-01-07 19:45:00,0.022444,229.456,0.597,49.99
Night_Moderate,2020-01-07 19:48:00,0.025997,229.665,0.7939,50.007
Night_Moderate,2020-01-07 19:51:00,0.022026,229.354,0.712,49.99
Night_Moderate,2020-01-07 19:54:00,0.027902,230.706,0.7078,49.984
Night_Moderate,2020-01-07 19:57:00,0.028417,231.139,0.6747,49.981
Night_Moderate,2020-01-07 20:00:00,0.027763,229.698,0.6572,50.002
Night_Moderate,2020-01-07 20:03:00,0.015741,229.936,0.52,49.991
Night_Moderate,2020-01-07 20:06:00,0.028131,228.789,0.7338,50.026
Night_Moderate,2020-01-07 20:09:00,0.024905,230.297,0.6344,49.984
Night_Moderate,2020-01-07 20:12:00,0.018665,231.587,0.5848,50.019
Night_Moderate,2020-01-07 20:15:00,0.007123,232.391,0.3736,50.002
Night_Moderate,2020-01-07 20:18:00,0.02566,229.415,0.7555,49.994
Night_Moderate,2020-01-07 20:21:00,0.026589,229.329,0.7767,49.979
Night_Moderate,2020-01-07 20:24:00,0.032056,229.153,0.8046,49.983
Night_Moderate,2020-01-07 20:27:00,0.024617,231.217,0.6887,49.985
Night_Moderate,2020-01-07 20:30:00,0.030074,230.992,0.7705,49.996
Night_Moderate,2020-01-07 20:33:00,0.03034,229.654,0.8229,49.987
Night_Moderate,2020-01-07 20:36:00,0.031323,228.717,0.7706,49.986
Night_Moderate,2020-01-07 20:39:00,0.027201,230.678,0.7788,49.985
Night_Moderate,2020-01-07 20:42:00,0.018127,229.832,0.5495,49.997
Night_Moderate,2020-01-07 20:45:00,0.015983,230.818,0.5915,49.991
Night_Moderate,2020-01-07 20:48:00,0.031881,228.855,0.8121,49.988
Night_Moderate,2020-01-07 20:51:00,0.028705,229.369,0.7464,50.0
Night_Moderate,2020-01-07 20:54:00,0.02046,229.612,0.6322,49.982
Night_Moderate,2020-01-07 20:57:00,0.02966,228.345,0.8367,49.993
Night_Moderate,2020-01-07 21:00:00,0.034971,229.295,0.8612,49.986
Night_Moderate,2020-01-07 21:03:00,0.016885,230.458,0.5138,50.003
Night_Moderate,2020-01-07 21:06:00,0.033876,230.675,0.8868,49.979
Night_Moderate,2020-01-07 21:09:00,0.022289,229.708,0.6014,50.011
Night_Moderate,2020-01-07 21:12:00,0.029015,229.624,0.7567,49.993
Night_Moderate,2020-01-07 21:15:00,0.033009,229.79,0.8151,49.992
Night_Moderate,2020-01-07 21:18:00,0.021392,230.471,0.6811,49.991
Night_Moderate,2020-01-07 21:21:00,0.038875,228.959,0.9015,49.966
Night_Moderate,2020-01-07 21:24:00,0.03568,227.616,0.9074,49.985
Night_Moderate,2020-01-07 21:27:00,0.032419,229.058,0.8427,49.956
Night_Moderate,2020-01-07 21:30:00,0.027729,229.75,0.716,50.001
Night_Moderate,2020-01-07 21:33:00,0.031791,229.869,0.7949,49.982
Night_Moderate,2020-01-07 21:36:00,0.030137,229.782,0.7927,49.978
Night_Moderate,2020-01-07 21:39:00,0.039231,228.469,0.9553,49.982
Night_Moderate,2020-01-07 21:42:00,0.029142,228.707,0.7412,49.979
Night_Moderate,2020-01-07 21:45:00,0.017353,228.995,0.6029,49.98
Night_Moderate,2020-01-07 21:48:00,0.031892,228.895,0.8722,49.998
Night_Moderate,2020-01-07 21:51:00,0.029198,229.822,0.7156,49.984
Night_Moderate,2020-01-07 21:54:00,0.029823,229.516,0.7112,50.002
Night_Moderate,2020-01-07 21:57:00,0.033487,229.576,0.9054,49.979
Night_Moderate,2020-01-07 22:00:00,0.036185,227.15,0.9366,49.988
Night_Moderate,2020-01-07 22:03:00,0.028596,229.081,0.8098,49.987
Night_Moderate,2020-01-07 22:06:00,0.023526,228.39,0.631,49.987
Night_Moderate,2020-01-07 22:09:00,0.029626,228.844,0.7617,49.968
Night_Moderate,2020-01-07 22:12:00,0.041175,227.019,1.0187,49.991
Night_Moderate,2020-01-07 22:15:00,0.026732,228.183,0.6963,49.987
Night_Moderate,2020-01-07 22:18:00,0.030222,229.107,0.7748,50.001
Night_Moderate,2020-01-07 22:21:00,0.037136,228.73,0.9314,49.991
Night_Moderate,2020-01-07 22:24:00,0.033848,228.271,0.8463,49.981
Night_Moderate,2020-01-07 22:27:00,0.040934,229.352,0.9767,49.979
Night_Moderate,2020-01-07 22:30:00,0.041514,230.102,0.985,50.003
Night_Moderate,2020-01-07 22:33:00,0.029809,227.596,0.796,49.978
Night_Moderate,2020-01-07 22:36:00,0.041416,229.624,0.9931,49.977
Night_Moderate,2020-01-07 22:39:00,0.038527,230.137,0.9117,49.978
Night_Moderate,2020-01-07 22:42:00,0.033918,228.7,0.8916,49.972
Night_Moderate,2020-01-07 22:45:00,0.051922,226.438,1.1846,49.988
Night_Moderate,2020-01-07 22:48:00,0.037963,228.913,0.872,50.001
Night_Moderate,2020-01-07 22:51:00,0.048093,228.785,1.133,49.975
Night_Moderate,2020-01-07 22:54:00,0.042657,228.338,1.0221,49.969
Night_Moderate,2020-01-07 22:57:00,0.038712,227.858,0.9115,49.977
Night_Moderate,2020-01-07 23:00:00,0.045079,229.18,1.036,49.974
Night_Moderate,2020-01-07 23:03:00,0.04041,228.222,0.9842,49.989
Night_Moderate,2020-01-07 23:06:00,0.063116,225.93,1.3948,49.954
Night_Moderate,2020-01-07 23:09:00,0.037154,228.818,0.8892,49.97
Night_Moderate,2020-01-07 23:12:00,0.037591,228.749,0.9234,49.988
Night_Moderate,2020-01-07 23:15:00,0.040721,229.166,0.9398,49.982
Night_Moderate,2020-01-07 23:18:00,0.05535,227.248,1.2402,49.964
Night_Moderate,2020-01-07 23:21:00,0.044515,227.597,1.0329,49.976
Night_Moderate,2020-01-07 23:24:00,0.040218,228.133,0.9621,49.985
Night_Moderate,2020-01-07 23:27:00,0.038916,228.507,0.947,49.976
Night_Moderate,2020-01-07 23:30:00,0.027031,229.56,0.7634,49.998
Night_Moderate,2020-01-07 23:33:00,0.033804,229.145,0.8763,49.968
Night_Moderate,2020-01-07 23:36:00,0.04411,227.641,1.0464,49.981
Night_Moderate,2020-01-07 23:39:00,0.037197,228.735,0.9635,49.997
Night_Moderate,2020-01-07 23:42:00,0.034279,228.35,0.8717,49.984
Night_Moderate,2020-01-07 23:45:00,0.047457,227.048,1.0694,49.975
Night_Moderate,2020-01-07 23:48:00,0.034604,230.826,0.9199,50.021
Night_Moderate,2020-01-07 23:51:00,0.03761,229.126,0.9388,49.99
Night_Moderate,2020-01-07 23:54:00,0.031328,229.017,0.81,50.008
Night_Moderate,2020-01-07 23:57:00,0.038958,227.998,0.9859,49.969
Night_Moderate,2020-01-08 00:00:00,0.043341,229.446,1.029,49.973
Night_Moderate,2020-01-08 00:03:00,0.053473,227.579,1.1944,49.971
Night_Moderate,2020-01-08 00:06:00,0.044795,229.183,1.128,49.983
Night_Moderate,2020-01-08 00:09:00,0.055826,227.176,1.2536,49.971
Night_Moderate,2020-01-08 00:12:00,0.039413,228.235,0.9456,49.954
Night_Moderate,2020-01-08 00:15:00,0.05424,226.987,1.2321,49.986
Night_Moderate,2020-01-08 00:18:00,0.033167,227.818,0.9005,49.98
Night_Moderate,2020-01-08 00:21:00,0.046313,227.785,1.1187,49.986
Night_Moderate,2020-01-08 00:24:00,0.057262,225.33,1.2996,49.962
Night_Moderate,2020-01-08 00:27:00,0.032561,228.857,0.8323,49.995
Night_Moderate,2020-01-08 00:30:00,0.057171,226.195,1.2989,49.963
Night_Moderate,2020-01-08 00:33:00,0.056949,228.401,1.2364,49.962
Night_Moderate,2020-01-08 00:36:00,0.066717,227.253,1.4098,49.995
Night_Moderate,2020-01-08 00:39:00,0.05832,226.462,1.3283,49.962
Night_Moderate,2020-01-08 00:42:00,0.039328,229.161,0.9524,49.992
Night_Moderate,2020-01-08 00:45:00,0.042854,227.434,1.0005,49.979
Night_Moderate,2020-01-08 00:48:00,0.054572,226.986,1.222,49.976
Night_Moderate,2020-01-08 00:51:00,0.044812,227.753,1.1152,49.988
Night_Moderate,2020-01-08 00:54:00,0.036251,228.142,0.9042,49.964
Night_Moderate,2020-01-08 00:57:00,0.06223,225.881,1.3981,49.997
Night_Moderate,2020-01-08 01:00:00,0.052827,229.135,1.2027,49.983
Night_Moderate,2020-01-08 01:03:00,0.052916,227.369,1.1983,49.988
Night_Moderate,2020-01-08 01:06:00,0.045653,228.134,1.0927,49.983
Night_Moderate,2020-01-08 01:09:00,0.050386,226.699,1.1374,49.973
Night_Moderate,2020-01-08 01:12:00,0.039097,227.582,1.01,49.987
Night_Moderate,2020-01-08 01:15:00,0.04593,227.141,1.1388,49.98
Night_Moderate,2020-01-08 01:18:00,0.062739,225.302,1.3409,49.968
Night_Moderate,2020-01-08 01:21:00,0.04952,227.783,1.1406,49.974
Night_Moderate,2020-01-08 01:24:00,0.050921,227.647,1.1412,49.981
Night_Moderate,2020-01-08 01:27:00,0.026714,229.008,0.7146,49.972
Night_Moderate,2020-01-08 01:30:00,0.042212,227.883,1.0026,49.982
Night_Moderate,2020-01-08 01:33:00,0.041772,227.636,1.0135,49.97
Night_Moderate,2020-01-08 01:36:00,0.043253,228.508,1.0283,49.987
Night_Moderate,2020-01-08 01:39:00,0.050572,227.184,1.1451,49.971
Night_Moderate,2020-01-08 01:42:00,0.060569,226.865,1.3354,49.986
Night_Moderate,2020-01-08 01:45:00,0.048009,227.326,1.1172,49.989
Night_Moderate,2020-01-08 01:48:00,0.054704,226.53,1.1957,49.971
Night_Moderate,2020-01-08 01:51:00,0.060284,226.784,1.3454,49.978
Night_Moderate,2020-01-08 01:54:00,0.069738,225.116,1.559,49.985
Night_Moderate,2020-01-08 01:57:00,0.037755,230.484,0.9931,50.002
Night_Moderate,2020-01-08 02:00:00,0.058191,227.228,1.2631,49.979
Night_Moderate,2020-01-08 02:03:00,0.049516,228.062,1.1099,49.98
Night_Moderate,2020-01-08 02:06:00,0.036243,228.502,0.8823,49.981
Night_Moderate,2020-01-08 02:09:00,0.048652,228.005,1.137,49.994
Night_Moderate,2020-01-08 02:12:00,0.054825,226.947,1.312,49.966
Night_Moderate,2020-01-08 02:15:00,0.058974,226.421,1.2838,49.977
Night_Moderate,2020-01-08 02:18:00,0.056755,229.637,1.273,49.977
Night_Moderate,2020-01-08 02:21:00,0.052903,227.294,1.2113,49.983
Night_Moderate,2020-01-08 02:24:00,0.047676,227.674,1.0986,49.984
Night_Moderate,2020-01-08 02:27:00,0.036846,227.827,0.927,49.998
Night_Moderate,2020-01-08 02:30:00,0.021125,229.634,0.581,50.004
Night_Moderate,2020-01-08 02:33:00,0.0421,229.453,0.9988,49.988
Night_Moderate,2020-01-08 02:36:00,0.049775,227.264,1.1905,49.98
Night_Moderate,2020-01-08 02:39:00,0.042907,227.702,1.0527,49.984
Night_Moderate,2020-01-08 02:42:00,0.036724,228.564,0.8645,50.007
Night_Moderate,2020-01-08 02:45:00,0.040012,228.9,0.8988,49.981
Night_Moderate,2020-01-08 02:48:00,0.033408,229.811,0.8254,49.977
Night_Moderate,2020-01-08 02:51:00,0.06067,226.35,1.348,49.954
Night_Moderate,2020-01-08 02:54:00,0.035591,229.668,0.8934,49.978
Night_Moderate,2020-01-08 02:57:00,0.041337,227.767,0.9369,49.982
Night_Moderate,2020-01-08 03:00:00,0.033277,230.54,0.8149,49.987
Night_Moderate,2020-01-08 03:03:00,0.055978,227.755,1.2277,49.957
Night_Moderate,2020-01-08 03:06:00,0.033343,229.165,0.854,49.991
Night_Moderate,2020-01-08 03:09:00,0.050575,227.551,1.1113,49.964
Night_Moderate,2020-01-08 03:12:00,0.032869,229.989,0.8347,50.005
Night_Moderate,2020-01-08 03:15:00,0.034568,227.54,0.8188,49.992
Night_Moderate,2020-01-08 03:18:00,0.0422,227.667,1.0511,49.995
Night_Moderate,2020-01-08 03:21:00,0.023638,229.316,0.6423,49.994
Night_Moderate,2020-01-08 03:24:00,0.03098,229.076,0.7935,49.974
Night_Moderate,2020-01-08 03:27:00,0.030435,228.512,0.7814,49.996
Night_Moderate,2020-01-08 03:30:00,0.045796,226.682,1.0219,49.978
Night_Moderate,2020-01-08 03:33:00,0.02134,231.303,0.6583,50.004
Night_Moderate,2020-01-08 03:36:00,0.037547,229.855,0.9392,49.982
Night_Moderate,2020-01-08 03:39:00,0.026898,229.793,0.7256,49.987
Night_Moderate,2020-01-08 03:42:00,0.043196,229.315,1.0357,49.996
Night_Moderate,2020-01-08 03:45:00,0.028851,230.071,0.7381,49.987
Night_Moderate,2020-01-08 03:48:00,0.037108,229.138,0.8778,49.969
Night_Moderate,2020-01-08 03:51:00,0.035703,227.477,0.9076,49.964
Night_Moderate,2020-01-08 03:54:00,0.032741,228.699,0.8229,49.976
Night_Moderate,2020-01-08 03:57:00,0.030849,229.275,0.8265,49.978
Night_Moderate,2020-01-08 04:00:00,0.036634,227.204,0.9161,49.981
Night_Moderate,2020-01-08 04:03:00,0.035553,229.258,0.8265,49.984
Night_Moderate,2020-01-08 04:06:00,0.031518,229.124,0.8719,49.981
Night_Moderate,2020-01-08 04:09:00,0.042622,226.042,0.9774,50.008
Night_Moderate,2020-01-08 04:12:00,0.02687,229.612,0.7268,49.989
Night_Moderate,2020-01-08 04:15:00,0.037223,230.211,0.9206,50.031
Night_Moderate,2020-01-08 04:18:00,0.0241,230.197,0.6695,49.994
Night_Moderate,2020-01-08 04:21:00,0.037922,227.954,0.8561,49.977
Night_Moderate,2020-01-08 04:24:00,0.026329,229.566,0.7161,49.986
Night_Moderate,2020-01-08 04:27:00,0.029865,229.756,0.8098,49.967
Night_Moderate,2020-01-08 04:30:00,0.026823,230.112,0.7816,49.977
Night_Moderate,2020-01-08 04:33:00,0.028933,227.902,0.774,49.997
Night_Moderate,2020-01-08 04:36:00,0.03895,228.768,0.9476,49.992
Night_Moderate,2020-01-08 04:39:00,0.020361,230.687,0.6458,49.981
Night_Moderate,2020-01-08 04:42:00,0.033806,229.507,0.8506,50.006
Night_Moderate,2020-01-08 04:45:00,0.021221,231.154,0.5955,49.994
Night_Moderate,2020-01-08 04:48:00,0.027015,231.164,0.6552,49.966
Night_Moderate,2020-01-08 04:51:00,0.022962,230.427,0.7287,49.972
Night_Moderate,2020-01-08 04:54:00,0.033327,228.451,0.8801,49.994
Night_Moderate,2020-01-08 04:57:00,0.030832,229.757,0.7942,49.971
Night_Moderate,2020-01-08 05:00:00,0.031036,230.15,0.7968,49.989
Night_Moderate,2020-01-08 05:03:00,0.025146,229.922,0.6671,49.975
Night_Moderate,2020-01-08 05:06:00,0.026328,230.05,0.7002,49.98
Night_Moderate,2020-01-08 05:09:00,0.024276,228.931,0.6822,50.007
Night_Moderate,2020-01-08 05:12:00,0.032442,229.541,0.8953,49.994
Night_Moderate,2020-01-08 05:15:00,0.027,228.081,0.7552,49.985
Night_Moderate,2020-01-08 05:18:00,0.03068,231.683,0.7437,49.973
Night_Moderate,2020-01-08 05:21:00,0.016853,230.413,0.5888,50.007
Night_Moderate,2020-01-08 05:24:00,0.016041,229.99,0.5268,49.993
Night_Moderate,2020-01-08 05:27:00,0.020447,232.331,0.6204,50.002
Night_Moderate,2020-01-08 05:30:00,0.016083,231.104,0.5163,49.982
Night_Moderate,2020-01-08 05:33:00,0.022132,231.024,0.6578,49.963
Night_Moderate,2020-01-08 05:36:00,0.019078,230.266,0.5755,49.977
Night_Moderate,2020-01-08 05:39:00,0.023415,230.537,0.6854,49.993
Night_Moderate,2020-01-08 05:42:00,0.020521,229.544,0.5661,49.994
Night_Moderate,2020-01-08 05:45:00,0.01727,229.658,0.6069,50.003
Night_Moderate,2020-01-08 05:48:00,0.018606,230.305,0.5616,49.996
Night_Moderate,2020-01-08 05:51:00,0.026832,229.951,0.6392,49.981
Night_Moderate,2020-01-08 05:54:00,0.021694,230.529,0.6314,49.978
Night_Moderate,2020-01-08 05:57:00,0.014028,230.535,0.5204,49.995
Night_Moderate,2020-01-08 06:00:00,0.022373,230.252,0.6429,49.988
Night_Moderate,2020-01-08 06:03:00,0.02182,230.009,0.5266,49.992
Night_Moderate,2020-01-08 06:06:00,0.018474,228.93,0.5896,49.984
Night_Moderate,2020-01-08 06:09:00,0.019691,230.87,0.5462,50.007
Night_Moderate,2020-01-08 06:12:00,0.019754,230.976,0.663,49.99
Night_Moderate,2020-01-08 06:15:00,0.021808,230.965,0.6263,49.98
Night_Moderate,2020-01-08 06:18:00,0.027292,229.899,0.7149,49.978
Night_Moderate,2020-01-08 06:21:00,0.018489,232.123,0.579,49.987
Night_Moderate,2020-01-08 06:24:00,0.02133,230.66,0.6084,50.001
Night_Moderate,2020-01-08 06:27:00,0.020581,229.907,0.5898,50.003
Night_Moderate,2020-01-08 06:30:00,0.018131,230.437,0.5871,50.014
Night_Moderate,2020-01-08 06:33:00,0.01913,231.271,0.6264,50.003
Night_Moderate,2020-01-08 06:36:00,0.018228,230.832,0.5352,49.985
Night_Moderate,2020-01-08 06:39:00,0.009323,232.732,0.4546,50.0
Night_Moderate,2020-01-08 06:42:00,0.017678,230.407,0.5423,50.012
Night_Moderate,2020-01-08 06:45:00,0.01146,232.101,0.4546,50.011
Night_Moderate,2020-01-08 06:48:00,0.009207,230.911,0.4629,49.997
Night_Moderate,2020-01-08 06:51:00,0.019917,229.463,0.6659,49.987
Night_Moderate,2020-01-08 06:54:00,0.016189,229.483,0.5504,49.999
Night_Moderate,2020-01-08 06:57:00,0.016432,230.24,0.5567,49.998
Night_Moderate,2020-01-08 07:00:00,0.006907,232.671,0.4137,49.999
Night_Moderate,2020-01-08 07:03:00,0.012898,230.105,0.4649,49.988
Night_Moderate,2020-01-08 07:06:00,0.015964,231.808,0.5814,50.0
Night_Moderate,2020-01-08 07:09:00,0.018011,229.695,0.6038,49.991
Night_Moderate,2020-01-08 07:12:00,0.015526,231.831,0.5444,49.996
Night_Moderate,2020-01-08 07:15:00,0.016089,232.195,0.5845,49.974
Night_Moderate,2020-01-08 07:18:00,0.015605,230.636,0.5731,49.98
Night_Moderate,2020-01-08 07:21:00,0.013471,231.292,0.5073,50.015
Night_Moderate,2020-01-08 07:24:00,0.011974,230.542,0.4459,50.007
Night_Moderate,2020-01-08 07:27:00,0.018201,230.426,0.6262,49.995
Night_Moderate,2020-01-08 07:30:00,0.014396,230.151,0.4762,49.999
Night_Moderate,2020-01-08 07:33:00,0.017148,230.908,0.5688,49.989
Night_Moderate,2020-01-08 07:36:00,0.00845,231.776,0.3991,50.007
Night_Moderate,2020-01-08 07:39:00,0.010081,231.974,0.4679,49.992
Night_Moderate,2020-01-08 07:42:00,0.011543,231.806,0.4653,49.978
Night_Moderate,2020-01-08 07:45:00,0.015611,230.499,0.5411,50.012
Night_Moderate,2020-01-08 07:48:00,0.012477,229.793,0.476,49.994
Night_Moderate,2020-01-08 07:51:00,0.014532,230.755,0.4659,50.001
Night_Moderate,2020-01-08 07:54:00,0.012985,230.462,0.4616,50.022
Night_Moderate,2020-01-08 07:57:00,0.011119,231.246,0.4671,50.005
Night_Moderate,2020-01-08 08:00:00,0.01502,231.548,0.528,50.012
Night_Moderate,2020-01-08 08:03:00,0.008879,231.542,0.4209,49.994
Night_Moderate,2020-01-08 08:06:00,0.008467,231.313,0.3638,50.001
Night_Moderate,2020-01-08 08:09:00,0.010722,229.733,0.4644,49.988
Night_Moderate,2020-01-08 08:12:00,0.010934,232.622,0.4845,50.007
Night_Moderate,2020-01-08 08:15:00,0.017734,231.727,0.5791,50.002
Night_Moderate,2020-01-08 08:18:00,0.007913,231.006,0.424,50.008
Night_Moderate,2020-01-08 08:21:00,0.012259,231.893,0.5439,49.992
Night_Moderate,2020-01-08 08:24:00,0.012631,231.591,0.4526,49.998
Night_Moderate,2020-01-08 08:27:00,0.012761,231.273,0.4342,50.0
Night_Moderate,2020-01-08 08:30:00,0.0117,233.195,0.5108,49.976
Night_Moderate,2020-01-08 08:33:00,0.013922,230.07,0.5044,49.983
Night_Moderate,2020-01-08 08:36:00,0.01224,231.62,0.4673,49.988
Night_Moderate,2020-01-08 08:39:00,0.014368,231.109,0.464,49.984
Night_Moderate,2020-01-08 08:42:00,0.011835,231.712,0.5034,49.998
Night_Moderate,2020-01-08 08:45:00,0.015128,230.898,0.5085,49.984
Night_Moderate,2020-01-08 08:48:00,0.011152,230.75,0.5397,50.003
Night_Moderate,2020-01-08 08:51:00,0.012312,230.394,0.5004,50.014
Night_Moderate,2020-01-08 08:54:00,0.008242,232.122,0.4099,49.985
Night_Moderate,2020-01-08 08:57:00,0.013523,231.412,0.4919,49.993
Night_Moderate,2020-01-08 09:00:00,0.009009,231.742,0.3818,50.008
Night_Moderate,2020-01-08 09:03:00,0.010927,230.637,0.4736,50.005
Night_Moderate,2020-01-08 09:06:00,0.010069,229.836,0.418,50.007
Night_Moderate,2020-01-08 09:09:00,0.010206,231.408,0.5042,49.983
Night_Moderate,2020-01-08 09:12:00,0.014452,230.398,0.4666,50.016
Night_Moderate,2020-01-08 09:15:00,0.013054,230.769,0.4396,49.991
Night_Moderate,2020-01-08 09:18:00,0.008907,231.725,0.4224,49.991
Night_Moderate,2020-01-08 09:21:00,0.01218,232.754,0.4793,49.981
Night_Moderate,2020-01-08 09:24:00,0.007649,230.787,0.4039,49.992
Night_Moderate,2020-01-08 09:27:00,0.011363,230.91,0.4177,49.988
Night_Moderate,2020-01-08 09:30:00,0.008534,230.254,0.3653,50.011
Night_Moderate,2020-01-08 09:33:00,0.010606,228.806,0.4045,50.015
Night_Moderate,2020-01-08 09:36:00,0.007659,232.592,0.4148,49.981
Night_Moderate,2020-01-08 09:39:00,0.008258,231.511,0.4115,49.987
Night_Moderate,2020-01-08 09:42:00,0.012267,231.765,0.4644,49.993
Night_Moderate,2020-01-08 09:45:00,0.009935,231.441,0.4676,50.015
Night_Moderate,2020-01-08 09:48:00,0.010238,231.237,0.4427,49.984
Night_Moderate,2020-01-08 09:51:00,0.010134,232.149,0.4704,49.97
Night_Moderate,2020-01-08 09:54:00,0.013425,230.173,0.5256,49.987
Night_Moderate,2020-01-08 09:57:00,0.006664,232.065,0.4086,49.985
Night_Moderate,2020-01-08 10:00:00,0.010534,230.695,0.4654,50.003
Night_Moderate,2020-01-08 10:03:00,0.012814,230.267,0.4333,49.988
Night_Moderate,2020-01-08 10:06:00,0.012058,231.665,0.4881,49.992
Night_Moderate,2020-01-08 10:09:00,0.008734,230.511,0.4135,49.999
Night_Moderate,2020-01-08 10:12:00,0.010781,232.895,0.5084,49.998
Night_Moderate,2020-01-08 10:15:00,0.010427,228.815,0.3927,50.007
Night_Moderate,2020-01-08 10:18:00,0.011622,230.298,0.4184,49.998
Night_Moderate,2020-01-08 10:21:00,0.011216,229.919,0.5014,49.998
Night_Moderate,2020-01-08 10:24:00,0.010751,230.71,0.4036,49.991
Night_Moderate,2020-01-08 10:27:00,0.010566,231.859,0.4713,49.976
Night_Moderate,2020-01-08 10:30:00,0.012839,229.986,0.449,50.012
Night_Moderate,2020-01-08 10:33:00,0.015017,231.794,0.491,49.987
Night_Moderate,2020-01-08 10:36:00,0.010853,231.032,0.4291,49.979
Night_Moderate,2020-01-08 10:39:00,0.012088,231.796,0.459,49.973
Night_Moderate,2020-01-08 10:42:00,0.009014,232.023,0.4068,49.985
Night_Moderate,2020-01-08 10:45:00,0.01172,231.283,0.4929,49.988
Night_Moderate,2020-01-08 10:48:00,0.010071,230.539,0.4737,49.985
Night_Moderate,2020-01-08 10:51:00,0.011119,232.179,0.4407,49.979
Night_Moderate,2020-01-08 10:54:00,0.01066,231.89,0.4798,49.99
Night_Moderate,2020-01-08 10:57:00,0.010869,230.678,0.4863,49.99
Night_Moderate,2020-01-08 11:00:00,0.007271,231.381,0.377,49.979
Night_Moderate,2020-01-08 11:03:00,0.009658,230.581,0.34,50.003
Night_Moderate,2020-01-08 11:06:00,0.011096,231.595,0.4103,49.991
Night_Moderate,2020-01-08 11:09:00,0.007039,230.892,0.4395,49.981
Night_Moderate,2020-01-08 11:12:00,0.014026,229.91,0.4899,50.012
Night_Moderate,2020-01-08 11:15:00,0.010716,230.193,0.4313,49.991
Night_Moderate,2020-01-08 11:18:00,0.007927,231.123,0.394,49.985
Night_Moderate,2020-01-08 11:21:00,0.013492,230.784,0.5384,49.987
Night_Moderate,2020-01-08 11:24:00,0.009562,230.711,0.4485,49.997
Night_Moderate,2020-01-08 11:27:00,0.00958,231.2,0.399,49.99
Night_Moderate,2020-01-08 11:30:00,0.012901,231.184,0.5115,49.962
Night_Moderate,2020-01-08 11:33:00,0.00697,230.022,0.3726,50.002
Night_Moderate,2020-01-08 11:36:00,0.010658,230.188,0.3838,49.99
Night_Moderate,2020-01-08 11:39:00,0.013155,231.127,0.505,49.986
Night_Moderate,2020-01-08 11:42:00,0.004287,230.519,0.2947,49.998
Night_Moderate,2020-01-08 11:45:00,0.011805,231.064,0.4499,49.979
Night_Moderate,2020-01-08 11:48:00,0.011387,231.35,0.4464,49.991
Night_Moderate,2020-01-08 11:51:00,0.00721,230.062,0.3664,50.006
Night_Moderate,2020-01-08 11:54:00,0.007577,231.938,0.3913,50.017
Night_Moderate,2020-01-08 11:57:00,0.008155,231.963,0.3794,50.011
Night_Moderate,2020-01-08 12:00:00,0.00881,230.948,0.4977,49.98
Night_Moderate,2020-01-08 12:03:00,0.009391,231.775,0.4712,50.006
Night_Moderate,2020-01-08 12:06:00,0.008812,231.356,0.409,49.988
Night_Moderate,2020-01-08 12:09:00,0.010875,230.784,0.4266,49.991
Night_Moderate,2020-01-08 12:12:00,0.012667,231.099,0.5048,50.004
Night_Moderate,2020-01-08 12:15:00,0.008799,231.211,0.4083,49.988
Night_Moderate,2020-01-08 12:18:00,0.007671,231.122,0.4155,49.989
Night_Moderate,2020-01-08 12:21:00,0.016379,229.34,0.5508,49.989
Night_Moderate,2020-01-08 12:24:00,0.009331,231.832,0.4229,49.987
Night_Moderate,2020-01-08 12:27:00,0.009333,230.968,0.4123,49.993
Night_Moderate,2020-01-08 12:30:00,0.012482,230.259,0.5081,49.97
Night_Moderate,2020-01-08 12:33:00,0.01123,231.344,0.4212,50.014
Night_Moderate,2020-01-08 12:36:00,0.00893,231.311,0.3227,49.996
Night_Moderate,2020-01-08 12:39:00,0.00715,231.992,0.3704,50.004
Night_Moderate,2020-01-08 12:42:00,0.009297,230.601,0.3896,50.003
Night_Moderate,2020-01-08 12:45:00,0.01015,229.15,0.4506,49.994
Night_Moderate,2020-01-08 12:48:00,0.012041,230.161,0.4526,49.974
Night_Moderate,2020-01-08 12:51:00,0.01038,231.3,0.3857,50.01
Night_Moderate,2020-01-08 12:54:00,0.01376,231.24,0.532,49.984
Night_Moderate,2020-01-08 12:57:00,0.012373,230.967,0.4373,49.999
Night_Moderate,2020-01-08 13:00:00,0.006555,232.272,0.3774,49.969
Night_Moderate,2020-01-08 13:03:00,0.009186,230.721,0.368,49.984
Night_Moderate,2020-01-08 13:06:00,0.011244,230.457,0.4458,49.978
Night_Moderate,2020-01-08 13:09:00,0.012577,230.999,0.459,49.983
Night_Moderate,2020-01-08 13:12:00,0.012907,231.656,0.4065,49.977
Night_Moderate,2020-01-08 13:15:00,0.01244,231.71,0.4175,50.023
Night_Moderate,2020-01-08 13:18:00,0.007249,229.94,0.3082,50.004
Night_Moderate,2020-01-08 13:21:00,0.008415,230.617,0.4665,50.001
Night_Moderate,2020-01-08 13:24:00,0.011846,231.498,0.3801,49.994
Night_Moderate,2020-01-08 13:27:00,0.008692,231.091,0.4615,50.008
Night_Moderate,2020-01-08 13:30:00,0.008451,230.871,0.3913,49.993
Night_Moderate,2020-01-08 13:33:00,0.009118,231.187,0.4247,49.985
Night_Moderate,2020-01-08 13:36:00,0.009226,231.865,0.435,50.006
Night_Moderate,2020-01-08 13:39:00,0.00744,231.349,0.3803,49.991
Night_Moderate,2020-01-08 13:42:00,0.01185,230.026,0.4188,49.989
Night_Moderate,2020-01-08 13:45:00,0.010028,229.738,0.4397,49.985
Night_Moderate,2020-01-08 13:48:00,0.007822,231.019,0.4352,49.994
Night_Moderate,2020-01-08 13:51:00,0.005384,230.035,0.3738,49.993
Night_Moderate,2020-01-08 13:54:00,0.007957,231.146,0.4431,50.002
Night_Moderate,2020-01-08 13:57:00,0.012008,231.408,0.5357,49.996
Night_Moderate,2020-01-08 14:00:00,0.008194,229.794,0.3767,50.013
Night_Moderate,2020-01-08 14:03:00,0.00651,231.037,0.3516,49.997
Night_Moderate,2020-01-08 14:06:00,0.007636,229.67,0.4416,49.997
Night_Moderate,2020-01-08 14:09:00,0.005048,231.706,0.2632,49.992
Night_Moderate,2020-01-08 14:12:00,0.004585,231.343,0.3139,49.986
Night_Moderate,2020-01-08 14:15:00,0.010313,231.577,0.4649,50.007
Night_Moderate,2020-01-08 14:18:00,0.010965,230.305,0.3289,49.997
Night_Moderate,2020-01-08 14:21:00,0.013635,229.998,0.522,49.996
Night_Moderate,2020-01-08 14:24:00,0.011597,231.879,0.4367,49.981
Night_Moderate,2020-01-08 14:27:00,0.011824,230.616,0.4096,50.006
Night_Moderate,2020-01-08 14:30:00,0.016147,230.252,0.5577,49.998
Night_Moderate,2020-01-08 14:33:00,0.010684,230.69,0.4872,49.999
Night_Moderate,2020-01-08 14:36:00,0.01081,230.74,0.4229,50.002
Night_Moderate,2020-01-08 14:39:00,0.010337,231.561,0.454,50.0
Night_Moderate,2020-01-08 14:42:00,0.011664,230.901,0.4921,50.01
Night_Moderate,2020-01-08 14:45:00,0.008981,230.965,0.3675,49.999
Night_Moderate,2020-01-08 14:48:00,0.009424,232.378,0.4326,49.984
Night_Moderate,2020-01-08 14:51:00,0.014897,230.045,0.5159,49.998
Night_Moderate,2020-01-08 14:54:00,0.010106,229.285,0.4312,49.993
Night_Moderate,2020-01-08 14:57:00,0.011351,230.448,0.4192,49.985
Night_Moderate,2020-01-08 15:00:00,0.011349,230.358,0.4612,49.973
Night_Moderate,2020-01-08 15:03:00,0.00974,231.003,0.4548,49.996
Night_Moderate,2020-01-08 15:06:00,0.015822,228.315,0.4935,49.993
Night_Moderate,2020-01-08 15:09:00,0.012576,231.083,0.4293,49.985
Night_Moderate,2020-01-08 15:12:00,0.010861,230.808,0.4929,49.988
Night_Moderate,2020-01-08 15:15:00,0.010653,230.866,0.3919,49.985
Night_Moderate,2020-01-08 15:18:00,0.007648,231.97,0.4492,50.007
Night_Moderate,2020-01-08 15:21:00,0.013096,229.964,0.5658,50.004
Night_Moderate,2020-01-08 15:24:00,0.007949,231.219,0.3984,49.981
Night_Moderate,2020-01-08 15:27:00,0.01251,231.305,0.4581,50.011
Night_Moderate,2020-01-08 15:30:00,0.006482,231.376,0.3041,50.012
Night_Moderate,2020-01-08 15:33:00,0.011814,230.585,0.4342,50.006
Night_Moderate,2020-01-08 15:36:00,0.012109,230.889,0.5233,50.014
Night_Moderate,2020-01-08 15:39:00,0.013377,230.551,0.4275,50.004
Night_Moderate,2020-01-08 15:42:00,0.008716,231.278,0.4416,50.0
Night_Moderate,2020-01-08 15:45:00,0.009738,231.382,0.3994,49.986
Night_Moderate,2020-01-08 15:48:00,0.008206,229.279,0.4017,50.007
Night_Moderate,2020-01-08 15:51:00,0.012925,230.201,0.4782,49.99
Night_Moderate,2020-01-08 15:54:00,0.014722,232.202,0.4888,49.992
Night_Moderate,2020-01-08 15:57:00,0.011619,231.929,0.4791,50.017
Night_Moderate,2020-01-08 16:00:00,0.01165,230.023,0.485,49.994
Night_Moderate,2020-01-08 16:03:00,0.016445,230.523,0.5254,50.016
Night_Moderate,2020-01-08 16:06:00,0.011215,231.058,0.4674,49.994
Night_Moderate,2020-01-08 16:09:00,0.007966,230.794,0.325,50.001
Night_Moderate,2020-01-08 16:12:00,0.015548,230.102,0.488,49.996
Night_Moderate,2020-01-08 16:15:00,0.013737,230.129,0.5276,49.998
Night_Moderate,2020-01-08 16:18:00,0.009303,230.778,0.3915,50.002
Night_Moderate,2020-01-08 16:21:00,0.015593,230.25,0.5324,49.988
Night_Moderate,2020-01-08 16:24:00,0.010331,230.754,0.451,49.983
Night_Moderate,2020-01-08 16:27:00,0.013226,231.378,0.5043,50.011
Night_Moderate,2020-01-08 16:30:00,0.016581,231.489,0.5238,49.972
Night_Moderate,2020-01-08 16:33:00,0.007739,231.021,0.3659,49.985
Night_Moderate,2020-01-08 16:36:00,0.009596,230.675,0.5127,49.997
Night_Moderate,2020-01-08 16:39:00,0.009888,231.587,0.4424,49.985
Night_Moderate,2020-01-08 16:42:00,0.014166,232.322,0.496,49.991
Night_Moderate,2020-01-08 16:45:00,0.009915,232.518,0.4255,50.002
Night_Moderate,2020-01-08 16:48:00,0.01115,232.428,0.4832,50.032
Night_Moderate,2020-01-08 16:51:00,0.012004,231.079,0.4228,49.982
Night_Moderate,2020-01-08 16:54:00,0.010413,231.813,0.4986,50.0
Night_Moderate,2020-01-08 16:57:00,0.008463,231.286,0.336,49.989
Night_Moderate,2020-01-08 17:00:00,0.011924,230.927,0.4607,50.007
Night_Moderate,2020-01-08 17:03:00,0.011074,231.357,0.4055,50.009
Night_Moderate,2020-01-08 17:06:00,0.010691,231.516,0.4276,49.996
Night_Moderate,2020-01-08 17:09:00,0.005821,232.523,0.3492,50.002
Night_Moderate,2020-01-08 17:12:00,0.018287,229.218,0.6152,49.991
Night_Moderate,2020-01-08 17:15:00,0.009228,231.602,0.4317,50.016
Night_Moderate,2020-01-08 17:18:00,0.010307,231.92,0.4911,49.988
Night_Moderate,2020-01-08 17:21:00,0.01546,229.848,0.5185,49.978
Night_Moderate,2020-01-08 17:24:00,0.017316,230.107,0.5686,50.0
Night_Moderate,2020-01-08 17:27:00,0.014351,232.369,0.4973,50.01
Night_Moderate,2020-01-08 17:30:00,0.016203,230.8,0.5667,49.988
Night_Moderate,2020-01-08 17:33:00,0.015838,230.479,0.492,50.006
Night_Moderate,2020-01-08 17:36:00,0.016984,232.328,0.5586,49.998
Night_Moderate,2020-01-08 17:39:00,0.015108,230.51,0.4925,50.01
Night_Moderate,2020-01-08 17:42:00,0.014882,230.042,0.5142,50.012
Night_Moderate,2020-01-08 17:45:00,0.012324,231.064,0.4577,49.998
Night_Moderate,2020-01-08 17:48:00,0.018021,230.014,0.6057,49.981
Night_Moderate,2020-01-08 17:51:00,0.011323,231.971,0.4347,50.002
Night_Moderate,2020-01-08 17:54:00,0.012733,229.882,0.4762,49.972
Night_Moderate,2020-01-08 17:57:00,0.014981,232.057,0.5265,49.972
Night_Moderate,2020-01-08 18:00:00,0.023487,228.128,0.7307,50.003
Night_Moderate,2020-01-08 18:03:00,0.014657,230.956,0.4973,49.986
Night_Moderate,2020-01-08 18:06:00,0.014345,229.97,0.5066,49.977
Night_Moderate,2020-01-08 18:09:00,0.019354,230.334,0.6398,50.013
Night_Moderate,2020-01-08 18:12:00,0.010853,231.318,0.4154,50.005
Night_Moderate,2020-01-08 18:15:00,0.016407,229.0,0.5787,49.994
Night_Moderate,2020-01-08 18:18:00,0.011867,230.631,0.469,49.985
Night_Moderate,2020-01-08 18:21:00,0.015933,229.851,0.5706,50.0
Night_Moderate,2020-01-08 18:24:00,0.01996,230.798,0.6321,49.989
Night_Moderate,2020-01-08 18:27:00,0.022254,230.263,0.6222,50.001
Night_Moderate,2020-01-08 18:30:00,0.025028,229.267,0.7424,49.985
Night_Moderate,2020-01-08 18:33:00,0.015235,230.93,0.5267,50.008
Night_Moderate,2020-01-08 18:36:00,0.021909,230.394,0.6236,50.005
Night_Moderate,2020-01-08 18:39:00,0.015305,231.353,0.4796,50.012
Night_Moderate,2020-01-08 18:42:00,0.016107,230.694,0.6341,50.002
Night_Moderate,2020-01-08 18:45:00,0.011875,228.606,0.4673,50.004
Night_Moderate,2020-01-08 18:48:00,0.018617,229.174,0.6227,49.992
Night_Moderate,2020-01-08 18:51:00,0.02429,229.283,0.6395,49.977
Night_Moderate,2020-01-08 18:54:00,0.022,229.887,0.675,50.011
Night_Moderate,2020-01-08 18:57:00,0.018281,229.458,0.5909,49.973
Night_Moderate,2020-01-08 19:00:00,0.013183,230.603,0.4327,49.994
Night_Moderate,2020-01-08 19:03:00,0.020491,229.387,0.5658,49.993
Night_Moderate,2020-01-08 19:06:00,0.019454,231.003,0.5958,49.986
Night_Moderate,2020-01-08 19:09:00,0.016021,231.789,0.5512,50.016
Night_Moderate,2020-01-08 19:12:00,0.023704,229.139,0.7001,49.982
Night_Moderate,2020-01-08 19:15:00,0.013464,229.99,0.3998,49.993
Night_Moderate,2020-01-08 19:18:00,0.020091,229.25,0.6226,50.002
Night_Moderate,2020-01-08 19:21:00,0.022233,229.009,0.6519,49.984
Night_Moderate,2020-01-08 19:24:00,0.020392,229.606,0.6132,50.006
Night_Moderate,2020-01-08 19:27:00,0.017591,229.871,0.5048,49.988
Night_Moderate,2020-01-08 19:30:00,0.015502,230.499,0.5188,49.988
Night_Moderate,2020-01-08 19:33:00,0.021529,231.295,0.6484,50.012
Night_Moderate,2020-01-08 19:36:00,0.028681,230.669,0.7197,49.998
Night_Moderate,2020-01-08 19:39:00,0.022258,228.751,0.6668,50.0
Night_Moderate,2020-01-08 19:42:00,0.017842,228.94,0.519,49.969
Night_Moderate,2020-01-08 19:45:00,0.028606,230.111,0.77,49.971
Night_Moderate,2020-01-08 19:48:00,0.022225,230.54,0.6749,49.975
Night_Moderate,2020-01-08 19:51:00,0.020093,229.123,0.68,50.001
Night_Moderate,2020-01-08 19:54:00,0.027719,230.864,0.6582,49.998
Night_Moderate,2020-01-08 19:57:00,0.02826,230.914,0.7802,49.99
Night_Moderate,2020-01-08 20:00:00,0.023698,228.843,0.7109,49.992
Night_Moderate,2020-01-08 20:03:00,0.026241,228.55,0.7528,49.993
Night_Moderate,2020-01-08 20:06:00,0.026827,228.016,0.7294,49.974
Night_Moderate,2020-01-08 20:09:00,0.020849,229.846,0.5886,49.989
Night_Moderate,2020-01-08 20:12:00,0.016261,231.531,0.5313,49.996
Night_Moderate,2020-01-08 20:15:00,0.027086,229.865,0.7704,49.975
Night_Moderate,2020-01-08 20:18:00,0.024973,230.17,0.709,50.008
Night_Moderate,2020-01-08 20:21:00,0.01743,231.284,0.5676,50.001
Night_Moderate,2020-01-08 20:24:00,0.036355,229.456,0.8508,49.975
Night_Moderate,2020-01-08 20:27:00,0.015408,230.806,0.5538,49.982
Night_Moderate,2020-01-08 20:30:00,0.019378,230.059,0.6216,49.977
Night_Moderate,2020-01-08 20:33:00,0.022811,229.508,0.6066,50.003
Night_Moderate,2020-01-08 20:36:00,0.020224,231.502,0.6359,49.995
Night_Moderate,2020-01-08 20:39:00,0.032395,228.225,0.8017,49.99
Night_Moderate,2020-01-08 20:42:00,0.038149,228.292,0.9409,49.992
Night_Moderate,2020-01-08 20:45:00,0.031197,227.998,0.8096,49.985
Night_Moderate,2020-01-08 20:48:00,0.022376,230.431,0.687,49.978
Night_Moderate,2020-01-08 20:51:00,0.028709,230.758,0.7149,49.969
Night_Moderate,2020-01-08 20:54:00,0.037394,227.752,0.9316,49.973
Night_Moderate,2020-01-08 20:57:00,0.022187,228.964,0.6679,49.979
Night_Moderate,2020-01-08 21:00:00,0.024713,230.144,0.6309,49.988
Night_Moderate,2020-01-08 21:03:00,0.031715,230.282,0.883,49.978
Night_Moderate,2020-01-08 21:06:00,0.025824,229.468,0.7068,49.997
Night_Moderate,2020-01-08 21:09:00,0.039433,228.63,0.9801,49.977
Night_Moderate,2020-01-08 21:12:00,0.030594,229.545,0.7812,49.984
Night_Moderate,2020-01-08 21:15:00,0.021383,232.057,0.6626,50.009
Night_Moderate,2020-01-08 21:18:00,0.024057,229.02,0.6852,49.984
Night_Moderate,2020-01-08 21:21:00,0.02294,229.71,0.6457,49.991
Night_Moderate,2020-01-08 21:24:00,0.020855,229.4,0.7092,49.972
Night_Moderate,2020-01-08 21:27:00,0.039379,228.458,0.924,50.005
Night_Moderate,2020-01-08 21:30:00,0.034099,229.587,0.8008,49.996
Night_Moderate,2020-01-08 21:33:00,0.031728,229.209,0.8314,49.991
Night_Moderate,2020-01-08 21:36:00,0.033936,229.788,0.9065,49.986
Night_Moderate,2020-01-08 21:39:00,0.043494,227.496,0.9753,49.955
Night_Moderate,2020-01-08 21:42:00,0.044916,228.794,1.0526,49.97
Night_Moderate,2020-01-08 21:45:00,0.017994,230.144,0.592,49.985
Night_Moderate,2020-01-08 21:48:00,0.044011,227.186,1.0512,49.961
Night_Moderate,2020-01-08 21:51:00,0.021937,229.584,0.6995,49.999
Night_Moderate,2020-01-08 21:54:00,0.02966,230.232,0.8092,49.988
Night_Moderate,2020-01-08 21:57:00,0.046756,226.363,1.0965,49.986
Night_Moderate,2020-01-08 22:00:00,0.040784,227.337,0.9759,49.968
Night_Moderate,2020-01-08 22:03:00,0.036418,229.071,0.9057,49.993
Night_Moderate,2020-01-08 22:06:00,0.02833,229.644,0.7566,49.975
Night_Moderate,2020-01-08 22:09:00,0.041676,226.872,1.0141,49.992
Night_Moderate,2020-01-08 22:12:00,0.044889,227.758,1.0341,50.004
Night_Moderate,2020-01-08 22:15:00,0.0485,225.258,1.109,49.995
Night_Moderate,2020-01-08 22:18:00,0.039619,227.444,1.047,49.983
Night_Moderate,2020-01-08 22:21:00,0.041934,229.535,0.9788,49.99
Night_Moderate,2020-01-08 22:24:00,0.035287,229.552,0.9143,49.978
Night_Moderate,2020-01-08 22:27:00,0.031413,227.708,0.7987,50.004
Night_Moderate,2020-01-08 22:30:00,0.03457,229.767,0.8228,49.993
Night_Moderate,2020-01-08 22:33:00,0.034377,230.094,0.8295,49.977
Night_Moderate,2020-01-08 22:36:00,0.0469,227.367,1.1042,49.993
Night_Moderate,2020-01-08 22:39:00,0.048912,227.782,1.1164,49.97
Night_Moderate,2020-01-08 22:42:00,0.039215,228.994,1.0177,49.965
Night_Moderate,2020-01-08 22:45:00,0.034609,228.439,0.8864,49.983
Night_Moderate,2020-01-08 22:48:00,0.044588,227.362,1.1105,49.992
Night_Moderate,2020-01-08 22:51:00,0.038372,229.608,0.951,49.986
Night_Moderate,2020-01-08 22:54:00,0.048132,227.214,1.1482,49.982
Night_Moderate,2020-01-08 22:57:00,0.043529,228.047,1.0145,50.008
Night_Moderate,2020-01-08 23:00:00,0.045253,228.748,1.0661,49.977
Night_Moderate,2020-01-08 23:03:00,0.054319,226.22,1.19,49.977
Night_Moderate,2020-01-08 23:06:00,0.042039,229.078,0.9559,49.968
Night_Moderate,2020-01-08 23:09:00,0.049472,226.916,1.1402,49.958
Night_Moderate,2020-01-08 23:12:00,0.046163,228.195,1.1438,49.976
Night_Moderate,2020-01-08 23:15:00,0.044939,228.547,1.0626,49.978
Night_Moderate,2020-01-08 23:18:00,0.029886,228.364,0.7791,50.007
Night_Moderate,2020-01-08 23:21:00,0.040853,228.553,0.9721,49.979
Night_Moderate,2020-01-08 23:24:00,0.050103,227.292,1.1419,49.978
Night_Moderate,2020-01-08 23:27:00,0.03332,228.953,0.7716,49.987
Night_Moderate,2020-01-08 23:30:00,0.04322,229.104,1.0168,49.991
Night_Moderate,2020-01-08 23:33:00,0.048185,228.146,1.1463,49.992
Night_Moderate,2020-01-08 23:36:00,0.045799,228.993,1.1221,49.974
Night_Moderate,2020-01-08 23:39:00,0.052685,226.317,1.1685,49.988
Night_Moderate,2020-01-08 23:42:00,0.045081,227.251,1.0663,49.984
Night_Moderate,2020-01-08 23:45:00,0.048257,227.833,1.1422,49.981
Night_Moderate,2020-01-08 23:48:00,0.051271,227.509,1.1461,49.976
Night_Moderate,2020-01-08 23:51:00,0.043986,227.252,1.0376,49.98
Night_Moderate,2020-01-08 23:54:00,0.038854,228.632,0.959,50.0
Night_Moderate,2020-01-08 23:57:00,0.038,228.974,0.901,49.985
Night_Moderate,2020-01-09 00:00:00,0.047224,229.23,1.074,49.98
Night_Moderate,2020-01-09 00:03:00,0.072844,224.76,1.5368,49.977
Night_Moderate,2020-01-09 00:06:00,0.046853,227.413,1.1052,49.977
Night_Moderate,2020-01-09 00:09:00,0.060079,226.238,1.3142,49.973
Night_Moderate,2020-01-09 00:12:00,0.035856,227.462,0.8631,49.984
Night_Moderate,2020-01-09 00:15:00,0.065841,225.782,1.412,49.968
Night_Moderate,2020-01-09 00:18:00,0.048696,226.917,1.1173,49.986
Night_Moderate,2020-01-09 00:21:00,0.050688,227.448,1.1893,49.956
Night_Moderate,2020-01-09 00:24:00,0.044957,227.901,1.1027,49.983
Night_Moderate,2020-01-09 00:27:00,0.032936,228.794,0.8218,50.002
Night_Moderate,2020-01-09 00:30:00,0.043276,227.19,0.992,49.979
Night_Moderate,2020-01-09 00:33:00,0.041338,229.143,0.9611,49.984
Night_Moderate,2020-01-09 00:36:00,0.048817,228.168,1.1326,49.983
Night_Moderate,2020-01-09 00:39:00,0.043194,228.909,0.9658,49.967
Night_Moderate,2020-01-09 00:42:00,0.051618,227.932,1.16,49.969
Night_Moderate,2020-01-09 00:45:00,0.046401,228.66,1.097,49.972
Night_Moderate,2020-01-09 00:48:00,0.049608,227.212,1.1375,49.991
Night_Moderate,2020-01-09 00:51:00,0.039808,228.126,0.9775,49.979
Night_Moderate,2020-01-09 00:54:00,0.05428,226.793,1.2325,49.969
Night_Moderate,2020-01-09 00:57:00,0.046802,228.551,0.9984,50.002
Night_Moderate,2020-01-09 01:00:00,0.046568,229.187,1.0516,49.991
Night_Moderate,2020-01-09 01:03:00,0.047062,228.371,1.1182,49.971
Night_Moderate,2020-01-09 01:06:00,0.053775,227.57,1.1906,49.981
Night_Moderate,2020-01-09 01:09:00,0.050601,227.15,1.1354,49.967
Night_Moderate,2020-01-09 01:12:00,0.054935,227.101,1.2608,49.964
Night_Moderate,2020-01-09 01:15:00,0.035504,229.625,0.9292,49.961
Night_Moderate,2020-01-09 01:18:00,0.059535,227.113,1.3513,49.985
Night_Moderate,2020-01-09 01:21:00,0.045302,228.473,1.1118,49.975
Night_Moderate,2020-01-09 01:24:00,0.050448,227.339,1.1358,49.97
Night_Moderate,2020-01-09 01:27:00,0.060532,225.944,1.3771,49.997
Night_Moderate,2020-01-09 01:30:00,0.034084,228.742,0.865,49.964
Night_Moderate,2020-01-09 01:33:00,0.045576,228.426,1.0548,49.969
Night_Moderate,2020-01-09 01:36:00,0.053758,225.971,1.2392,49.969
Night_Moderate,2020-01-09 01:39:00,0.053089,227.145,1.2058,49.981
Night_Moderate,2020-01-09 01:42:00,0.056439,227.418,1.3147,49.983
Night_Moderate,2020-01-09 01:45:00,0.036262,227.818,0.9164,49.994
Night_Moderate,2020-01-09 01:48:00,0.036683,229.137,0.9599,49.992
Night_Moderate,2020-01-09 01:51:00,0.04438,227.131,1.0646,49.972
Night_Moderate,2020-01-09 01:54:00,0.047993,227.511,1.1138,49.988
Night_Moderate,2020-01-09 01:57:00,0.056838,225.312,1.2986,49.981
Night_Moderate,2020-01-09 02:00:00,0.046096,225.996,1.057,49.974
Night_Moderate,2020-01-09 02:03:00,0.068552,226.152,1.4896,49.976
Night_Moderate,2020-01-09 02:06:00,0.055154,226.126,1.2199,49.964
Night_Moderate,2020-01-09 02:09:00,0.053812,228.278,1.2282,49.99
Night_Moderate,2020-01-09 02:12:00,0.053567,226.897,1.2147,49.99
Night_Moderate,2020-01-09 02:15:00,0.041341,228.046,1.0084,49.98
Night_Moderate,2020-01-09 02:18:00,0.04261,229.437,0.9486,49.982
Night_Moderate,2020-01-09 02:21:00,0.049351,227.313,1.1805,49.975
Night_Moderate,2020-01-09 02:24:00,0.035239,228.744,0.8847,49.997
Night_Moderate,2020-01-09 02:27:00,0.039976,226.37,0.9456,49.977
Night_Moderate,2020-01-09 02:30:00,0.047215,227.594,1.0622,49.96
Night_Moderate,2020-01-09 02:33:00,0.048422,226.666,1.1368,49.975
Night_Moderate,2020-01-09 02:36:00,0.039902,228.756,0.9488,49.963
Night_Moderate,2020-01-09 02:39:00,0.049603,227.545,1.1316,49.979
Night_Moderate,2020-01-09 02:42:00,0.057922,226.443,1.2146,49.987
Night_Moderate,2020-01-09 02:45:00,0.048046,228.89,1.1186,49.979
Night_Moderate,2020-01-09 02:48:00,0.049155,226.821,1.0647,49.976
Night_Moderate,2020-01-09 02:51:00,0.043236,227.209,0.958,49.98
Night_Moderate,2020-01-09 02:54:00,0.041113,228.543,1.007,49.98
Night_Moderate,2020-01-09 02:57:00,0.038512,229.446,0.9125,50.002
Night_Moderate,2020-01-09 03:00:00,0.043767,227.884,1.003,49.981
Night_Moderate,2020-01-09 03:03:00,0.046201,226.147,1.0989,49.989
Night_Moderate,2020-01-09 03:06:00,0.030182,228.193,0.774,49.978
Night_Moderate,2020-01-09 03:09:00,0.03384,229.101,0.8541,49.984
Night_Moderate,2020-01-09 03:12:00,0.036014,228.858,0.9144,49.971
Night_Moderate,2020-01-09 03:15:00,0.051515,226.747,1.1784,49.959
Night_Moderate,2020-01-09 03:18:00,0.048213,227.04,1.1405,49.977
Night_Moderate,2020-01-09 03:21:00,0.032857,229.464,0.8484,49.977
Night_Moderate,2020-01-09 03:24:00,0.039684,226.775,0.9772,49.983
Night_Moderate,2020-01-09 03:27:00,0.023483,229.575,0.6612,50.012
Night_Moderate,2020-01-09 03:30:00,0.03601,229.746,0.9046,49.97
Night_Moderate,2020-01-09 03:33:00,0.037652,228.535,0.883,49.963
Night_Moderate,2020-01-09 03:36:00,0.033166,228.783,0.8766,50.003
Night_Moderate,2020-01-09 03:39:00,0.043264,227.512,1.0248,50.004
Night_Moderate,2020-01-09 03:42:00,0.036293,228.697,0.8737,49.964
Night_Moderate,2020-01-09 03:45:00,0.039287,229.031,0.9167,49.978
Night_Moderate,2020-01-09 03:48:00,0.017007,230.31,0.5474,49.992
Night_Moderate,2020-01-09 03:51:00,0.036419,229.074,0.8579,49.984
Night_Moderate,2020-01-09 03:54:00,0.022563,231.311,0.6659,50.006
Night_Moderate,2020-01-09 03:57:00,0.048138,228.181,1.0943,49.979
Night_Moderate,2020-01-09 04:00:00,0.042755,227.823,1.0535,49.996
Night_Moderate,2020-01-09 04:03:00,0.043708,227.607,0.9879,49.999
Night_Moderate,2020-01-09 04:06:00,0.028833,229.864,0.772,49.971
Night_Moderate,2020-01-09 04:09:00,0.034928,229.259,0.8562,50.003
Night_Moderate,2020-01-09 04:12:00,0.036704,228.343,0.9501,49.984
Night_Moderate,2020-01-09 04:15:00,0.037607,228.478,0.943,49.98
Night_Moderate,2020-01-09 04:18:00,0.033508,228.797,0.868,49.981
Night_Moderate,2020-01-09 04:21:00,0.030776,229.723,0.7722,49.961
Night_Moderate,2020-01-09 04:24:00,0.032904,228.876,0.8431,49.994
Night_Moderate,2020-01-09 04:27:00,0.030872,228.267,0.8163,50.013
Night_Moderate,2020-01-09 04:30:00,0.034196,228.146,0.8651,49.991
Night_Moderate,2020-01-09 04:33:00,0.023244,229.574,0.7982,49.983
Night_Moderate,2020-01-09 04:36:00,0.033824,228.301,0.8172,49.97
Night_Moderate,2020-01-09 04:39:00,0.027172,229.807,0.7321,50.001
Night_Moderate,2020-01-09 04:42:00,0.032968,229.412,0.9131,49.988
Night_Moderate,2020-01-09 04:45:00,0.033053,228.793,0.8114,49.973
Night_Moderate,2020-01-09 04:48:00,0.035332,229.3,0.8662,49.972
Night_Moderate,2020-01-09 04:51:00,0.027127,231.423,0.6669,49.977
Night_Moderate,2020-01-09 04:54:00,0.023442,230.096,0.6699,50.002
Night_Moderate,2020-01-09 04:57:00,0.019279,230.025,0.641,49.978
Night_Moderate,2020-01-09 05:00:00,0.017501,231.988,0.635,49.987
Night_Moderate,2020-01-09 05:03:00,0.02393,231.399,0.6506,49.992
Night_Moderate,2020-01-09 05:06:00,0.020426,230.524,0.6158,49.993
Night_Moderate,2020-01-09 05:09:00,0.027196,229.326,0.7554,49.98
Night_Moderate,2020-01-09 05:12:00,0.024668,230.357,0.7097,49.984
Night_Moderate,2020-01-09 05:15:00,0.024198,229.53,0.7116,49.996
Night_Moderate,2020-01-09 05:18:00,0.026798,230.709,0.7116,49.977
Night_Moderate,2020-01-09 05:21:00,0.023682,229.389,0.6769,49.985
Night_Moderate,2020-01-09 05:24:00,0.022105,229.911,0.684,49.968
Night_Moderate,2020-01-09 05:27:00,0.033219,228.438,0.8764,49.972
Night_Moderate,2020-01-09 05:30:00,0.014645,231.857,0.5295,49.998
Night_Moderate,2020-01-09 05:33:00,0.027965,228.563,0.7143,49.982
Night_Moderate,2020-01-09 05:36:00,0.026552,229.268,0.727,49.992
Night_Moderate,2020-01-09 05:39:00,0.024087,229.602,0.6316,49.963
Night_Moderate,2020-01-09 05:42:00,0.020341,229.562,0.6319,49.984
Night_Moderate,2020-01-09 05:45:00,0.023001,229.536,0.6556,49.996
Night_Moderate,2020-01-09 05:48:00,0.025063,230.662,0.6979,49.981
Night_Moderate,2020-01-09 05:51:00,0.014458,231.342,0.5167,49.978
Night_Moderate,2020-01-09 05:54:00,0.02102,229.421,0.7339,49.995
Night_Moderate,2020-01-09 05:57:00,0.016644,232.2,0.5101,49.987
Night_Moderate,2020-01-09 06:00:00,0.026089,228.874,0.7382,50.005
Night_Moderate,2020-01-09 06:03:00,0.016061,229.99,0.5222,49.972
Night_Moderate,2020-01-09 06:06:00,0.01653,229.19,0.543,49.986
Night_Moderate,2020-01-09 06:09:00,0.011336,232.502,0.4544,49.997
Night_Moderate,2020-01-09 06:12:00,0.014777,230.25,0.478,50.0
Night_Moderate,2020-01-09 06:15:00,0.016475,230.496,0.5784,49.986
Night_Moderate,2020-01-09 06:18:00,0.025115,230.776,0.727,49.981
Night_Moderate,2020-01-09 06:21:00,0.017063,231.493,0.5869,49.988
Night_Moderate,2020-01-09 06:24:00,0.011732,231.59,0.494,49.992
Night_Moderate,2020-01-09 06:27:00,0.023913,230.334,0.6832,49.999
Night_Moderate,2020-01-09 06:30:00,0.016761,230.621,0.5493,50.015
Night_Moderate,2020-01-09 06:33:00,0.01649,230.139,0.522,49.979
Night_Moderate,2020-01-09 06:36:00,0.019452,229.488,0.5938,49.999
Night_Moderate,2020-01-09 06:39:00,0.015866,229.369,0.5361,49.998
Night_Moderate,2020-01-09 06:42:00,0.016937,229.832,0.5484,49.967
Night_Moderate,2020-01-09 06:45:00,0.011599,231.904,0.4763,49.993
Night_Moderate,2020-01-09 06:48:00,0.019737,229.956,0.6178,50.013
Night_Moderate,2020-01-09 06:51:00,0.007412,230.297,0.3963,49.994
Night_Moderate,2020-01-09 06:54:00,0.014735,230.77,0.4957,49.983
Night_Moderate,2020-01-09 06:57:00,0.021246,231.588,0.6544,49.981
Night_Moderate,2020-01-09 07:00:00,0.014404,231.33,0.5548,49.993
Night_Moderate,2020-01-09 07:03:00,0.019066,230.429,0.5986,49.993
Night_Moderate,2020-01-09 07:06:00,0.015543,231.302,0.5623,49.991
Night_Moderate,2020-01-09 07:09:00,0.01763,230.471,0.5383,49.988
Night_Moderate,2020-01-09 07:12:00,0.01826,230.108,0.5584,49.993
Night_Moderate,2020-01-09 07:15:00,0.016975,230.34,0.5279,49.99
Night_Moderate,2020-01-09 07:18:00,0.009481,231.014,0.4583,49.988
Night_Moderate,2020-01-09 07:21:00,0.017385,230.943,0.5488,49.978
Night_Moderate,2020-01-09 07:24:00,0.015706,230.704,0.4999,49.984
Night_Moderate,2020-01-09 07:27:00,0.021259,230.311,0.6254,50.003
Night_Moderate,2020-01-09 07:30:00,0.017151,231.828,0.5205,50.003
Night_Moderate,2020-01-09 07:33:00,0.01171,231.695,0.4516,49.995
Night_Moderate,2020-01-09 07:36:00,0.008735,232.447,0.4342,49.979
Night_Moderate,2020-01-09 07:39:00,0.010346,231.299,0.5114,49.993
Night_Moderate,2020-01-09 07:42:00,0.012867,230.532,0.4989,49.992
Night_Moderate,2020-01-09 07:45:00,0.024905,229.791,0.7151,50.0
Night_Moderate,2020-01-09 07:48:00,0.017484,230.471,0.5653,50.003
Night_Moderate,2020-01-09 07:51:00,0.013355,230.016,0.5418,49.987
Night_Moderate,2020-01-09 07:54:00,0.016178,229.508,0.5531,49.99
Night_Moderate,2020-01-09 07:57:00,0.017561,230.217,0.5904,49.999
Night_Moderate,2020-01-09 08:00:00,0.01096,232.469,0.4362,49.996
Night_Moderate,2020-01-09 08:03:00,0.005282,232.779,0.3166,50.012
Night_Moderate,2020-01-09 08:06:00,0.013343,229.914,0.4757,49.985
Night_Moderate,2020-01-09 08:09:00,0.01017,230.435,0.4022,50.001
Night_Moderate,2020-01-09 08:12:00,0.015953,230.179,0.601,49.998
Night_Moderate,2020-01-09 08:15:00,0.011236,230.984,0.4823,50.001
Night_Moderate,2020-01-09 08:18:00,0.010949,230.652,0.4234,50.0
Night_Moderate,2020-01-09 08:21:00,0.01107,230.413,0.4142,50.011
Night_Moderate,2020-01-09 08:24:00,0.013221,230.071,0.4715,49.99
Night_Moderate,2020-01-09 08:27:00,0.016073,230.195,0.5598,50.006
Night_Moderate,2020-01-09 08:30:00,0.006864,231.654,0.3788,50.008
Night_Moderate,2020-01-09 08:33:00,0.008071,230.572,0.4558,49.975
Night_Moderate,2020-01-09 08:36:00,0.012214,232.151,0.4745,49.965
Night_Moderate,2020-01-09 08:39:00,0.014083,230.532,0.4894,49.971
Night_Moderate,2020-01-09 08:42:00,0.010714,231.871,0.4878,50.013
Night_Moderate,2020-01-09 08:45:00,0.011149,230.163,0.4656,50.015
Night_Moderate,2020-01-09 08:48:00,0.014848,231.56,0.4638,49.98
Night_Moderate,2020-01-09 08:51:00,0.012516,231.592,0.4335,50.01
Night_Moderate,2020-01-09 08:54:00,0.009556,229.891,0.4431,50.008
Night_Moderate,2020-01-09 08:57:00,0.009701,231.686,0.4326,49.991
Night_Moderate,2020-01-09 09:00:00,0.010651,230.172,0.4365,49.993
Night_Moderate,2020-01-09 09:03:00,0.010441,231.406,0.4268,50.005
Night_Moderate,2020-01-09 09:06:00,0.012595,229.525,0.5018,50.001
Night_Moderate,2020-01-09 09:09:00,0.013584,232.259,0.4587,49.985
Night_Moderate,2020-01-09 09:12:00,0.010442,231.776,0.3992,49.979
Night_Moderate,2020-01-09 09:15:00,0.014395,230.171,0.4914,49.966
Night_Moderate,2020-01-09 09:18:00,0.012699,230.871,0.4992,50.0
Night_Moderate,2020-01-09 09:21:00,0.010701,229.137,0.4258,49.975
Night_Moderate,2020-01-09 09:24:00,0.014073,230.953,0.5057,49.985
Night_Moderate,2020-01-09 09:27:00,0.010457,231.005,0.488,49.988
Night_Moderate,2020-01-09 09:30:00,0.012094,231.799,0.4719,49.986
Night_Moderate,2020-01-09 09:33:00,0.008569,230.381,0.3763,49.992
Night_Moderate,2020-01-09 09:36:00,0.008193,230.665,0.3627,49.991
Night_Moderate,2020-01-09 09:39:00,0.011211,231.023,0.4977,49.978
Night_Moderate,2020-01-09 09:42:00,0.00834,231.773,0.4216,49.993
Night_Moderate,2020-01-09 09:45:00,0.00517,232.467,0.2901,50.001
Night_Moderate,2020-01-09 09:48:00,0.006002,230.436,0.3733,50.001
Night_Moderate,2020-01-09 09:51:00,0.011832,231.298,0.5161,50.002
Night_Moderate,2020-01-09 09:54:00,0.011222,231.315,0.3955,49.994
Night_Moderate,2020-01-09 09:57:00,0.014095,230.747,0.4716,49.977
Night_Moderate,2020-01-09 10:00:00,0.010645,229.95,0.4065,50.008
Night_Moderate,2020-01-09 10:03:00,0.015,230.199,0.5393,49.996
Night_Moderate,2020-01-09 10:06:00,0.014225,231.871,0.4596,49.985
Night_Moderate,2020-01-09 10:09:00,0.008366,231.366,0.4389,49.981
Night_Moderate,2020-01-09 10:12:00,0.013416,229.835,0.5343,49.998
Night_Moderate,2020-01-09 10:15:00,0.010799,231.325,0.4902,49.982
Night_Moderate,2020-01-09 10:18:00,0.008879,229.796,0.3633,49.999
Night_Moderate,2020-01-09 10:21:00,0.010752,229.997,0.3955,49.983
Night_Moderate,2020-01-09 10:24:00,0.011347,230.401,0.4606,49.994
Night_Moderate,2020-01-09 10:27:00,0.007265,232.182,0.4213,49.976
Night_Moderate,2020-01-09 10:30:00,0.009695,231.959,0.4256,50.03
Night_Moderate,2020-01-09 10:33:00,0.009694,230.175,0.4199,50.018
Night_Moderate,2020-01-09 10:36:00,0.011201,230.455,0.4194,50.0
Night_Moderate,2020-01-09 10:39:00,0.007696,232.21,0.383,50.02
Night_Moderate,2020-01-09 10:42:00,0.012631,231.362,0.483,50.002
Night_Moderate,2020-01-09 10:45:00,0.014049,230.98,0.5075,49.977
Night_Moderate,2020-01-09 10:48:00,0.011863,230.91,0.4994,49.998
Night_Moderate,2020-01-09 10:51:00,0.010025,231.535,0.3997,50.009
Night_Moderate,2020-01-09 10:54:00,0.013096,232.013,0.4524,50.009
Night_Moderate,2020-01-09 10:57:00,0.00759,231.105,0.4293,49.992
Night_Moderate,2020-01-09 11:00:00,0.010776,231.026,0.4512,50.011
Night_Moderate,2020-01-09 11:03:00,0.010024,231.582,0.3694,49.986
Night_Moderate,2020-01-09 11:06:00,0.007104,229.375,0.3924,49.993
Night_Moderate,2020-01-09 11:09:00,0.010913,230.981,0.4305,49.995
Night_Moderate,2020-01-09 11:12:00,0.00862,230.871,0.4059,49.987
Night_Moderate,2020-01-09 11:15:00,0.010108,229.178,0.4359,49.992
Night_Moderate,2020-01-09 11:18:00,0.011203,230.129,0.3908,49.994
Night_Moderate,2020-01-09 11:21:00,0.008515,231.27,0.4854,49.974
Night_Moderate,2020-01-09 11:24:00,0.010779,232.23,0.446,50.004
Night_Moderate,2020-01-09 11:27:00,0.00893,231.422,0.3925,49.995
Night_Moderate,2020-01-09 11:30:00,0.011135,230.706,0.4621,49.998
Night_Moderate,2020-01-09 11:33:00,0.00444,231.134,0.3209,50.01
Night_Moderate,2020-01-09 11:36:00,0.007906,231.345,0.3961,49.979
Night_Moderate,2020-01-09 11:39:00,0.013957,230.159,0.5046,50.001
Night_Moderate,2020-01-09 11:42:00,0.014679,230.473,0.5059,49.985
Night_Moderate,2020-01-09 11:45:00,0.011614,231.553,0.4204,49.997
Night_Moderate,2020-01-09 11:48:00,0.010563,230.277,0.4953,49.977
Night_Moderate,2020-01-09 11:51:00,0.00948,230.602,0.3759,50.013
Night_Moderate,2020-01-09 11:54:00,0.009983,231.112,0.3828,49.988
Night_Moderate,2020-01-09 11:57:00,0.013152,229.456,0.4781,49.982
Night_Moderate,2020-01-09 12:00:00,0.006586,231.384,0.4026,49.979
Night_Moderate,2020-01-09 12:03:00,0.008155,231.938,0.381,50.005
Night_Moderate,2020-01-09 12:06:00,0.009844,230.371,0.4839,49.976
Night_Moderate,2020-01-09 12:09:00,0.013098,231.651,0.4454,49.995
Night_Moderate,2020-01-09 12:12:00,0.011144,231.415,0.4569,49.995
Night_Moderate,2020-01-09 12:15:00,0.013172,230.954,0.4358,49.999
Night_Moderate,2020-01-09 12:18:00,0.010991,231.389,0.4531,49.986
Night_Moderate,2020-01-09 12:21:00,0.012045,231.929,0.4823,50.018
Night_Moderate,2020-01-09 12:24:00,0.011259,230.086,0.4912,49.987
Night_Moderate,2020-01-09 12:27:00,0.01319,231.658,0.4449,49.998
Night_Moderate,2020-01-09 12:30:00,0.013981,229.534,0.4744,50.005
Night_Moderate,2020-01-09 12:33:00,0.007539,232.137,0.3808,50.007
Night_Moderate,2020-01-09 12:36:00,0.011456,231.347,0.463,50.013
Night_Moderate,2020-01-09 12:39:00,0.012023,231.496,0.4594,49.984
Night_Moderate,2020-01-09 12:42:00,0.010762,233.506,0.4185,50.002
Night_Moderate,2020-01-09 12:45:00,0.00941,231.581,0.3919,49.974
Night_Moderate,2020-01-09 12:48:00,0.015029,230.442,0.5127,49.983
Night_Moderate,2020-01-09 12:51:00,0.006516,230.433,0.3487,49.987
Night_Moderate,2020-01-09 12:54:00,0.009332,231.283,0.4855,49.989
Night_Moderate,2020-01-09 12:57:00,0.01407,232.027,0.5018,49.986
Night_Moderate,2020-01-09 13:00:00,0.00976,232.377,0.4257,50.002
Night_Moderate,2020-01-09 13:03:00,0.009507,230.068,0.3908,49.995
Night_Moderate,2020-01-09 13:06:00,0.008911,231.71,0.4017,50.004
Night_Moderate,2020-01-09 13:09:00,0.008531,231.598,0.3403,49.997
Night_Moderate,2020-01-09 13:12:00,0.011882,230.429,0.4519,49.969
Night_Moderate,2020-01-09 13:15:00,0.01171,230.939,0.4748,49.989
Night_Moderate,2020-01-09 13:18:00,0.010508,232.21,0.4184,50.004
Night_Moderate,2020-01-09 13:21:00,0.01119,230.034,0.4519,50.006
Night_Moderate,2020-01-09 13:24:00,0.009666,229.712,0.4846,49.993
Night_Moderate,2020-01-09 13:27:00,0.010522,231.357,0.3956,49.986
Night_Moderate,2020-01-09 13:30:00,0.013925,230.398,0.466,49.992
Night_Moderate,2020-01-09 13:33:00,0.011804,232.353,0.5353,49.979
Night_Moderate,2020-01-09 13:36:00,0.010137,228.985,0.4805,49.981
Night_Moderate,2020-01-09 13:39:00,0.008294,231.441,0.4543,49.988
Night_Moderate,2020-01-09 13:42:00,0.00835,231.35,0.3961,49.984
Night_Moderate,2020-01-09 13:45:00,0.012551,230.218,0.4653,50.01
Night_Moderate,2020-01-09 13:48:00,0.010697,232.142,0.4215,50.001
Night_Moderate,2020-01-09 13:51:00,0.007846,230.264,0.3898,49.966
Night_Moderate,2020-01-09 13:54:00,0.008067,231.277,0.4221,49.964
Night_Moderate,2020-01-09 13:57:00,0.010879,230.962,0.4724,50.003
Night_Moderate,2020-01-09 14:00:00,0.011739,229.698,0.4744,49.994
Night_Moderate,2020-01-09 14:03:00,0.010517,231.272,0.4541,50.009
Night_Moderate,2020-01-09 14:06:00,0.009706,230.252,0.4563,50.001
Night_Moderate,2020-01-09 14:09:00,0.013831,230.069,0.4832,50.0
Night_Moderate,2020-01-09 14:12:00,0.011796,232.439,0.4755,49.999
Night_Moderate,2020-01-09 14:15:00,0.011361,231.346,0.3946,50.0
Night_Moderate,2020-01-09 14:18:00,0.011108,229.55,0.4901,49.992
Night_Moderate,2020-01-09 14:21:00,0.009882,230.483,0.4342,49.983
Night_Moderate,2020-01-09 14:24:00,0.007986,230.782,0.3447,50.025
Night_Moderate,2020-01-09 14:27:00,0.00806,230.858,0.4191,50.014
Night_Moderate,2020-01-09 14:30:00,0.014612,229.983,0.5187,49.994
Night_Moderate,2020-01-09 14:33:00,0.009965,232.106,0.4024,50.002
Night_Moderate,2020-01-09 14:36:00,0.010164,229.124,0.4522,50.007
Night_Moderate,2020-01-09 14:39:00,0.009399,230.581,0.4019,49.99
Night_Moderate,2020-01-09 14:42:00,0.013658,229.187,0.5038,50.003
Night_Moderate,2020-01-09 14:45:00,0.006474,232.041,0.4037,50.009
Night_Moderate,2020-01-09 14:48:00,0.009472,232.103,0.3825,49.993
Night_Moderate,2020-01-09 14:51:00,0.009827,230.749,0.456,49.992
Night_Moderate,2020-01-09 14:54:00,0.01213,231.911,0.5259,49.994
Night_Moderate,2020-01-09 14:57:00,0.009328,230.995,0.3601,50.013
Night_Moderate,2020-01-09 15:00:00,0.012948,231.473,0.4513,49.996
Night_Moderate,2020-01-09 15:03:00,0.005766,231.849,0.3158,49.986
Night_Moderate,2020-01-09 15:06:00,0.013657,230.67,0.5123,49.998
Night_Moderate,2020-01-09 15:09:00,0.010499,229.999,0.4451,49.988
Night_Moderate,2020-01-09 15:12:00,0.011292,229.417,0.4055,50.002
Night_Moderate,2020-01-09 15:15:00,0.008776,231.203,0.3898,50.002
Night_Moderate,2020-01-09 15:18:00,0.011902,231.402,0.4534,50.012
Night_Moderate,2020-01-09 15:21:00,0.009608,231.166,0.4266,49.995
Night_Moderate,2020-01-09 15:24:00,0.01259,230.817,0.5276,49.998
Night_Moderate,2020-01-09 15:27:00,0.010666,231.899,0.4301,49.988
Night_Moderate,2020-01-09 15:30:00,0.011399,231.733,0.461,49.971
Night_Moderate,2020-01-09 15:33:00,0.009351,230.775,0.3596,50.001
Night_Moderate,2020-01-09 15:36:00,0.010447,230.399,0.4983,49.992
Night_Moderate,2020-01-09 15:39:00,0.011656,231.765,0.4244,50.001
Night_Moderate,2020-01-09 15:42:00,0.014393,231.819,0.531,49.967
Night_Moderate,2020-01-09 15:45:00,0.006031,232.152,0.3348,49.992
Night_Moderate,2020-01-09 15:48:00,0.012436,231.567,0.4603,50.002
Night_Moderate,2020-01-09 15:51:00,0.012264,230.242,0.4711,50.003
Night_Moderate,2020-01-09 15:54:00,0.012077,230.315,0.4984,49.99
Night_Moderate,2020-01-09 15:57:00,0.014689,230.416,0.4763,49.99
Night_Moderate,2020-01-09 16:00:00,0.015529,231.123,0.5754,49.983
Night_Moderate,2020-01-09 16:03:00,0.007838,231.712,0.3952,49.989
Night_Moderate,2020-01-09 16:06:00,0.010752,229.341,0.5134,49.983
Night_Moderate,2020-01-09 16:09:00,0.009085,229.429,0.4295,49.993
Night_Moderate,2020-01-09 16:12:00,0.011991,229.812,0.5287,49.986
Night_Moderate,2020-01-09 16:15:00,0.010645,231.99,0.342,50.008
Night_Moderate,2020-01-09 16:18:00,0.017386,229.401,0.5913,50.01
Night_Moderate,2020-01-09 16:21:00,0.012468,230.335,0.5093,49.988
Night_Moderate,2020-01-09 16:24:00,0.013061,229.92,0.452,50.0
Night_Moderate,2020-01-09 16:27:00,0.007893,233.755,0.3958,49.979
Night_Moderate,2020-01-09 16:30:00,0.012159,230.944,0.4792,50.004
Night_Moderate,2020-01-09 16:33:00,0.01474,230.454,0.5392,49.995
Night_Moderate,2020-01-09 16:36:00,0.010648,230.285,0.3872,50.006
Night_Moderate,2020-01-09 16:39:00,0.017191,229.464,0.5677,50.003
Night_Moderate,2020-01-09 16:42:00,0.009666,230.884,0.4415,49.992
Night_Moderate,2020-01-09 16:45:00,0.015309,230.644,0.5131,49.981
Night_Moderate,2020-01-09 16:48:00,0.018172,230.875,0.5894,49.998
Night_Moderate,2020-01-09 16:51:00,0.013134,231.225,0.5253,50.012
Night_Moderate,2020-01-09 16:54:00,0.011277,231.056,0.4408,50.005
Night_Moderate,2020-01-09 16:57:00,0.012506,231.221,0.4468,50.003
Night_Moderate,2020-01-09 17:00:00,0.013926,231.629,0.4785,49.991
Night_Moderate,2020-01-09 17:03:00,0.013476,230.66,0.4692,50.014
Night_Moderate,2020-01-09 17:06:00,0.013426,231.184,0.5312,50.004
Night_Moderate,2020-01-09 17:09:00,0.00982,232.188,0.4322,49.991
Night_Moderate,2020-01-09 17:12:00,0.012257,230.75,0.485,49.993
Night_Moderate,2020-01-09 17:15:00,0.015372,230.752,0.4845,49.994
Night_Moderate,2020-01-09 17:18:00,0.01202,231.903,0.4235,49.987
Night_Moderate,2020-01-09 17:21:00,0.015872,230.285,0.5247,49.985
Night_Moderate,2020-01-09 17:24:00,0.012307,229.817,0.4356,49.972
Night_Moderate,2020-01-09 17:27:00,0.011945,231.46,0.478,50.0
Night_Moderate,2020-01-09 17:30:00,0.016144,232.826,0.4889,49.991
Night_Moderate,2020-01-09 17:33:00,0.017532,229.848,0.5428,49.998
Night_Moderate,2020-01-09 17:36:00,0.01431,230.327,0.5678,50.0
Night_Moderate,2020-01-09 17:39:00,0.012515,229.769,0.4905,50.01
Night_Moderate,2020-01-09 17:42:00,0.012767,229.897,0.4341,49.987
Night_Moderate,2020-01-09 17:45:00,0.017646,231.252,0.5461,49.999
Night_Moderate,2020-01-09 17:48:00,0.016066,230.112,0.596,49.996
Night_Moderate,2020-01-09 17:51:00,0.017467,230.601,0.6245,49.974
Night_Moderate,2020-01-09 17:54:00,0.010502,229.594,0.3591,49.996
Night_Moderate,2020-01-09 17:57:00,0.01254,230.464,0.5256,49.983
Night_Moderate,2020-01-09 18:00:00,0.014995,230.461,0.5172,50.002
Night_Moderate,2020-01-09 18:03:00,0.011312,230.039,0.4285,49.994
Night_Moderate,2020-01-09 18:06:00,0.01777,230.537,0.589,50.007
Night_Moderate,2020-01-09 18:09:00,0.017963,231.512,0.5756,50.002
Night_Moderate,2020-01-09 18:12:00,0.012853,230.342,0.4297,49.982
Night_Moderate,2020-01-09 18:15:00,0.016535,231.184,0.5579,49.996
Night_Moderate,2020-01-09 18:18:00,0.012934,232.385,0.4753,50.0
Night_Moderate,2020-01-09 18:21:00,0.017015,228.93,0.533,49.997
Night_Moderate,2020-01-09 18:24:00,0.023334,229.364,0.6852,49.99
Night_Moderate,2020-01-09 18:27:00,0.018869,231.133,0.5788,49.97
Night_Moderate,2020-01-09 18:30:00,0.019582,230.283,0.6143,50.0
Night_Moderate,2020-01-09 18:33:00,0.022162,229.127,0.6332,49.988
Night_Moderate,2020-01-09 18:36:00,0.01567,230.284,0.4888,50.005
Night_Moderate,2020-01-09 18:39:00,0.012254,231.657,0.491,50.006
Night_Moderate,2020-01-09 18:42:00,0.018304,228.758,0.5654,50.019
Night_Moderate,2020-01-09 18:45:00,0.019447,229.631,0.5693,49.996
Night_Moderate,2020-01-09 18:48:00,0.015043,229.931,0.4651,50.002
Night_Moderate,2020-01-09 18:51:00,0.02522,228.361,0.6916,49.976
Night_Moderate,2020-01-09 18:54:00,0.019613,230.11,0.608,50.002
Night_Moderate,2020-01-09 18:57:00,0.01609,230.447,0.5465,49.98
Night_Moderate,2020-01-09 19:00:00,0.018794,229.523,0.604,49.999
Night_Moderate,2020-01-09 19:03:00,0.018028,229.841,0.6129,50.006
Night_Moderate,2020-01-09 19:06:00,0.019895,229.939,0.5436,49.998
Night_Moderate,2020-01-09 19:09:00,0.01872,229.127,0.6635,49.992
Night_Moderate,2020-01-09 19:12:00,0.01767,230.013,0.64,49.984
Night_Moderate,2020-01-09 19:15:00,0.01868,230.64,0.5692,49.975
Night_Moderate,2020-01-09 19:18:00,0.025918,229.115,0.7489,50.007
Night_Moderate,2020-01-09 19:21:00,0.02798,229.989,0.7934,49.985
Night_Moderate,2020-01-09 19:24:00,0.026551,228.861,0.7588,50.006
Night_Moderate,2020-01-09 19:27:00,0.016469,230.702,0.5566,49.963
Night_Moderate,2020-01-09 19:30:00,0.026311,229.424,0.8134,49.985
Night_Moderate,2020-01-09 19:33:00,0.020234,229.546,0.6216,50.007
Night_Moderate,2020-01-09 19:36:00,0.023299,231.544,0.7122,49.975
Night_Moderate,2020-01-09 19:39:00,0.025192,229.025,0.6954,49.983
Night_Moderate,2020-01-09 19:42:00,0.032843,228.808,0.8333,49.986
Night_Moderate,2020-01-09 19:45:00,0.021411,229.649,0.6656,49.977
Night_Moderate,2020-01-09 19:48:00,0.020374,230.5,0.6218,49.977
Night_Moderate,2020-01-09 19:51:00,0.029987,228.901,0.7638,49.983
Night_Moderate,2020-01-09 19:54:00,0.025192,230.005,0.6955,49.99
Night_Moderate,2020-01-09 19:57:00,0.027334,229.763,0.787,50.0
Night_Moderate,2020-01-09 20:00:00,0.030492,228.984,0.8018,50.0
Night_Moderate,2020-01-09 20:03:00,0.019967,230.843,0.6224,49.986
Night_Moderate,2020-01-09 20:06:00,0.024881,230.437,0.6614,49.993
Night_Moderate,2020-01-09 20:09:00,0.017562,230.771,0.561,49.993
Night_Moderate,2020-01-09 20:12:00,0.032136,228.889,0.8412,49.987
Night_Moderate,2020-01-09 20:15:00,0.026302,230.275,0.7278,50.002
Night_Moderate,2020-01-09 20:18:00,0.041553,228.536,1.0592,50.01
Night_Moderate,2020-01-09 20:21:00,0.024738,229.87,0.6475,49.999
Night_Moderate,2020-01-09 20:24:00,0.01867,230.524,0.5592,49.989
Night_Moderate,2020-01-09 20:27:00,0.023364,230.415,0.6456,49.992
Night_Moderate,2020-01-09 20:30:00,0.025965,230.145,0.7086,49.992
Night_Moderate,2020-01-09 20:33:00,0.03263,228.582,0.7742,49.985
Night_Moderate,2020-01-09 20:36:00,0.028077,229.624,0.8137,49.987
Night_Moderate,2020-01-09 20:39:00,0.021261,230.869,0.638,49.989
Night_Moderate,2020-01-09 20:42:00,0.01958,232.057,0.5653,49.989
Night_Moderate,2020-01-09 20:45:00,0.028092,230.273,0.7442,50.0
Night_Moderate,2020-01-09 20:48:00,0.019073,229.304,0.6028,50.031
Night_Moderate,2020-01-09 20:51:00,0.028335,229.962,0.7616,49.997
Night_Moderate,2020-01-09 20:54:00,0.033078,227.406,0.8452,50.004
Night_Moderate,2020-01-09 20:57:00,0.038024,227.037,0.9603,49.973
Night_Moderate,2020-01-09 21:00:00,0.024767,229.533,0.7088,49.992
Night_Moderate,2020-01-09 21:03:00,0.031331,228.271,0.8363,50.002
Night_Moderate,2020-01-09 21:06:00,0.026892,230.112,0.72,50.017
Night_Moderate,2020-01-09 21:09:00,0.026839,228.139,0.7209,49.978
Night_Moderate,2020-01-09 21:12:00,0.02915,229.701,0.7206,49.977
Night_Moderate,2020-01-09 21:15:00,0.038522,228.384,0.9785,49.956
Night_Moderate,2020-01-09 21:18:00,0.035538,230.171,0.8727,50.004
Night_Moderate,2020-01-09 21:21:00,0.029188,230.218,0.7496,49.993
Night_Moderate,2020-01-09 21:24:00,0.031203,230.162,0.801,49.98
Night_Moderate,2020-01-09 21:27:00,0.051345,227.798,1.1393,49.97
Night_Moderate,2020-01-09 21:30:00,0.020978,230.902,0.6144,50.008
Night_Moderate,2020-01-09 21:33:00,0.032635,228.894,0.7892,49.996
Night_Moderate,2020-01-09 21:36:00,0.02039,230.493,0.6214,49.992
Night_Moderate,2020-01-09 21:39:00,0.039906,228.37,0.9793,49.98
Night_Moderate,2020-01-09 21:42:00,0.026295,227.769,0.7074,49.996
Night_Moderate,2020-01-09 21:45:00,0.026158,229.315,0.6687,49.984
Night_Moderate,2020-01-09 21:48:00,0.042404,227.241,1.0173,49.974
Night_Moderate,2020-01-09 21:51:00,0.044657,226.778,1.057,50.012
Night_Moderate,2020-01-09 21:54:00,0.026911,229.082,0.7716,49.996
Night_Moderate,2020-01-09 21:57:00,0.032231,229.527,0.8476,49.969
Night_Moderate,2020-01-09 22:00:00,0.039751,229.815,0.9266,49.973
Night_Moderate,2020-01-09 22:03:00,0.034242,229.56,0.9086,49.987
Night_Moderate,2020-01-09 22:06:00,0.033331,228.538,0.885,49.984
Night_Moderate,2020-01-09 22:09:00,0.042267,228.997,0.9488,49.986
Night_Moderate,2020-01-09 22:12:00,0.042635,228.589,1.0296,49.99
Night_Moderate,2020-01-09 22:15:00,0.027445,228.093,0.6702,49.993
Night_Moderate,2020-01-09 22:18:00,0.022681,229.469,0.6945,50.009
Night_Moderate,2020-01-09 22:21:00,0.040529,228.682,0.9288,49.989
Night_Moderate,2020-01-09 22:24:00,0.045512,227.007,1.0803,49.989
Night_Moderate,2020-01-09 22:27:00,0.038207,227.976,0.9644,49.984
Night_Moderate,2020-01-09 22:30:00,0.027665,229.122,0.7286,49.974
Night_Moderate,2020-01-09 22:33:00,0.03541,229.412,0.8766,49.979
Night_Moderate,2020-01-09 22:36:00,0.049521,228.694,1.1305,49.958
Night_Moderate,2020-01-09 22:39:00,0.048317,228.107,1.1712,49.993
Night_Moderate,2020-01-09 22:42:00,0.047611,226.497,1.1466,49.968
Night_Moderate,2020-01-09 22:45:00,0.042812,228.686,0.9985,49.996
Night_Moderate,2020-01-09 22:48:00,0.047741,228.856,1.0786,49.983
Night_Moderate,2020-01-09 22:51:00,0.034136,229.105,0.8633,50.006
Night_Moderate,2020-01-09 22:54:00,0.040462,228.326,1.001,49.995
Night_Moderate,2020-01-09 22:57:00,0.031944,229.229,0.8014,49.982
Night_Moderate,2020-01-09 23:00:00,0.055119,226.915,1.2772,49.993
Night_Moderate,2020-01-09 23:03:00,0.045798,228.106,1.0513,49.987
Night_Moderate,2020-01-09 23:06:00,0.038772,228.186,0.954,50.0
Night_Moderate,2020-01-09 23:09:00,0.03974,227.638,1.0377,49.974
Night_Moderate,2020-01-09 23:12:00,0.030212,229.149,0.8084,49.976
Night_Moderate,2020-01-09 23:15:00,0.05177,227.831,1.1483,49.973
Night_Moderate,2020-01-09 23:18:00,0.040134,227.544,0.9798,50.002
Night_Moderate,2020-01-09 23:21:00,0.057294,226.981,1.2725,49.964
Night_Moderate,2020-01-09 23:24:00,0.053411,226.964,1.1776,49.949
Night_Moderate,2020-01-09 23:27:00,0.052846,227.256,1.2032,49.961
Night_Moderate,2020-01-09 23:30:00,0.031975,228.479,0.8493,50.003
Night_Moderate,2020-01-09 23:33:00,0.036246,227.978,0.8391,49.969
Night_Moderate,2020-01-09 23:36:00,0.047673,228.414,1.0415,49.984
Night_Moderate,2020-01-09 23:39:00,0.038094,227.943,0.9093,49.989
Night_Moderate,2020-01-09 23:42:00,0.048652,228.192,1.1447,49.985
Night_Moderate,2020-01-09 23:45:00,0.031824,229.223,0.8106,49.984
Night_Moderate,2020-01-09 23:48:00,0.048701,229.704,1.1173,49.99
Night_Moderate,2020-01-09 23:51:00,0.052793,227.873,1.2019,49.956
Night_Moderate,2020-01-09 23:54:00,0.030934,229.506,0.8298,50.014
Night_Moderate,2020-01-09 23:57:00,0.066567,225.645,1.4005,49.982
Night_Moderate,2020-01-10 00:00:00,0.036121,227.551,0.9166,49.979
Night_Moderate,2020-01-10 00:03:00,0.044875,227.097,1.0953,49.982
Night_Moderate,2020-01-10 00:06:00,0.053761,228.961,1.2545,49.983
Night_Moderate,2020-01-10 00:09:00,0.046701,226.78,1.1123,49.959
Night_Moderate,2020-01-10 00:12:00,0.033064,228.872,0.8804,49.971
Night_Moderate,2020-01-10 00:15:00,0.03863,229.365,0.9144,49.987
Night_Moderate,2020-01-10 00:18:00,0.070867,226.15,1.5007,49.992
Night_Moderate,2020-01-10 00:21:00,0.054824,226.426,1.1513,49.978
Night_Moderate,2020-01-10 00:24:00,0.063984,226.321,1.4,49.988
Night_Moderate,2020-01-10 00:27:00,0.056459,226.593,1.2122,49.973
Night_Moderate,2020-01-10 00:30:00,0.034793,229.096,0.8488,49.986
Night_Moderate,2020-01-10 00:33:00,0.045491,227.619,1.1162,49.966
Night_Moderate,2020-01-10 00:36:00,0.053997,227.351,1.2707,50.005
Night_Moderate,2020-01-10 00:39:00,0.054218,227.188,1.2154,50.017
Night_Moderate,2020-01-10 00:42:00,0.049357,227.279,1.1266,49.991
Night_Moderate,2020-01-10 00:45:00,0.035249,228.424,0.7795,49.966
Night_Moderate,2020-01-10 00:48:00,0.057007,225.532,1.3443,49.948
Night_Moderate,2020-01-10 00:51:00,0.059688,226.779,1.3071,49.97
Night_Moderate,2020-01-10 00:54:00,0.046188,228.705,1.0751,49.96
Night_Moderate,2020-01-10 00:57:00,0.043843,226.019,1.039,49.99
Night_Moderate,2020-01-10 01:00:00,0.036195,227.893,0.9157,49.967
Night_Moderate,2020-01-10 01:03:00,0.060641,227.133,1.3518,49.976
Night_Moderate,2020-01-10 01:06:00,0.072626,227.424,1.6115,49.96
Night_Moderate,2020-01-10 01:09:00,0.04526,228.89,1.0405,49.956
Night_Moderate,2020-01-10 01:12:00,0.049399,228.327,1.152,49.973
Night_Moderate,2020-01-10 01:15:00,0.053477,227.993,1.2232,49.979
Night_Moderate,2020-01-10 01:18:00,0.038883,228.936,0.9867,49.964
Night_Moderate,2020-01-10 01:21:00,0.056898,228.322,1.255,49.994
Night_Moderate,2020-01-10 01:24:00,0.050438,226.283,1.1629,49.964
Night_Moderate,2020-01-10 01:27:00,0.062585,225.781,1.4499,49.966
Night_Moderate,2020-01-10 01:30:00,0.018305,228.98,0.5519,50.004
Night_Moderate,2020-01-10 01:33:00,0.062593,225.877,1.3903,49.962
Night_Moderate,2020-01-10 01:36:00,0.051673,226.096,1.0658,49.971
Night_Moderate,2020-01-10 01:39:00,0.0575,226.562,1.3291,49.947
Night_Moderate,2020-01-10 01:42:00,0.027185,229.096,0.6895,49.989
Night_Moderate,2020-01-10 01:45:00,0.046383,226.882,1.0727,49.977
Night_Moderate,2020-01-10 01:48:00,0.04885,227.922,1.1229,49.999
Night_Moderate,2020-01-10 01:51:00,0.03901,229.163,0.9653,49.967
Night_Moderate,2020-01-10 01:54:00,0.053532,227.274,1.1865,49.959
Night_Moderate,2020-01-10 01:57:00,0.069893,226.34,1.5089,49.977
Night_Moderate,2020-01-10 02:00:00,0.049988,228.501,1.1621,49.982
Night_Moderate,2020-01-10 02:03:00,0.061493,225.694,1.3924,49.99
Night_Moderate,2020-01-10 02:06:00,0.059035,227.654,1.2625,49.953
Night_Moderate,2020-01-10 02:09:00,0.059676,226.603,1.3431,49.983
Night_Moderate,2020-01-10 02:12:00,0.031515,230.473,0.7834,49.998
Night_Moderate,2020-01-10 02:15:00,0.063206,225.844,1.398,49.987
Night_Moderate,2020-01-10 02:18:00,0.03775,228.741,0.8564,49.982
Night_Moderate,2020-01-10 02:21:00,0.05247,227.276,1.1637,49.967
Night_Moderate,2020-01-10 02:24:00,0.039858,227.307,0.9549,49.981
Night_Moderate,2020-01-10 02:27:00,0.036301,227.501,0.9204,49.981
Night_Moderate,2020-01-10 02:30:00,0.051366,227.86,1.1958,49.962
Night_Moderate,2020-01-10 02:33:00,0.041787,228.564,0.9968,49.983
Night_Moderate,2020-01-10 02:36:00,0.045754,227.342,1.0709,49.968
Night_Moderate,2020-01-10 02:39:00,0.047162,225.68,1.0923,49.977
Night_Moderate,2020-01-10 02:42:00,0.031898,229.199,0.7859,49.991
Night_Moderate,2020-01-10 02:45:00,0.036046,227.858,0.8328,49.999
Night_Moderate,2020-01-10 02:48:00,0.03604,228.998,0.8836,49.977
Night_Moderate,2020-01-10 02:51:00,0.054343,227.777,1.1935,49.965
Night_Moderate,2020-01-10 02:54:00,0.049773,229.373,1.1307,49.971
Night_Moderate,2020-01-10 02:57:00,0.027993,229.022,0.7325,49.984
Night_Moderate,2020-01-10 03:00:00,0.04404,226.029,1.0747,49.991
Night_Moderate,2020-01-10 03:03:00,0.049137,226.927,1.0979,49.975
Night_Moderate,2020-01-10 03:06:00,0.048662,228.637,1.1768,49.976
Night_Moderate,2020-01-10 03:09:00,0.044976,226.582,1.0406,49.986
Night_Moderate,2020-01-10 03:12:00,0.05174,225.982,1.174,49.974
Night_Moderate,2020-01-10 03:15:00,0.03337,227.628,0.7634,50.003
Night_Moderate,2020-01-10 03:18:00,0.044942,226.549,1.0844,49.971
Night_Moderate,2020-01-10 03:21:00,0.038854,229.489,0.9556,49.98
Night_Moderate,2020-01-10 03:24:00,0.039478,228.713,0.9669,49.979
Night_Moderate,2020-01-10 03:27:00,0.046991,227.507,1.0578,49.984
Night_Moderate,2020-01-10 03:30:00,0.045763,227.478,1.1071,49.98
Night_Moderate,2020-01-10 03:33:00,0.040338,229.239,1.0022,49.982
Night_Moderate,2020-01-10 03:36:00,0.025592,229.481,0.6588,50.006
Night_Moderate,2020-01-10 03:39:00,0.021119,230.556,0.6543,49.987
Night_Moderate,2020-01-10 03:42:00,0.032673,228.103,0.7775,50.003
Night_Moderate,2020-01-10 03:45:00,0.043302,228.497,1.0294,49.994
Night_Moderate,2020-01-10 03:48:00,0.036561,229.928,0.932,49.994
Night_Moderate,2020-01-10 03:51:00,0.025793,229.81,0.7812,49.996
Night_Moderate,2020-01-10 03:54:00,0.039484,228.099,0.9504,49.967
Night_Moderate,2020-01-10 03:57:00,0.039434,228.08,1.0044,49.991
Night_Moderate,2020-01-10 04:00:00,0.035941,230.084,0.8443,49.989
Night_Moderate,2020-01-10 04:03:00,0.026985,229.379,0.7183,49.985
Night_Moderate,2020-01-10 04:06:00,0.034163,228.432,0.9209,49.984
Night_Moderate,2020-01-10 04:09:00,0.032711,228.78,0.8396,49.968
Night_Moderate,2020-01-10 04:12:00,0.036364,228.078,0.8915,49.992
Night_Moderate,2020-01-10 04:15:00,0.019867,229.658,0.5391,49.979
Night_Moderate,2020-01-10 04:18:00,0.022327,230.181,0.6808,49.996
Night_Moderate,2020-01-10 04:21:00,0.031422,228.59,0.7906,49.985
Night_Moderate,2020-01-10 04:24:00,0.022427,230.369,0.6998,49.993
Night_Moderate,2020-01-10 04:27:00,0.028729,228.724,0.7703,50.005
Night_Moderate,2020-01-10 04:30:00,0.037708,226.853,0.8897,49.968
Night_Moderate,2020-01-10 04:33:00,0.036088,228.727,0.8868,49.983
Night_Moderate,2020-01-10 04:36:00,0.028101,228.032,0.7776,49.984
Night_Moderate,2020-01-10 04:39:00,0.029579,228.508,0.7662,49.996
Night_Moderate,2020-01-10 04:42:00,0.029653,229.75,0.7967,50.002
Night_Moderate,2020-01-10 04:45:00,0.030515,229.066,0.8011,49.996
Night_Moderate,2020-01-10 04:48:00,0.029177,228.365,0.7755,49.981
Night_Moderate,2020-01-10 04:51:00,0.019068,229.705,0.5695,50.002
Night_Moderate,2020-01-10 04:54:00,0.022929,230.922,0.6667,49.985
Night_Moderate,2020-01-10 04:57:00,0.02845,229.184,0.7038,49.982
Night_Moderate,2020-01-10 05:00:00,0.027129,228.286,0.7006,49.997
Night_Moderate,2020-01-10 05:03:00,0.02637,230.621,0.7258,49.979
Night_Moderate,2020-01-10 05:06:00,0.014624,230.779,0.5649,50.001
Night_Moderate,2020-01-10 05:09:00,0.026214,229.315,0.7023,49.991
Night_Moderate,2020-01-10 05:12:00,0.026169,228.718,0.7624,49.99
Night_Moderate,2020-01-10 05:15:00,0.030458,228.706,0.8075,49.969
Night_Moderate,2020-01-10 05:18:00,0.020668,229.534,0.634,49.994
Night_Moderate,2020-01-10 05:21:00,0.022361,229.183,0.66,49.967
Night_Moderate,2020-01-10 05:24:00,0.020804,229.646,0.6018,49.977
Night_Moderate,2020-01-10 05:27:00,0.028727,229.279,0.791,50.006
Night_Moderate,2020-01-10 05:30:00,0.026799,229.718,0.7218,49.95
Night_Moderate,2020-01-10 05:33:00,0.019038,230.929,0.5609,49.981
Night_Moderate,2020-01-10 05:36:00,0.015908,231.312,0.5582,50.006
Night_Moderate,2020-01-10 05:39:00,0.018972,230.27,0.6026,49.984
Night_Moderate,2020-01-10 05:42:00,0.026603,229.657,0.7479,49.971
Night_Moderate,2020-01-10 05:45:00,0.026027,228.654,0.7085,49.987
Night_Moderate,2020-01-10 05:48:00,0.021708,229.367,0.6414,49.978
Night_Moderate,2020-01-10 05:51:00,0.024074,230.04,0.6803,49.96
Night_Moderate,2020-01-10 05:54:00,0.01937,230.314,0.6445,49.977
Night_Moderate,2020-01-10 05:57:00,0.020144,229.981,0.6046,49.986
Night_Moderate,2020-01-10 06:00:00,0.026161,229.864,0.7359,49.983
Night_Moderate,2020-01-10 06:03:00,0.018952,230.077,0.5899,50.018
Night_Moderate,2020-01-10 06:06:00,0.014766,231.32,0.5013,50.0
Night_Moderate,2020-01-10 06:09:00,0.01789,230.876,0.5574,49.984
Night_Moderate,2020-01-10 06:12:00,0.024996,230.381,0.7322,49.987
Night_Moderate,2020-01-10 06:15:00,0.019009,230.079,0.5947,49.974
Night_Moderate,2020-01-10 06:18:00,0.023438,230.235,0.6732,49.988
Night_Moderate,2020-01-10 06:21:00,0.016134,229.859,0.4737,49.981
Night_Moderate,2020-01-10 06:24:00,0.018984,230.288,0.6643,49.991
Night_Moderate,2020-01-10 06:27:00,0.017134,230.401,0.5187,49.99
Night_Moderate,2020-01-10 06:30:00,0.013051,230.636,0.4358,50.01
Night_Moderate,2020-01-10 06:33:00,0.01266,230.651,0.4395,50.003
Night_Moderate,2020-01-10 06:36:00,0.01575,231.313,0.459,49.994
Night_Moderate,2020-01-10 06:39:00,0.019558,230.177,0.4879,50.011
Night_Moderate,2020-01-10 06:42:00,0.01432,231.026,0.4828,50.003
Night_Moderate,2020-01-10 06:45:00,0.016791,230.879,0.5161,49.984
Night_Moderate,2020-01-10 06:48:00,0.018426,231.315,0.5876,50.003
Night_Moderate,2020-01-10 06:51:00,0.020444,230.898,0.5542,49.991
Night_Moderate,2020-01-10 06:54:00,0.016246,230.916,0.5274,49.989
Night_Moderate,2020-01-10 06:57:00,0.01228,231.598,0.4913,49.994
Night_Moderate,2020-01-10 07:00:00,0.020768,229.64,0.6537,49.984
Night_Moderate,2020-01-10 07:03:00,0.013044,230.307,0.4592,49.999
Night_Moderate,2020-01-10 07:06:00,0.02077,229.439,0.6832,49.975
Night_Moderate,2020-01-10 07:09:00,0.0169,229.816,0.5127,49.982
Night_Moderate,2020-01-10 07:12:00,0.01733,230.813,0.5579,49.989
Night_Moderate,2020-01-10 07:15:00,0.013154,232.27,0.5289,49.99
Night_Moderate,2020-01-10 07:18:00,0.010642,230.319,0.4712,50.026
Night_Moderate,2020-01-10 07:21:00,0.022449,229.639,0.6338,50.014
Night_Moderate,2020-01-10 07:24:00,0.017319,230.863,0.5776,50.005
Night_Moderate,2020-01-10 07:27:00,0.014529,231.695,0.5212,50.013
Night_Moderate,2020-01-10 07:30:00,0.015364,232.175,0.5516,49.993
Night_Moderate,2020-01-10 07:33:00,0.01562,230.023,0.5407,49.998
Night_Moderate,2020-01-10 07:36:00,0.020226,230.407,0.6488,49.997
Night_Moderate,2020-01-10 07:39:00,0.011013,231.6,0.4367,49.978
Night_Moderate,2020-01-10 07:42:00,0.020119,229.563,0.582,49.997
Night_Moderate,2020-01-10 07:45:00,0.011517,230.685,0.4405,50.017
Night_Moderate,2020-01-10 07:48:00,0.015065,231.047,0.5609,50.003
Night_Moderate,2020-01-10 07:51:00,0.013857,231.522,0.512,50.0
Night_Moderate,2020-01-10 07:54:00,0.012499,230.815,0.5278,49.994
Night_Moderate,2020-01-10 07:57:00,0.007783,230.479,0.3481,49.997
Night_Moderate,2020-01-10 08:00:00,0.006426,231.251,0.3633,50.003
Night_Moderate,2020-01-10 08:03:00,0.016581,230.896,0.6147,50.0
Night_Moderate,2020-01-10 08:06:00,0.015147,230.748,0.5397,49.991
Night_Moderate,2020-01-10 08:09:00,0.007784,232.22,0.398,50.002
Night_Moderate,2020-01-10 08:12:00,0.009994,231.341,0.4497,50.028
Night_Moderate,2020-01-10 08:15:00,0.012172,229.383,0.5,49.984
Night_Moderate,2020-01-10 08:18:00,0.013776,229.976,0.5125,49.989
Night_Moderate,2020-01-10 08:21:00,0.01233,230.678,0.4358,50.007
Night_Moderate,2020-01-10 08:24:00,0.011709,230.941,0.5185,49.991
Night_Moderate,2020-01-10 08:27:00,0.008863,229.838,0.3771,49.999
Night_Moderate,2020-01-10 08:30:00,0.008142,231.181,0.4099,50.007
Night_Moderate,2020-01-10 08:33:00,0.013222,230.174,0.5271,50.0
Night_Moderate,2020-01-10 08:36:00,0.014363,232.019,0.5372,50.0
Night_Moderate,2020-01-10 08:39:00,0.013784,229.876,0.5234,50.002
Night_Moderate,2020-01-10 08:42:00,0.015034,230.459,0.4662,49.984
Night_Moderate,2020-01-10 08:45:00,0.009921,231.365,0.4089,49.987
Night_Moderate,2020-01-10 08:48:00,0.012422,230.516,0.4227,49.994
Night_Moderate,2020-01-10 08:51:00,0.017246,231.092,0.5099,49.999
Night_Moderate,2020-01-10 08:54:00,0.008745,230.748,0.3703,50.001
Night_Moderate,2020-01-10 08:57:00,0.008298,231.59,0.383,49.985
Night_Moderate,2020-01-10 09:00:00,0.013717,230.419,0.5753,49.996
Night_Moderate,2020-01-10 09:03:00,0.010552,231.093,0.4268,50.018
Night_Moderate,2020-01-10 09:06:00,0.011882,230.867,0.3717,49.989
Night_Moderate,2020-01-10 09:09:00,0.01301,230.097,0.5531,49.99
Night_Moderate,2020-01-10 09:12:00,0.011036,232.302,0.4729,50.016
Night_Moderate,2020-01-10 09:15:00,0.007084,231.544,0.3576,49.995
Night_Moderate,2020-01-10 09:18:00,0.012672,230.634,0.406,49.984
Night_Moderate,2020-01-10 09:21:00,0.011428,231.504,0.443,50.005
Night_Moderate,2020-01-10 09:24:00,0.011373,231.12,0.4978,50.0
Night_Moderate,2020-01-10 09:27:00,0.011567,231.889,0.5228,49.984
Night_Moderate,2020-01-10 09:30:00,0.012671,230.387,0.4402,49.978
Night_Moderate,2020-01-10 09:33:00,0.011796,230.479,0.4263,49.998
Night_Moderate,2020-01-10 09:36:00,0.011487,230.37,0.4647,49.989
Night_Moderate,2020-01-10 09:39:00,0.00892,230.43,0.381,50.015
Night_Moderate,2020-01-10 09:42:00,0.009723,230.298,0.4568,49.988
Night_Moderate,2020-01-10 09:45:00,0.008948,230.366,0.3952,49.988
Night_Moderate,2020-01-10 09:48:00,0.007373,231.498,0.4038,50.002
Night_Moderate,2020-01-10 09:51:00,0.010507,230.556,0.4656,49.987
Night_Moderate,2020-01-10 09:54:00,0.010795,230.941,0.5556,50.011
Night_Moderate,2020-01-10 09:57:00,0.010778,230.905,0.4806,49.995
Night_Moderate,2020-01-10 10:00:00,0.012635,231.666,0.4817,49.986
Night_Moderate,2020-01-10 10:03:00,0.010699,230.514,0.4659,49.977
Night_Moderate,2020-01-10 10:06:00,0.009486,230.814,0.4278,50.005
Night_Moderate,2020-01-10 10:09:00,0.010088,229.983,0.4636,49.981
Night_Moderate,2020-01-10 10:12:00,0.010771,230.445,0.4044,50.012
Night_Moderate,2020-01-10 10:15:00,0.009505,230.734,0.4462,50.0
Night_Moderate,2020-01-10 10:18:00,0.009729,232.481,0.4048,49.988
Night_Moderate,2020-01-10 10:21:00,0.0099,230.019,0.484,49.997
Night_Moderate,2020-01-10 10:24:00,0.01081,230.291,0.3923,50.014
Night_Moderate,2020-01-10 10:27:00,0.010413,230.81,0.4258,50.019
Night_Moderate,2020-01-10 10:30:00,0.00916,231.703,0.4482,49.986
Night_Moderate,2020-01-10 10:33:00,0.009312,232.387,0.4134,50.006
Night_Moderate,2020-01-10 10:36:00,0.013292,231.026,0.5117,50.001
Night_Moderate,2020-01-10 10:39:00,0.014653,229.944,0.5818,49.968
Night_Moderate,2020-01-10 10:42:00,0.011107,231.985,0.475,50.005
Night_Moderate,2020-01-10 10:45:00,0.012059,231.745,0.4642,49.979
Night_Moderate,2020-01-10 10:48:00,0.009827,231.503,0.4857,49.977
Night_Moderate,2020-01-10 10:51:00,0.006458,233.088,0.3829,50.02
Night_Moderate,2020-01-10 10:54:00,0.011563,230.375,0.4659,50.01
Night_Moderate,2020-01-10 10:57:00,0.012852,230.251,0.5474,49.996
Night_Moderate,2020-01-10 11:00:00,0.010671,229.788,0.3919,49.999
Night_Moderate,2020-01-10 11:03:00,0.011985,230.366,0.4647,49.987
Night_Moderate,2020-01-10 11:06:00,0.008057,232.229,0.289,49.995
Night_Moderate,2020-01-10 11:09:00,0.012031,230.385,0.4477,49.988
Night_Moderate,2020-01-10 11:12:00,0.013733,230.341,0.4944,50.006
Night_Moderate,2020-01-10 11:15:00,0.00884,230.766,0.4216,49.994
Night_Moderate,2020-01-10 11:18:00,0.014748,231.695,0.5778,50.004
Night_Moderate,2020-01-10 11:21:00,0.011686,231.917,0.4281,49.991
Night_Moderate,2020-01-10 11:24:00,0.013649,232.112,0.5004,49.989
Night_Moderate,2020-01-10 11:27:00,0.015225,230.64,0.4761,50.006
Night_Moderate,2020-01-10 11:30:00,0.014541,230.058,0.5245,49.995
Night_Moderate,2020-01-10 11:33:00,0.013563,231.717,0.4898,50.013
Night_Moderate,2020-01-10 11:36:00,0.009048,230.098,0.4066,49.98
Night_Moderate,2020-01-10 11:39:00,0.011858,230.206,0.4631,49.998
Night_Moderate,2020-01-10 11:42:00,0.00775,232.499,0.3315,49.985
Night_Moderate,2020-01-10 11:45:00,0.014029,230.096,0.5343,49.993
Night_Moderate,2020-01-10 11:48:00,0.012018,231.112,0.4842,49.999
Night_Moderate,2020-01-10 11:51:00,0.013751,229.152,0.5552,49.981
Night_Moderate,2020-01-10 11:54:00,0.011022,230.945,0.4305,49.99
Night_Moderate,2020-01-10 11:57:00,0.011248,231.675,0.4409,50.003
Night_Moderate,2020-01-10 12:00:00,0.012549,231.735,0.4519,50.025
Night_Moderate,2020-01-10 12:03:00,0.011862,231.793,0.4093,50.02
Night_Moderate,2020-01-10 12:06:00,0.009099,231.277,0.4038,50.008
Night_Moderate,2020-01-10 12:09:00,0.01367,231.261,0.5248,49.972
Night_Moderate,2020-01-10 12:12:00,0.011083,229.535,0.4563,50.009
Night_Moderate,2020-01-10 12:15:00,0.008723,230.64,0.4596,50.003
Night_Moderate,2020-01-10 12:18:00,0.009762,230.495,0.4071,50.008
Night_Moderate,2020-01-10 12:21:00,0.007236,231.856,0.4057,49.993
Night_Moderate,2020-01-10 12:24:00,0.01212,230.995,0.5359,49.975
Night_Moderate,2020-01-10 12:27:00,0.012401,230.402,0.4837,49.99
Night_Moderate,2020-01-10 12:30:00,0.010769,232.364,0.3935,49.99
Night_Moderate,2020-01-10 12:33:00,0.008087,230.265,0.4024,50.001
Night_Moderate,2020-01-10 12:36:00,0.010626,230.117,0.4425,50.015
Night_Moderate,2020-01-10 12:39:00,0.014193,230.57,0.5095,50.004
Night_Moderate,2020-01-10 12:42:00,0.004314,231.376,0.3125,50.006
Night_Moderate,2020-01-10 12:45:00,0.010155,231.457,0.4646,49.995
Night_Moderate,2020-01-10 12:48:00,0.008903,229.269,0.3787,50.013
Night_Moderate,2020-01-10 12:51:00,0.011695,231.636,0.4007,50.004
Night_Moderate,2020-01-10 12:54:00,0.010998,230.574,0.478,49.993
Night_Moderate,2020-01-10 12:57:00,0.008109,230.372,0.4289,50.001
Night_Moderate,2020-01-10 13:00:00,0.009763,230.33,0.385,49.998
Night_Moderate,2020-01-10 13:03:00,0.00846,231.949,0.3722,49.98
Night_Moderate,2020-01-10 13:06:00,0.009935,231.156,0.3438,49.989
Night_Moderate,2020-01-10 13:09:00,0.016378,231.504,0.5404,49.997
Night_Moderate,2020-01-10 13:12:00,0.01269,231.226,0.4151,49.994
Night_Moderate,2020-01-10 13:15:00,0.008454,231.034,0.4409,49.978
Night_Moderate,2020-01-10 13:18:00,0.009242,231.577,0.4177,49.999
Night_Moderate,2020-01-10 13:21:00,0.004451,231.503,0.3507,49.995
Night_Moderate,2020-01-10 13:24:00,0.010391,231.032,0.4249,50.001
Night_Moderate,2020-01-10 13:27:00,0.013356,230.313,0.513,50.01
Night_Moderate,2020-01-10 13:30:00,0.009679,229.574,0.4428,49.974
Night_Moderate,2020-01-10 13:33:00,0.01033,230.32,0.4353,50.018
Night_Moderate,2020-01-10 13:36:00,0.010953,231.293,0.4412,49.991
Night_Moderate,2020-01-10 13:39:00,0.0108,231.707,0.4594,49.986
Night_Moderate,2020-01-10 13:42:00,0.008731,230.817,0.3624,49.975
Night_Moderate,2020-01-10 13:45:00,0.012122,230.879,0.4345,50.018
Night_Moderate,2020-01-10 13:48:00,0.015209,230.298,0.5528,50.017
Night_Moderate,2020-01-10 13:51:00,0.012075,229.793,0.4346,49.997
Night_Moderate,2020-01-10 13:54:00,0.007974,231.601,0.4381,49.994
Night_Moderate,2020-01-10 13:57:00,0.012886,230.409,0.5114,50.001
Night_Moderate,2020-01-10 14:00:00,0.012303,230.93,0.4994,50.006
Night_Moderate,2020-01-10 14:03:00,0.013878,230.633,0.4394,50.003
Night_Moderate,2020-01-10 14:06:00,0.009321,231.043,0.3931,50.002
Night_Moderate,2020-01-10 14:09:00,0.009401,231.576,0.4058,50.018
Night_Moderate,2020-01-10 14:12:00,0.011774,231.71,0.42,50.007
Night_Moderate,2020-01-10 14:15:00,0.012572,230.431,0.4782,50.012
Night_Moderate,2020-01-10 14:18:00,0.012264,231.705,0.4733,49.979
Night_Moderate,2020-01-10 14:21:00,0.007013,231.131,0.3478,50.0
Night_Moderate,2020-01-10 14:24:00,0.011358,230.901,0.5123,50.0
Night_Moderate,2020-01-10 14:27:00,0.012187,230.56,0.4247,49.995
Night_Moderate,2020-01-10 14:30:00,0.012418,230.019,0.4722,50.009
Night_Moderate,2020-01-10 14:33:00,0.00935,231.062,0.4454,49.998
Night_Moderate,2020-01-10 14:36:00,0.013597,229.978,0.5445,50.002
Night_Moderate,2020-01-10 14:39:00,0.008294,233.277,0.4101,50.007
Night_Moderate,2020-01-10 14:42:00,0.006532,230.613,0.3782,49.993
Night_Moderate,2020-01-10 14:45:00,0.013255,230.939,0.4988,49.995
Night_Moderate,2020-01-10 14:48:00,0.012583,229.398,0.4846,50.006
Night_Moderate,2020-01-10 14:51:00,0.011301,230.896,0.4156,50.009
Night_Moderate,2020-01-10 14:54:00,0.008987,231.577,0.4036,49.996
Night_Moderate,2020-01-10 14:57:00,0.01279,232.334,0.4701,49.982
Night_Moderate,2020-01-10 15:00:00,0.011368,232.417,0.4931,50.002
Night_Moderate,2020-01-10 15:03:00,0.012684,230.715,0.4751,49.992
Night_Moderate,2020-01-10 15:06:00,0.014196,231.905,0.5241,49.992
Night_Moderate,2020-01-10 15:09:00,0.010746,230.104,0.4443,49.982
Night_Moderate,2020-01-10 15:12:00,0.009262,229.52,0.4246,49.99
Night_Moderate,2020-01-10 15:15:00,0.013548,231.264,0.488,49.991
Night_Moderate,2020-01-10 15:18:00,0.00639,230.017,0.3992,49.993
Night_Moderate,2020-01-10 15:21:00,0.01044,231.506,0.4983,49.99
Night_Moderate,2020-01-10 15:24:00,0.010952,231.101,0.4261,49.997
Night_Moderate,2020-01-10 15:27:00,0.007133,231.214,0.342,50.005
Night_Moderate,2020-01-10 15:30:00,0.008666,230.979,0.3871,50.004
Night_Moderate,2020-01-10 15:33:00,0.010711,231.014,0.4351,50.0
Night_Moderate,2020-01-10 15:36:00,0.009265,230.359,0.4208,50.008
Night_Moderate,2020-01-10 15:39:00,0.013853,229.918,0.5074,49.972
Night_Moderate,2020-01-10 15:42:00,0.007955,231.568,0.3907,50.018
Night_Moderate,2020-01-10 15:45:00,0.011952,232.408,0.4843,49.992
Night_Moderate,2020-01-10 15:48:00,0.008241,231.294,0.4029,49.994
Night_Moderate,2020-01-10 15:51:00,0.010323,232.292,0.4332,49.992
Night_Moderate,2020-01-10 15:54:00,0.011049,231.093,0.445,50.01
Night_Moderate,2020-01-10 15:57:00,0.010002,230.329,0.4181,50.011
Night_Moderate,2020-01-10 16:00:00,0.018524,230.751,0.6324,49.997
Night_Moderate,2020-01-10 16:03:00,0.010972,230.772,0.4044,50.002
Night_Moderate,2020-01-10 16:06:00,0.011403,230.187,0.4691,49.998
Night_Moderate,2020-01-10 16:09:00,0.009682,232.11,0.3637,49.985
Night_Moderate,2020-01-10 16:12:00,0.008478,232.609,0.3955,50.011
Night_Moderate,2020-01-10 16:15:00,0.013075,230.746,0.4969,49.996
Night_Moderate,2020-01-10 16:18:00,0.009353,231.829,0.4294,49.988
Night_Moderate,2020-01-10 16:21:00,0.011549,229.574,0.5001,49.989
Night_Moderate,2020-01-10 16:24:00,0.013869,230.232,0.564,49.994
Night_Moderate,2020-01-10 16:27:00,0.008914,232.127,0.3683,49.981
Night_Moderate,2020-01-10 16:30:00,0.008435,232.052,0.382,49.969
Night_Moderate,2020-01-10 16:33:00,0.007953,231.513,0.4134,49.988
Night_Moderate,2020-01-10 16:36:00,0.010571,231.109,0.4408,49.972
Night_Moderate,2020-01-10 16:39:00,0.010479,230.918,0.4714,50.0
Night_Moderate,2020-01-10 16:42:00,0.013401,231.813,0.4334,50.026
Night_Moderate,2020-01-10 16:45:00,0.009458,228.862,0.4166,49.998
Night_Moderate,2020-01-10 16:48:00,0.010124,231.425,0.3606,49.996
Night_Moderate,2020-01-10 16:51:00,0.01501,231.85,0.4551,49.982
Night_Moderate,2020-01-10 16:54:00,0.010879,232.111,0.3977,49.996
Night_Moderate,2020-01-10 16:57:00,0.014912,231.291,0.5317,49.979
Night_Moderate,2020-01-10 17:00:00,0.010238,231.213,0.4623,50.0
Night_Moderate,2020-01-10 17:03:00,0.010101,230.967,0.3543,49.999
Night_Moderate,2020-01-10 17:06:00,0.016868,230.428,0.5284,49.988
Night_Moderate,2020-01-10 17:09:00,0.014188,231.183,0.5106,50.0
Night_Moderate,2020-01-10 17:12:00,0.015403,231.646,0.4775,49.993
Night_Moderate,2020-01-10 17:15:00,0.013719,229.496,0.484,49.993
Night_Moderate,2020-01-10 17:18:00,0.016198,229.229,0.5415,50.003
Night_Moderate,2020-01-10 17:21:00,0.013428,230.471,0.5797,49.995
Night_Moderate,2020-01-10 17:24:00,0.010894,232.118,0.3579,49.984
Night_Moderate,2020-01-10 17:27:00,0.013642,231.516,0.5257,49.982
Night_Moderate,2020-01-10 17:30:00,0.014771,231.772,0.5418,50.002
Night_Moderate,2020-01-10 17:33:00,0.021061,229.182,0.7176,49.983
Night_Moderate,2020-01-10 17:36:00,0.015111,230.79,0.5549,49.996
Night_Moderate,2020-01-10 17:39:00,0.017287,230.07,0.5411,49.973
Night_Moderate,2020-01-10 17:42:00,0.014221,231.237,0.4914,49.978
Night_Moderate,2020-01-10 17:45:00,0.01191,232.072,0.4748,49.996
Night_Moderate,2020-01-10 17:48:00,0.017977,229.34,0.5585,49.999
Night_Moderate,2020-01-10 17:51:00,0.013608,230.988,0.4841,49.969
Night_Moderate,2020-01-10 17:54:00,0.018714,230.774,0.5745,49.986
Night_Moderate,2020-01-10 17:57:00,0.019935,229.79,0.6368,49.984
Night_Moderate,2020-01-10 18:00:00,0.014403,231.169,0.5086,50.006
Night_Moderate,2020-01-10 18:03:00,0.014443,231.253,0.4982,49.983
Night_Moderate,2020-01-10 18:06:00,0.012836,231.699,0.5318,49.991
Night_Moderate,2020-01-10 18:09:00,0.014229,230.429,0.4752,49.976
Night_Moderate,2020-01-10 18:12:00,0.014844,231.24,0.5251,49.985
Night_Moderate,2020-01-10 18:15:00,0.015929,230.124,0.5356,49.991
Night_Moderate,2020-01-10 18:18:00,0.011994,232.36,0.4474,49.997
Night_Moderate,2020-01-10 18:21:00,0.018618,229.718,0.5834,50.006
Night_Moderate,2020-01-10 18:24:00,0.019557,229.408,0.6127,49.994
Night_Moderate,2020-01-10 18:27:00,0.013582,231.442,0.5,50.01
Night_Moderate,2020-01-10 18:30:00,0.019636,230.589,0.6648,49.997
Night_Moderate,2020-01-10 18:33:00,0.020571,230.202,0.5948,50.001
Night_Moderate,2020-01-10 18:36:00,0.022584,229.289,0.6895,49.984
Night_Moderate,2020-01-10 18:39:00,0.028187,229.341,0.7403,49.984
Night_Moderate,2020-01-10 18:42:00,0.020149,230.002,0.5951,49.981
Night_Moderate,2020-01-10 18:45:00,0.021455,228.861,0.5919,49.987
Night_Moderate,2020-01-10 18:48:00,0.01702,231.698,0.5254,49.998
Night_Moderate,2020-01-10 18:51:00,0.015569,230.506,0.5081,49.976
Night_Moderate,2020-01-10 18:54:00,0.017558,230.099,0.5539,50.002
Night_Moderate,2020-01-10 18:57:00,0.01491,231.312,0.5679,50.01
Night_Moderate,2020-01-10 19:00:00,0.020774,230.553,0.599,50.001
Night_Moderate,2020-01-10 19:03:00,0.012617,230.329,0.5289,49.995
Night_Moderate,2020-01-10 19:06:00,0.017433,229.118,0.5341,49.997
Night_Moderate,2020-01-10 19:09:00,0.022713,228.175,0.6227,49.987
Night_Moderate,2020-01-10 19:12:00,0.022571,230.503,0.7002,49.992
Night_Moderate,2020-01-10 19:15:00,0.013921,230.059,0.4832,49.972
Night_Moderate,2020-01-10 19:18:00,0.022426,229.902,0.6518,49.974
Night_Moderate,2020-01-10 19:21:00,0.023379,228.838,0.7038,49.997
Night_Moderate,2020-01-10 19:24:00,0.027217,229.288,0.7556,49.992
Night_Moderate,2020-01-10 19:27:00,0.021905,229.83,0.6438,49.988
Night_Moderate,2020-01-10 19:30:00,0.020964,229.477,0.682,50.01
Night_Moderate,2020-01-10 19:33:00,0.021745,230.197,0.5711,49.999
Night_Moderate,2020-01-10 19:36:00,0.020044,229.274,0.6208,49.996
Night_Moderate,2020-01-10 19:39:00,0.027109,229.753,0.7016,49.99
Night_Moderate,2020-01-10 19:42:00,0.025667,228.865,0.6599,49.995
Night_Moderate,2020-01-10 19:45:00,0.024399,229.605,0.6324,49.981
Night_Moderate,2020-01-10 19:48:00,0.026081,229.468,0.679,49.99
Night_Moderate,2020-01-10 19:51:00,0.029706,229.383,0.7975,49.984
Night_Moderate,2020-01-10 19:54:00,0.015509,231.578,0.5225,49.985
Night_Moderate,2020-01-10 19:57:00,0.029819,229.436,0.8104,49.988
Night_Moderate,2020-01-10 20:00:00,0.026618,230.107,0.7286,49.983
Night_Moderate,2020-01-10 20:03:00,0.023153,230.26,0.6014,49.972
Night_Moderate,2020-01-10 20:06:00,0.015492,231.202,0.5155,50.013
Night_Moderate,2020-01-10 20:09:00,0.032136,228.653,0.8486,49.973
Night_Moderate,2020-01-10 20:12:00,0.02744,228.928,0.705,49.984
Night_Moderate,2020-01-10 20:15:00,0.023186,228.651,0.718,50.002
Night_Moderate,2020-01-10 20:18:00,0.032099,230.802,0.842,49.965
Night_Moderate,2020-01-10 20:21:00,0.020122,230.72,0.6559,50.009
Night_Moderate,2020-01-10 20:24:00,0.038782,227.502,0.9545,49.99
Night_Moderate,2020-01-10 20:27:00,0.026269,229.728,0.6437,50.009
Night_Moderate,2020-01-10 20:30:00,0.041343,228.34,1.0171,49.98
Night_Moderate,2020-01-10 20:33:00,0.030301,229.102,0.8703,49.998
Night_Moderate,2020-01-10 20:36:00,0.034017,228.692,0.8534,49.984
Night_Moderate,2020-01-10 20:39:00,0.023593,228.86,0.6486,49.983
Night_Moderate,2020-01-10 20:42:00,0.03662,229.052,0.8937,49.977
Night_Moderate,2020-01-10 20:45:00,0.038656,227.829,0.9055,49.964
Night_Moderate,2020-01-10 20:48:00,0.042056,226.855,1.0031,49.962
Night_Moderate,2020-01-10 20:51:00,0.039011,228.959,0.9785,49.965
Night_Moderate,2020-01-10 20:54:00,0.022992,230.464,0.6521,49.984
Night_Moderate,2020-01-10 20:57:00,0.032619,228.453,0.8453,49.999
Night_Moderate,2020-01-10 21:00:00,0.021151,230.649,0.6556,49.98
Night_Moderate,2020-01-10 21:03:00,0.022813,230.034,0.7007,49.983
Night_Moderate,2020-01-10 21:06:00,0.035545,228.75,0.9554,49.966
Night_Moderate,2020-01-10 21:09:00,0.015805,231.049,0.5334,49.999
Night_Moderate,2020-01-10 21:12:00,0.029136,229.229,0.8208,49.987
Night_Moderate,2020-01-10 21:15:00,0.026769,230.382,0.7658,49.975
Night_Moderate,2020-01-10 21:18:00,0.027733,228.487,0.769,49.981
Night_Moderate,2020-01-10 21:21:00,0.027171,230.714,0.6902,49.986
Night_Moderate,2020-01-10 21:24:00,0.030923,230.729,0.8516,49.993
Night_Moderate,2020-01-10 21:27:00,0.034172,229.007,0.8524,49.986
Night_Moderate,2020-01-10 21:30:00,0.024834,230.062,0.7178,49.973
Night_Moderate,2020-01-10 21:33:00,0.034009,228.569,0.8403,49.983
Night_Moderate,2020-01-10 21:36:00,0.025444,228.028,0.7052,49.983
Night_Moderate,2020-01-10 21:39:00,0.030309,230.195,0.741,49.991
Night_Moderate,2020-01-10 21:42:00,0.042682,228.851,1.0452,49.985
Night_Moderate,2020-01-10 21:45:00,0.037574,228.247,0.8644,49.981
Night_Moderate,2020-01-10 21:48:00,0.043993,227.97,1.0558,49.986
Night_Moderate,2020-01-10 21:51:00,0.040056,226.679,0.9502,49.975
Night_Moderate,2020-01-10 21:54:00,0.030439,229.965,0.7791,49.98
Night_Moderate,2020-01-10 21:57:00,0.045863,227.489,1.0633,49.966
Night_Moderate,2020-01-10 22:00:00,0.023182,228.655,0.5664,50.01
Night_Moderate,2020-01-10 22:03:00,0.032089,230.522,0.8407,49.972
Night_Moderate,2020-01-10 22:06:00,0.025986,228.662,0.778,49.972
Night_Moderate,2020-01-10 22:09:00,0.046568,226.655,1.0858,49.976
Night_Moderate,2020-01-10 22:12:00,0.050986,226.669,1.164,49.98
Night_Moderate,2020-01-10 22:15:00,0.034943,229.246,0.8804,49.976
Night_Moderate,2020-01-10 22:18:00,0.040125,228.275,0.9306,49.976
Night_Moderate,2020-01-10 22:21:00,0.04402,227.517,1.0131,49.992
Night_Moderate,2020-01-10 22:24:00,0.037576,227.825,0.9648,50.005
Night_Moderate,2020-01-10 22:27:00,0.046342,227.849,1.1068,49.986
Night_Moderate,2020-01-10 22:30:00,0.025489,229.992,0.6722,49.981
Night_Moderate,2020-01-10 22:33:00,0.042985,227.991,1.0112,49.963
Night_Moderate,2020-01-10 22:36:00,0.033404,229.23,0.8085,50.01
Night_Moderate,2020-01-10 22:39:00,0.036579,227.866,0.8266,49.983
Night_Moderate,2020-01-10 22:42:00,0.040976,228.308,0.9945,49.964
Night_Moderate,2020-01-10 22:45:00,0.041325,227.917,1.004,49.979
Night_Moderate,2020-01-10 22:48:00,0.03939,228.126,0.9696,49.977
Night_Moderate,2020-01-10 22:51:00,0.026514,230.04,0.6914,49.987
Night_Moderate,2020-01-10 22:54:00,0.043648,226.967,1.0015,49.993
Night_Moderate,2020-01-10 22:57:00,0.041616,227.846,0.9874,49.99
Night_Moderate,2020-01-10 23:00:00,0.034403,227.958,0.9014,49.962
Night_Moderate,2020-01-10 23:03:00,0.042543,227.912,1.0531,49.983
Night_Moderate,2020-01-10 23:06:00,0.052411,226.612,1.1392,49.968
Night_Moderate,2020-01-10 23:09:00,0.032996,227.126,0.8038,49.976
Night_Moderate,2020-01-10 23:12:00,0.026419,229.906,0.6946,49.994
Night_Moderate,2020-01-10 23:15:00,0.040688,229.015,0.9607,49.973
Night_Moderate,2020-01-10 23:18:00,0.060731,225.958,1.3489,49.952
Night_Moderate,2020-01-10 23:21:00,0.050154,226.869,1.1085,49.963
Night_Moderate,2020-01-10 23:24:00,0.043648,227.511,0.9864,49.986
Night_Moderate,2020-01-10 23:27:00,0.049149,228.133,1.0979,49.979
Night_Moderate,2020-01-10 23:30:00,0.045978,228.084,1.1115,49.959
Night_Moderate,2020-01-10 23:33:00,0.048104,228.209,1.1061,49.973
Night_Moderate,2020-01-10 23:36:00,0.036374,229.108,0.8778,49.971
Night_Moderate,2020-01-10 23:39:00,0.048845,228.657,1.1157,49.973
Night_Moderate,2020-01-10 23:42:00,0.042245,228.262,0.9597,49.976
Night_Moderate,2020-01-10 23:45:00,0.043474,228.059,1.0265,49.985
Night_Moderate,2020-01-10 23:48:00,0.057331,226.654,1.2754,49.962
Night_Moderate,2020-01-10 23:51:00,0.043487,228.257,1.0313,49.985
Night_Moderate,2020-01-10 23:54:00,0.057187,229.142,1.2475,49.958
Night_Moderate,2020-01-10 23:57:00,0.065875,226.904,1.4068,49.97
Night_Moderate,2020-01-11 00:00:00,0.04056,228.886,0.9896,49.98
Night_Moderate,2020-01-11 00:03:00,0.055627,228.698,1.2516,49.953
Night_Moderate,2020-01-11 00:06:00,0.026944,230.17,0.696,49.999
Night_Moderate,2020-01-11 00:09:00,0.031349,228.046,0.7738,49.993
Night_Moderate,2020-01-11 00:12:00,0.038479,227.396,0.9535,49.947
Night_Moderate,2020-01-11 00:15:00,0.060246,227.648,1.3555,49.955
Night_Moderate,2020-01-11 00:18:00,0.041166,228.884,0.9238,49.982
Night_Moderate,2020-01-11 00:21:00,0.061333,226.639,1.3325,49.977
Night_Moderate,2020-01-11 00:24:00,0.063595,225.783,1.4345,49.974
Night_Moderate,2020-01-11 00:27:00,0.044706,228.271,1.0441,49.98
Night_Moderate,2020-01-11 00:30:00,0.046185,227.752,1.1347,49.972
Night_Moderate,2020-01-11 00:33:00,0.05254,227.618,1.1929,49.981
Night_Moderate,2020-01-11 00:36:00,0.052315,227.362,1.2171,49.977
Night_Moderate,2020-01-11 00:39:00,0.054757,226.066,1.2591,49.984
Night_Moderate,2020-01-11 00:42:00,0.060326,224.629,1.3427,49.967
Night_Moderate,2020-01-11 00:45:00,0.037555,228.223,0.9178,49.986
Night_Moderate,2020-01-11 00:48:00,0.043663,228.681,1.0466,49.968
Night_Moderate,2020-01-11 00:51:00,0.043006,228.537,0.9968,49.99
Night_Moderate,2020-01-11 00:54:00,0.057921,226.352,1.3311,49.977
Night_Moderate,2020-01-11 00:57:00,0.050684,228.693,1.1165,49.985
Night_Moderate,2020-01-11 01:00:00,0.051427,228.439,1.2193,49.958
Night_Moderate,2020-01-11 01:03:00,0.070054,225.387,1.5369,49.968
Night_Moderate,2020-01-11 01:06:00,0.051809,227.063,1.1841,49.955
Night_Moderate,2020-01-11 01:09:00,0.017696,230.63,0.5264,50.003
Night_Moderate,2020-01-11 01:12:00,0.046671,227.176,1.0732,49.951
Night_Moderate,2020-01-11 01:15:00,0.061561,226.975,1.3946,49.974
Night_Moderate,2020-01-11 01:18:00,0.046451,229.275,1.13,49.986
Night_Moderate,2020-01-11 01:21:00,0.042228,228.358,1.0704,49.968
Night_Moderate,2020-01-11 01:24:00,0.058905,227.656,1.3162,49.978
Night_Moderate,2020-01-11 01:27:00,0.057393,227.554,1.1938,49.989
Night_Moderate,2020-01-11 01:30:00,0.055817,228.565,1.3027,49.97
Night_Moderate,2020-01-11 01:33:00,0.055538,225.713,1.2914,49.966
Night_Moderate,2020-01-11 01:36:00,0.052675,227.731,1.2266,49.982
Night_Moderate,2020-01-11 01:39:00,0.04524,227.445,1.0772,49.995
Night_Moderate,2020-01-11 01:42:00,0.05407,227.071,1.2455,49.96
Night_Moderate,2020-01-11 01:45:00,0.058978,227.019,1.3265,49.995
Night_Moderate,2020-01-11 01:48:00,0.064654,227.523,1.4293,49.978
Night_Moderate,2020-01-11 01:51:00,0.043154,226.836,0.9956,49.993
Night_Moderate,2020-01-11 01:54:00,0.046767,229.146,1.1175,49.996
Night_Moderate,2020-01-11 01:57:00,0.055736,226.084,1.2882,49.993
Night_Moderate,2020-01-11 02:00:00,0.045793,229.88,1.0752,49.969
Night_Moderate,2020-01-11 02:03:00,0.046145,227.799,1.0403,49.975
Night_Moderate,2020-01-11 02:06:00,0.051167,226.425,1.161,49.993
Night_Moderate,2020-01-11 02:09:00,0.044408,227.861,1.0995,49.972
Night_Moderate,2020-01-11 02:12:00,0.056252,226.854,1.2772,49.967
Night_Moderate,2020-01-11 02:15:00,0.056389,226.645,1.2895,49.994
Night_Moderate,2020-01-11 02:18:00,0.053715,228.588,1.2126,49.99
Night_Moderate,2020-01-11 02:21:00,0.040977,228.004,0.9885,49.958
Night_Moderate,2020-01-11 02:24:00,0.050826,227.693,1.175,49.967
Night_Moderate,2020-01-11 02:27:00,0.048916,228.038,1.1345,49.965
Night_Moderate,2020-01-11 02:30:00,0.05292,226.928,1.2094,49.968
Night_Moderate,2020-01-11 02:33:00,0.06157,225.936,1.399,49.967
Night_Moderate,2020-01-11 02:36:00,0.064213,225.205,1.3711,49.967
Night_Moderate,2020-01-11 02:39:00,0.052857,228.113,1.1492,49.972
Night_Moderate,2020-01-11 02:42:00,0.04507,228.026,1.1218,49.978
Night_Moderate,2020-01-11 02:45:00,0.040781,228.045,0.9972,49.998
Night_Moderate,2020-01-11 02:48:00,0.042381,227.96,1.0023,49.966
Night_Moderate,2020-01-11 02:51:00,0.04456,228.016,1.0824,50.002
Night_Moderate,2020-01-11 02:54:00,0.040804,227.946,0.9911,49.973
Night_Moderate,2020-01-11 02:57:00,0.033601,229.721,0.8819,49.993
Night_Moderate,2020-01-11 03:00:00,0.060514,224.83,1.3086,49.972
Night_Moderate,2020-01-11 03:03:00,0.037949,227.292,0.9275,50.008
Night_Moderate,2020-01-11 03:06:00,0.040344,228.522,0.9774,49.982
Night_Moderate,2020-01-11 03:09:00,0.035545,230.905,0.9446,50.006
Night_Moderate,2020-01-11 03:12:00,0.034443,227.786,0.863,49.989
Night_Moderate,2020-01-11 03:15:00,0.036704,229.212,0.9113,49.988
Night_Moderate,2020-01-11 03:18:00,0.044993,227.067,1.0728,49.976
Night_Moderate,2020-01-11 03:21:00,0.025359,227.712,0.6923,49.989
Night_Moderate,2020-01-11 03:24:00,0.047027,227.692,1.0912,49.981
Night_Moderate,2020-01-11 03:27:00,0.038091,229.577,0.9284,49.984
Night_Moderate,2020-01-11 03:30:00,0.030452,228.906,0.7802,49.992
Night_Moderate,2020-01-11 03:33:00,0.045947,227.877,1.0452,49.975
Night_Moderate,2020-01-11 03:36:00,0.044374,227.233,0.9721,49.996
Night_Moderate,2020-01-11 03:39:00,0.047776,228.735,1.091,49.997
Night_Moderate,2020-01-11 03:42:00,0.037266,229.859,0.9052,49.995
Night_Moderate,2020-01-11 03:45:00,0.035753,227.917,0.8828,49.997
Night_Moderate,2020-01-11 03:48:00,0.043868,228.822,1.0171,49.97
Night_Moderate,2020-01-11 03:51:00,0.030224,228.852,0.8084,49.975
Night_Moderate,2020-01-11 03:54:00,0.037835,228.735,0.9761,49.995
Night_Moderate,2020-01-11 03:57:00,0.031305,229.714,0.7898,49.999
Night_Moderate,2020-01-11 04:00:00,0.033391,229.431,0.8393,50.005
Night_Moderate,2020-01-11 04:03:00,0.01787,230.013,0.5345,49.978
Night_Moderate,2020-01-11 04:06:00,0.02949,228.638,0.763,49.985
Night_Moderate,2020-01-11 04:09:00,0.043802,228.723,1.0835,49.985
Night_Moderate,2020-01-11 04:12:00,0.033178,229.302,0.861,49.983
Night_Moderate,2020-01-11 04:15:00,0.037774,227.594,0.917,49.975
Night_Moderate,2020-01-11 04:18:00,0.03628,228.291,0.9194,49.984
Night_Moderate,2020-01-11 04:21:00,0.036708,228.162,0.9298,49.985
Night_Moderate,2020-01-11 04:24:00,0.029362,230.064,0.7809,49.982
Night_Moderate,2020-01-11 04:27:00,0.038811,229.078,0.9468,49.978
Night_Moderate,2020-01-11 04:30:00,0.032286,228.071,0.805,49.966
Night_Moderate,2020-01-11 04:33:00,0.034274,227.394,0.8744,49.993
Night_Moderate,2020-01-11 04:36:00,0.019656,230.453,0.5313,49.994
Night_Moderate,2020-01-11 04:39:00,0.028953,229.395,0.7771,49.982
Night_Moderate,2020-01-11 04:42:00,0.02389,230.484,0.722,49.965
Night_Moderate,2020-01-11 04:45:00,0.026253,230.155,0.7801,49.974
Night_Moderate,2020-01-11 04:48:00,0.025593,228.329,0.7055,49.991
Night_Moderate,2020-01-11 04:51:00,0.031555,228.529,0.8381,49.983
Night_Moderate,2020-01-11 04:54:00,0.024755,229.601,0.6751,49.998
Night_Moderate,2020-01-11 04:57:00,0.029422,229.897,0.7366,49.976
Night_Moderate,2020-01-11 05:00:00,0.024307,230.881,0.6884,49.995
Night_Moderate,2020-01-11 05:03:00,0.024388,229.892,0.6764,49.99
Night_Moderate,2020-01-11 05:06:00,0.032541,230.592,0.8617,49.991
Night_Moderate,2020-01-11 05:09:00,0.026372,229.349,0.7174,50.01
Night_Moderate,2020-01-11 05:12:00,0.021943,230.861,0.6864,49.99
Night_Moderate,2020-01-11 05:15:00,0.016283,231.025,0.4999,50.001
Night_Moderate,2020-01-11 05:18:00,0.023373,229.006,0.6333,49.982
Night_Moderate,2020-01-11 05:21:00,0.026023,228.547,0.7433,49.972
Night_Moderate,2020-01-11 05:24:00,0.023574,230.642,0.6757,49.996
Night_Moderate,2020-01-11 05:27:00,0.030297,228.889,0.835,49.989
Night_Moderate,2020-01-11 05:30:00,0.026928,229.09,0.7103,49.979
Night_Moderate,2020-01-11 05:33:00,0.023217,230.108,0.6217,49.994
Night_Moderate,2020-01-11 05:36:00,0.018383,230.724,0.5298,49.983
Night_Moderate,2020-01-11 05:39:00,0.019225,229.747,0.5979,49.996
Night_Moderate,2020-01-11 05:42:00,0.020235,230.099,0.5897,49.992
Night_Moderate,2020-01-11 05:45:00,0.027559,228.913,0.7643,49.978
Night_Moderate,2020-01-11 05:48:00,0.021079,230.781,0.5915,49.975
Night_Moderate,2020-01-11 05:51:00,0.020901,232.439,0.6392,49.98
Night_Moderate,2020-01-11 05:54:00,0.025394,228.504,0.7359,49.994
Night_Moderate,2020-01-11 05:57:00,0.021798,230.635,0.6233,50.014
Night_Moderate,2020-01-11 06:00:00,0.024325,228.681,0.7462,49.975
Night_Moderate,2020-01-11 06:03:00,0.020807,230.973,0.6198,49.989
Night_Moderate,2020-01-11 06:06:00,0.019202,230.199,0.597,50.009
Night_Moderate,2020-01-11 06:09:00,0.024188,229.392,0.6422,49.993
Night_Moderate,2020-01-11 06:12:00,0.026961,229.063,0.6817,49.999
Night_Moderate,2020-01-11 06:15:00,0.015742,229.702,0.4778,49.998
Night_Moderate,2020-01-11 06:18:00,0.017182,230.087,0.5847,49.992
Night_Moderate,2020-01-11 06:21:00,0.018219,229.677,0.584,49.986
Night_Moderate,2020-01-11 06:24:00,0.017345,229.981,0.5127,50.004
Night_Moderate,2020-01-11 06:27:00,0.014374,232.032,0.4397,50.006
Night_Moderate,2020-01-11 06:30:00,0.024474,228.813,0.6694,49.984
Night_Moderate,2020-01-11 06:33:00,0.025263,230.455,0.6822,49.979
Night_Moderate,2020-01-11 06:36:00,0.026393,230.171,0.8007,49.99
Night_Moderate,2020-01-11 06:39:00,0.018547,231.035,0.6085,50.003
Night_Moderate,2020-01-11 06:42:00,0.016099,231.074,0.5724,49.99
Night_Moderate,2020-01-11 06:45:00,0.021961,228.957,0.6659,49.974
Night_Moderate,2020-01-11 06:48:00,0.023086,228.481,0.6555,49.981
Night_Moderate,2020-01-11 06:51:00,0.021614,229.825,0.6653,49.981
Night_Moderate,2020-01-11 06:54:00,0.016947,230.968,0.5937,49.997
Night_Moderate,2020-01-11 06:57:00,0.016993,230.433,0.5895,49.993
Night_Moderate,2020-01-11 07:00:00,0.017351,232.199,0.6161,49.997
Night_Moderate,2020-01-11 07:03:00,0.016963,230.934,0.5528,49.984
Night_Moderate,2020-01-11 07:06:00,0.011734,230.328,0.3855,49.995
Night_Moderate,2020-01-11 07:09:00,0.009233,232.416,0.4229,49.993
Night_Moderate,2020-01-11 07:12:00,0.013994,231.646,0.4825,50.002
Night_Moderate,2020-01-11 07:15:00,0.017295,230.388,0.5441,49.999
Night_Moderate,2020-01-11 07:18:00,0.016306,229.772,0.4692,50.002
Night_Moderate,2020-01-11 07:21:00,0.017997,229.497,0.6023,49.988
Night_Moderate,2020-01-11 07:24:00,0.02229,229.272,0.6758,49.978
Night_Moderate,2020-01-11 07:27:00,0.018176,229.382,0.5522,50.006
Night_Moderate,2020-01-11 07:30:00,0.012867,229.628,0.4954,49.986
Night_Moderate,2020-01-11 07:33:00,0.016717,231.641,0.5608,49.991
Night_Moderate,2020-01-11 07:36:00,0.012635,231.278,0.5043,49.99
Night_Moderate,2020-01-11 07:39:00,0.013279,230.946,0.4713,49.998
Night_Moderate,2020-01-11 07:42:00,0.01398,230.873,0.4801,50.001
Night_Moderate,2020-01-11 07:45:00,0.014281,230.395,0.491,49.996
Night_Moderate,2020-01-11 07:48:00,0.013574,230.322,0.4702,49.978
Night_Moderate,2020-01-11 07:51:00,0.015308,229.979,0.5717,49.995
Night_Moderate,2020-01-11 07:54:00,0.009898,230.702,0.4014,50.007
Night_Moderate,2020-01-11 07:57:00,0.011125,230.755,0.5133,49.998
Night_Moderate,2020-01-11 08:00:00,0.012795,229.931,0.4619,49.995
Night_Moderate,2020-01-11 08:03:00,0.012096,230.873,0.4471,49.978
Night_Moderate,2020-01-11 08:06:00,0.010221,232.088,0.3855,49.984
Night_Moderate,2020-01-11 08:09:00,0.018574,231.391,0.5712,50.004
Night_Moderate,2020-01-11 08:12:00,0.012405,231.341,0.43,49.99
Night_Moderate,2020-01-11 08:15:00,0.011498,232.268,0.4361,49.993
Night_Moderate,2020-01-11 08:18:00,0.013465,230.438,0.4858,49.976
Night_Moderate,2020-01-11 08:21:00,0.010893,231.401,0.49,49.998
Night_Moderate,2020-01-11 08:24:00,0.01767,230.023,0.5527,50.02
Night_Moderate,2020-01-11 08:27:00,0.014541,230.095,0.4811,49.982
Night_Moderate,2020-01-11 08:30:00,0.016368,230.391,0.546,50.016
Night_Moderate,2020-01-11 08:33:00,0.013805,231.483,0.468,49.99
Night_Moderate,2020-01-11 08:36:00,0.008494,231.094,0.431,49.999
Night_Moderate,2020-01-11 08:39:00,0.011518,231.259,0.4381,49.994
Night_Moderate,2020-01-11 08:42:00,0.010295,231.177,0.4465,49.996
Night_Moderate,2020-01-11 08:45:00,0.013315,229.064,0.504,50.002
Night_Moderate,2020-01-11 08:48:00,0.011373,230.256,0.4627,49.995
Night_Moderate,2020-01-11 08:51:00,0.014519,230.171,0.4992,49.997
Night_Moderate,2020-01-11 08:54:00,0.012067,230.489,0.4571,49.992
Night_Moderate,2020-01-11 08:57:00,0.00883,232.278,0.4022,49.97
Night_Moderate,2020-01-11 09:00:00,0.016956,231.224,0.5614,49.997
Night_Moderate,2020-01-11 09:03:00,0.014649,229.839,0.5258,49.969
Night_Moderate,2020-01-11 09:06:00,0.014785,232.248,0.5684,49.997
Night_Moderate,2020-01-11 09:09:00,0.011347,230.622,0.518,49.991
Night_Moderate,2020-01-11 09:12:00,0.01115,231.182,0.4865,50.019
Night_Moderate,2020-01-11 09:15:00,0.013073,231.177,0.4774,49.986
Night_Moderate,2020-01-11 09:18:00,0.014543,230.951,0.5587,50.004
Night_Moderate,2020-01-11 09:21:00,0.0159,230.168,0.5501,49.987
Night_Moderate,2020-01-11 09:24:00,0.009221,229.731,0.4224,49.997
Night_Moderate,2020-01-11 09:27:00,0.012862,230.627,0.4167,50.002
Night_Moderate,2020-01-11 09:30:00,0.007443,231.098,0.3952,49.974
Night_Moderate,2020-01-11 09:33:00,0.013719,230.216,0.4828,49.986
Night_Moderate,2020-01-11 09:36:00,0.012685,232.03,0.4395,50.018
Night_Moderate,2020-01-11 09:39:00,0.003971,232.451,0.2789,49.988
Night_Moderate,2020-01-11 09:42:00,0.008002,230.823,0.3729,49.994
Night_Moderate,2020-01-11 09:45:00,0.013025,229.958,0.5302,49.976
Night_Moderate,2020-01-11 09:48:00,0.008982,229.531,0.4044,50.019
Night_Moderate,2020-01-11 09:51:00,0.013896,231.02,0.5063,49.982
Night_Moderate,2020-01-11 09:54:00,0.007392,230.381,0.4324,49.997
Night_Moderate,2020-01-11 09:57:00,0.0142,231.134,0.5018,50.005
Night_Moderate,2020-01-11 10:00:00,0.012125,231.974,0.4005,50.01
Night_Moderate,2020-01-11 10:03:00,0.012768,230.352,0.4576,49.999
Night_Moderate,2020-01-11 10:06:00,0.013409,231.323,0.5282,50.0
Night_Moderate,2020-01-11 10:09:00,0.007974,231.023,0.4575,50.01
Night_Moderate,2020-01-11 10:12:00,0.007473,232.521,0.4051,49.995
Night_Moderate,2020-01-11 10:15:00,0.014635,231.222,0.4873,50.003
Night_Moderate,2020-01-11 10:18:00,0.011618,231.703,0.4381,50.006
Night_Moderate,2020-01-11 10:21:00,0.012949,231.187,0.5103,49.996
Night_Moderate,2020-01-11 10:24:00,0.010863,230.759,0.5054,49.976
Night_Moderate,2020-01-11 10:27:00,0.008718,232.404,0.3687,50.001
Night_Moderate,2020-01-11 10:30:00,0.012304,230.096,0.4562,50.007
Night_Moderate,2020-01-11 10:33:00,0.0134,230.127,0.4668,49.99
Night_Moderate,2020-01-11 10:36:00,0.009758,231.804,0.4429,49.999
Night_Moderate,2020-01-11 10:39:00,0.011331,230.755,0.4388,49.986
Night_Moderate,2020-01-11 10:42:00,0.011701,230.408,0.4344,49.988
Night_Moderate,2020-01-11 10:45:00,0.009141,231.047,0.4187,49.984
Night_Moderate,2020-01-11 10:48:00,0.013852,230.561,0.513,49.979
Night_Moderate,2020-01-11 10:51:00,0.015974,230.113,0.5554,49.998
Night_Moderate,2020-01-11 10:54:00,0.014079,230.381,0.5756,50.022
Night_Moderate,2020-01-11 10:57:00,0.009641,231.249,0.3833,49.986
Night_Moderate,2020-01-11 11:00:00,0.013001,233.333,0.475,49.993
Night_Moderate,2020-01-11 11:03:00,0.013313,229.64,0.4729,50.0
Night_Moderate,2020-01-11 11:06:00,0.012993,230.885,0.4547,50.004
Night_Moderate,2020-01-11 11:09:00,0.010033,230.617,0.4844,49.991
Night_Moderate,2020-01-11 11:12:00,0.014066,229.631,0.4807,49.984
Night_Moderate,2020-01-11 11:15:00,0.013507,231.241,0.4508,50.014
Night_Moderate,2020-01-11 11:18:00,0.009376,230.983,0.3939,50.005
Night_Moderate,2020-01-11 11:21:00,0.016189,230.43,0.5316,49.993
Night_Moderate,2020-01-11 11:24:00,0.010105,230.76,0.4358,49.977
Night_Moderate,2020-01-11 11:27:00,0.009851,230.518,0.4026,49.997
Night_Moderate,2020-01-11 11:30:00,0.012599,229.961,0.4585,49.997
Night_Moderate,2020-01-11 11:33:00,0.008965,231.619,0.4079,49.998
Night_Moderate,2020-01-11 11:36:00,0.014557,230.966,0.5158,49.974
Night_Moderate,2020-01-11 11:39:00,0.010211,231.55,0.4208,49.999
Night_Moderate,2020-01-11 11:42:00,0.010027,232.625,0.3972,49.987
Night_Moderate,2020-01-11 11:45:00,0.008652,232.131,0.3656,50.002
Night_Moderate,2020-01-11 11:48:00,0.013068,230.706,0.5006,49.983
Night_Moderate,2020-01-11 11:51:00,0.007027,231.849,0.3844,50.009
Night_Moderate,2020-01-11 11:54:00,0.012136,231.241,0.4638,50.005
Night_Moderate,2020-01-11 11:57:00,0.010543,231.003,0.4647,49.993
Night_Moderate,2020-01-11 12:00:00,0.010525,231.468,0.4092,49.989
Night_Moderate,2020-01-11 12:03:00,0.010219,233.222,0.4263,49.994
Night_Moderate,2020-01-11 12:06:00,0.010955,232.684,0.4274,50.009
Night_Moderate,2020-01-11 12:09:00,0.013577,231.576,0.4728,49.984
Night_Moderate,2020-01-11 12:12:00,0.01254,230.956,0.4754,49.988
Night_Moderate,2020-01-11 12:15:00,0.012908,230.643,0.5446,50.008
Night_Moderate,2020-01-11 12:18:00,0.01073,231.193,0.4271,49.994
Night_Moderate,2020-01-11 12:21:00,0.008707,231.788,0.3823,50.0
Night_Moderate,2020-01-11 12:24:00,0.013308,231.288,0.5172,49.998
Night_Moderate,2020-01-11 12:27:00,0.010908,232.488,0.472,50.011
Night_Moderate,2020-01-11 12:30:00,0.008863,230.708,0.4462,49.987
Night_Moderate,2020-01-11 12:33:00,0.01248,231.647,0.4753,50.003
Night_Moderate,2020-01-11 12:36:00,0.010655,231.35,0.3665,49.99
Night_Moderate,2020-01-11 12:39:00,0.014882,230.47,0.5082,49.989
Night_Moderate,2020-01-11 12:42:00,0.012492,230.755,0.471,49.996
Night_Moderate,2020-01-11 12:45:00,0.009424,228.552,0.3869,50.02
Night_Moderate,2020-01-11 12:48:00,0.009321,231.907,0.4404,49.988
Night_Moderate,2020-01-11 12:51:00,0.012785,230.89,0.4971,49.981
Night_Moderate,2020-01-11 12:54:00,0.008011,232.077,0.3818,49.999
Night_Moderate,2020-01-11 12:57:00,0.011444,230.898,0.5118,50.002
Night_Moderate,2020-01-11 13:00:00,0.007162,232.727,0.3453,49.996
Night_Moderate,2020-01-11 13:03:00,0.012666,230.433,0.504,50.011
Night_Moderate,2020-01-11 13:06:00,0.011701,230.544,0.475,49.996
Night_Moderate,2020-01-11 13:09:00,0.016337,231.04,0.5182,49.99
Night_Moderate,2020-01-11 13:12:00,0.008817,230.916,0.4209,49.97
Night_Moderate,2020-01-11 13:15:00,0.015674,231.79,0.5152,50.008
Night_Moderate,2020-01-11 13:18:00,0.013426,232.027,0.5262,49.997
Night_Moderate,2020-01-11 13:21:00,0.010285,230.904,0.403,49.986
Night_Moderate,2020-01-11 13:24:00,0.010148,230.447,0.4128,49.988
Night_Moderate,2020-01-11 13:27:00,0.013896,230.934,0.4834,49.978
Night_Moderate,2020-01-11 13:30:00,0.013118,230.971,0.462,49.997
Night_Moderate,2020-01-11 13:33:00,0.013017,232.252,0.4847,49.988
Night_Moderate,2020-01-11 13:36:00,0.011854,230.437,0.498,49.991
Night_Moderate,2020-01-11 13:39:00,0.011199,231.623,0.4781,50.009
Night_Moderate,2020-01-11 13:42:00,0.012577,230.005,0.4706,49.997
Night_Moderate,2020-01-11 13:45:00,0.005925,231.843,0.3898,49.995
Night_Moderate,2020-01-11 13:48:00,0.016534,232.009,0.539,49.961
Night_Moderate,2020-01-11 13:51:00,0.011385,231.643,0.3661,49.973
Night_Moderate,2020-01-11 13:54:00,0.012554,231.567,0.449,50.001
Night_Moderate,2020-01-11 13:57:00,0.010287,232.753,0.4262,49.992
Night_Moderate,2020-01-11 14:00:00,0.010175,230.878,0.3846,49.99
Night_Moderate,2020-01-11 14:03:00,0.012002,232.581,0.43,49.998
Night_Moderate,2020-01-11 14:06:00,0.015169,230.764,0.5503,49.98
Night_Moderate,2020-01-11 14:09:00,0.007868,232.335,0.3859,49.983
Night_Moderate,2020-01-11 14:12:00,0.011614,231.838,0.4928,49.989
Night_Moderate,2020-01-11 14:15:00,0.005469,231.41,0.3717,50.003
Night_Moderate,2020-01-11 14:18:00,0.013187,230.876,0.463,49.999
Night_Moderate,2020-01-11 14:21:00,0.01239,230.86,0.4534,49.98
Night_Moderate,2020-01-11 14:24:00,0.010998,230.423,0.4466,50.005
Night_Moderate,2020-01-11 14:27:00,0.010385,231.743,0.4911,50.012
Night_Moderate,2020-01-11 14:30:00,0.010759,231.46,0.4635,50.001
Night_Moderate,2020-01-11 14:33:00,0.010181,231.055,0.4399,50.02
Night_Moderate,2020-01-11 14:36:00,0.010864,231.055,0.4693,50.014
Night_Moderate,2020-01-11 14:39:00,0.009045,230.69,0.4397,50.019
Night_Moderate,2020-01-11 14:42:00,0.01258,229.263,0.4583,49.977
Night_Moderate,2020-01-11 14:45:00,0.012417,230.517,0.4438,49.996
Night_Moderate,2020-01-11 14:48:00,0.013303,230.765,0.4661,49.971
Night_Moderate,2020-01-11 14:51:00,0.01454,229.95,0.5084,49.992
Night_Moderate,2020-01-11 14:54:00,0.014187,231.274,0.539,50.003
Night_Moderate,2020-01-11 14:57:00,0.011477,230.996,0.4593,49.99
Night_Moderate,2020-01-11 15:00:00,0.007531,233.272,0.3808,50.008
Night_Moderate,2020-01-11 15:03:00,0.010258,231.372,0.4436,50.002
Night_Moderate,2020-01-11 15:06:00,0.010813,230.538,0.4356,49.962
Night_Moderate,2020-01-11 15:09:00,0.014946,230.58,0.494,49.989
Night_Moderate,2020-01-11 15:12:00,0.013828,230.506,0.4873,50.009
Night_Moderate,2020-01-11 15:15:00,0.010057,230.884,0.4214,49.974
Night_Moderate,2020-01-11 15:18:00,0.01175,231.044,0.5116,49.99
Night_Moderate,2020-01-11 15:21:00,0.010075,230.051,0.3457,49.985
Night_Moderate,2020-01-11 15:24:00,0.007508,232.991,0.3715,49.978
Night_Moderate,2020-01-11 15:27:00,0.0149,231.479,0.4914,50.01
Night_Moderate,2020-01-11 15:30:00,0.010375,229.776,0.3976,49.985
Night_Moderate,2020-01-11 15:33:00,0.014634,229.661,0.4916,50.003
Night_Moderate,2020-01-11 15:36:00,0.013807,229.455,0.5086,49.993
Night_Moderate,2020-01-11 15:39:00,0.015361,231.033,0.5946,50.003
Night_Moderate,2020-01-11 15:42:00,0.012354,230.527,0.479,49.995
Night_Moderate,2020-01-11 15:45:00,0.012917,231.52,0.507,50.008
Night_Moderate,2020-01-11 15:48:00,0.013423,229.098,0.5025,49.989
Night_Moderate,2020-01-11 15:51:00,0.017473,230.547,0.5005,49.988
Night_Moderate,2020-01-11 15:54:00,0.016085,232.151,0.5077,50.008
Night_Moderate,2020-01-11 15:57:00,0.009879,232.319,0.4096,50.011
Night_Moderate,2020-01-11 16:00:00,0.013476,231.862,0.5136,49.983
Night_Moderate,2020-01-11 16:03:00,0.012243,230.927,0.5044,50.008
Night_Moderate,2020-01-11 16:06:00,0.010311,231.323,0.4868,50.006
Night_Moderate,2020-01-11 16:09:00,0.014607,230.41,0.4927,49.983
Night_Moderate,2020-01-11 16:12:00,0.00926,230.774,0.425,49.988
Night_Moderate,2020-01-11 16:15:00,0.012163,231.992,0.5028,49.991
Night_Moderate,2020-01-11 16:18:00,0.013097,230.265,0.5045,49.994
Night_Moderate,2020-01-11 16:21:00,0.013628,230.258,0.5263,50.003
Night_Moderate,2020-01-11 16:24:00,0.013543,230.602,0.5644,50.008
Night_Moderate,2020-01-11 16:27:00,0.013783,231.172,0.4729,50.002
Night_Moderate,2020-01-11 16:30:00,0.015045,230.525,0.5687,49.991
Night_Moderate,2020-01-11 16:33:00,0.013328,229.295,0.5331,49.979
Night_Moderate,2020-01-11 16:36:00,0.016082,230.905,0.5156,49.998
Night_Moderate,2020-01-11 16:39:00,0.017968,231.985,0.545,49.998
Night_Moderate,2020-01-11 16:42:00,0.014354,230.612,0.511,49.964
Night_Moderate,2020-01-11 16:45:00,0.012677,231.204,0.4813,49.988
Night_Moderate,2020-01-11 16:48:00,0.011153,229.494,0.4131,49.985
Night_Moderate,2020-01-11 16:51:00,0.015812,231.921,0.5308,50.001
Night_Moderate,2020-01-11 16:54:00,0.013476,230.823,0.4977,49.993
Night_Moderate,2020-01-11 16:57:00,0.010535,231.709,0.4364,49.972
Night_Moderate,2020-01-11 17:00:00,0.015504,231.477,0.5511,49.994
Night_Moderate,2020-01-11 17:03:00,0.007651,230.731,0.3108,49.996
Night_Moderate,2020-01-11 17:06:00,0.016007,231.186,0.5351,49.996
Night_Moderate,2020-01-11 17:09:00,0.019252,231.017,0.5924,49.994
Night_Moderate,2020-01-11 17:12:00,0.010882,229.966,0.4483,49.986
Night_Moderate,2020-01-11 17:15:00,0.016123,230.461,0.5466,49.974
Night_Moderate,2020-01-11 17:18:00,0.010461,232.339,0.4442,49.99
Night_Moderate,2020-01-11 17:21:00,0.013665,229.886,0.553,49.985
Night_Moderate,2020-01-11 17:24:00,0.013867,230.007,0.5041,50.009
Night_Moderate,2020-01-11 17:27:00,0.015443,231.135,0.5045,49.997
Night_Moderate,2020-01-11 17:30:00,0.010035,232.256,0.3897,50.006
Night_Moderate,2020-01-11 17:33:00,0.019089,231.645,0.545,49.98
Night_Moderate,2020-01-11 17:36:00,0.020047,230.781,0.6762,49.982
Night_Moderate,2020-01-11 17:39:00,0.01523,230.407,0.5137,50.014
Night_Moderate,2020-01-11 17:42:00,0.016958,231.427,0.5529,49.991
Night_Moderate,2020-01-11 17:45:00,0.011301,228.371,0.4955,50.001
Night_Moderate,2020-01-11 17:48:00,0.01578,232.431,0.546,49.983
Night_Moderate,2020-01-11 17:51:00,0.010727,232.848,0.3642,50.003
Night_Moderate,2020-01-11 17:54:00,0.009637,232.347,0.4173,49.976
Night_Moderate,2020-01-11 17:57:00,0.013929,231.244,0.4911,49.99
Night_Moderate,2020-01-11 18:00:00,0.016764,230.491,0.5118,49.988
Night_Moderate,2020-01-11 18:03:00,0.022705,229.723,0.6725,49.984
Night_Moderate,2020-01-11 18:06:00,0.015342,230.443,0.527,50.003
Night_Moderate,2020-01-11 18:09:00,0.017404,229.026,0.5813,50.013
Night_Moderate,2020-01-11 18:12:00,0.018673,230.084,0.5573,50.0
Night_Moderate,2020-01-11 18:15:00,0.023634,228.838,0.6491,49.992
Night_Moderate,2020-01-11 18:18:00,0.022871,229.654,0.6551,49.982
Night_Moderate,2020-01-11 18:21:00,0.019145,230.387,0.5927,49.977
Night_Moderate,2020-01-11 18:24:00,0.024889,230.053,0.6461,49.983
Night_Moderate,2020-01-11 18:27:00,0.020537,229.919,0.5897,49.995
Night_Moderate,2020-01-11 18:30:00,0.009837,232.323,0.4099,49.979
Night_Moderate,2020-01-11 18:33:00,0.01706,230.426,0.5635,49.994
Night_Moderate,2020-01-11 18:36:00,0.018293,229.561,0.5493,49.984
Night_Moderate,2020-01-11 18:39:00,0.02003,231.133,0.6851,50.007
Night_Moderate,2020-01-11 18:42:00,0.021806,229.511,0.6476,49.974
Night_Moderate,2020-01-11 18:45:00,0.021678,229.131,0.6546,49.99
Night_Moderate,2020-01-11 18:48:00,0.015527,229.984,0.5399,49.979
Night_Moderate,2020-01-11 18:51:00,0.010154,230.656,0.3785,50.005
Night_Moderate,2020-01-11 18:54:00,0.0268,229.648,0.6606,49.978
Night_Moderate,2020-01-11 18:57:00,0.019404,230.075,0.6045,49.974
Night_Moderate,2020-01-11 19:00:00,0.019481,229.777,0.6385,49.992
Night_Moderate,2020-01-11 19:03:00,0.023175,230.288,0.5812,49.997
Night_Moderate,2020-01-11 19:06:00,0.017918,230.602,0.5588,50.016
Night_Moderate,2020-01-11 19:09:00,0.017889,231.976,0.6081,50.009
Night_Moderate,2020-01-11 19:12:00,0.021849,229.721,0.6412,49.991
Night_Moderate,2020-01-11 19:15:00,0.015839,230.514,0.4785,49.983
Night_Moderate,2020-01-11 19:18:00,0.023384,230.598,0.6355,49.989
Night_Moderate,2020-01-11 19:21:00,0.026513,229.955,0.7738,49.993
Night_Moderate,2020-01-11 19:24:00,0.021756,228.662,0.632,49.998
Night_Moderate,2020-01-11 19:27:00,0.030465,229.624,0.7946,49.997
Night_Moderate,2020-01-11 19:30:00,0.02565,229.395,0.7079,49.984
Night_Moderate,2020-01-11 19:33:00,0.024993,228.07,0.7112,50.017
Night_Moderate,2020-01-11 19:36:00,0.026579,227.809,0.6968,49.975
Night_Moderate,2020-01-11 19:39:00,0.03083,229.046,0.8897,50.003
Night_Moderate,2020-01-11 19:42:00,0.024282,230.525,0.6867,49.997
Night_Moderate,2020-01-11 19:45:00,0.034165,228.799,0.8234,49.964
Night_Moderate,2020-01-11 19:48:00,0.024324,231.876,0.7414,49.996
Night_Moderate,2020-01-11 19:51:00,0.023506,230.696,0.701,49.976
Night_Moderate,2020-01-11 19:54:00,0.027587,229.962,0.7478,49.976
Night_Moderate,2020-01-11 19:57:00,0.032006,230.195,0.8533,49.992
Night_Moderate,2020-01-11 20:00:00,0.019894,230.957,0.6005,49.973
Night_Moderate,2020-01-11 20:03:00,0.029196,228.492,0.7821,49.985
Night_Moderate,2020-01-11 20:06:00,0.027802,230.032,0.7643,49.973
Night_Moderate,2020-01-11 20:09:00,0.030437,229.996,0.806,49.995
Night_Moderate,2020-01-11 20:12:00,0.023597,231.303,0.663,49.987
Night_Moderate,2020-01-11 20:15:00,0.027891,228.695,0.7733,49.978
Night_Moderate,2020-01-11 20:18:00,0.022121,228.788,0.6047,49.975
Night_Moderate,2020-01-11 20:21:00,0.031064,229.902,0.856,50.008
Night_Moderate,2020-01-11 20:24:00,0.014922,230.607,0.4746,49.974
Night_Moderate,2020-01-11 20:27:00,0.032786,229.726,0.8225,49.989
Night_Moderate,2020-01-11 20:30:00,0.025975,230.646,0.7204,49.993
Night_Moderate,2020-01-11 20:33:00,0.037896,229.443,0.9368,49.976
Night_Moderate,2020-01-11 20:36:00,0.021567,230.707,0.665,49.995
Night_Moderate,2020-01-11 20:39:00,0.023845,230.513,0.6821,49.984
Night_Moderate,2020-01-11 20:42:00,0.024377,230.242,0.6525,49.993
Night_Moderate,2020-01-11 20:45:00,0.033973,228.939,0.8754,49.981
Night_Moderate,2020-01-11 20:48:00,0.036578,230.52,0.9117,49.985
Night_Moderate,2020-01-11 20:51:00,0.019595,231.028,0.6097,49.993
Night_Moderate,2020-01-11 20:54:00,0.024987,229.681,0.7021,49.975
Night_Moderate,2020-01-11 20:57:00,0.04339,228.183,1.0088,49.984
Night_Moderate,2020-01-11 21:00:00,0.020577,228.587,0.6283,49.991
Night_Moderate,2020-01-11 21:03:00,0.028433,228.912,0.797,49.989
Night_Moderate,2020-01-11 21:06:00,0.040009,229.567,1.0006,49.987
Night_Moderate,2020-01-11 21:09:00,0.030255,229.535,0.8039,50.002
Night_Moderate,2020-01-11 21:12:00,0.036498,228.903,0.8849,49.988
Night_Moderate,2020-01-11 21:15:00,0.021299,231.186,0.6717,49.987
Night_Moderate,2020-01-11 21:18:00,0.038207,228.07,0.9522,49.954
Night_Moderate,2020-01-11 21:21:00,0.037745,229.618,0.9078,49.96
Night_Moderate,2020-01-11 21:24:00,0.041979,228.635,1.0641,49.986
Night_Moderate,2020-01-11 21:27:00,0.032526,228.394,0.8308,49.99
Night_Moderate,2020-01-11 21:30:00,0.044987,227.003,1.0605,49.989
Night_Moderate,2020-01-11 21:33:00,0.036925,228.13,0.9377,49.988
Night_Moderate,2020-01-11 21:36:00,0.035371,229.858,0.8935,49.994
Night_Moderate,2020-01-11 21:39:00,0.046625,227.8,1.1386,49.972
Night_Moderate,2020-01-11 21:42:00,0.04429,227.63,1.0301,49.973
Night_Moderate,2020-01-11 21:45:00,0.031843,229.083,0.8432,49.991
Night_Moderate,2020-01-11 21:48:00,0.036748,228.831,0.9714,49.992
Night_Moderate,2020-01-11 21:51:00,0.038177,228.014,0.9417,49.996
Night_Moderate,2020-01-11 21:54:00,0.028372,230.524,0.7402,49.996
Night_Moderate,2020-01-11 21:57:00,0.026038,229.545,0.685,49.995
Night_Moderate,2020-01-11 22:00:00,0.043276,230.079,1.0848,49.964
Night_Moderate,2020-01-11 22:03:00,0.046909,229.6,1.0551,49.989
Night_Moderate,2020-01-11 22:06:00,0.042582,227.887,1.0408,49.966
Night_Moderate,2020-01-11 22:09:00,0.031843,229.746,0.8559,49.992
Night_Moderate,2020-01-11 22:12:00,0.053827,227.902,1.2077,49.953
Night_Moderate,2020-01-11 22:15:00,0.042063,228.644,1.0017,49.986
Night_Moderate,2020-01-11 22:18:00,0.031137,229.129,0.8587,50.005
Night_Moderate,2020-01-11 22:21:00,0.039531,229.08,0.952,49.972
Night_Moderate,2020-01-11 22:24:00,0.038211,228.345,0.914,49.992
Night_Moderate,2020-01-11 22:27:00,0.04887,225.854,1.1101,49.972
Night_Moderate,2020-01-11 22:30:00,0.06639,226.439,1.4531,49.959
Night_Moderate,2020-01-11 22:33:00,0.053466,225.8,1.2416,49.978
Night_Moderate,2020-01-11 22:36:00,0.03678,227.775,0.9274,49.973
Night_Moderate,2020-01-11 22:39:00,0.048747,226.999,1.1313,49.961
Night_Moderate,2020-01-11 22:42:00,0.044193,229.354,1.0655,49.993
Night_Moderate,2020-01-11 22:45:00,0.055037,227.344,1.2264,49.954
Night_Moderate,2020-01-11 22:48:00,0.051957,227.807,1.1193,49.994
Night_Moderate,2020-01-11 22:51:00,0.037542,229.077,0.8974,49.978
Night_Moderate,2020-01-11 22:54:00,0.04728,228.253,1.0703,49.99
Night_Moderate,2020-01-11 22:57:00,0.044823,227.873,1.0655,49.971
Night_Moderate,2020-01-11 23:00:00,0.069976,224.706,1.5466,49.985
Night_Moderate,2020-01-11 23:03:00,0.050855,227.429,1.1898,49.985
Night_Moderate,2020-01-11 23:06:00,0.024422,229.428,0.699,50.003
Night_Moderate,2020-01-11 23:09:00,0.039683,228.654,0.9627,49.99
Night_Moderate,2020-01-11 23:12:00,0.063876,226.721,1.3613,49.961
Night_Moderate,2020-01-11 23:15:00,0.04212,227.771,0.9806,49.997
Night_Moderate,2020-01-11 23:18:00,0.05432,227.35,1.3059,49.975
Night_Moderate,2020-01-11 23:21:00,0.029097,229.914,0.8052,49.971
Night_Moderate,2020-01-11 23:24:00,0.072198,226.939,1.4606,49.951
Night_Moderate,2020-01-11 23:27:00,0.040546,226.664,0.9799,49.984
Night_Moderate,2020-01-11 23:30:00,0.031991,228.505,0.8493,49.981
Night_Moderate,2020-01-11 23:33:00,0.057582,228.979,1.2435,49.976
Night_Moderate,2020-01-11 23:36:00,0.058257,225.906,1.3167,49.979
Night_Moderate,2020-01-11 23:39:00,0.027022,227.903,0.6599,49.965
Night_Moderate,2020-01-11 23:42:00,0.046396,227.207,1.1083,49.981
Night_Moderate,2020-01-11 23:45:00,0.03966,229.483,0.9658,49.989
Night_Moderate,2020-01-11 23:48:00,0.068067,226.34,1.4843,49.981
Night_Moderate,2020-01-11 23:51:00,0.047855,229.574,1.164,49.993
Night_Moderate,2020-01-11 23:54:00,0.057965,226.777,1.3141,49.98
Night_Moderate,2020-01-11 23:57:00,0.04974,228.683,1.1536,49.975
Night_Moderate,2020-01-12 00:00:00,0.043235,228.126,1.0518,49.969
Night_Moderate,2020-01-12 00:03:00,0.054481,226.494,1.173,49.954
Night_Moderate,2020-01-12 00:06:00,0.051034,227.84,1.1467,49.995
Night_Moderate,2020-01-12 00:09:00,0.048862,227.315,1.1262,49.992
Night_Moderate,2020-01-12 00:12:00,0.03262,229.191,0.8478,49.989
Night_Moderate,2020-01-12 00:15:00,0.047312,229.284,1.1181,49.965
Night_Moderate,2020-01-12 00:18:00,0.052088,226.317,1.1636,49.985
Night_Moderate,2020-01-12 00:21:00,0.059585,226.405,1.3697,49.986
Night_Moderate,2020-01-12 00:24:00,0.038338,228.893,1.0015,49.984
Night_Moderate,2020-01-12 00:27:00,0.04311,226.667,1.0496,49.991
Night_Moderate,2020-01-12 00:30:00,0.032204,229.036,0.7625,49.976
Night_Moderate,2020-01-12 00:33:00,0.047982,227.079,1.1177,49.977
Night_Moderate,2020-01-12 00:36:00,0.043508,227.386,1.0276,49.97
Night_Moderate,2020-01-12 00:39:00,0.051437,228.658,1.1954,49.987
Night_Moderate,2020-01-12 00:42:00,0.053896,226.34,1.1765,49.981
Night_Moderate,2020-01-12 00:45:00,0.045934,228.039,1.0713,49.962
Night_Moderate,2020-01-12 00:48:00,0.045487,226.874,1.017,49.975
Night_Moderate,2020-01-12 00:51:00,0.028819,230.503,0.7632,49.993
Night_Moderate,2020-01-12 00:54:00,0.061472,226.752,1.3857,49.99
Night_Moderate,2020-01-12 00:57:00,0.02874,230.146,0.7983,49.988
Night_Moderate,2020-01-12 01:00:00,0.058958,226.358,1.3108,49.987
Night_Moderate,2020-01-12 01:03:00,0.060798,225.959,1.3401,49.962
Night_Moderate,2020-01-12 01:06:00,0.04603,226.041,1.0224,49.968
Night_Moderate,2020-01-12 01:09:00,0.067792,224.847,1.4114,49.981
Night_Moderate,2020-01-12 01:12:00,0.054908,227.83,1.2337,49.977
Night_Moderate,2020-01-12 01:15:00,0.050575,227.319,1.2316,49.949
Night_Moderate,2020-01-12 01:18:00,0.057158,227.578,1.2708,49.974
Night_Moderate,2020-01-12 01:21:00,0.046597,228.451,1.0557,49.962
Night_Moderate,2020-01-12 01:24:00,0.044215,228.581,1.085,49.977
Night_Moderate,2020-01-12 01:27:00,0.044785,228.819,1.0724,49.978
Night_Moderate,2020-01-12 01:30:00,0.051944,227.124,1.178,49.981
Night_Moderate,2020-01-12 01:33:00,0.046029,227.729,1.0851,49.947
Night_Moderate,2020-01-12 01:36:00,0.045653,227.318,1.084,49.984
Night_Moderate,2020-01-12 01:39:00,0.052791,227.156,1.1823,49.965
Night_Moderate,2020-01-12 01:42:00,0.043327,228.544,1.0225,49.984
Night_Moderate,2020-01-12 01:45:00,0.05549,226.449,1.2281,49.969
Night_Moderate,2020-01-12 01:48:00,0.054347,228.014,1.2343,49.969
Night_Moderate,2020-01-12 01:51:00,0.054727,227.154,1.2195,49.971
Night_Moderate,2020-01-12 01:54:00,0.07137,225.784,1.4993,49.963
Night_Moderate,2020-01-12 01:57:00,0.043654,228.16,1.0266,49.987
Night_Moderate,2020-01-12 02:00:00,0.051665,225.882,1.2942,49.97
Night_Moderate,2020-01-12 02:03:00,0.043194,228.268,1.0177,50.004
Night_Moderate,2020-01-12 02:06:00,0.056307,227.134,1.2199,49.981
Night_Moderate,2020-01-12 02:09:00,0.070492,225.16,1.5324,49.973
Night_Moderate,2020-01-12 02:12:00,0.062499,227.01,1.3355,49.963
Night_Moderate,2020-01-12 02:15:00,0.066294,225.71,1.4359,49.968
Night_Moderate,2020-01-12 02:18:00,0.048376,227.714,1.0795,49.993
Night_Moderate,2020-01-12 02:21:00,0.044751,228.095,1.077,49.995
Night_Moderate,2020-01-12 02:24:00,0.054906,228.053,1.2693,49.974
Night_Moderate,2020-01-12 02:27:00,0.041708,227.727,0.9977,49.963
Night_Moderate,2020-01-12 02:30:00,0.050663,226.412,1.1541,49.972
Night_Moderate,2020-01-12 02:33:00,0.038429,229.099,1.025,49.972
Night_Moderate,2020-01-12 02:36:00,0.03769,227.507,0.9236,49.998
Night_Moderate,2020-01-12 02:39:00,0.042676,227.844,1.0068,49.967
Night_Moderate,2020-01-12 02:42:00,0.019902,230.377,0.6136,49.99
Night_Moderate,2020-01-12 02:45:00,0.05287,226.525,1.1648,49.973
Night_Moderate,2020-01-12 02:48:00,0.048785,227.196,1.1154,50.003
Night_Moderate,2020-01-12 02:51:00,0.049187,227.874,1.1631,49.975
Night_Moderate,2020-01-12 02:54:00,0.046571,228.999,1.0241,49.982
Night_Moderate,2020-01-12 02:57:00,0.027197,230.252,0.7613,50.024
Night_Moderate,2020-01-12 03:00:00,0.036847,228.454,0.9549,49.985
Night_Moderate,2020-01-12 03:03:00,0.035821,228.166,0.8829,49.974
Night_Moderate,2020-01-12 03:06:00,0.048888,227.581,1.0825,49.983
Night_Moderate,2020-01-12 03:09:00,0.041581,227.716,1.0318,49.985
Night_Moderate,2020-01-12 03:12:00,0.043916,229.36,1.0494,49.98
Night_Moderate,2020-01-12 03:15:00,0.025276,230.813,0.7053,50.004
Night_Moderate,2020-01-12 03:18:00,0.039286,227.268,0.9424,49.99
Night_Moderate,2020-01-12 03:21:00,0.028493,228.99,0.7261,49.98
Night_Moderate,2020-01-12 03:24:00,0.045989,226.594,1.1085,49.972
Night_Moderate,2020-01-12 03:27:00,0.027927,229.471,0.719,49.976
Night_Moderate,2020-01-12 03:30:00,0.030579,229.432,0.7589,50.001
Night_Moderate,2020-01-12 03:33:00,0.033658,227.985,0.8523,49.988
Night_Moderate,2020-01-12 03:36:00,0.037958,230.284,0.9159,49.97
Night_Moderate,2020-01-12 03:39:00,0.032911,228.776,0.8833,50.006
Night_Moderate,2020-01-12 03:42:00,0.041052,227.839,0.9154,49.976
Night_Moderate,2020-01-12 03:45:00,0.045272,229.399,1.0712,49.986
Night_Moderate,2020-01-12 03:48:00,0.03019,230.611,0.8055,49.985
Night_Moderate,2020-01-12 03:51:00,0.038921,229.878,0.9278,49.969
Night_Moderate,2020-01-12 03:54:00,0.036764,228.474,0.9275,49.983
Night_Moderate,2020-01-12 03:57:00,0.029242,229.606,0.7815,49.986
Night_Moderate,2020-01-12 04:00:00,0.040822,227.578,1.0044,49.994
Night_Moderate,2020-01-12 04:03:00,0.038572,227.569,0.983,49.978
Night_Moderate,2020-01-12 04:06:00,0.03599,228.168,0.9431,49.979
Night_Moderate,2020-01-12 04:09:00,0.039701,227.532,0.9744,49.997
Night_Moderate,2020-01-12 04:12:00,0.030142,228.584,0.787,49.975
Night_Moderate,2020-01-12 04:15:00,0.037045,228.195,0.9124,49.972
Night_Moderate,2020-01-12 04:18:00,0.029668,229.478,0.7657,49.962
Night_Moderate,2020-01-12 04:21:00,0.033789,229.46,0.8799,49.978
Night_Moderate,2020-01-12 04:24:00,0.027357,229.315,0.8261,49.975
Night_Moderate,2020-01-12 04:27:00,0.041561,227.55,1.0083,49.991
Night_Moderate,2020-01-12 04:30:00,0.031814,228.092,0.829,49.977
Night_Moderate,2020-01-12 04:33:00,0.027415,230.249,0.7371,49.992
Night_Moderate,2020-01-12 04:36:00,0.023613,231.322,0.674,49.99
Night_Moderate,2020-01-12 04:39:00,0.034004,228.843,0.8886,49.985
Night_Moderate,2020-01-12 04:42:00,0.039378,227.133,0.9551,49.997
Night_Moderate,2020-01-12 04:45:00,0.018705,230.534,0.525,49.988
Night_Moderate,2020-01-12 04:48:00,0.032612,228.582,0.8386,49.998
Night_Moderate,2020-01-12 04:51:00,0.035469,228.193,0.8776,49.992
Night_Moderate,2020-01-12 04:54:00,0.036738,228.633,0.9076,49.957
Night_Moderate,2020-01-12 04:57:00,0.027033,229.277,0.7165,49.98
Night_Moderate,2020-01-12 05:00:00,0.024721,227.82,0.6789,49.981
Night_Moderate,2020-01-12 05:03:00,0.035923,228.524,0.8796,50.006
Night_Moderate,2020-01-12 05:06:00,0.031214,228.855,0.8293,50.011
Night_Moderate,2020-01-12 05:09:00,0.036777,229.494,0.8715,49.974
Night_Moderate,2020-01-12 05:12:00,0.034579,229.104,0.8812,50.0
Night_Moderate,2020-01-12 05:15:00,0.031282,228.378,0.7553,50.001
Night_Moderate,2020-01-12 05:18:00,0.026223,230.606,0.7712,49.989
Night_Moderate,2020-01-12 05:21:00,0.017398,231.441,0.5418,49.992
Night_Moderate,2020-01-12 05:24:00,0.022407,229.732,0.6408,50.018
Night_Moderate,2020-01-12 05:27:00,0.032007,229.233,0.8356,49.983
Night_Moderate,2020-01-12 05:30:00,0.015553,230.543,0.4729,50.014
Night_Moderate,2020-01-12 05:33:00,0.029238,227.936,0.8309,49.98
Night_Moderate,2020-01-12 05:36:00,0.01711,229.486,0.5294,49.978
Night_Moderate,2020-01-12 05:39:00,0.014227,230.707,0.5133,49.973
Night_Moderate,2020-01-12 05:42:00,0.0225,229.212,0.6442,49.984
Night_Moderate,2020-01-12 05:45:00,0.020545,231.415,0.6127,49.971
Night_Moderate,2020-01-12 05:48:00,0.020969,230.648,0.7091,49.989
Night_Moderate,2020-01-12 05:51:00,0.018613,229.551,0.554,49.986
Night_Moderate,2020-01-12 05:54:00,0.020764,231.527,0.6221,49.998
Night_Moderate,2020-01-12 05:57:00,0.018533,230.285,0.577,49.991
Night_Moderate,2020-01-12 06:00:00,0.023269,229.335,0.6551,50.0
Night_Moderate,2020-01-12 06:03:00,0.013859,231.338,0.48,50.004
Night_Moderate,2020-01-12 06:06:00,0.023507,231.57,0.688,49.983
Night_Moderate,2020-01-12 06:09:00,0.023023,230.175,0.728,49.979
Night_Moderate,2020-01-12 06:12:00,0.015489,230.186,0.5129,49.996
Night_Moderate,2020-01-12 06:15:00,0.018451,229.225,0.5663,49.985
Night_Moderate,2020-01-12 06:18:00,0.020364,228.571,0.6527,49.989
Night_Moderate,2020-01-12 06:21:00,0.028603,230.215,0.8076,50.0
Night_Moderate,2020-01-12 06:24:00,0.013869,230.383,0.5075,49.997
Night_Moderate,2020-01-12 06:27:00,0.020644,228.809,0.6451,49.996
Night_Moderate,2020-01-12 06:30:00,0.017235,230.176,0.5747,49.998
Night_Moderate,2020-01-12 06:33:00,0.018936,229.486,0.5355,50.003
Night_Moderate,2020-01-12 06:36:00,0.02137,229.412,0.728,49.998
Night_Moderate,2020-01-12 06:39:00,0.020349,229.255,0.6595,49.988
Night_Moderate,2020-01-12 06:42:00,0.015993,230.015,0.5199,49.992
Night_Moderate,2020-01-12 06:45:00,0.016991,231.119,0.4882,49.992
Night_Moderate,2020-01-12 06:48:00,0.017486,230.646,0.5633,49.97
Night_Moderate,2020-01-12 06:51:00,0.020059,230.487,0.5499,49.996
Night_Moderate,2020-01-12 06:54:00,0.019648,230.353,0.6379,49.992
Night_Moderate,2020-01-12 06:57:00,0.013092,231.4,0.5015,49.999
Night_Moderate,2020-01-12 07:00:00,0.01731,229.98,0.5421,50.004
Night_Moderate,2020-01-12 07:03:00,0.012291,231.686,0.441,50.003
Night_Moderate,2020-01-12 07:06:00,0.017357,230.685,0.5289,49.979
Night_Moderate,2020-01-12 07:09:00,0.013418,230.46,0.5013,49.99
Night_Moderate,2020-01-12 07:12:00,0.013846,230.625,0.5063,50.01
Night_Moderate,2020-01-12 07:15:00,0.014051,230.227,0.4514,49.996
Night_Moderate,2020-01-12 07:18:00,0.012122,229.863,0.4589,49.994
Night_Moderate,2020-01-12 07:21:00,0.010976,230.232,0.4628,49.992
Night_Moderate,2020-01-12 07:24:00,0.019134,229.973,0.629,49.994
Night_Moderate,2020-01-12 07:27:00,0.023806,230.444,0.6841,49.993
Night_Moderate,2020-01-12 07:30:00,0.017599,230.913,0.4816,50.003
Night_Moderate,2020-01-12 07:33:00,0.017285,229.678,0.5703,49.986
Night_Moderate,2020-01-12 07:36:00,0.014002,230.836,0.5126,49.975
Night_Moderate,2020-01-12 07:39:00,0.013247,230.937,0.4513,49.975
Night_Moderate,2020-01-12 07:42:00,0.018974,229.306,0.6027,49.981
Night_Moderate,2020-01-12 07:45:00,0.014436,230.715,0.5515,49.996
Night_Moderate,2020-01-12 07:48:00,0.012998,231.48,0.4728,49.987
Night_Moderate,2020-01-12 07:51:00,0.017326,230.56,0.5662,49.978
Night_Moderate,2020-01-12 07:54:00,0.010753,231.844,0.4758,49.984
Night_Moderate,2020-01-12 07:57:00,0.012677,231.814,0.4998,49.986
Night_Moderate,2020-01-12 08:00:00,0.012355,231.277,0.4931,50.006
Night_Moderate,2020-01-12 08:03:00,0.014055,230.03,0.5367,49.991
Night_Moderate,2020-01-12 08:06:00,0.017955,229.248,0.562,49.999
Night_Moderate,2020-01-12 08:09:00,0.019435,228.872,0.6313,49.967
Night_Moderate,2020-01-12 08:12:00,0.014247,230.913,0.5437,49.995
Night_Moderate,2020-01-12 08:15:00,0.018344,231.118,0.6092,50.004
Night_Moderate,2020-01-12 08:18:00,0.010199,231.321,0.4311,50.014
Night_Moderate,2020-01-12 08:21:00,0.013088,230.307,0.5088,49.994
Night_Moderate,2020-01-12 08:24:00,0.012954,231.248,0.5038,49.989
Night_Moderate,2020-01-12 08:27:00,0.012862,231.317,0.4804,49.99
Night_Moderate,2020-01-12 08:30:00,0.01288,230.801,0.4269,49.98
Night_Moderate,2020-01-12 08:33:00,0.013382,231.668,0.4218,49.995
Night_Moderate,2020-01-12 08:36:00,0.012896,232.191,0.5068,50.01
Night_Moderate,2020-01-12 08:39:00,0.021118,229.286,0.6162,49.981
Night_Moderate,2020-01-12 08:42:00,0.012455,231.474,0.4908,49.988
Night_Moderate,2020-01-12 08:45:00,0.010105,230.556,0.4171,49.987
Night_Moderate,2020-01-12 08:48:00,0.010281,230.437,0.4809,50.025
Night_Moderate,2020-01-12 08:51:00,0.012665,232.265,0.4576,49.978
Night_Moderate,2020-01-12 08:54:00,0.011351,231.162,0.5593,50.003
Night_Moderate,2020-01-12 08:57:00,0.011841,230.98,0.5098,49.999
Night_Moderate,2020-01-12 09:00:00,0.012561,230.75,0.4956,49.981
Night_Moderate,2020-01-12 09:03:00,0.013961,231.048,0.549,49.993
Night_Moderate,2020-01-12 09:06:00,0.011169,231.502,0.4217,49.997
Night_Moderate,2020-01-12 09:09:00,0.008731,230.683,0.3969,50.009
Night_Moderate,2020-01-12 09:12:00,0.011888,231.681,0.5524,50.006
Night_Moderate,2020-01-12 09:15:00,0.013488,230.486,0.5266,49.985
Night_Moderate,2020-01-12 09:18:00,0.010201,231.163,0.404,50.002
Night_Moderate,2020-01-12 09:21:00,0.014215,229.375,0.5544,49.988
Night_Moderate,2020-01-12 09:24:00,0.00648,231.459,0.4096,49.988
Night_Moderate,2020-01-12 09:27:00,0.007885,231.006,0.3927,50.006
Night_Moderate,2020-01-12 09:30:00,0.010109,230.55,0.3934,50.019
Night_Moderate,2020-01-12 09:33:00,0.009032,231.038,0.3753,50.001
Night_Moderate,2020-01-12 09:36:00,0.009177,230.95,0.4097,49.993
Night_Moderate,2020-01-12 09:39:00,0.009161,230.583,0.4647,49.996
Night_Moderate,2020-01-12 09:42:00,0.006149,231.754,0.3431,49.973
Night_Moderate,2020-01-12 09:45:00,0.012817,230.738,0.4965,49.982
Night_Moderate,2020-01-12 09:48:00,0.012742,231.332,0.504,49.987
Night_Moderate,2020-01-12 09:51:00,0.009048,232.614,0.4371,49.995
Night_Moderate,2020-01-12 09:54:00,0.013423,230.976,0.4835,49.985
Night_Moderate,2020-01-12 09:57:00,0.013482,231.119,0.4624,49.977
Night_Moderate,2020-01-12 10:00:00,0.012132,230.653,0.4738,49.981
Night_Moderate,2020-01-12 10:03:00,0.012475,232.028,0.462,50.011
Night_Moderate,2020-01-12 10:06:00,0.011703,231.274,0.5167,49.995
Night_Moderate,2020-01-12 10:09:00,0.01468,230.765,0.4749,50.005
Night_Moderate,2020-01-12 10:12:00,0.014708,231.304,0.517,50.009
Night_Moderate,2020-01-12 10:15:00,0.012031,230.014,0.4405,49.993
Night_Moderate,2020-01-12 10:18:00,0.008772,231.167,0.3463,49.982
Night_Moderate,2020-01-12 10:21:00,0.009779,232.757,0.4155,49.986
Night_Moderate,2020-01-12 10:24:00,0.007833,230.392,0.4213,49.982
Night_Moderate,2020-01-12 10:27:00,0.01201,230.581,0.4935,50.0
Night_Moderate,2020-01-12 10:30:00,0.013156,231.655,0.5139,50.007
Night_Moderate,2020-01-12 10:33:00,0.014757,230.002,0.5255,50.003
Night_Moderate,2020-01-12 10:36:00,0.012105,231.568,0.4994,50.0
Night_Moderate,2020-01-12 10:39:00,0.010651,231.196,0.4899,49.983
Night_Moderate,2020-01-12 10:42:00,0.014077,230.154,0.4556,49.991
Night_Moderate,2020-01-12 10:45:00,0.012609,231.887,0.4422,50.0
Night_Moderate,2020-01-12 10:48:00,0.011,229.598,0.5097,50.004
Night_Moderate,2020-01-12 10:51:00,0.005687,232.293,0.2951,49.988
Night_Moderate,2020-01-12 10:54:00,0.010842,231.836,0.4497,50.01
Night_Moderate,2020-01-12 10:57:00,0.013913,230.237,0.4646,49.982
Night_Moderate,2020-01-12 11:00:00,0.013183,230.63,0.4391,49.995
Night_Moderate,2020-01-12 11:03:00,0.007646,230.611,0.365,50.002
Night_Moderate,2020-01-12 11:06:00,0.011839,230.345,0.4707,49.985
Night_Moderate,2020-01-12 11:09:00,0.014027,231.007,0.5295,49.992
Night_Moderate,2020-01-12 11:12:00,0.01469,230.604,0.4895,49.983
Night_Moderate,2020-01-12 11:15:00,0.012861,230.676,0.5172,49.992
Night_Moderate,2020-01-12 11:18:00,0.008932,230.775,0.4146,49.979
Night_Moderate,2020-01-12 11:21:00,0.009749,232.208,0.3907,49.983
Night_Moderate,2020-01-12 11:24:00,0.010972,231.812,0.4818,49.999
Night_Moderate,2020-01-12 11:27:00,0.015207,230.411,0.4952,49.989
Night_Moderate,2020-01-12 11:30:00,0.010916,232.037,0.4608,49.995
Night_Moderate,2020-01-12 11:33:00,0.010653,230.879,0.5213,50.004
Night_Moderate,2020-01-12 11:36:00,0.01138,231.118,0.3892,49.998
Night_Moderate,2020-01-12 11:39:00,0.011474,230.117,0.4136,50.01
Night_Moderate,2020-01-12 11:42:00,0.009587,231.911,0.4139,49.96
Night_Moderate,2020-01-12 11:45:00,0.008135,230.734,0.3887,50.009
Night_Moderate,2020-01-12 11:48:00,0.014178,231.326,0.5394,49.984
Night_Moderate,2020-01-12 11:51:00,0.013917,231.455,0.5005,50.012
Night_Moderate,2020-01-12 11:54:00,0.009291,230.943,0.481,49.987
Night_Moderate,2020-01-12 11:57:00,0.008879,231.172,0.3412,49.984
Night_Moderate,2020-01-12 12:00:00,0.015658,230.492,0.5336,49.981
Night_Moderate,2020-01-12 12:03:00,0.008785,233.256,0.3638,50.0
Night_Moderate,2020-01-12 12:06:00,0.011556,229.653,0.3992,49.999
Night_Moderate,2020-01-12 12:09:00,0.010608,231.532,0.4772,49.98
Night_Moderate,2020-01-12 12:12:00,0.009362,231.191,0.3627,50.005
Night_Moderate,2020-01-12 12:15:00,0.008481,230.584,0.4228,49.997
Night_Moderate,2020-01-12 12:18:00,0.012718,229.715,0.5504,49.987
Night_Moderate,2020-01-12 12:21:00,0.013626,231.641,0.475,49.999
Night_Moderate,2020-01-12 12:24:00,0.013134,230.488,0.5293,50.011
Night_Moderate,2020-01-12 12:27:00,0.015525,229.688,0.5664,49.984
Night_Moderate,2020-01-12 12:30:00,0.011885,229.617,0.4488,49.972
Night_Moderate,2020-01-12 12:33:00,0.011401,230.503,0.4944,49.993
Night_Moderate,2020-01-12 12:36:00,0.011487,229.764,0.4845,49.996
Night_Moderate,2020-01-12 12:39:00,0.008888,231.325,0.4046,49.985
Night_Moderate,2020-01-12 12:42:00,0.007238,232.705,0.3701,49.999
Night_Moderate,2020-01-12 12:45:00,0.009901,230.835,0.3943,49.996
Night_Moderate,2020-01-12 12:48:00,0.010932,231.465,0.435,50.001
Night_Moderate,2020-01-12 12:51:00,0.008588,230.863,0.3975,49.988
Night_Moderate,2020-01-12 12:54:00,0.015168,230.12,0.5578,50.001
Night_Moderate,2020-01-12 12:57:00,0.006802,232.756,0.3991,49.993
Night_Moderate,2020-01-12 13:00:00,0.013162,230.736,0.5055,50.005
Night_Moderate,2020-01-12 13:03:00,0.009727,231.228,0.4514,50.018
Night_Moderate,2020-01-12 13:06:00,0.008639,230.554,0.3814,49.992
Night_Moderate,2020-01-12 13:09:00,0.007096,232.007,0.4124,49.971
Night_Moderate,2020-01-12 13:12:00,0.007842,231.449,0.3903,49.99
Night_Moderate,2020-01-12 13:15:00,0.012377,230.789,0.5127,50.002
Night_Moderate,2020-01-12 13:18:00,0.01012,231.109,0.4214,49.984
Night_Moderate,2020-01-12 13:21:00,0.011775,231.588,0.3607,50.007
Night_Moderate,2020-01-12 13:24:00,0.009532,231.06,0.3956,49.986
Night_Moderate,2020-01-12 13:27:00,0.009355,230.68,0.4321,49.977
Night_Moderate,2020-01-12 13:30:00,0.007182,231.762,0.3532,49.989
Night_Moderate,2020-01-12 13:33:00,0.00993,231.954,0.4092,50.008
Night_Moderate,2020-01-12 13:36:00,0.012622,229.412,0.4671,50.012
Night_Moderate,2020-01-12 13:39:00,0.012325,230.865,0.5145,49.983
Night_Moderate,2020-01-12 13:42:00,0.011876,231.543,0.4261,50.001
Night_Moderate,2020-01-12 13:45:00,0.011996,230.544,0.4456,50.002
Night_Moderate,2020-01-12 13:48:00,0.010785,232.566,0.4278,50.004
Night_Moderate,2020-01-12 13:51:00,0.009009,230.708,0.4001,49.99
Night_Moderate,2020-01-12 13:54:00,0.008707,230.249,0.3996,49.986
Night_Moderate,2020-01-12 13:57:00,0.008879,230.711,0.3115,49.987
Night_Moderate,2020-01-12 14:00:00,0.011164,232.967,0.4492,49.994
Night_Moderate,2020-01-12 14:03:00,0.013917,230.073,0.5352,50.018
Night_Moderate,2020-01-12 14:06:00,0.014422,231.186,0.5651,49.989
Night_Moderate,2020-01-12 14:09:00,0.007021,232.097,0.4308,50.004
Night_Moderate,2020-01-12 14:12:00,0.011325,231.128,0.4827,49.989
Night_Moderate,2020-01-12 14:15:00,0.012467,231.261,0.4241,49.972
Night_Moderate,2020-01-12 14:18:00,0.010376,230.662,0.4481,49.992
Night_Moderate,2020-01-12 14:21:00,0.015206,230.408,0.5313,49.984
Night_Moderate,2020-01-12 14:24:00,0.010523,230.535,0.3348,49.975
Night_Moderate,2020-01-12 14:27:00,0.015003,230.298,0.5991,49.967
Night_Moderate,2020-01-12 14:30:00,0.012805,228.797,0.5318,49.987
Night_Moderate,2020-01-12 14:33:00,0.014738,230.694,0.4969,49.976
Night_Moderate,2020-01-12 14:36:00,0.011816,229.331,0.4682,49.993
Night_Moderate,2020-01-12 14:39:00,0.011402,231.131,0.4319,49.972
Night_Moderate,2020-01-12 14:42:00,0.011635,231.446,0.5382,49.979
Night_Moderate,2020-01-12 14:45:00,0.010197,228.872,0.3724,49.999
Night_Moderate,2020-01-12 14:48:00,0.011375,231.723,0.5039,50.004
Night_Moderate,2020-01-12 14:51:00,0.013486,231.357,0.4138,49.992
Night_Moderate,2020-01-12 14:54:00,0.014024,230.732,0.5084,49.988
Night_Moderate,2020-01-12 14:57:00,0.008488,231.33,0.4638,49.99
Night_Moderate,2020-01-12 15:00:00,0.008874,230.936,0.4328,49.978
Night_Moderate,2020-01-12 15:03:00,0.011754,230.972,0.4838,49.994
Night_Moderate,2020-01-12 15:06:00,0.010912,231.118,0.4156,49.977
Night_Moderate,2020-01-12 15:09:00,0.009452,230.801,0.4331,49.984
Night_Moderate,2020-01-12 15:12:00,0.010053,232.882,0.4779,49.972
Night_Moderate,2020-01-12 15:15:00,0.006628,230.779,0.3969,49.995
Night_Moderate,2020-01-12 15:18:00,0.01385,231.384,0.4775,49.988
Night_Moderate,2020-01-12 15:21:00,0.011996,229.939,0.3931,50.001
Night_Moderate,2020-01-12 15:24:00,0.010676,230.464,0.4644,49.98
Night_Moderate,2020-01-12 15:27:00,0.009993,230.751,0.4491,49.996
Night_Moderate,2020-01-12 15:30:00,0.011208,230.57,0.4467,49.995
Night_Moderate,2020-01-12 15:33:00,0.013613,230.811,0.4995,49.989
Night_Moderate,2020-01-12 15:36:00,0.008088,230.812,0.4013,50.011
Night_Moderate,2020-01-12 15:39:00,0.012524,229.672,0.4727,50.009
Night_Moderate,2020-01-12 15:42:00,0.011961,231.641,0.5386,49.974
Night_Moderate,2020-01-12 15:45:00,0.01269,231.858,0.4279,49.991
Night_Moderate,2020-01-12 15:48:00,0.011811,230.486,0.5547,49.987
Night_Moderate,2020-01-12 15:51:00,0.010837,230.376,0.4488,49.991
Night_Moderate,2020-01-12 15:54:00,0.012499,230.874,0.4545,49.992
Night_Moderate,2020-01-12 15:57:00,0.008714,231.17,0.3858,49.997
Night_Moderate,2020-01-12 16:00:00,0.009364,231.526,0.384,49.991
Night_Moderate,2020-01-12 16:03:00,0.012711,230.649,0.5055,49.993
Night_Moderate,2020-01-12 16:06:00,0.011563,230.682,0.4717,50.023
Night_Moderate,2020-01-12 16:09:00,0.009359,232.053,0.4244,50.002
Night_Moderate,2020-01-12 16:12:00,0.015883,230.585,0.5403,49.993
Night_Moderate,2020-01-12 16:15:00,0.019645,231.271,0.6533,49.993
Night_Moderate,2020-01-12 16:18:00,0.012344,229.908,0.4694,49.985
Night_Moderate,2020-01-12 16:21:00,0.012806,232.068,0.4714,50.014
Night_Moderate,2020-01-12 16:24:00,0.012635,229.9,0.4712,49.984
Night_Moderate,2020-01-12 16:27:00,0.013899,231.309,0.5104,49.989
Night_Moderate,2020-01-12 16:30:00,0.014106,230.931,0.4652,50.004
Night_Moderate,2020-01-12 16:33:00,0.019788,229.897,0.6412,49.991
Night_Moderate,2020-01-12 16:36:00,0.01116,229.558,0.4717,49.988
Night_Moderate,2020-01-12 16:39:00,0.012474,230.856,0.4752,50.0
Night_Moderate,2020-01-12 16:42:00,0.009881,230.764,0.4466,50.015
Night_Moderate,2020-01-12 16:45:00,0.009895,231.495,0.3909,49.993
Night_Moderate,2020-01-12 16:48:00,0.012244,231.614,0.5056,49.983
Night_Moderate,2020-01-12 16:51:00,0.018154,230.747,0.4735,49.979
Night_Moderate,2020-01-12 16:54:00,0.011882,230.777,0.4575,49.985
Night_Moderate,2020-01-12 16:57:00,0.00984,230.948,0.4305,49.991
Night_Moderate,2020-01-12 17:00:00,0.010753,232.047,0.4971,50.004
Night_Moderate,2020-01-12 17:03:00,0.013068,231.592,0.5032,49.976
Night_Moderate,2020-01-12 17:06:00,0.014588,229.912,0.4909,49.993
Night_Moderate,2020-01-12 17:09:00,0.01357,231.072,0.5178,49.977
Night_Moderate,2020-01-12 17:12:00,0.015959,231.365,0.6038,49.996
Night_Moderate,2020-01-12 17:15:00,0.011123,230.837,0.4903,49.988
Night_Moderate,2020-01-12 17:18:00,0.01446,230.675,0.5231,50.004
Night_Moderate,2020-01-12 17:21:00,0.015032,231.762,0.5005,49.987
Night_Moderate,2020-01-12 17:24:00,0.014318,230.429,0.5199,50.003
Night_Moderate,2020-01-12 17:27:00,0.022406,229.58,0.6147,49.989
Night_Moderate,2020-01-12 17:30:00,0.020089,230.316,0.6274,49.99
Night_Moderate,2020-01-12 17:33:00,0.014247,230.972,0.5635,49.997
Night_Moderate,2020-01-12 17:36:00,0.016903,231.157,0.5913,49.983
Night_Moderate,2020-01-12 17:39:00,0.017642,230.189,0.5904,49.981
Night_Moderate,2020-01-12 17:42:00,0.017821,231.453,0.5501,50.004
Night_Moderate,2020-01-12 17:45:00,0.017247,229.453,0.6081,50.001
Night_Moderate,2020-01-12 17:48:00,0.012336,230.376,0.4223,49.987
Night_Moderate,2020-01-12 17:51:00,0.018508,229.83,0.6098,49.987
Night_Moderate,2020-01-12 17:54:00,0.015376,230.633,0.5098,50.027
Night_Moderate,2020-01-12 17:57:00,0.022223,229.58,0.6566,49.979
Night_Moderate,2020-01-12 18:00:00,0.015599,230.179,0.5142,50.007
Night_Moderate,2020-01-12 18:03:00,0.016195,229.673,0.5831,49.99
Night_Moderate,2020-01-12 18:06:00,0.015518,231.248,0.5606,49.982
Night_Moderate,2020-01-12 18:09:00,0.011369,231.443,0.4594,49.981
Night_Moderate,2020-01-12 18:12:00,0.012523,230.575,0.4719,49.987
Night_Moderate,2020-01-12 18:15:00,0.024635,230.08,0.6421,49.984
Night_Moderate,2020-01-12 18:18:00,0.018238,229.41,0.4953,49.98
Night_Moderate,2020-01-12 18:21:00,0.015043,230.165,0.5333,50.001
Night_Moderate,2020-01-12 18:24:00,0.021667,228.942,0.6634,49.985
Night_Moderate,2020-01-12 18:27:00,0.017521,230.058,0.5396,49.992
Night_Moderate,2020-01-12 18:30:00,0.018397,229.884,0.5935,49.989
Night_Moderate,2020-01-12 18:33:00,0.014568,230.84,0.5675,50.005
Night_Moderate,2020-01-12 18:36:00,0.021436,229.277,0.664,49.994
Night_Moderate,2020-01-12 18:39:00,0.019416,230.524,0.5407,49.996
Night_Moderate,2020-01-12 18:42:00,0.025737,229.078,0.7414,49.966
Night_Moderate,2020-01-12 18:45:00,0.014049,231.015,0.5401,49.993
Night_Moderate,2020-01-12 18:48:00,0.021727,229.533,0.6665,49.991
Night_Moderate,2020-01-12 18:51:00,0.017336,230.129,0.5451,49.992
Night_Moderate,2020-01-12 18:54:00,0.016075,229.88,0.5502,50.004
Night_Moderate,2020-01-12 18:57:00,0.015868,230.345,0.512,50.0
Night_Moderate,2020-01-12 19:00:00,0.022628,230.824,0.7338,50.005
Night_Moderate,2020-01-12 19:03:00,0.021609,229.765,0.6534,49.994
Night_Moderate,2020-01-12 19:06:00,0.019814,229.31,0.6853,49.981
Night_Moderate,2020-01-12 19:09:00,0.022212,229.278,0.636,49.998
Night_Moderate,2020-01-12 19:12:00,0.026327,228.858,0.7381,49.976
Night_Moderate,2020-01-12 19:15:00,0.017018,229.991,0.5524,49.979
Night_Moderate,2020-01-12 19:18:00,0.01424,230.456,0.5097,50.003
Night_Moderate,2020-01-12 19:21:00,0.013502,230.793,0.5658,50.002
Night_Moderate,2020-01-12 19:24:00,0.017037,230.395,0.5555,49.977
Night_Moderate,2020-01-12 19:27:00,0.025666,230.14,0.755,49.978
Night_Moderate,2020-01-12 19:30:00,0.021119,230.603,0.6498,49.983
Night_Moderate,2020-01-12 19:33:00,0.02539,228.218,0.7012,49.969
Night_Moderate,2020-01-12 19:36:00,0.017757,231.824,0.5856,50.0
Night_Moderate,2020-01-12 19:39:00,0.02478,229.582,0.6597,49.974
Night_Moderate,2020-01-12 19:42:00,0.015137,230.234,0.4708,49.991
Night_Moderate,2020-01-12 19:45:00,0.021602,230.53,0.6367,49.98
Night_Moderate,2020-01-12 19:48:00,0.030998,230.17,0.8397,49.994
Night_Moderate,2020-01-12 19:51:00,0.022057,230.571,0.6783,49.991
Night_Moderate,2020-01-12 19:54:00,0.016834,231.263,0.5212,50.008
Night_Moderate,2020-01-12 19:57:00,0.021169,229.237,0.6056,49.991
Night_Moderate,2020-01-12 20:00:00,0.019567,230.394,0.6119,50.009
Night_Moderate,2020-01-12 20:03:00,0.019932,229.149,0.6576,49.988
Night_Moderate,2020-01-12 20:06:00,0.013384,231.601,0.4799,49.99
Night_Moderate,2020-01-12 20:09:00,0.025695,227.954,0.7379,49.987
Night_Moderate,2020-01-12 20:12:00,0.025881,228.474,0.6772,49.98
Night_Moderate,2020-01-12 20:15:00,0.029038,230.704,0.7942,49.984
Night_Moderate,2020-01-12 20:18:00,0.024136,229.408,0.7216,49.986
Night_Moderate,2020-01-12 20:21:00,0.029127,229.609,0.7326,49.985
Night_Moderate,2020-01-12 20:24:00,0.023302,229.729,0.6637,49.993
Night_Moderate,2020-01-12 20:27:00,0.026566,228.529,0.6797,49.972
Night_Moderate,2020-01-12 20:30:00,0.024397,229.912,0.7185,49.979
Night_Moderate,2020-01-12 20:33:00,0.03398,228.743,0.7923,50.005
Night_Moderate,2020-01-12 20:36:00,0.026718,230.345,0.7401,49.995
Night_Moderate,2020-01-12 20:39:00,0.027187,229.67,0.7459,49.991
Night_Moderate,2020-01-12 20:42:00,0.028822,228.05,0.73,50.002
Night_Moderate,2020-01-12 20:45:00,0.032498,230.15,0.8593,49.991
Night_Moderate,2020-01-12 20:48:00,0.044609,229.456,1.0177,49.997
Night_Moderate,2020-01-12 20:51:00,0.026798,230.305,0.7338,49.984
Night_Moderate,2020-01-12 20:54:00,0.027542,230.373,0.7554,49.987
Night_Moderate,2020-01-12 20:57:00,0.024854,230.225,0.6977,50.008
Night_Moderate,2020-01-12 21:00:00,0.025559,229.372,0.6539,49.994
Night_Moderate,2020-01-12 21:03:00,0.025225,229.839,0.7071,50.005
Night_Moderate,2020-01-12 21:06:00,0.027672,230.358,0.7256,49.997
Night_Moderate,2020-01-12 21:09:00,0.037522,228.81,0.9396,49.987
Night_Moderate,2020-01-12 21:12:00,0.021786,230.112,0.6207,49.988
Night_Moderate,2020-01-12 21:15:00,0.032018,230.473,0.8348,49.992
Night_Moderate,2020-01-12 21:18:00,0.02878,228.135,0.8787,49.987
Night_Moderate,2020-01-12 21:21:00,0.02085,229.516,0.6171,50.0
Night_Moderate,2020-01-12 21:24:00,0.035732,228.357,0.8755,49.99
Night_Moderate,2020-01-12 21:27:00,0.037437,229.753,0.9673,49.976
Night_Moderate,2020-01-12 21:30:00,0.048677,227.845,1.1472,49.99
Night_Moderate,2020-01-12 21:33:00,0.043331,228.605,0.994,49.977
Night_Moderate,2020-01-12 21:36:00,0.030378,229.51,0.8653,49.989
Night_Moderate,2020-01-12 21:39:00,0.035255,228.414,0.8432,49.976
Night_Moderate,2020-01-12 21:42:00,0.042429,227.781,0.9465,49.984
Night_Moderate,2020-01-12 21:45:00,0.038271,227.284,0.9865,49.985
Night_Moderate,2020-01-12 21:48:00,0.038415,229.277,0.9092,50.0
Night_Moderate,2020-01-12 21:51:00,0.038405,228.868,0.9256,49.991
Night_Moderate,2020-01-12 21:54:00,0.030014,229.423,0.8308,50.001
Night_Moderate,2020-01-12 21:57:00,0.028981,228.863,0.7893,49.984
Night_Moderate,2020-01-12 22:00:00,0.036178,228.096,0.8839,49.968
Night_Moderate,2020-01-12 22:03:00,0.038668,228.388,0.99,49.978
Night_Moderate,2020-01-12 22:06:00,0.029709,229.572,0.7677,49.98
Night_Moderate,2020-01-12 22:09:00,0.035072,228.49,0.9406,50.0
Night_Moderate,2020-01-12 22:12:00,0.027959,229.847,0.7514,50.021
Night_Moderate,2020-01-12 22:15:00,0.033195,228.125,0.8249,49.992
Night_Moderate,2020-01-12 22:18:00,0.025842,228.598,0.6982,49.972
Night_Moderate,2020-01-12 22:21:00,0.046943,227.285,1.1335,49.976
Night_Moderate,2020-01-12 22:24:00,0.035084,229.949,0.8484,49.98
Night_Moderate,2020-01-12 22:27:00,0.037091,227.542,0.9474,49.99
Night_Moderate,2020-01-12 22:30:00,0.040523,229.13,0.9653,49.986
Night_Moderate,2020-01-12 22:33:00,0.043602,227.629,1.0345,49.972
Night_Moderate,2020-01-12 22:36:00,0.038438,227.171,0.937,49.99
Night_Moderate,2020-01-12 22:39:00,0.063294,227.353,1.3597,49.982
Night_Moderate,2020-01-12 22:42:00,0.051896,227.574,1.1508,49.979
Night_Moderate,2020-01-12 22:45:00,0.032691,228.831,0.8901,49.992
Night_Moderate,2020-01-12 22:48:00,0.036406,227.72,0.9548,49.998
Night_Moderate,2020-01-12 22:51:00,0.053874,227.031,1.1873,49.966
Night_Moderate,2020-01-12 22:54:00,0.053673,227.18,1.1911,49.964
Night_Moderate,2020-01-12 22:57:00,0.031956,229.177,0.78,49.965
Night_Moderate,2020-01-12 23:00:00,0.039588,228.496,0.9523,49.977
Night_Moderate,2020-01-12 23:03:00,0.041463,229.315,0.9501,49.985
Night_Moderate,2020-01-12 23:06:00,0.029359,230.612,0.7742,49.981
Night_Moderate,2020-01-12 23:09:00,0.073247,224.958,1.5765,49.975
Night_Moderate,2020-01-12 23:12:00,0.036158,229.15,0.9131,49.992
Night_Moderate,2020-01-12 23:15:00,0.039212,228.515,1.0001,49.973
Night_Moderate,2020-01-12 23:18:00,0.058013,228.542,1.3414,49.986
Night_Moderate,2020-01-12 23:21:00,0.044901,228.064,1.062,49.99
Night_Moderate,2020-01-12 23:24:00,0.057579,225.843,1.2709,49.985
Night_Moderate,2020-01-12 23:27:00,0.038921,229.782,0.9169,49.968
Night_Moderate,2020-01-12 23:30:00,0.039884,228.805,0.9638,49.993
Night_Moderate,2020-01-12 23:33:00,0.072187,226.107,1.5497,49.954
Night_Moderate,2020-01-12 23:36:00,0.040167,228.662,1.0281,49.962
Night_Moderate,2020-01-12 23:39:00,0.06382,225.69,1.4426,49.955
Night_Moderate,2020-01-12 23:42:00,0.044303,228.448,1.059,49.979
Night_Moderate,2020-01-12 23:45:00,0.02901,229.347,0.7569,50.0
Night_Moderate,2020-01-12 23:48:00,0.05164,228.478,1.2164,49.98
Night_Moderate,2020-01-12 23:51:00,0.064133,225.27,1.4225,49.981
Night_Moderate,2020-01-12 23:54:00,0.03912,229.684,1.0087,50.004
Night_Moderate,2020-01-12 23:57:00,0.067883,227.612,1.443,49.97
Night_Moderate,2020-01-13 00:00:00,0.046527,228.558,1.0727,49.98
Night_Moderate,2020-01-13 00:03:00,0.027292,228.658,0.6918,50.006
Night_Moderate,2020-01-13 00:06:00,0.046933,227.426,1.087,49.97
Night_Moderate,2020-01-13 00:09:00,0.059596,225.783,1.3176,49.963
Night_Moderate,2020-01-13 00:12:00,0.050704,227.694,1.1794,49.974
Night_Moderate,2020-01-13 00:15:00,0.048497,227.645,1.1651,49.979
Night_Moderate,2020-01-13 00:18:00,0.045117,228.85,1.0193,49.97
Night_Moderate,2020-01-13 00:21:00,0.057631,226.427,1.2577,49.975
Night_Moderate,2020-01-13 00:24:00,0.025387,230.608,0.6897,49.991
Night_Moderate,2020-01-13 00:27:00,0.064253,225.94,1.3882,49.963
Night_Moderate,2020-01-13 00:30:00,0.03321,229.386,0.7956,49.996
Night_Moderate,2020-01-13 00:33:00,0.053861,227.963,1.2263,49.99
Night_Moderate,2020-01-13 00:36:00,0.064877,227.103,1.4413,49.97
Night_Moderate,2020-01-13 00:39:00,0.046535,227.671,1.1206,49.987
Night_Moderate,2020-01-13 00:42:00,0.065059,225.624,1.4717,49.963
Night_Moderate,2020-01-13 00:45:00,0.038254,228.951,0.9667,49.98
Night_Moderate,2020-01-13 00:48:00,0.067715,226.926,1.452,49.975
Night_Moderate,2020-01-13 00:51:00,0.050547,227.198,1.1735,49.978
Night_Moderate,2020-01-13 00:54:00,0.036593,226.941,0.8897,49.992
Night_Moderate,2020-01-13 00:57:00,0.040743,228.044,1.0149,49.991
Night_Moderate,2020-01-13 01:00:00,0.034439,230.208,0.9247,49.993
Night_Moderate,2020-01-13 01:03:00,0.032832,228.917,0.8217,49.967
Night_Moderate,2020-01-13 01:06:00,0.055338,227.251,1.2569,49.984
Night_Moderate,2020-01-13 01:09:00,0.045715,227.859,1.0798,49.984
Night_Moderate,2020-01-13 01:12:00,0.043227,228.067,0.9775,49.971
Night_Moderate,2020-01-13 01:15:00,0.054206,227.504,1.3187,49.978
Night_Moderate,2020-01-13 01:18:00,0.041456,227.803,0.9682,49.986
Night_Moderate,2020-01-13 01:21:00,0.036436,229.884,0.8602,49.975
Night_Moderate,2020-01-13 01:24:00,0.026879,229.552,0.7399,50.008
Night_Moderate,2020-01-13 01:27:00,0.067535,225.729,1.4818,49.962
Night_Moderate,2020-01-13 01:30:00,0.035674,227.555,0.9306,50.004
Night_Moderate,2020-01-13 01:33:00,0.055319,228.238,1.2218,49.988
Night_Moderate,2020-01-13 01:36:00,0.063565,226.636,1.3078,49.961
Night_Moderate,2020-01-13 01:39:00,0.061049,225.287,1.3635,49.972
Night_Moderate,2020-01-13 01:42:00,0.036864,228.127,0.9069,49.978
Night_Moderate,2020-01-13 01:45:00,0.041095,228.724,1.0123,49.966
Night_Moderate,2020-01-13 01:48:00,0.038189,229.971,0.9451,50.002
Night_Moderate,2020-01-13 01:51:00,0.077571,225.129,1.7262,49.968
Night_Moderate,2020-01-13 01:54:00,0.039822,229.566,0.9399,49.993
Night_Moderate,2020-01-13 01:57:00,0.05451,226.799,1.2766,49.984
Night_Moderate,2020-01-13 02:00:00,0.056373,228.128,1.257,50.0
Night_Moderate,2020-01-13 02:03:00,0.031528,229.356,0.8878,49.984
Night_Moderate,2020-01-13 02:06:00,0.047409,228.898,1.1511,49.976
Night_Moderate,2020-01-13 02:09:00,0.036589,229.101,0.95,49.965
Night_Moderate,2020-01-13 02:12:00,0.033862,228.309,0.8357,49.964
Night_Moderate,2020-01-13 02:15:00,0.059112,226.608,1.2673,49.966
Night_Moderate,2020-01-13 02:18:00,0.057279,226.514,1.299,49.968
Night_Moderate,2020-01-13 02:21:00,0.026139,230.659,0.752,49.993
Night_Moderate,2020-01-13 02:24:00,0.030134,230.662,0.7785,49.995
Night_Moderate,2020-01-13 02:27:00,0.041031,230.011,0.9623,49.996
Night_Moderate,2020-01-13 02:30:00,0.039807,228.469,0.905,50.005
Night_Moderate,2020-01-13 02:33:00,0.043319,227.76,1.0073,49.981
Night_Moderate,2020-01-13 02:36:00,0.059053,226.654,1.2575,49.997
Night_Moderate,2020-01-13 02:39:00,0.047902,227.318,1.0812,49.965
Night_Moderate,2020-01-13 02:42:00,0.048435,230.089,1.1561,49.983
Night_Moderate,2020-01-13 02:45:00,0.051474,227.793,1.1866,49.983
Night_Moderate,2020-01-13 02:48:00,0.036864,227.396,0.9602,49.995
Night_Moderate,2020-01-13 02:51:00,0.03359,228.081,0.8378,49.974
Night_Moderate,2020-01-13 02:54:00,0.035416,229.724,0.9259,49.985
Night_Moderate,2020-01-13 02:57:00,0.044632,227.96,1.0666,49.978
Night_Moderate,2020-01-13 03:00:00,0.03973,228.352,0.9795,49.99
Night_Moderate,2020-01-13 03:03:00,0.031818,229.27,0.872,49.993
Night_Moderate,2020-01-13 03:06:00,0.042471,228.284,0.9613,49.972
Night_Moderate,2020-01-13 03:09:00,0.027021,231.294,0.7295,50.001
Night_Moderate,2020-01-13 03:12:00,0.038607,228.899,0.9655,49.994
Night_Moderate,2020-01-13 03:15:00,0.028988,228.698,0.815,50.005
Night_Moderate,2020-01-13 03:18:00,0.041424,228.644,0.9438,49.967
Night_Moderate,2020-01-13 03:21:00,0.035723,229.112,0.8539,49.979
Night_Moderate,2020-01-13 03:24:00,0.029559,230.188,0.8072,49.974
Night_Moderate,2020-01-13 03:27:00,0.051173,227.098,1.1455,49.983
Night_Moderate,2020-01-13 03:30:00,0.03901,228.86,0.9478,49.98
Night_Moderate,2020-01-13 03:33:00,0.039019,228.575,0.9371,49.979
Night_Moderate,2020-01-13 03:36:00,0.030509,229.116,0.8244,49.989
Night_Moderate,2020-01-13 03:39:00,0.032866,228.837,0.8538,49.978
Night_Moderate,2020-01-13 03:42:00,0.034781,229.142,0.9014,49.987
Night_Moderate,2020-01-13 03:45:00,0.041886,228.104,0.9959,49.974
Night_Moderate,2020-01-13 03:48:00,0.027181,228.729,0.7378,49.989
Night_Moderate,2020-01-13 03:51:00,0.036155,228.598,0.9332,49.998
Night_Moderate,2020-01-13 03:54:00,0.036255,228.546,0.8685,49.968
Night_Moderate,2020-01-13 03:57:00,0.012574,229.438,0.4515,49.996
Night_Moderate,2020-01-13 04:00:00,0.042447,227.868,1.0188,49.988
Night_Moderate,2020-01-13 04:03:00,0.020059,230.998,0.6676,49.999
Night_Moderate,2020-01-13 04:06:00,0.031153,228.916,0.764,49.982
Night_Moderate,2020-01-13 04:09:00,0.030683,228.903,0.8319,49.974
Night_Moderate,2020-01-13 04:12:00,0.025884,230.214,0.6896,50.001
Night_Moderate,2020-01-13 04:15:00,0.038006,228.108,0.9799,49.993
Night_Moderate,2020-01-13 04:18:00,0.025558,229.399,0.6905,49.994
Night_Moderate,2020-01-13 04:21:00,0.027941,228.932,0.7576,49.987
Night_Moderate,2020-01-13 04:24:00,0.03377,229.121,0.8516,49.974
Night_Moderate,2020-01-13 04:27:00,0.030714,229.237,0.7861,49.978
Night_Moderate,2020-01-13 04:30:00,0.02418,229.383,0.6807,49.989
Night_Moderate,2020-01-13 04:33:00,0.038916,228.833,0.9141,49.975
Night_Moderate,2020-01-13 04:36:00,0.027774,228.594,0.7841,49.982
Night_Moderate,2020-01-13 04:39:00,0.025887,229.389,0.7002,49.988
Night_Moderate,2020-01-13 04:42:00,0.033482,228.188,0.8284,49.978
Night_Moderate,2020-01-13 04:45:00,0.026411,229.096,0.7349,49.994
Night_Moderate,2020-01-13 04:48:00,0.026925,230.285,0.7894,49.99
Night_Moderate,2020-01-13 04:51:00,0.027659,228.598,0.7651,49.974
Night_Moderate,2020-01-13 04:54:00,0.030177,229.918,0.8101,49.989
Night_Moderate,2020-01-13 04:57:00,0.027285,230.305,0.7251,49.963
Night_Moderate,2020-01-13 05:00:00,0.027334,230.346,0.8095,49.988
Night_Moderate,2020-01-13 05:03:00,0.013003,229.066,0.4939,49.999
Night_Moderate,2020-01-13 05:06:00,0.026651,228.565,0.7165,50.006
Night_Moderate,2020-01-13 05:09:00,0.021336,229.672,0.6533,49.996
Night_Moderate,2020-01-13 05:12:00,0.035383,229.182,0.8749,49.976
Night_Moderate,2020-01-13 05:15:00,0.021398,229.433,0.661,49.988
Night_Moderate,2020-01-13 05:18:00,0.016071,231.026,0.4937,50.0
Night_Moderate,2020-01-13 05:21:00,0.019299,230.156,0.6396,49.993
Night_Moderate,2020-01-13 05:24:00,0.030035,228.818,0.7989,49.977
Night_Moderate,2020-01-13 05:27:00,0.023994,230.638,0.7431,50.005
Night_Moderate,2020-01-13 05:30:00,0.025339,230.288,0.7258,49.985
Night_Moderate,2020-01-13 05:33:00,0.023133,229.405,0.6425,49.982
Night_Moderate,2020-01-13 05:36:00,0.021451,229.132,0.6529,50.001
Night_Moderate,2020-01-13 05:39:00,0.018432,231.43,0.5433,49.999
Night_Moderate,2020-01-13 05:42:00,0.021321,231.675,0.5816,49.989
Night_Moderate,2020-01-13 05:45:00,0.020263,229.173,0.6659,49.991
Night_Moderate,2020-01-13 05:48:00,0.025086,229.287,0.6285,49.989
Night_Moderate,2020-01-13 05:51:00,0.014792,230.246,0.4694,49.979
Night_Moderate,2020-01-13 05:54:00,0.024365,229.394,0.7041,49.974
Night_Moderate,2020-01-13 05:57:00,0.015079,229.397,0.5637,50.015
Night_Moderate,2020-01-13 06:00:00,0.020614,229.645,0.5963,49.991
Night_Moderate,2020-01-13 06:03:00,0.015153,232.085,0.5027,50.019
Night_Moderate,2020-01-13 06:06:00,0.024026,228.544,0.6485,49.97
Night_Moderate,2020-01-13 06:09:00,0.015397,231.332,0.5056,49.997
Night_Moderate,2020-01-13 06:12:00,0.014928,229.614,0.4795,50.008
Night_Moderate,2020-01-13 06:15:00,0.016339,231.248,0.5754,49.986
Night_Moderate,2020-01-13 06:18:00,0.012774,231.057,0.4681,49.971
Night_Moderate,2020-01-13 06:21:00,0.015593,230.479,0.5228,49.999
Night_Moderate,2020-01-13 06:24:00,0.01828,230.177,0.5307,49.99
Night_Moderate,2020-01-13 06:27:00,0.024248,229.577,0.686,49.983
Night_Moderate,2020-01-13 06:30:00,0.023272,230.395,0.6608,49.98
Night_Moderate,2020-01-13 06:33:00,0.012755,229.915,0.5388,50.005
Night_Moderate,2020-01-13 06:36:00,0.015907,230.234,0.5331,49.985
Night_Moderate,2020-01-13 06:39:00,0.019433,231.341,0.6519,49.99
Night_Moderate,2020-01-13 06:42:00,0.016594,231.022,0.5362,49.984
Night_Moderate,2020-01-13 06:45:00,0.021102,230.052,0.6605,50.002
Night_Moderate,2020-01-13 06:48:00,0.017082,231.252,0.5671,50.01
Night_Moderate,2020-01-13 06:51:00,0.020042,229.703,0.6355,49.991
Night_Moderate,2020-01-13 06:54:00,0.019212,231.353,0.5636,49.994
Night_Moderate,2020-01-13 06:57:00,0.015938,231.073,0.5673,49.992
Night_Moderate,2020-01-13 07:00:00,0.012839,230.433,0.4833,49.998
Night_Moderate,2020-01-13 07:03:00,0.011854,231.825,0.3932,49.991
Night_Moderate,2020-01-13 07:06:00,0.021205,230.126,0.6575,49.993
Night_Moderate,2020-01-13 07:09:00,0.019731,231.9,0.5621,49.984
Night_Moderate,2020-01-13 07:12:00,0.01385,231.932,0.5065,49.996
Night_Moderate,2020-01-13 07:15:00,0.011439,230.651,0.4752,50.007
Night_Moderate,2020-01-13 07:18:00,0.011267,230.335,0.4389,50.004
Night_Moderate,2020-01-13 07:21:00,0.010881,230.871,0.4361,49.995
Night_Moderate,2020-01-13 07:24:00,0.012154,231.422,0.5,49.994
Night_Moderate,2020-01-13 07:27:00,0.01253,232.363,0.4877,50.0
Night_Moderate,2020-01-13 07:30:00,0.01544,230.353,0.514,49.984
Night_Moderate,2020-01-13 07:33:00,0.014397,230.017,0.5459,49.992
Night_Moderate,2020-01-13 07:36:00,0.011082,232.33,0.4728,50.004
Night_Moderate,2020-01-13 07:39:00,0.014674,231.435,0.4574,49.974
Night_Moderate,2020-01-13 07:42:00,0.015882,231.463,0.5093,50.009
Night_Moderate,2020-01-13 07:45:00,0.016106,230.31,0.5327,49.995
Night_Moderate,2020-01-13 07:48:00,0.011205,231.055,0.4557,49.979
Night_Moderate,2020-01-13 07:51:00,0.016857,230.206,0.5083,49.998
Night_Moderate,2020-01-13 07:54:00,0.017591,231.514,0.5439,49.979
Night_Moderate,2020-01-13 07:57:00,0.016629,229.741,0.4699,49.969
Night_Moderate,2020-01-13 08:00:00,0.010101,231.532,0.4104,49.977
Night_Moderate,2020-01-13 08:03:00,0.00919,231.456,0.4599,49.996
Night_Moderate,2020-01-13 08:06:00,0.015409,230.362,0.4919,49.995
Night_Moderate,2020-01-13 08:09:00,0.011541,231.841,0.4753,49.976
Night_Moderate,2020-01-13 08:12:00,0.01232,229.437,0.4165,50.004
Night_Moderate,2020-01-13 08:15:00,0.014276,231.334,0.4949,49.99
Night_Moderate,2020-01-13 08:18:00,0.01234,230.068,0.5123,50.018
Night_Moderate,2020-01-13 08:21:00,0.01185,230.927,0.4677,49.978
Night_Moderate,2020-01-13 08:24:00,0.010687,229.407,0.4538,49.99
Night_Moderate,2020-01-13 08:27:00,0.011893,231.514,0.4724,49.999
Night_Moderate,2020-01-13 08:30:00,0.01318,229.187,0.5037,49.98
Night_Moderate,2020-01-13 08:33:00,0.012158,231.695,0.4195,49.974
Night_Moderate,2020-01-13 08:36:00,0.008605,230.606,0.4386,50.0
Night_Moderate,2020-01-13 08:39:00,0.011643,230.94,0.4775,50.01
Night_Moderate,2020-01-13 08:42:00,0.011047,230.704,0.4907,50.013
Night_Moderate,2020-01-13 08:45:00,0.015279,231.613,0.4491,49.996
Night_Moderate,2020-01-13 08:48:00,0.010624,230.029,0.4736,49.981
Night_Moderate,2020-01-13 08:51:00,0.009629,231.139,0.4139,49.988
Night_Moderate,2020-01-13 08:54:00,0.010115,230.919,0.4087,49.98
Night_Moderate,2020-01-13 08:57:00,0.01073,231.749,0.4861,49.993
Night_Moderate,2020-01-13 09:00:00,0.008521,232.145,0.3525,50.016
Night_Moderate,2020-01-13 09:03:00,0.006077,231.532,0.3115,50.012
Night_Moderate,2020-01-13 09:06:00,0.010178,232.15,0.4784,50.03
Night_Moderate,2020-01-13 09:09:00,0.012981,229.537,0.5245,49.993
Night_Moderate,2020-01-13 09:12:00,0.012771,230.494,0.4976,50.002
Night_Moderate,2020-01-13 09:15:00,0.008901,231.13,0.3984,50.004
Night_Moderate,2020-01-13 09:18:00,0.011113,230.077,0.4722,49.99
Night_Moderate,2020-01-13 09:21:00,0.013295,231.113,0.5056,49.988
Night_Moderate,2020-01-13 09:24:00,0.009786,231.168,0.4538,49.998
Night_Moderate,2020-01-13 09:27:00,0.01242,230.939,0.5063,49.997
Night_Moderate,2020-01-13 09:30:00,0.010813,230.529,0.4152,49.982
Night_Moderate,2020-01-13 09:33:00,0.007664,230.361,0.44,49.993
Night_Moderate,2020-01-13 09:36:00,0.008319,232.36,0.3265,49.988
Night_Moderate,2020-01-13 09:39:00,0.011613,231.203,0.449,49.997
Night_Moderate,2020-01-13 09:42:00,0.008132,231.251,0.3392,49.978
Night_Moderate,2020-01-13 09:45:00,0.014311,230.671,0.4659,49.984
Night_Moderate,2020-01-13 09:48:00,0.008066,231.462,0.3548,50.008
Night_Moderate,2020-01-13 09:51:00,0.013346,229.998,0.5188,50.0
Night_Moderate,2020-01-13 09:54:00,0.00986,230.568,0.3813,49.998
Night_Moderate,2020-01-13 09:57:00,0.012547,231.458,0.4548,50.016
Night_Moderate,2020-01-13 10:00:00,0.009576,232.253,0.432,50.012
Night_Moderate,2020-01-13 10:03:00,0.01161,231.475,0.5082,50.017
Night_Moderate,2020-01-13 10:06:00,0.008309,230.164,0.4527,50.001
Night_Moderate,2020-01-13 10:09:00,0.013724,231.691,0.5341,49.994
Night_Moderate,2020-01-13 10:12:00,0.009465,229.952,0.3844,49.998
Night_Moderate,2020-01-13 10:15:00,0.009193,231.413,0.4799,50.003
Night_Moderate,2020-01-13 10:18:00,0.010307,231.69,0.4865,49.987
Night_Moderate,2020-01-13 10:21:00,0.009839,231.214,0.4753,49.983
Night_Moderate,2020-01-13 10:24:00,0.008914,232.447,0.4524,49.989
Night_Moderate,2020-01-13 10:27:00,0.010462,232.333,0.4208,49.987
Night_Moderate,2020-01-13 10:30:00,0.010161,229.897,0.5183,49.993
Night_Moderate,2020-01-13 10:33:00,0.007129,229.803,0.3841,50.004
Night_Moderate,2020-01-13 10:36:00,0.010525,231.512,0.4654,49.996
Night_Moderate,2020-01-13 10:39:00,0.007005,231.163,0.3188,50.014
Night_Moderate,2020-01-13 10:42:00,0.009386,232.185,0.3794,49.999
Night_Moderate,2020-01-13 10:45:00,0.011394,230.288,0.5121,49.99
Night_Moderate,2020-01-13 10:48:00,0.011521,231.025,0.4175,49.964
Night_Moderate,2020-01-13 10:51:00,0.012167,230.313,0.5024,49.998
Night_Moderate,2020-01-13 10:54:00,0.008692,232.636,0.4091,50.01
Night_Moderate,2020-01-13 10:57:00,0.009963,231.239,0.4224,50.009
Night_Moderate,2020-01-13 11:00:00,0.013387,230.768,0.4262,49.982
Night_Moderate,2020-01-13 11:03:00,0.014833,230.701,0.5428,50.009
Night_Moderate,2020-01-13 11:06:00,0.007725,230.991,0.4305,50.001
Night_Moderate,2020-01-13 11:09:00,0.01137,230.791,0.44,49.993
Night_Moderate,2020-01-13 11:12:00,0.010277,232.21,0.399,49.995
Night_Moderate,2020-01-13 11:15:00,0.012807,231.73,0.497,49.988
Night_Moderate,2020-01-13 11:18:00,0.012456,231.554,0.4919,49.991
Night_Moderate,2020-01-13 11:21:00,0.005084,232.404,0.3646,50.011
Night_Moderate,2020-01-13 11:24:00,0.010576,230.479,0.469,50.026
Night_Moderate,2020-01-13 11:27:00,0.010256,232.209,0.4548,49.999
Night_Moderate,2020-01-13 11:30:00,0.00847,231.449,0.4585,49.995
Night_Moderate,2020-01-13 11:33:00,0.012329,229.954,0.5195,49.998
Night_Moderate,2020-01-13 11:36:00,0.008902,231.467,0.3616,49.97
Night_Moderate,2020-01-13 11:39:00,0.010395,230.991,0.3685,49.997
Night_Moderate,2020-01-13 11:42:00,0.00736,231.702,0.3187,50.004
Night_Moderate,2020-01-13 11:45:00,0.008584,232.816,0.4076,50.008
Night_Moderate,2020-01-13 11:48:00,0.012048,231.908,0.4996,49.997
Night_Moderate,2020-01-13 11:51:00,0.01269,229.683,0.4859,49.997
Night_Moderate,2020-01-13 11:54:00,0.007079,230.692,0.3527,50.005
Night_Moderate,2020-01-13 11:57:00,0.010833,232.131,0.4056,50.012
Night_Moderate,2020-01-13 12:00:00,0.008933,232.17,0.323,49.999
Night_Moderate,2020-01-13 12:03:00,0.010836,231.456,0.4626,50.005
Night_Moderate,2020-01-13 12:06:00,0.011478,230.811,0.442,50.026
Night_Moderate,2020-01-13 12:09:00,0.01,230.715,0.3961,50.01
Night_Moderate,2020-01-13 12:12:00,0.009179,230.897,0.4117,50.019
Night_Moderate,2020-01-13 12:15:00,0.008348,230.891,0.4094,49.991
Night_Moderate,2020-01-13 12:18:00,0.011676,230.149,0.5446,49.996
Night_Moderate,2020-01-13 12:21:00,0.010135,231.308,0.4528,49.994
Night_Moderate,2020-01-13 12:24:00,0.010332,231.29,0.487,49.979
Night_Moderate,2020-01-13 12:27:00,0.008046,231.728,0.389,50.008
Night_Moderate,2020-01-13 12:30:00,0.009264,231.265,0.409,49.974
Night_Moderate,2020-01-13 12:33:00,0.009958,231.222,0.4086,49.989
Night_Moderate,2020-01-13 12:36:00,0.006037,230.991,0.3119,49.994
Night_Moderate,2020-01-13 12:39:00,0.010449,232.088,0.4154,49.979
Night_Moderate,2020-01-13 12:42:00,0.011355,231.102,0.3773,50.0
Night_Moderate,2020-01-13 12:45:00,0.012031,230.049,0.4847,50.001
Night_Moderate,2020-01-13 12:48:00,0.010008,231.084,0.4829,50.003
Night_Moderate,2020-01-13 12:51:00,0.011245,229.732,0.4488,50.025
Night_Moderate,2020-01-13 12:54:00,0.013827,230.257,0.534,50.007
Night_Moderate,2020-01-13 12:57:00,0.012957,230.46,0.4662,50.015
Night_Moderate,2020-01-13 13:00:00,0.010133,232.176,0.5111,49.991
Night_Moderate,2020-01-13 13:03:00,0.01315,230.813,0.5356,49.992
Night_Moderate,2020-01-13 13:06:00,0.008616,230.943,0.4152,49.985
Night_Moderate,2020-01-13 13:09:00,0.01329,231.801,0.5544,49.997
Night_Moderate,2020-01-13 13:12:00,0.015017,231.624,0.4823,49.998
Night_Moderate,2020-01-13 13:15:00,0.009804,231.167,0.4264,50.014
Night_Moderate,2020-01-13 13:18:00,0.01043,231.44,0.4311,49.98
Night_Moderate,2020-01-13 13:21:00,0.00477,230.987,0.3466,50.0
Night_Moderate,2020-01-13 13:24:00,0.008902,229.744,0.4309,50.001
Night_Moderate,2020-01-13 13:27:00,0.007576,230.839,0.3593,50.0
Night_Moderate,2020-01-13 13:30:00,0.010316,229.409,0.4046,49.988
Night_Moderate,2020-01-13 13:33:00,0.009208,232.452,0.4284,50.004
Night_Moderate,2020-01-13 13:36:00,0.010097,231.028,0.4408,50.008
Night_Moderate,2020-01-13 13:39:00,0.009948,230.269,0.4041,50.006
Night_Moderate,2020-01-13 13:42:00,0.012291,229.944,0.4784,49.983
Night_Moderate,2020-01-13 13:45:00,0.011915,230.369,0.4828,49.984
Night_Moderate,2020-01-13 13:48:00,0.01109,231.166,0.4784,50.006
Night_Moderate,2020-01-13 13:51:00,0.012671,230.338,0.4263,49.982
Night_Moderate,2020-01-13 13:54:00,0.009221,231.968,0.4756,49.992
Night_Moderate,2020-01-13 13:57:00,0.00893,230.739,0.4258,49.984
Night_Moderate,2020-01-13 14:00:00,0.00849,230.732,0.385,49.999
Night_Moderate,2020-01-13 14:03:00,0.013441,230.09,0.5035,49.99
Night_Moderate,2020-01-13 14:06:00,0.012461,230.054,0.4251,49.987
Night_Moderate,2020-01-13 14:09:00,0.011467,231.087,0.4331,49.984
Night_Moderate,2020-01-13 14:12:00,0.010636,231.703,0.4287,50.001
Night_Moderate,2020-01-13 14:15:00,0.012248,230.076,0.5066,50.008
Night_Moderate,2020-01-13 14:18:00,0.008451,231.821,0.461,49.977
Night_Moderate,2020-01-13 14:21:00,0.010339,231.468,0.4647,49.996
Night_Moderate,2020-01-13 14:24:00,0.009633,232.148,0.4198,50.001
Night_Moderate,2020-01-13 14:27:00,0.009799,232.384,0.4104,50.001
Night_Moderate,2020-01-13 14:30:00,0.010571,230.813,0.4176,49.991
Night_Moderate,2020-01-13 14:33:00,0.009132,232.047,0.4258,49.985
Night_Moderate,2020-01-13 14:36:00,0.012447,230.544,0.5397,49.992
Night_Moderate,2020-01-13 14:39:00,0.012179,231.743,0.4559,50.018
Night_Moderate,2020-01-13 14:42:00,0.008705,231.46,0.3771,49.995
Night_Moderate,2020-01-13 14:45:00,0.011887,230.273,0.4678,50.01
Night_Moderate,2020-01-13 14:48:00,0.009334,231.548,0.4764,49.989
Night_Moderate,2020-01-13 14:51:00,0.008994,230.271,0.3972,49.996
Night_Moderate,2020-01-13 14:54:00,0.010095,230.841,0.3807,50.004
Night_Moderate,2020-01-13 14:57:00,0.012483,230.816,0.3921,49.976
Night_Moderate,2020-01-13 15:00:00,0.008009,231.833,0.4132,50.006
Night_Moderate,2020-01-13 15:03:00,0.011463,230.266,0.3968,50.01
Night_Moderate,2020-01-13 15:06:00,0.009109,231.408,0.4101,49.981
Night_Moderate,2020-01-13 15:09:00,0.012818,231.488,0.4811,49.993
Night_Moderate,2020-01-13 15:12:00,0.011134,230.946,0.4517,50.002
Night_Moderate,2020-01-13 15:15:00,0.011293,229.688,0.4852,49.985
Night_Moderate,2020-01-13 15:18:00,0.012439,230.724,0.5251,49.989
Night_Moderate,2020-01-13 15:21:00,0.011387,231.743,0.4284,50.02
Night_Moderate,2020-01-13 15:24:00,0.010995,230.507,0.4178,50.004
Night_Moderate,2020-01-13 15:27:00,0.008507,230.807,0.3811,49.999
Night_Moderate,2020-01-13 15:30:00,0.011664,232.147,0.424,49.997
Night_Moderate,2020-01-13 15:33:00,0.007156,231.143,0.3968,49.986
Night_Moderate,2020-01-13 15:36:00,0.0087,229.554,0.433,49.992
Night_Moderate,2020-01-13 15:39:00,0.013591,231.375,0.5177,49.989
Night_Moderate,2020-01-13 15:42:00,0.010311,231.937,0.4392,49.989
Night_Moderate,2020-01-13 15:45:00,0.010002,231.41,0.3734,49.998
Night_Moderate,2020-01-13 15:48:00,0.005981,231.984,0.338,50.002
Night_Moderate,2020-01-13 15:51:00,0.006734,232.105,0.3278,49.993
Night_Moderate,2020-01-13 15:54:00,0.012258,230.096,0.4828,49.986
Night_Moderate,2020-01-13 15:57:00,0.016063,231.729,0.6014,49.999
Night_Moderate,2020-01-13 16:00:00,0.012182,230.782,0.4485,49.999
Night_Moderate,2020-01-13 16:03:00,0.012243,230.948,0.4526,49.981
Night_Moderate,2020-01-13 16:06:00,0.010989,232.221,0.4613,49.991
Night_Moderate,2020-01-13 16:09:00,0.010743,230.866,0.4809,49.989
Night_Moderate,2020-01-13 16:12:00,0.009834,231.834,0.3985,50.001
Night_Moderate,2020-01-13 16:15:00,0.011427,231.07,0.4871,49.998
Night_Moderate,2020-01-13 16:18:00,0.012725,230.348,0.4945,49.995
Night_Moderate,2020-01-13 16:21:00,0.011019,230.404,0.4276,50.022
Night_Moderate,2020-01-13 16:24:00,0.009139,230.603,0.3924,49.989
Night_Moderate,2020-01-13 16:27:00,0.00867,231.146,0.4909,49.978
Night_Moderate,2020-01-13 16:30:00,0.014197,231.203,0.4729,49.994
Night_Moderate,2020-01-13 16:33:00,0.013948,230.652,0.4735,50.012
Night_Moderate,2020-01-13 16:36:00,0.01103,231.779,0.4294,50.006
Night_Moderate,2020-01-13 16:39:00,0.011278,231.512,0.4767,49.997
Night_Moderate,2020-01-13 16:42:00,0.012388,230.306,0.4836,49.988
Night_Moderate,2020-01-13 16:45:00,0.014961,231.071,0.5141,49.995
Night_Moderate,2020-01-13 16:48:00,0.012133,230.64,0.4782,50.007
Night_Moderate,2020-01-13 16:51:00,0.011124,231.681,0.4181,49.996
Night_Moderate,2020-01-13 16:54:00,0.015636,230.405,0.5329,49.987
Night_Moderate,2020-01-13 16:57:00,0.008902,231.951,0.3662,50.0
Night_Moderate,2020-01-13 17:00:00,0.012422,231.104,0.4989,49.987
Night_Moderate,2020-01-13 17:03:00,0.018497,230.026,0.5505,49.982
Night_Moderate,2020-01-13 17:06:00,0.01155,230.513,0.3755,49.991
Night_Moderate,2020-01-13 17:09:00,0.011726,230.841,0.4144,50.005
Night_Moderate,2020-01-13 17:12:00,0.014415,229.282,0.5153,49.987
Night_Moderate,2020-01-13 17:15:00,0.016191,230.855,0.5361,49.995
Night_Moderate,2020-01-13 17:18:00,0.015513,231.561,0.5907,49.994
Night_Moderate,2020-01-13 17:21:00,0.013734,228.39,0.5163,49.985
Night_Moderate,2020-01-13 17:24:00,0.013344,232.251,0.4264,50.003
Night_Moderate,2020-01-13 17:27:00,0.015131,229.939,0.4878,49.991
Night_Moderate,2020-01-13 17:30:00,0.011857,231.558,0.4881,49.989
Night_Moderate,2020-01-13 17:33:00,0.011088,230.774,0.4209,50.006
Night_Moderate,2020-01-13 17:36:00,0.015761,230.362,0.5338,49.98
Night_Moderate,2020-01-13 17:39:00,0.018017,230.569,0.5951,49.991
Night_Moderate,2020-01-13 17:42:00,0.013838,230.218,0.5475,49.986
Night_Moderate,2020-01-13 17:45:00,0.009475,231.027,0.3463,49.985
Night_Moderate,2020-01-13 17:48:00,0.015568,229.496,0.5209,49.981
Night_Moderate,2020-01-13 17:51:00,0.02347,229.549,0.6464,49.989
Night_Moderate,2020-01-13 17:54:00,0.015067,230.992,0.5094,49.994
Night_Moderate,2020-01-13 17:57:00,0.017475,230.654,0.6135,49.998
Night_Moderate,2020-01-13 18:00:00,0.012481,230.211,0.4243,49.996
Night_Moderate,2020-01-13 18:03:00,0.019703,230.421,0.604,50.006
Night_Moderate,2020-01-13 18:06:00,0.014948,230.665,0.5745,49.994
Night_Moderate,2020-01-13 18:09:00,0.019737,230.408,0.606,49.981
Night_Moderate,2020-01-13 18:12:00,0.014064,231.008,0.5144,49.988
Night_Moderate,2020-01-13 18:15:00,0.013199,231.276,0.4921,50.003
Night_Moderate,2020-01-13 18:18:00,0.021693,230.591,0.6958,49.996
Night_Moderate,2020-01-13 18:21:00,0.013145,230.318,0.4611,49.99
Night_Moderate,2020-01-13 18:24:00,0.018828,230.712,0.5952,49.985
Night_Moderate,2020-01-13 18:27:00,0.0159,231.048,0.5424,49.993
Night_Moderate,2020-01-13 18:30:00,0.012263,231.312,0.4961,49.979
Night_Moderate,2020-01-13 18:33:00,0.024169,229.536,0.6713,50.011
Night_Moderate,2020-01-13 18:36:00,0.012467,229.126,0.4785,50.014
Night_Moderate,2020-01-13 18:39:00,0.019561,230.33,0.6271,50.02
Night_Moderate,2020-01-13 18:42:00,0.019718,229.794,0.6409,50.002
Night_Moderate,2020-01-13 18:45:00,0.012959,229.821,0.494,49.997
Night_Moderate,2020-01-13 18:48:00,0.016331,230.234,0.54,49.984
Night_Moderate,2020-01-13 18:51:00,0.013292,230.261,0.4696,49.976
Night_Moderate,2020-01-13 18:54:00,0.019059,230.673,0.5731,49.989
Night_Moderate,2020-01-13 18:57:00,0.015423,230.996,0.4695,49.967
Night_Moderate,2020-01-13 19:00:00,0.019295,230.067,0.5568,49.982
Night_Moderate,2020-01-13 19:03:00,0.023207,229.433,0.6445,50.003
Night_Moderate,2020-01-13 19:06:00,0.010827,231.218,0.4613,50.001
Night_Moderate,2020-01-13 19:09:00,0.016604,230.777,0.5407,49.983
Night_Moderate,2020-01-13 19:12:00,0.017397,230.671,0.53,49.988
Night_Moderate,2020-01-13 19:15:00,0.012675,229.901,0.5067,49.984
Night_Moderate,2020-01-13 19:18:00,0.022455,229.286,0.6414,49.998
Night_Moderate,2020-01-13 19:21:00,0.016596,230.031,0.5796,50.0
Night_Moderate,2020-01-13 19:24:00,0.019552,231.595,0.5968,49.991
Night_Moderate,2020-01-13 19:27:00,0.022345,230.152,0.6362,49.984
Night_Moderate,2020-01-13 19:30:00,0.032604,229.279,0.814,49.969
Night_Moderate,2020-01-13 19:33:00,0.023237,230.023,0.6339,49.982
Night_Moderate,2020-01-13 19:36:00,0.026833,229.482,0.7433,50.006
Night_Moderate,2020-01-13 19:39:00,0.024526,229.438,0.6938,49.995
Night_Moderate,2020-01-13 19:42:00,0.019518,231.965,0.6363,49.973
Night_Moderate,2020-01-13 19:45:00,0.021581,230.939,0.6363,49.999
Night_Moderate,2020-01-13 19:48:00,0.020457,229.198,0.6534,49.991
Night_Moderate,2020-01-13 19:51:00,0.017472,230.855,0.5129,49.985
Night_Moderate,2020-01-13 19:54:00,0.026632,228.108,0.7122,49.987
Night_Moderate,2020-01-13 19:57:00,0.016871,230.025,0.5511,50.01
Night_Moderate,2020-01-13 20:00:00,0.01576,230.114,0.5381,49.997
Night_Moderate,2020-01-13 20:03:00,0.014278,231.331,0.5093,50.01
Night_Moderate,2020-01-13 20:06:00,0.032513,229.112,0.8136,49.973
Night_Moderate,2020-01-13 20:09:00,0.029853,228.376,0.7825,49.983
Night_Moderate,2020-01-13 20:12:00,0.027796,230.627,0.7557,49.995
Night_Moderate,2020-01-13 20:15:00,0.028606,229.442,0.7816,49.974
Night_Moderate,2020-01-13 20:18:00,0.029362,229.599,0.7975,49.988
Night_Moderate,2020-01-13 20:21:00,0.028164,228.951,0.7667,50.012
Night_Moderate,2020-01-13 20:24:00,0.023485,230.181,0.7053,50.013
Night_Moderate,2020-01-13 20:27:00,0.034117,228.813,0.8517,49.996
Night_Moderate,2020-01-13 20:30:00,0.016965,229.491,0.5731,50.01
Night_Moderate,2020-01-13 20:33:00,0.020927,230.374,0.6858,50.012
Night_Moderate,2020-01-13 20:36:00,0.028663,230.351,0.7863,49.981
Night_Moderate,2020-01-13 20:39:00,0.027574,229.899,0.7566,49.974
Night_Moderate,2020-01-13 20:42:00,0.026931,230.298,0.833,49.997
Night_Moderate,2020-01-13 20:45:00,0.029755,228.517,0.8076,49.987
Night_Moderate,2020-01-13 20:48:00,0.025292,229.971,0.7086,49.984
Night_Moderate,2020-01-13 20:51:00,0.026385,229.605,0.7122,49.971
Night_Moderate,2020-01-13 20:54:00,0.037732,228.361,0.8744,49.972
Night_Moderate,2020-01-13 20:57:00,0.033355,228.941,0.8426,49.978
Night_Moderate,2020-01-13 21:00:00,0.02657,230.018,0.6773,49.955
Night_Moderate,2020-01-13 21:03:00,0.030186,227.852,0.7597,49.988
Night_Moderate,2020-01-13 21:06:00,0.033178,229.354,0.8296,49.968
Night_Moderate,2020-01-13 21:09:00,0.030431,229.284,0.7506,49.993
Night_Moderate,2020-01-13 21:12:00,0.025178,230.452,0.7747,50.002
Night_Moderate,2020-01-13 21:15:00,0.021169,231.146,0.6327,49.998
Night_Moderate,2020-01-13 21:18:00,0.02551,229.692,0.6871,49.991
Night_Moderate,2020-01-13 21:21:00,0.023885,229.676,0.7508,50.007
Night_Moderate,2020-01-13 21:24:00,0.034041,229.589,0.841,49.989
Night_Moderate,2020-01-13 21:27:00,0.034378,228.493,0.8063,49.973
Night_Moderate,2020-01-13 21:30:00,0.042558,229.169,0.982,49.988
Night_Moderate,2020-01-13 21:33:00,0.021125,231.657,0.6414,49.996
Night_Moderate,2020-01-13 21:36:00,0.038012,227.398,0.9798,49.975
Night_Moderate,2020-01-13 21:39:00,0.030539,228.891,0.7897,49.985
Night_Moderate,2020-01-13 21:42:00,0.04458,228.234,1.0783,49.998
Night_Moderate,2020-01-13 21:45:00,0.020948,230.438,0.4868,49.987
Night_Moderate,2020-01-13 21:48:00,0.039397,228.927,0.9595,49.99
Night_Moderate,2020-01-13 21:51:00,0.044064,227.659,1.0838,50.009
Night_Moderate,2020-01-13 21:54:00,0.040467,228.552,0.9536,49.966
Night_Moderate,2020-01-13 21:57:00,0.030738,228.865,0.8035,49.998
Night_Moderate,2020-01-13 22:00:00,0.040391,228.138,0.9845,49.996
Night_Moderate,2020-01-13 22:03:00,0.036408,228.351,0.984,49.995
Night_Moderate,2020-01-13 22:06:00,0.031182,228.915,0.7773,49.992
Night_Moderate,2020-01-13 22:09:00,0.024973,229.742,0.669,49.994
Night_Moderate,2020-01-13 22:12:00,0.042656,227.91,1.046,49.973
Night_Moderate,2020-01-13 22:15:00,0.035085,229.665,0.8224,49.992
Night_Moderate,2020-01-13 22:18:00,0.039054,229.158,0.9599,49.985
Night_Moderate,2020-01-13 22:21:00,0.040208,227.225,1.0275,49.979
Night_Moderate,2020-01-13 22:24:00,0.045519,228.839,1.1474,50.0
Night_Moderate,2020-01-13 22:27:00,0.041552,228.197,0.9987,49.987
Night_Moderate,2020-01-13 22:30:00,0.039522,229.136,0.9809,49.991
Night_Moderate,2020-01-13 22:33:00,0.036757,229.762,0.8851,49.98
Night_Moderate,2020-01-13 22:36:00,0.034453,228.387,0.8918,49.976
Night_Moderate,2020-01-13 22:39:00,0.041104,228.561,0.9619,49.987
Night_Moderate,2020-01-13 22:42:00,0.053354,228.343,1.2629,49.971
Night_Moderate,2020-01-13 22:45:00,0.03519,227.99,0.8401,49.983
Night_Moderate,2020-01-13 22:48:00,0.044866,227.177,1.0598,49.972
Night_Moderate,2020-01-13 22:51:00,0.031618,228.032,0.7923,49.97
Night_Moderate,2020-01-13 22:54:00,0.035222,228.577,0.9027,49.986
Night_Moderate,2020-01-13 22:57:00,0.062032,227.422,1.412,49.994
Night_Moderate,2020-01-13 23:00:00,0.043237,227.666,0.9968,49.981
Night_Moderate,2020-01-13 23:03:00,0.035127,229.096,0.8835,49.991
Night_Moderate,2020-01-13 23:06:00,0.03774,227.856,0.9407,49.958
Night_Moderate,2020-01-13 23:09:00,0.043436,227.907,0.9989,49.973
Night_Moderate,2020-01-13 23:12:00,0.05223,226.672,1.1859,49.977
Night_Moderate,2020-01-13 23:15:00,0.05509,227.424,1.2052,49.991
Night_Moderate,2020-01-13 23:18:00,0.046385,227.287,0.9968,49.981
Night_Moderate,2020-01-13 23:21:00,0.039369,227.687,0.9168,49.983
Night_Moderate,2020-01-13 23:24:00,0.043342,229.536,1.0921,49.966
Night_Moderate,2020-01-13 23:27:00,0.023983,229.045,0.6571,49.969
Night_Moderate,2020-01-13 23:30:00,0.040435,228.882,0.9641,49.988
Night_Moderate,2020-01-13 23:33:00,0.0596,226.59,1.2906,49.974
Night_Moderate,2020-01-13 23:36:00,0.038164,228.557,0.968,49.991
Night_Moderate,2020-01-13 23:39:00,0.038651,228.708,0.9616,49.968
Night_Moderate,2020-01-13 23:42:00,0.043558,228.115,1.0172,49.988
Night_Moderate,2020-01-13 23:45:00,0.040434,228.206,0.9982,49.973
Night_Moderate,2020-01-13 23:48:00,0.038737,228.271,0.8938,49.958
Night_Moderate,2020-01-13 23:51:00,0.058844,226.499,1.2355,49.972
Night_Moderate,2020-01-13 23:54:00,0.037286,229.309,0.9265,49.977
Night_Moderate,2020-01-13 23:57:00,0.067903,226.108,1.4775,49.982
Night_Moderate,2020-01-14 00:00:00,0.051549,228.155,1.1727,49.971
Night_Moderate,2020-01-14 00:03:00,0.048916,228.057,1.2043,49.986
Night_Moderate,2020-01-14 00:06:00,0.048139,226.444,1.1275,49.982
Night_Moderate,2020-01-14 00:09:00,0.030692,230.269,0.8021,49.981
Night_Moderate,2020-01-14 00:12:00,0.059307,228.055,1.361,49.958
Night_Moderate,2020-01-14 00:15:00,0.050315,227.017,1.0976,49.973
Night_Moderate,2020-01-14 00:18:00,0.033411,228.282,0.858,49.992
Night_Moderate,2020-01-14 00:21:00,0.049453,227.114,1.1106,49.987
Night_Moderate,2020-01-14 00:24:00,0.051733,226.343,1.1592,49.982
Night_Moderate,2020-01-14 00:27:00,0.054033,226.593,1.2398,49.976
Night_Moderate,2020-01-14 00:30:00,0.050645,227.539,1.1004,49.99
Night_Moderate,2020-01-14 00:33:00,0.030184,229.746,0.7951,49.966
Night_Moderate,2020-01-14 00:36:00,0.05972,226.355,1.3255,49.947
Night_Moderate,2020-01-14 00:39:00,0.054061,227.75,1.2046,49.998
Night_Moderate,2020-01-14 00:42:00,0.048981,226.503,1.0737,49.993
Night_Moderate,2020-01-14 00:45:00,0.043594,227.368,1.0434,49.983
Night_Moderate,2020-01-14 00:48:00,0.046686,227.832,1.0851,49.977
Night_Moderate,2020-01-14 00:51:00,0.040662,228.776,0.9778,49.989
Night_Moderate,2020-01-14 00:54:00,0.034419,228.869,0.9041,49.984
Night_Moderate,2020-01-14 00:57:00,0.046621,228.155,1.1373,49.976
Night_Moderate,2020-01-14 01:00:00,0.066489,227.803,1.4222,49.978
Night_Moderate,2020-01-14 01:03:00,0.046814,227.186,1.0927,49.975
Night_Moderate,2020-01-14 01:06:00,0.05643,226.172,1.3424,49.962
Night_Moderate,2020-01-14 01:09:00,0.043368,227.455,1.0158,50.002
Night_Moderate,2020-01-14 01:12:00,0.059424,226.555,1.3672,49.983
Night_Moderate,2020-01-14 01:15:00,0.052158,227.008,1.1537,49.987
Night_Moderate,2020-01-14 01:18:00,0.060025,226.863,1.3684,49.983
Night_Moderate,2020-01-14 01:21:00,0.036702,229.295,0.9124,49.987
Night_Moderate,2020-01-14 01:24:00,0.03899,229.034,0.9641,49.98
Night_Moderate,2020-01-14 01:27:00,0.043283,227.645,1.0414,49.981
Night_Moderate,2020-01-14 01:30:00,0.068575,224.531,1.48,49.975
Night_Moderate,2020-01-14 01:33:00,0.051594,227.515,1.1928,49.993
Night_Moderate,2020-01-14 01:36:00,0.04845,226.963,1.1637,49.957
Night_Moderate,2020-01-14 01:39:00,0.048927,228.518,1.1771,49.99
Night_Moderate,2020-01-14 01:42:00,0.043632,228.62,1.0169,50.001
Night_Moderate,2020-01-14 01:45:00,0.04063,228.96,0.9959,49.981
Night_Moderate,2020-01-14 01:48:00,0.046044,227.923,1.0419,49.966
Night_Moderate,2020-01-14 01:51:00,0.043673,227.576,1.0556,49.985
Night_Moderate,2020-01-14 01:54:00,0.053301,227.956,1.2526,49.969
Night_Moderate,2020-01-14 01:57:00,0.056335,227.522,1.3239,49.981
Night_Moderate,2020-01-14 02:00:00,0.055835,226.631,1.2739,49.962
Night_Moderate,2020-01-14 02:03:00,0.02875,230.463,0.8324,49.99
Night_Moderate,2020-01-14 02:06:00,0.051181,228.132,1.1186,50.01
Night_Moderate,2020-01-14 02:09:00,0.030396,230.067,0.7887,49.972
Night_Moderate,2020-01-14 02:12:00,0.035297,229.997,0.8706,49.984
Night_Moderate,2020-01-14 02:15:00,0.042475,228.772,1.0681,49.968
Night_Moderate,2020-01-14 02:18:00,0.044576,227.585,1.0198,49.992
Night_Moderate,2020-01-14 02:21:00,0.044797,228.694,1.0163,49.998
Night_Moderate,2020-01-14 02:24:00,0.049921,227.885,1.1812,49.983
Night_Moderate,2020-01-14 02:27:00,0.040527,229.03,1.0068,49.988
Night_Moderate,2020-01-14 02:30:00,0.050274,227.638,1.1461,49.988
Night_Moderate,2020-01-14 02:33:00,0.037916,227.311,0.8722,49.991
Night_Moderate,2020-01-14 02:36:00,0.026891,229.426,0.7113,49.971
Night_Moderate,2020-01-14 02:39:00,0.03425,229.631,0.8463,49.991
Night_Moderate,2020-01-14 02:42:00,0.026691,230.593,0.7882,49.989
Night_Moderate,2020-01-14 02:45:00,0.046547,227.994,1.0465,49.977
Night_Moderate,2020-01-14 02:48:00,0.046196,227.567,1.0296,49.991
Night_Moderate,2020-01-14 02:51:00,0.051998,228.967,1.1416,49.971
Night_Moderate,2020-01-14 02:54:00,0.051511,226.788,1.2062,49.967
Night_Moderate,2020-01-14 02:57:00,0.045557,228.508,1.0387,49.975
Night_Moderate,2020-01-14 03:00:00,0.035249,229.402,0.8522,49.985
Night_Moderate,2020-01-14 03:03:00,0.041964,229.092,1.0138,49.973
Night_Moderate,2020-01-14 03:06:00,0.029063,229.333,0.7505,50.002
Night_Moderate,2020-01-14 03:09:00,0.048668,227.86,1.148,49.974
Night_Moderate,2020-01-14 03:12:00,0.03656,228.464,0.9673,49.987
Night_Moderate,2020-01-14 03:15:00,0.025388,230.618,0.6986,49.978
Night_Moderate,2020-01-14 03:18:00,0.031073,229.442,0.7886,49.989
Night_Moderate,2020-01-14 03:21:00,0.047337,227.672,1.1006,49.978
Night_Moderate,2020-01-14 03:24:00,0.031587,230.063,0.8297,49.996
Night_Moderate,2020-01-14 03:27:00,0.033125,229.466,0.8548,49.999
Night_Moderate,2020-01-14 03:30:00,0.022768,230.266,0.6453,49.978
Night_Moderate,2020-01-14 03:33:00,0.04193,228.971,0.8994,49.986
Night_Moderate,2020-01-14 03:36:00,0.041135,228.071,0.9766,49.985
Night_Moderate,2020-01-14 03:39:00,0.028779,230.551,0.7528,49.99
Night_Moderate,2020-01-14 03:42:00,0.028309,229.326,0.7381,49.997
Night_Moderate,2020-01-14 03:45:00,0.023808,230.484,0.642,49.998
Night_Moderate,2020-01-14 03:48:00,0.023293,230.277,0.6023,49.993
Night_Moderate,2020-01-14 03:51:00,0.031353,229.151,0.7536,49.984
Night_Moderate,2020-01-14 03:54:00,0.046858,227.22,1.049,49.991
Night_Moderate,2020-01-14 03:57:00,0.027822,228.587,0.8363,50.023
Night_Moderate,2020-01-14 04:00:00,0.038296,227.367,0.9735,49.974
Night_Moderate,2020-01-14 04:03:00,0.033822,228.41,0.8101,50.001
Night_Moderate,2020-01-14 04:06:00,0.048579,226.772,1.1924,49.973
Night_Moderate,2020-01-14 04:09:00,0.031085,228.147,0.8073,49.98
Night_Moderate,2020-01-14 04:12:00,0.039211,227.535,0.8386,49.977
Night_Moderate,2020-01-14 04:15:00,0.029648,229.013,0.8081,49.983
Night_Moderate,2020-01-14 04:18:00,0.027399,229.755,0.7577,50.004
Night_Moderate,2020-01-14 04:21:00,0.032778,227.489,0.8476,49.992
Night_Moderate,2020-01-14 04:24:00,0.016519,229.676,0.506,49.992
Night_Moderate,2020-01-14 04:27:00,0.03066,229.073,0.751,49.989
Night_Moderate,2020-01-14 04:30:00,0.029603,230.181,0.796,49.986
Night_Moderate,2020-01-14 04:33:00,0.011451,232.266,0.4996,49.986
Night_Moderate,2020-01-14 04:36:00,0.027282,230.53,0.7809,49.983
Night_Moderate,2020-01-14 04:39:00,0.034836,228.152,0.8767,49.975
Night_Moderate,2020-01-14 04:42:00,0.017684,230.912,0.5494,49.98
Night_Moderate,2020-01-14 04:45:00,0.027348,228.611,0.7318,49.999
Night_Moderate,2020-01-14 04:48:00,0.023556,229.389,0.6663,50.013
Night_Moderate,2020-01-14 04:51:00,0.030671,229.077,0.7781,49.982
Night_Moderate,2020-01-14 04:54:00,0.017926,230.807,0.6323,50.005
Night_Moderate,2020-01-14 04:57:00,0.032969,228.834,0.8933,49.965
Night_Moderate,2020-01-14 05:00:00,0.018877,229.665,0.6246,49.991
Night_Moderate,2020-01-14 05:03:00,0.016751,230.559,0.5379,50.001
Night_Moderate,2020-01-14 05:06:00,0.025046,228.231,0.6903,49.982
Night_Moderate,2020-01-14 05:09:00,0.018749,230.132,0.5967,49.969
Night_Moderate,2020-01-14 05:12:00,0.023074,230.191,0.6496,49.983
Night_Moderate,2020-01-14 05:15:00,0.023167,228.98,0.666,49.972
Night_Moderate,2020-01-14 05:18:00,0.02509,229.867,0.6132,49.998
Night_Moderate,2020-01-14 05:21:00,0.019849,228.789,0.6346,49.982
Night_Moderate,2020-01-14 05:24:00,0.016228,231.194,0.5599,49.963
Night_Moderate,2020-01-14 05:27:00,0.02111,229.152,0.5869,49.99
Night_Moderate,2020-01-14 05:30:00,0.022486,229.043,0.6917,49.985
Night_Moderate,2020-01-14 05:33:00,0.021309,229.52,0.6614,49.979
Night_Moderate,2020-01-14 05:36:00,0.020287,229.949,0.631,50.008
Night_Moderate,2020-01-14 05:39:00,0.019958,230.443,0.5912,49.987
Night_Moderate,2020-01-14 05:42:00,0.016928,230.816,0.4537,49.97
Night_Moderate,2020-01-14 05:45:00,0.018723,231.477,0.5343,49.998
Night_Moderate,2020-01-14 05:48:00,0.020388,229.827,0.5656,49.974
Night_Moderate,2020-01-14 05:51:00,0.016964,230.918,0.5593,49.98
Night_Moderate,2020-01-14 05:54:00,0.008005,231.023,0.4206,49.98
Night_Moderate,2020-01-14 05:57:00,0.018292,230.769,0.5994,49.996
Night_Moderate,2020-01-14 06:00:00,0.024184,229.11,0.7516,49.985
Night_Moderate,2020-01-14 06:03:00,0.01972,230.201,0.6337,49.985
Night_Moderate,2020-01-14 06:06:00,0.021321,230.644,0.6615,49.979
Night_Moderate,2020-01-14 06:09:00,0.021987,230.262,0.6452,49.999
Night_Moderate,2020-01-14 06:12:00,0.016871,230.592,0.5489,49.989
Night_Moderate,2020-01-14 06:15:00,0.019808,230.411,0.6247,49.992
Night_Moderate,2020-01-14 06:18:00,0.023377,231.502,0.7015,49.982
Night_Moderate,2020-01-14 06:21:00,0.015399,229.373,0.5795,49.984
Night_Moderate,2020-01-14 06:24:00,0.015462,229.476,0.5287,49.991
Night_Moderate,2020-01-14 06:27:00,0.019628,230.98,0.6625,49.984
Night_Moderate,2020-01-14 06:30:00,0.017428,229.313,0.4564,49.992
Night_Moderate,2020-01-14 06:33:00,0.016367,230.829,0.5684,49.991
Night_Moderate,2020-01-14 06:36:00,0.014172,231.046,0.4521,49.991
Night_Moderate,2020-01-14 06:39:00,0.021143,230.134,0.5888,50.005
Night_Moderate,2020-01-14 06:42:00,0.017436,230.43,0.5816,49.994
Night_Moderate,2020-01-14 06:45:00,0.010311,232.456,0.4054,49.986
Night_Moderate,2020-01-14 06:48:00,0.018519,232.143,0.6202,49.983
Night_Moderate,2020-01-14 06:51:00,0.016577,230.11,0.5399,50.009
Night_Moderate,2020-01-14 06:54:00,0.01154,231.454,0.4814,49.976
Night_Moderate,2020-01-14 06:57:00,0.017986,230.801,0.5012,49.986
Night_Moderate,2020-01-14 07:00:00,0.012503,230.757,0.5159,49.992
Night_Moderate,2020-01-14 07:03:00,0.013923,230.039,0.5054,49.999
Night_Moderate,2020-01-14 07:06:00,0.019455,229.656,0.613,50.006
Night_Moderate,2020-01-14 07:09:00,0.015153,229.54,0.514,49.99
Night_Moderate,2020-01-14 07:12:00,0.012029,232.102,0.4407,49.987
Night_Moderate,2020-01-14 07:15:00,0.010413,232.456,0.4205,49.994
Night_Moderate,2020-01-14 07:18:00,0.014358,229.686,0.5156,49.98
Night_Moderate,2020-01-14 07:21:00,0.010638,230.008,0.471,49.993
Night_Moderate,2020-01-14 07:24:00,0.013991,229.587,0.5544,49.981
Night_Moderate,2020-01-14 07:27:00,0.017158,230.572,0.593,49.975
Night_Moderate,2020-01-14 07:30:00,0.012246,230.427,0.4722,50.008
Night_Moderate,2020-01-14 07:33:00,0.011358,231.6,0.444,50.017
Night_Moderate,2020-01-14 07:36:00,0.009854,231.228,0.4714,50.02
Night_Moderate,2020-01-14 07:39:00,0.013054,231.393,0.4514,49.975
Night_Moderate,2020-01-14 07:42:00,0.015449,230.439,0.4617,49.989
Night_Moderate,2020-01-14 07:45:00,0.011429,230.719,0.5071,49.978
Night_Moderate,2020-01-14 07:48:00,0.009534,230.765,0.3925,50.002
Night_Moderate,2020-01-14 07:51:00,0.012056,231.78,0.495,49.993
Night_Moderate,2020-01-14 07:54:00,0.015593,230.971,0.4847,49.968
Night_Moderate,2020-01-14 07:57:00,0.013337,230.76,0.4814,49.987
Night_Moderate,2020-01-14 08:00:00,0.008585,231.004,0.4459,50.004
Night_Moderate,2020-01-14 08:03:00,0.011098,229.801,0.4361,50.004
Night_Moderate,2020-01-14 08:06:00,0.012587,230.697,0.5012,49.993
Night_Moderate,2020-01-14 08:09:00,0.01079,231.443,0.4032,49.988
Night_Moderate,2020-01-14 08:12:00,0.009691,230.788,0.4055,50.004
Night_Moderate,2020-01-14 08:15:00,0.011926,230.832,0.4829,50.0
Night_Moderate,2020-01-14 08:18:00,0.011517,230.602,0.493,49.985
Night_Moderate,2020-01-14 08:21:00,0.012059,230.165,0.4362,49.995
Night_Moderate,2020-01-14 08:24:00,0.014398,230.139,0.5149,50.001
Night_Moderate,2020-01-14 08:27:00,0.011726,230.588,0.461,50.02
Night_Moderate,2020-01-14 08:30:00,0.012845,231.015,0.5633,50.0
Night_Moderate,2020-01-14 08:33:00,0.014397,230.666,0.5453,49.979
Night_Moderate,2020-01-14 08:36:00,0.009897,230.35,0.4471,50.009
Night_Moderate,2020-01-14 08:39:00,0.013236,230.424,0.4871,50.0
Night_Moderate,2020-01-14 08:42:00,0.012206,229.498,0.4321,49.985
Night_Moderate,2020-01-14 08:45:00,0.011588,229.932,0.4955,50.022
Night_Moderate,2020-01-14 08:48:00,0.006204,232.25,0.3533,49.982
Night_Moderate,2020-01-14 08:51:00,0.011578,230.42,0.4161,49.999
Night_Moderate,2020-01-14 08:54:00,0.011049,229.965,0.3728,49.995
Night_Moderate,2020-01-14 08:57:00,0.014954,230.887,0.5318,50.006
Night_Moderate,2020-01-14 09:00:00,0.006343,232.809,0.3794,50.009
Night_Moderate,2020-01-14 09:03:00,0.011935,230.085,0.4443,50.007
Night_Moderate,2020-01-14 09:06:00,0.011515,229.987,0.4694,49.993
Night_Moderate,2020-01-14 09:09:00,0.006971,231.083,0.3532,50.018
Night_Moderate,2020-01-14 09:12:00,0.010681,231.731,0.4505,49.986
Night_Moderate,2020-01-14 09:15:00,0.014792,230.575,0.5234,50.014
Night_Moderate,2020-01-14 09:18:00,0.009371,230.804,0.4101,49.997
Night_Moderate,2020-01-14 09:21:00,0.009881,231.161,0.4312,49.987
Night_Moderate,2020-01-14 09:24:00,0.011907,229.708,0.4372,49.991
Night_Moderate,2020-01-14 09:27:00,0.007455,231.869,0.4087,49.999
Night_Moderate,2020-01-14 09:30:00,0.010102,229.254,0.4397,49.998
Night_Moderate,2020-01-14 09:33:00,0.010723,230.574,0.3325,49.994
Night_Moderate,2020-01-14 09:36:00,0.01446,231.204,0.5342,49.99
Night_Moderate,2020-01-14 09:39:00,0.007914,232.677,0.3818,49.997
Night_Moderate,2020-01-14 09:42:00,0.012684,231.865,0.458,50.0
Night_Moderate,2020-01-14 09:45:00,0.010722,232.733,0.426,49.996
Night_Moderate,2020-01-14 09:48:00,0.014805,230.452,0.5323,50.001
Night_Moderate,2020-01-14 09:51:00,0.010569,231.102,0.4339,49.997
Night_Moderate,2020-01-14 09:54:00,0.010418,231.123,0.4524,50.014
Night_Moderate,2020-01-14 09:57:00,0.012686,231.227,0.4417,49.992
Night_Moderate,2020-01-14 10:00:00,0.013863,231.545,0.5163,50.002
Night_Moderate,2020-01-14 10:03:00,0.015789,230.931,0.5192,50.01
Night_Moderate,2020-01-14 10:06:00,0.008298,231.756,0.4239,50.001
Night_Moderate,2020-01-14 10:09:00,0.010813,230.481,0.5076,50.005
Night_Moderate,2020-01-14 10:12:00,0.012165,232.279,0.4953,49.999
Night_Moderate,2020-01-14 10:15:00,0.009469,229.474,0.4266,49.99
Night_Moderate,2020-01-14 10:18:00,0.01126,230.191,0.4608,49.987
Night_Moderate,2020-01-14 10:21:00,0.011394,229.989,0.4065,50.009
Night_Moderate,2020-01-14 10:24:00,0.010491,232.426,0.4753,49.964
Night_Moderate,2020-01-14 10:27:00,0.009469,231.544,0.4192,49.993
Night_Moderate,2020-01-14 10:30:00,0.009816,231.205,0.4331,50.027
Night_Moderate,2020-01-14 10:33:00,0.010803,230.352,0.4324,50.013
Night_Moderate,2020-01-14 10:36:00,0.015216,229.209,0.5173,50.006
Night_Moderate,2020-01-14 10:39:00,0.010378,230.005,0.4067,50.0
Night_Moderate,2020-01-14 10:42:00,0.010052,230.977,0.388,50.016
Night_Moderate,2020-01-14 10:45:00,0.008611,231.79,0.4165,50.013
Night_Moderate,2020-01-14 10:48:00,0.011351,231.694,0.4279,49.972
Night_Moderate,2020-01-14 10:51:00,0.01611,230.018,0.5282,49.997
Night_Moderate,2020-01-14 10:54:00,0.013051,229.296,0.4889,49.995
Night_Moderate,2020-01-14 10:57:00,0.011644,230.967,0.4982,50.001
Night_Moderate,2020-01-14 11:00:00,0.009035,232.12,0.4716,49.98
Night_Moderate,2020-01-14 11:03:00,0.007245,231.608,0.3655,49.989
Night_Moderate,2020-01-14 11:06:00,0.012175,231.459,0.4473,50.005
Night_Moderate,2020-01-14 11:09:00,0.0106,231.263,0.4097,50.011
Night_Moderate,2020-01-14 11:12:00,0.004564,231.821,0.3023,50.006
Night_Moderate,2020-01-14 11:15:00,0.007355,231.004,0.4442,50.001
Night_Moderate,2020-01-14 11:18:00,0.00931,230.682,0.4236,49.985
Night_Moderate,2020-01-14 11:21:00,0.007293,231.456,0.3913,49.982
Night_Moderate,2020-01-14 11:24:00,0.007527,230.451,0.3495,49.984
Night_Moderate,2020-01-14 11:27:00,0.011403,232.398,0.4803,50.006
Night_Moderate,2020-01-14 11:30:00,0.008086,229.058,0.4212,49.998
Night_Moderate,2020-01-14 11:33:00,0.010223,230.595,0.4908,49.973
Night_Moderate,2020-01-14 11:36:00,0.008258,232.672,0.4032,49.989
Night_Moderate,2020-01-14 11:39:00,0.010675,231.476,0.5548,49.996
Night_Moderate,2020-01-14 11:42:00,0.007474,232.561,0.3449,49.99
Night_Moderate,2020-01-14 11:45:00,0.012364,230.648,0.4674,49.979
Night_Moderate,2020-01-14 11:48:00,0.011328,229.603,0.4462,50.013
Night_Moderate,2020-01-14 11:51:00,0.010274,230.318,0.4895,49.99
Night_Moderate,2020-01-14 11:54:00,0.007797,231.92,0.4161,50.008
Night_Moderate,2020-01-14 11:57:00,0.011376,229.996,0.428,49.987
Night_Moderate,2020-01-14 12:00:00,0.008263,229.783,0.425,49.99
Night_Moderate,2020-01-14 12:03:00,0.007627,232.514,0.3081,50.009
Night_Moderate,2020-01-14 12:06:00,0.009448,231.219,0.41,49.989
Night_Moderate,2020-01-14 12:09:00,0.01024,230.996,0.4362,50.01
Night_Moderate,2020-01-14 12:12:00,0.010702,230.882,0.4428,49.985
Night_Moderate,2020-01-14 12:15:00,0.012003,231.035,0.4741,49.98
Night_Moderate,2020-01-14 12:18:00,0.009822,231.553,0.4515,50.008
Night_Moderate,2020-01-14 12:21:00,0.012875,230.851,0.5006,49.993
Night_Moderate,2020-01-14 12:24:00,0.012943,230.833,0.4392,49.994
Night_Moderate,2020-01-14 12:27:00,0.009832,230.932,0.4418,50.008
Night_Moderate,2020-01-14 12:30:00,0.012478,231.368,0.4202,49.985
Night_Moderate,2020-01-14 12:33:00,0.009664,230.501,0.402,49.998
Night_Moderate,2020-01-14 12:36:00,0.008451,231.483,0.369,50.008
Night_Moderate,2020-01-14 12:39:00,0.009072,231.483,0.3958,50.005
Night_Moderate,2020-01-14 12:42:00,0.007701,231.203,0.4034,49.984
Night_Moderate,2020-01-14 12:45:00,0.009864,231.281,0.449,50.002
Night_Moderate,2020-01-14 12:48:00,0.008723,230.018,0.4889,50.009
Night_Moderate,2020-01-14 12:51:00,0.006958,231.994,0.4168,49.994
Night_Moderate,2020-01-14 12:54:00,0.010915,230.219,0.4644,49.996
Night_Moderate,2020-01-14 12:57:00,0.01025,230.836,0.4477,50.005
Night_Moderate,2020-01-14 13:00:00,0.011873,231.203,0.411,49.987
Night_Moderate,2020-01-14 13:03:00,0.011961,229.916,0.4821,50.014
Night_Moderate,2020-01-14 13:06:00,0.00946,231.476,0.4116,49.988
Night_Moderate,2020-01-14 13:09:00,0.011907,230.468,0.4153,50.016
Night_Moderate,2020-01-14 13:12:00,0.009679,231.107,0.4088,50.006
Night_Moderate,2020-01-14 13:15:00,0.00606,231.204,0.3835,50.002
Night_Moderate,2020-01-14 13:18:00,0.008083,232.166,0.3944,49.995
Night_Moderate,2020-01-14 13:21:00,0.008721,232.297,0.4996,49.996
Night_Moderate,2020-01-14 13:24:00,0.007496,231.741,0.3765,49.985
Night_Moderate,2020-01-14 13:27:00,0.006967,232.58,0.3678,49.978
Night_Moderate,2020-01-14 13:30:00,0.009737,232.306,0.4266,49.993
Night_Moderate,2020-01-14 13:33:00,0.007172,230.591,0.3386,49.976
Night_Moderate,2020-01-14 13:36:00,0.006467,229.182,0.3498,50.006
Night_Moderate,2020-01-14 13:39:00,0.011961,230.492,0.391,49.985
Night_Moderate,2020-01-14 13:42:00,0.010001,230.259,0.4282,49.994
Night_Moderate,2020-01-14 13:45:00,0.008805,231.394,0.4194,50.009
Night_Moderate,2020-01-14 13:48:00,0.007982,231.467,0.3776,50.0
Night_Moderate,2020-01-14 13:51:00,0.009566,230.66,0.4262,50.009
Night_Moderate,2020-01-14 13:54:00,0.009362,230.383,0.4261,49.991
Night_Moderate,2020-01-14 13:57:00,0.012338,230.521,0.5005,50.002
Night_Moderate,2020-01-14 14:00:00,0.010566,229.689,0.4931,49.997
Night_Moderate,2020-01-14 14:03:00,0.011709,229.979,0.4137,49.982
Night_Moderate,2020-01-14 14:06:00,0.006292,231.655,0.3465,49.983
Night_Moderate,2020-01-14 14:09:00,0.01036,229.693,0.4274,49.99
Night_Moderate,2020-01-14 14:12:00,0.008522,231.776,0.4173,50.019
Night_Moderate,2020-01-14 14:15:00,0.007896,232.402,0.3933,49.981
Night_Moderate,2020-01-14 14:18:00,0.005991,232.284,0.3008,49.998
Night_Moderate,2020-01-14 14:21:00,0.00975,231.481,0.4365,50.024
Night_Moderate,2020-01-14 14:24:00,0.011864,230.14,0.4356,50.015
Night_Moderate,2020-01-14 14:27:00,0.010652,231.364,0.3946,49.998
Night_Moderate,2020-01-14 14:30:00,0.013814,232.191,0.494,50.018
Night_Moderate,2020-01-14 14:33:00,0.012246,229.989,0.4577,49.991
Night_Moderate,2020-01-14 14:36:00,0.011599,230.361,0.4346,49.998
Night_Moderate,2020-01-14 14:39:00,0.008995,231.862,0.3981,49.996
Night_Moderate,2020-01-14 14:42:00,0.009501,233.41,0.336,49.988
Night_Moderate,2020-01-14 14:45:00,0.009043,231.021,0.3834,49.988
Night_Moderate,2020-01-14 14:48:00,0.011678,228.746,0.4773,49.987
Night_Moderate,2020-01-14 14:51:00,0.010837,231.793,0.4289,49.998
Night_Moderate,2020-01-14 14:54:00,0.010942,229.678,0.4749,49.994
Night_Moderate,2020-01-14 14:57:00,0.014843,231.877,0.525,50.012
Night_Moderate,2020-01-14 15:00:00,0.010083,230.8,0.4087,50.011
Night_Moderate,2020-01-14 15:03:00,0.009759,231.495,0.4376,49.998
Night_Moderate,2020-01-14 15:06:00,0.013065,231.043,0.535,50.0
Night_Moderate,2020-01-14 15:09:00,0.018522,231.391,0.6201,49.983
Night_Moderate,2020-01-14 15:12:00,0.008713,230.287,0.3303,49.968
Night_Moderate,2020-01-14 15:15:00,0.01091,231.255,0.4841,49.995
Night_Moderate,2020-01-14 15:18:00,0.008712,231.377,0.4612,49.964
Night_Moderate,2020-01-14 15:21:00,0.013164,230.099,0.5193,49.98
Night_Moderate,2020-01-14 15:24:00,0.015265,230.995,0.5101,49.989
Night_Moderate,2020-01-14 15:27:00,0.013558,230.427,0.4944,49.973
Night_Moderate,2020-01-14 15:30:00,0.016581,229.741,0.5486,49.999
Night_Moderate,2020-01-14 15:33:00,0.0107,230.947,0.4414,49.999
Night_Moderate,2020-01-14 15:36:00,0.014358,230.231,0.483,49.985
Night_Moderate,2020-01-14 15:39:00,0.012664,229.913,0.4836,49.996
Night_Moderate,2020-01-14 15:42:00,0.011413,230.856,0.4107,50.015
Night_Moderate,2020-01-14 15:45:00,0.010617,231.161,0.492,49.986
Night_Moderate,2020-01-14 15:48:00,0.009218,230.791,0.4372,49.976
Night_Moderate,2020-01-14 15:51:00,0.012742,230.327,0.5023,49.999
Night_Moderate,2020-01-14 15:54:00,0.009144,232.131,0.4174,50.003
Night_Moderate,2020-01-14 15:57:00,0.008208,230.29,0.3955,50.009
Night_Moderate,2020-01-14 16:00:00,0.012034,230.661,0.4454,49.984
Night_Moderate,2020-01-14 16:03:00,0.010767,231.811,0.4269,49.998
Night_Moderate,2020-01-14 16:06:00,0.012155,231.204,0.461,50.002
Night_Moderate,2020-01-14 16:09:00,0.013386,230.513,0.5448,50.003
Night_Moderate,2020-01-14 16:12:00,0.010803,230.693,0.3978,49.997
Night_Moderate,2020-01-14 16:15:00,0.014988,229.987,0.5286,50.011
Night_Moderate,2020-01-14 16:18:00,0.01097,230.886,0.41,50.002
Night_Moderate,2020-01-14 16:21:00,0.010151,230.299,0.428,49.971
Night_Moderate,2020-01-14 16:24:00,0.013289,231.993,0.4654,50.011
Night_Moderate,2020-01-14 16:27:00,0.010617,231.803,0.444,49.992
Night_Moderate,2020-01-14 16:30:00,0.01044,230.15,0.4412,50.011
Night_Moderate,2020-01-14 16:33:00,0.011573,230.403,0.5269,49.978
Night_Moderate,2020-01-14 16:36:00,0.007307,231.188,0.3321,50.0
Night_Moderate,2020-01-14 16:39:00,0.011496,230.92,0.5147,50.002
Night_Moderate,2020-01-14 16:42:00,0.011977,230.669,0.54,49.972
Night_Moderate,2020-01-14 16:45:00,0.01407,231.745,0.5064,49.988
Night_Moderate,2020-01-14 16:48:00,0.009797,231.729,0.4619,49.99
Night_Moderate,2020-01-14 16:51:00,0.010894,230.411,0.3862,49.988
Night_Moderate,2020-01-14 16:54:00,0.014732,229.488,0.4207,49.99
Night_Moderate,2020-01-14 16:57:00,0.010318,230.34,0.3847,49.993
Night_Moderate,2020-01-14 17:00:00,0.011946,230.205,0.4671,49.986
Night_Moderate,2020-01-14 17:03:00,0.012347,231.647,0.4605,50.013
Night_Moderate,2020-01-14 17:06:00,0.009512,233.428,0.4606,50.001
Night_Moderate,2020-01-14 17:09:00,0.012214,232.547,0.4818,50.007
Night_Moderate,2020-01-14 17:12:00,0.01055,231.829,0.4563,49.969
Night_Moderate,2020-01-14 17:15:00,0.012092,230.585,0.4766,49.999
Night_Moderate,2020-01-14 17:18:00,0.01041,231.028,0.4225,49.995
Night_Moderate,2020-01-14 17:21:00,0.013985,231.057,0.4956,49.975
Night_Moderate,2020-01-14 17:24:00,0.018517,229.533,0.5574,49.984
Night_Moderate,2020-01-14 17:27:00,0.013607,229.986,0.5388,50.008
Night_Moderate,2020-01-14 17:30:00,0.010803,231.267,0.481,50.004
Night_Moderate,2020-01-14 17:33:00,0.011624,231.457,0.4355,50.005
Night_Moderate,2020-01-14 17:36:00,0.013596,230.904,0.5358,50.023
Night_Moderate,2020-01-14 17:39:00,0.011879,230.366,0.4648,49.982
Night_Moderate,2020-01-14 17:42:00,0.016841,230.516,0.5502,50.01
Night_Moderate,2020-01-14 17:45:00,0.016691,231.738,0.5756,49.991
Night_Moderate,2020-01-14 17:48:00,0.016018,232.062,0.5755,49.997
Night_Moderate,2020-01-14 17:51:00,0.01565,230.942,0.5355,50.012
Night_Moderate,2020-01-14 17:54:00,0.013342,230.565,0.482,50.003
Night_Moderate,2020-01-14 17:57:00,0.017669,230.422,0.602,49.992
Night_Moderate,2020-01-14 18:00:00,0.014343,231.64,0.5212,50.001
Night_Moderate,2020-01-14 18:03:00,0.018082,229.54,0.5502,49.994
Night_Moderate,2020-01-14 18:06:00,0.017686,231.912,0.59,49.999
Night_Moderate,2020-01-14 18:09:00,0.012931,231.461,0.5178,50.012
Night_Moderate,2020-01-14 18:12:00,0.013929,228.838,0.4862,49.974
Night_Moderate,2020-01-14 18:15:00,0.01101,229.322,0.441,49.995
Night_Moderate,2020-01-14 18:18:00,0.015802,229.894,0.5364,50.001
Night_Moderate,2020-01-14 18:21:00,0.009928,230.886,0.3499,49.996
Night_Moderate,2020-01-14 18:24:00,0.017127,230.665,0.5407,50.014
Night_Moderate,2020-01-14 18:27:00,0.018917,229.921,0.6052,49.995
Night_Moderate,2020-01-14 18:30:00,0.019282,231.467,0.5996,50.013
Night_Moderate,2020-01-14 18:33:00,0.024143,228.966,0.6891,49.955
Night_Moderate,2020-01-14 18:36:00,0.01703,231.831,0.5287,49.973
Night_Moderate,2020-01-14 18:39:00,0.012548,231.363,0.5075,49.967
Night_Moderate,2020-01-14 18:42:00,0.01269,231.634,0.4638,50.019
Night_Moderate,2020-01-14 18:45:00,0.019838,230.551,0.5954,50.002
Night_Moderate,2020-01-14 18:48:00,0.013915,230.663,0.5161,49.988
Night_Moderate,2020-01-14 18:51:00,0.015102,230.602,0.5121,49.998
Night_Moderate,2020-01-14 18:54:00,0.018174,229.102,0.5443,49.975
Night_Moderate,2020-01-14 18:57:00,0.01658,230.197,0.5485,49.972
Night_Moderate,2020-01-14 19:00:00,0.01339,230.943,0.4698,49.992
Night_Moderate,2020-01-14 19:03:00,0.022454,230.824,0.5722,49.952
Night_Moderate,2020-01-14 19:06:00,0.011344,230.792,0.4345,50.003
Night_Moderate,2020-01-14 19:09:00,0.010918,229.962,0.4507,50.012
Night_Moderate,2020-01-14 19:12:00,0.015624,230.314,0.558,49.998
Night_Moderate,2020-01-14 19:15:00,0.017024,230.6,0.5223,49.999
Night_Moderate,2020-01-14 19:18:00,0.02044,231.893,0.6021,49.995
Night_Moderate,2020-01-14 19:21:00,0.016339,228.349,0.5372,49.995
Night_Moderate,2020-01-14 19:24:00,0.020592,230.327,0.5972,49.999
Night_Moderate,2020-01-14 19:27:00,0.019843,230.355,0.6774,49.983
Night_Moderate,2020-01-14 19:30:00,0.015227,231.112,0.5687,49.996
Night_Moderate,2020-01-14 19:33:00,0.022887,228.966,0.6439,49.989
Night_Moderate,2020-01-14 19:36:00,0.029482,229.721,0.7954,49.976
Night_Moderate,2020-01-14 19:39:00,0.020609,230.581,0.5612,49.988
Night_Moderate,2020-01-14 19:42:00,0.02155,230.838,0.5547,50.008
Night_Moderate,2020-01-14 19:45:00,0.022385,230.844,0.5894,49.986
Night_Moderate,2020-01-14 19:48:00,0.018256,230.923,0.5548,50.006
Night_Moderate,2020-01-14 19:51:00,0.011256,230.873,0.4321,49.98
Night_Moderate,2020-01-14 19:54:00,0.015882,228.889,0.4897,50.0
Night_Moderate,2020-01-14 19:57:00,0.021823,231.512,0.622,50.0
Night_Moderate,2020-01-14 20:00:00,0.019995,230.174,0.6388,50.019
Night_Moderate,2020-01-14 20:03:00,0.027371,229.069,0.7301,49.98
Night_Moderate,2020-01-14 20:06:00,0.025759,229.373,0.7316,49.985
Night_Moderate,2020-01-14 20:09:00,0.028301,230.945,0.7752,49.984
Night_Moderate,2020-01-14 20:12:00,0.034701,228.79,0.8682,49.982
Night_Moderate,2020-01-14 20:15:00,0.023122,229.911,0.6678,49.982
Night_Moderate,2020-01-14 20:18:00,0.033015,228.992,0.8443,50.001
Night_Moderate,2020-01-14 20:21:00,0.033034,229.576,0.8177,49.979
Night_Moderate,2020-01-14 20:24:00,0.028123,230.15,0.7268,49.987
Night_Moderate,2020-01-14 20:27:00,0.026137,231.355,0.7244,50.008
Night_Moderate,2020-01-14 20:30:00,0.025587,229.415,0.723,49.968
Night_Moderate,2020-01-14 20:33:00,0.032377,228.483,0.8052,49.975
Night_Moderate,2020-01-14 20:36:00,0.024205,229.438,0.673,49.999
Night_Moderate,2020-01-14 20:39:00,0.02293,229.692,0.6236,49.975
Night_Moderate,2020-01-14 20:42:00,0.020724,231.248,0.6381,49.981
Night_Moderate,2020-01-14 20:45:00,0.019804,229.531,0.6349,49.986
Night_Moderate,2020-01-14 20:48:00,0.028985,230.269,0.8115,49.994
Night_Moderate,2020-01-14 20:51:00,0.028671,228.392,0.785,49.989
Night_Moderate,2020-01-14 20:54:00,0.029204,229.314,0.7099,49.981
Night_Moderate,2020-01-14 20:57:00,0.031396,229.345,0.8312,49.974
Night_Moderate,2020-01-14 21:00:00,0.038146,228.89,0.9025,49.985
Night_Moderate,2020-01-14 21:03:00,0.022518,228.578,0.6989,50.005
Night_Moderate,2020-01-14 21:06:00,0.029687,228.802,0.8095,49.98
Night_Moderate,2020-01-14 21:09:00,0.030395,230.058,0.7327,50.004
Night_Moderate,2020-01-14 21:12:00,0.033427,228.009,0.8198,49.991
Night_Moderate,2020-01-14 21:15:00,0.037233,228.335,0.888,49.978
Night_Moderate,2020-01-14 21:18:00,0.037143,227.712,0.8611,49.969
Night_Moderate,2020-01-14 21:21:00,0.022212,229.786,0.6161,50.004
Night_Moderate,2020-01-14 21:24:00,0.034111,228.146,0.8041,49.995
Night_Moderate,2020-01-14 21:27:00,0.0376,229.231,0.89,49.967
Night_Moderate,2020-01-14 21:30:00,0.033823,228.654,0.8469,49.984
Night_Moderate,2020-01-14 21:33:00,0.03517,226.549,0.9161,49.99
Night_Moderate,2020-01-14 21:36:00,0.023515,230.412,0.6251,49.98
Night_Moderate,2020-01-14 21:39:00,0.033994,228.845,0.898,49.991
Night_Moderate,2020-01-14 21:42:00,0.033018,229.17,0.8588,49.973
Night_Moderate,2020-01-14 21:45:00,0.03218,230.108,0.8504,49.969
Night_Moderate,2020-01-14 21:48:00,0.029355,229.023,0.826,49.975
Night_Moderate,2020-01-14 21:51:00,0.040685,228.68,0.9312,49.979
Night_Moderate,2020-01-14 21:54:00,0.03103,230.442,0.7748,49.981
Night_Moderate,2020-01-14 21:57:00,0.041935,227.707,0.9625,49.995
Night_Moderate,2020-01-14 22:00:00,0.042896,228.377,0.9755,49.979
Night_Moderate,2020-01-14 22:03:00,0.042735,227.516,1.0283,49.975
Night_Moderate,2020-01-14 22:06:00,0.034848,227.852,0.8868,49.993
Night_Moderate,2020-01-14 22:09:00,0.029884,230.533,0.7881,49.984
Night_Moderate,2020-01-14 22:12:00,0.043249,228.854,1.026,49.991
Night_Moderate,2020-01-14 22:15:00,0.036577,229.159,0.9081,49.984
Night_Moderate,2020-01-14 22:18:00,0.035303,227.148,0.8804,49.971
Night_Moderate,2020-01-14 22:21:00,0.031197,228.487,0.7586,49.968
Night_Moderate,2020-01-14 22:24:00,0.04311,227.868,1.0686,49.974
Night_Moderate,2020-01-14 22:27:00,0.037237,227.587,0.9645,49.969
Night_Moderate,2020-01-14 22:30:00,0.033822,230.17,0.8901,49.985
Night_Moderate,2020-01-14 22:33:00,0.047503,228.079,1.1283,49.994
Night_Moderate,2020-01-14 22:36:00,0.02868,229.718,0.8272,49.994
Night_Moderate,2020-01-14 22:39:00,0.040689,226.839,0.9402,49.991
Night_Moderate,2020-01-14 22:42:00,0.045242,228.675,1.0514,49.976
Night_Moderate,2020-01-14 22:45:00,0.04239,228.308,1.0315,49.992
Night_Moderate,2020-01-14 22:48:00,0.054192,227.224,1.2529,49.964
Night_Moderate,2020-01-14 22:51:00,0.040357,231.0,0.98,49.989
Night_Moderate,2020-01-14 22:54:00,0.034096,229.472,0.848,50.016
Night_Moderate,2020-01-14 22:57:00,0.030675,229.783,0.759,49.96
Night_Moderate,2020-01-14 23:00:00,0.044677,227.86,1.0505,49.97
Night_Moderate,2020-01-14 23:03:00,0.040414,228.811,1.0005,49.974
Night_Moderate,2020-01-14 23:06:00,0.048383,227.717,1.1428,49.981
Night_Moderate,2020-01-14 23:09:00,0.033613,229.367,0.8898,49.992
Night_Moderate,2020-01-14 23:12:00,0.041966,229.61,1.0528,49.995
Night_Moderate,2020-01-14 23:15:00,0.021869,229.903,0.6771,50.006
Night_Moderate,2020-01-14 23:18:00,0.043315,228.818,1.0153,49.979
Night_Moderate,2020-01-14 23:21:00,0.033626,230.163,0.8414,49.982
Night_Moderate,2020-01-14 23:24:00,0.043199,226.742,1.0813,49.973
Night_Moderate,2020-01-14 23:27:00,0.052339,226.716,1.1192,49.995
Night_Moderate,2020-01-14 23:30:00,0.055704,228.138,1.2535,49.984
Night_Moderate,2020-01-14 23:33:00,0.036839,229.106,0.8609,49.986
Night_Moderate,2020-01-14 23:36:00,0.0382,228.181,0.9392,49.999
Night_Moderate,2020-01-14 23:39:00,0.050158,227.991,1.0978,49.994
Night_Moderate,2020-01-14 23:42:00,0.043519,228.896,1.0591,50.001
Night_Moderate,2020-01-14 23:45:00,0.039794,227.852,0.9745,49.995
Night_Moderate,2020-01-14 23:48:00,0.047041,227.023,1.0763,49.971
Night_Moderate,2020-01-14 23:51:00,0.046261,227.709,1.0927,49.986
Night_Moderate,2020-01-14 23:54:00,0.053831,228.044,1.2576,49.963
Night_Moderate,2020-01-14 23:57:00,0.0374,228.823,0.913,49.985
