meter,x_Timestamp,t_kWh,z_Avg Voltage (Volt),z_Avg Current (Amp),y_Freq (Hz)
Weekend_Home,2020-01-01 00:00:00,0.010038,231.524,0.4343,50.011
Weekend_Home,2020-01-01 00:03:00,0.010835,230.443,0.4239,50.014
Weekend_Home,2020-01-01 00:06:00,0.011197,233.074,0.4102,49.993
Weekend_Home,2020-01-01 00:09:00,0.011917,231.826,0.4613,49.993
Weekend_Home,2020-01-01 00:12:00,0.009448,231.898,0.3719,49.975
Weekend_Home,2020-01-01 00:15:00,0.007703,231.304,0.412,49.994
Weekend_Home,2020-01-01 00:18:00,0.006769,231.439,0.4163,49.996
Weekend_Home,2020-01-01 00:21:00,0.009123,230.045,0.3828,50.006
Weekend_Home,2020-01-01 00:24:00,0.009185,230.453,0.4497,50.004
Weekend_Home,2020-01-01 00:27:00,0.01104,231.074,0.4549,50.002
Weekend_Home,2020-01-01 00:30:00,0.008819,231.451,0.3963,50.004
Weekend_Home,2020-01-01 00:33:00,0.009786,231.113,0.4172,49.978
Weekend_Home,2020-01-01 00:36:00,0.007134,231.388,0.3872,49.993
Weekend_Home,2020-01-01 00:39:00,0.008626,231.857,0.3718,49.99
Weekend_Home,2020-01-01 00:42:00,0.008928,230.966,0.4062,49.993
Weekend_Home,2020-01-01 00:45:00,0.007023,232.649,0.4063,50.0
Weekend_Home,2020-01-01 00:48:00,0.007774,231.396,0.3648,50.001
Weekend_Home,2020-01-01 00:51:00,0.01076,230.1,0.4458,50.023
Weekend_Home,2020-01-01 00:54:00,0.009903,232.317,0.4258,49.982
Weekend_Home,2020-01-01 00:57:00,0.011796,230.099,0.4139,50.001
Weekend_Home,2020-01-01 01:00:00,0.007066,232.752,0.3969,49.993
Weekend_Home,2020-01-01 01:03:00,0.011567,232.577,0.4552,49.989
Weekend_Home,2020-01-01 01:06:00,0.013531,231.681,0.5262,49.998
Weekend_Home,2020-01-01 01:09:00,0.008364,230.825,0.4118,49.995
Weekend_Home,2020-01-01 01:12:00,0.008232,231.242,0.3913,50.006
Weekend_Home,2020-01-01 01:15:00,0.005965,230.225,0.36,49.996
Weekend_Home,2020-01-01 01:18:00,0.005491,230.436,0.3914,50.002
Weekend_Home,2020-01-01 01:21:00,0.006709,232.126,0.3354,49.987
Weekend_Home,2020-01-01 01:24:00,0.007581,231.79,0.3894,49.995
Weekend_Home,2020-01-01 01:27:00,0.006803,230.61,0.3584,49.992
Weekend_Home,2020-01-01 01:30:00,0.009955,230.39,0.443,50.008
Weekend_Home,2020-01-01 01:33:00,0.014651,231.905,0.5794,50.007
Weekend_Home,2020-01-01 01:36:00,0.006231,231.506,0.428,49.993
Weekend_Home,2020-01-01 01:39:00,0.007403,232.193,0.3575,49.998
Weekend_Home,2020-01-01 01:42:00,0.008156,230.524,0.3516,50.002
Weekend_Home,2020-01-01 01:45:00,0.008103,231.69,0.3872,50.013
Weekend_Home,2020-01-01 01:48:00,0.007571,231.592,0.4022,49.998
Weekend_Home,2020-01-01 01:51:00,0.01268,231.805,0.4154,49.983
Weekend_Home,2020-01-01 01:54:00,0.010498,230.285,0.4366,49.99
Weekend_Home,2020-01-01 01:57:00,0.011098,232.781,0.4696,49.984
Weekend_Home,2020-01-01 02:00:00,0.007454,231.492,0.3615,50.004
Weekend_Home,2020-01-01 02:03:00,0.010352,231.981,0.4317,49.994
Weekend_Home,2020-01-01 02:06:00,0.006859,232.134,0.4232,49.994
Weekend_Home,2020-01-01 02:09:00,0.01055,229.917,0.4851,49.969
Weekend_Home,2020-01-01 02:12:00,0.010802,231.335,0.4754,50.007
Weekend_Home,2020-01-01 02:15:00,0.010973,231.038,0.4673,50.009
Weekend_Home,2020-01-01 02:18:00,0.007777,231.57,0.3182,49.982
Weekend_Home,2020-01-01 02:21:00,0.007494,232.874,0.4505,49.985
Weekend_Home,2020-01-01 02:24:00,0.009696,230.304,0.4382,49.986
Weekend_Home,2020-01-01 02:27:00,0.010542,231.171,0.4644,49.985
Weekend_Home,2020-01-01 02:30:00,0.009067,231.718,0.429,49.991
Weekend_Home,2020-01-01 02:33:00,0.012072,232.406,0.4814,50.005
Weekend_Home,2020-01-01 02:36:00,0.012696,230.841,0.4673,50.008
Weekend_Home,2020-01-01 02:39:00,0.00963,232.306,0.4134,49.999
Weekend_Home,2020-01-01 02:42:00,0.01154,232.093,0.4189,49.994
Weekend_Home,2020-01-01 02:45:00,0.00828,230.824,0.4174,50.004
Weekend_Home,2020-01-01 02:48:00,0.013646,229.049,0.4951,50.001
Weekend_Home,2020-01-01 02:51:00,0.011581,230.01,0.4333,49.996
Weekend_Home,2020-01-01 02:54:00,0.009415,230.923,0.4074,49.991
Weekend_Home,2020-01-01 02:57:00,0.012027,231.35,0.4885,49.991
Weekend_Home,2020-01-01 03:00:00,0.012449,233.173,0.498,50.017
Weekend_Home,2020-01-01 03:03:00,0.008994,230.546,0.4228,50.01
Weekend_Home,2020-01-01 03:06:00,0.008798,231.685,0.436,49.998
Weekend_Home,2020-01-01 03:09:00,0.013972,229.814,0.5043,49.989
Weekend_Home,2020-01-01 03:12:00,0.009947,232.079,0.4333,49.999
Weekend_Home,2020-01-01 03:15:00,0.007372,231.304,0.358,50.004
Weekend_Home,2020-01-01 03:18:00,0.013031,231.537,0.4846,49.977
Weekend_Home,2020-01-01 03:21:00,0.010646,229.854,0.4531,50.007
Weekend_Home,2020-01-01 03:24:00,0.008354,231.504,0.4057,50.005
Weekend_Home,2020-01-01 03:27:00,0.014187,232.445,0.5045,49.955
Weekend_Home,2020-01-01 03:30:00,0.00873,231.363,0.4269,49.984
Weekend_Home,2020-01-01 03:33:00,0.009392,230.168,0.4404,50.026
Weekend_Home,2020-01-01 03:36:00,0.010065,231.123,0.4526,50.009
Weekend_Home,2020-01-01 03:39:00,0.008683,232.395,0.3968,49.984
Weekend_Home,2020-01-01 03:42:00,0.007136,232.676,0.3984,49.981
Weekend_Home,2020-01-01 03:45:00,0.010204,232.23,0.4449,50.004
Weekend_Home,2020-01-01 03:48:00,0.007678,231.192,0.4313,49.987
Weekend_Home,2020-01-01 03:51:00,0.00974,231.334,0.3945,49.998
Weekend_Home,2020-01-01 03:54:00,0.009016,231.585,0.4145,49.985
Weekend_Home,2020-01-01 03:57:00,0.008346,230.598,0.4185,50.004
Weekend_Home,2020-01-01 04:00:00,0.009472,232.314,0.4601,49.995
Weekend_Home,2020-01-01 04:03:00,0.011126,230.009,0.442,49.993
Weekend_Home,2020-01-01 04:06:00,0.014717,230.437,0.5336,50.002
Weekend_Home,2020-01-01 04:09:00,0.008999,230.06,0.4079,50.003
Weekend_Home,2020-01-01 04:12:00,0.015371,230.128,0.5447,50.017
Weekend_Home,2020-01-01 04:15:00,0.013475,231.089,0.5804,50.003
Weekend_Home,2020-01-01 04:18:00,0.012568,230.527,0.5069,50.005
Weekend_Home,2020-01-01 04:21:00,0.007342,232.188,0.4036,50.0
Weekend_Home,2020-01-01 04:24:00,0.009874,231.22,0.4221,49.983
Weekend_Home,2020-01-01 04:27:00,0.007042,231.898,0.3806,50.001
Weekend_Home,2020-01-01 04:30:00,0.01154,230.908,0.4312,50.001
Weekend_Home,2020-01-01 04:33:00,0.012288,232.406,0.4668,50.012
Weekend_Home,2020-01-01 04:36:00,0.012817,230.646,0.5436,49.978
Weekend_Home,2020-01-01 04:39:00,0.008614,233.242,0.4181,49.999
Weekend_Home,2020-01-01 04:42:00,0.010105,232.319,0.4561,49.997
Weekend_Home,2020-01-01 04:45:00,0.011263,231.827,0.4479,49.999
Weekend_Home,2020-01-01 04:48:00,0.012418,230.545,0.4455,50.001
Weekend_Home,2020-01-01 04:51:00,0.013938,232.658,0.4829,49.984
Weekend_Home,2020-01-01 04:54:00,0.01416,229.83,0.5544,49.999
Weekend_Home,2020-01-01 04:57:00,0.014612,231.893,0.5594,49.983
Weekend_Home,2020-01-01 05:00:00,0.007967,231.248,0.366,49.994
Weekend_Home,2020-01-01 05:03:00,0.019527,230.554,0.5558,49.99
Weekend_Home,2020-01-01 05:06:00,0.012204,230.07,0.4675,49.988
Weekend_Home,2020-01-01 05:09:00,0.011775,230.376,0.4551,49.983
Weekend_Home,2020-01-01 05:12:00,0.00984,232.986,0.484,50.005
Weekend_Home,2020-01-01 05:15:00,0.01373,232.432,0.4793,49.977
Weekend_Home,2020-01-01 05:18:00,0.011207,230.725,0.3728,50.006
Weekend_Home,2020-01-01 05:21:00,0.013773,232.967,0.481,49.993
Weekend_Home,2020-01-01 05:24:00,0.015512,230.554,0.5149,49.987
Weekend_Home,2020-01-01 05:27:00,0.015863,231.198,0.5714,50.002
Weekend_Home,2020-01-01 05:30:00,0.014995,230.504,0.5488,49.991
Weekend_Home,2020-01-01 05:33:00,0.012822,232.455,0.4688,49.98
Weekend_Home,2020-01-01 05:36:00,0.015557,229.644,0.5374,49.991
Weekend_Home,2020-01-01 05:39:00,0.014324,231.23,0.5509,49.979
Weekend_Home,2020-01-01 05:42:00,0.014261,230.532,0.4958,49.989
Weekend_Home,2020-01-01 05:45:00,0.015401,231.735,0.4871,49.996
Weekend_Home,2020-01-01 05:48:00,0.014879,230.907,0.544,49.981
Weekend_Home,2020-01-01 05:51:00,0.019691,230.455,0.5951,49.983
Weekend_Home,2020-01-01 05:54:00,0.024091,230.481,0.7213,50.003
Weekend_Home,2020-01-01 05:57:00,0.017737,230.762,0.5976,49.986
Weekend_Home,2020-01-01 06:00:00,0.015934,230.898,0.5024,50.0
Weekend_Home,2020-01-01 06:03:00,0.015132,230.388,0.559,49.983
Weekend_Home,2020-01-01 06:06:00,0.014111,230.58,0.5895,50.007
Weekend_Home,2020-01-01 06:09:00,0.013845,231.69,0.5192,50.011
Weekend_Home,2020-01-01 06:12:00,0.021454,230.878,0.6397,50.005
Weekend_Home,2020-01-01 06:15:00,0.014017,230.913,0.5483,50.004
Weekend_Home,2020-01-01 06:18:00,0.023689,231.236,0.6905,49.973
Weekend_Home,2020-01-01 06:21:00,0.021258,230.924,0.6724,49.998
Weekend_Home,2020-01-01 06:24:00,0.021087,230.235,0.6829,49.994
Weekend_Home,2020-01-01 06:27:00,0.026695,230.344,0.7163,50.001
Weekend_Home,2020-01-01 06:30:00,0.016828,229.936,0.5312,50.0
Weekend_Home,2020-01-01 06:33:00,0.02336,229.796,0.7074,49.991
Weekend_Home,2020-01-01 06:36:00,0.014321,230.078,0.521,49.998
Weekend_Home,2020-01-01 06:39:00,0.012242,231.165,0.46,49.97
Weekend_Home,2020-01-01 06:42:00,0.020711,231.366,0.5924,49.977
Weekend_Home,2020-01-01 06:45:00,0.023968,230.515,0.6951,49.992
Weekend_Home,2020-01-01 06:48:00,0.017461,230.716,0.5592,49.986
Weekend_Home,2020-01-01 06:51:00,0.008313,231.164,0.3749,49.988
Weekend_Home,2020-01-01 06:54:00,0.020065,230.919,0.5664,49.996
Weekend_Home,2020-01-01 06:57:00,0.016049,231.017,0.5184,49.987
Weekend_Home,2020-01-01 07:00:00,0.020088,231.156,0.5745,49.979
Weekend_Home,2020-01-01 07:03:00,0.028891,228.53,0.7418,49.965
Weekend_Home,2020-01-01 07:06:00,0.024628,230.887,0.7569,49.985
Weekend_Home,2020-01-01 07:09:00,0.023639,230.587,0.6583,49.981
Weekend_Home,2020-01-01 07:12:00,0.024607,230.716,0.7199,50.011
Weekend_Home,2020-01-01 07:15:00,0.029379,228.436,0.7723,49.99
Weekend_Home,2020-01-01 07:18:00,0.015575,231.139,0.5369,50.01
Weekend_Home,2020-01-01 07:21:00,0.021365,229.391,0.6614,50.015
Weekend_Home,2020-01-01 07:24:00,0.017012,230.037,0.5162,49.984
Weekend_Home,2020-01-01 07:27:00,0.021364,230.376,0.6284,49.995
Weekend_Home,2020-01-01 07:30:00,0.02151,230.272,0.5799,49.987
Weekend_Home,2020-01-01 07:33:00,0.02594,229.602,0.6796,50.01
Weekend_Home,2020-01-01 07:36:00,0.025401,229.709,0.6502,49.986
Weekend_Home,2020-01-01 07:39:00,0.028621,230.207,0.8064,49.978
Weekend_Home,2020-01-01 07:42:00,0.020689,230.143,0.5931,49.998
Weekend_Home,2020-01-01 07:45:00,0.017751,232.046,0.5593,49.988
Weekend_Home,2020-01-01 07:48:00,0.018475,230.423,0.5494,50.002
Weekend_Home,2020-01-01 07:51:00,0.021106,230.021,0.5493,49.982
Weekend_Home,2020-01-01 07:54:00,0.028713,232.814,0.7723,49.994
Weekend_Home,2020-01-01 07:57:00,0.027011,230.475,0.7093,49.99
Weekend_Home,2020-01-01 08:00:00,0.012731,231.948,0.5003,49.979
Weekend_Home,2020-01-01 08:03:00,0.012521,231.194,0.4558,49.996
Weekend_Home,2020-01-01 08:06:00,0.024702,230.215,0.647,50.021
Weekend_Home,2020-01-01 08:09:00,0.03837,228.547,0.8859,49.989
Weekend_Home,2020-01-01 08:12:00,0.025972,230.069,0.6858,50.003
Weekend_Home,2020-01-01 08:15:00,0.018341,230.465,0.5439,49.991
Weekend_Home,2020-01-01 08:18:00,0.031114,229.265,0.8182,49.986
Weekend_Home,2020-01-01 08:21:00,0.025434,231.106,0.7351,49.991
Weekend_Home,2020-01-01 08:24:00,0.031483,228.529,0.893,49.982
Weekend_Home,2020-01-01 08:27:00,0.023894,228.987,0.6753,50.001
Weekend_Home,2020-01-01 08:30:00,0.020785,229.347,0.58,49.992
Weekend_Home,2020-01-01 08:33:00,0.023322,229.373,0.6759,49.998
Weekend_Home,2020-01-01 08:36:00,0.026351,229.93,0.7578,49.978
Weekend_Home,2020-01-01 08:39:00,0.021634,228.424,0.6518,49.972
Weekend_Home,2020-01-01 08:42:00,0.020619,230.736,0.598,50.018
Weekend_Home,2020-01-01 08:45:00,0.019806,230.531,0.6273,49.991
Weekend_Home,2020-01-01 08:48:00,0.021407,229.288,0.623,50.004
Weekend_Home,2020-01-01 08:51:00,0.022674,230.397,0.6605,49.998
Weekend_Home,2020-01-01 08:54:00,0.02311,230.322,0.6511,49.996
Weekend_Home,2020-01-01 08:57:00,0.019252,230.315,0.6839,49.994
Weekend_Home,2020-01-01 09:00:00,0.010816,230.601,0.4801,49.972
Weekend_Home,2020-01-01 09:03:00,0.02422,232.433,0.6701,49.987
Weekend_Home,2020-01-01 09:06:00,0.026391,228.937,0.7786,49.99
Weekend_Home,2020-01-01 09:09:00,0.029482,229.407,0.771,49.996
Weekend_Home,2020-01-01 09:12:00,0.023795,230.225,0.6697,50.006
Weekend_Home,2020-01-01 09:15:00,0.013335,231.696,0.4974,50.0
Weekend_Home,2020-01-01 09:18:00,0.027104,229.849,0.7525,49.984
Weekend_Home,2020-01-01 09:21:00,0.014109,228.574,0.5582,49.976
Weekend_Home,2020-01-01 09:24:00,0.012648,231.171,0.514,49.992
Weekend_Home,2020-01-01 09:27:00,0.024129,228.572,0.6915,49.973
Weekend_Home,2020-01-01 09:30:00,0.02339,229.597,0.6622,49.969
Weekend_Home,2020-01-01 09:33:00,0.021039,230.564,0.5937,49.98
Weekend_Home,2020-01-01 09:36:00,0.018339,231.538,0.5966,49.997
Weekend_Home,2020-01-01 09:39:00,0.022641,228.691,0.6448,49.995
Weekend_Home,2020-01-01 09:42:00,0.028833,229.904,0.7827,49.974
Weekend_Home,2020-01-01 09:45:00,0.022224,230.677,0.6983,50.002
Weekend_Home,2020-01-01 09:48:00,0.01304,231.46,0.474,49.974
Weekend_Home,2020-01-01 09:51:00,0.018199,229.295,0.5416,49.993
Weekend_Home,2020-01-01 09:54:00,0.014432,231.277,0.4989,49.979
Weekend_Home,2020-01-01 09:57:00,0.022465,229.897,0.6888,49.996
Weekend_Home,2020-01-01 10:00:00,0.020074,230.292,0.6146,49.991
Weekend_Home,2020-01-01 10:03:00,0.026095,231.105,0.7051,49.987
Weekend_Home,2020-01-01 10:06:00,0.025059,229.904,0.679,50.012
Weekend_Home,2020-01-01 10:09:00,0.017034,231.881,0.4847,49.988
Weekend_Home,2020-01-01 10:12:00,0.018175,229.06,0.5865,49.993
Weekend_Home,2020-01-01 10:15:00,0.024319,230.431,0.6605,49.995
Weekend_Home,2020-01-01 10:18:00,0.021615,229.232,0.5912,49.981
Weekend_Home,2020-01-01 10:21:00,0.022656,229.897,0.6579,50.0
Weekend_Home,2020-01-01 10:24:00,0.01666,230.644,0.5526,49.991
Weekend_Home,2020-01-01 10:27:00,0.01872,229.05,0.5984,49.986
Weekend_Home,2020-01-01 10:30:00,0.021606,229.281,0.6795,49.994
Weekend_Home,2020-01-01 10:33:00,0.018622,230.503,0.591,49.979
Weekend_Home,2020-01-01 10:36:00,0.020676,229.646,0.6325,50.011
Weekend_Home,2020-01-01 10:39:00,0.021998,230.89,0.6791,50.013
Weekend_Home,2020-01-01 10:42:00,0.012394,230.406,0.4744,49.993
Weekend_Home,2020-01-01 10:45:00,0.022617,230.26,0.6187,49.98
Weekend_Home,2020-01-01 10:48:00,0.028408,228.997,0.7602,49.993
Weekend_Home,2020-01-01 10:51:00,0.024006,229.271,0.694,49.988
Weekend_Home,2020-01-01 10:54:00,0.019375,229.306,0.544,49.994
Weekend_Home,2020-01-01 10:57:00,0.017303,230.868,0.5179,49.998
Weekend_Home,2020-01-01 11:00:00,0.017726,232.018,0.5496,50.003
Weekend_Home,2020-01-01 11:03:00,0.021343,231.034,0.6177,49.98
Weekend_Home,2020-01-01 11:06:00,0.022953,231.196,0.7027,49.996
Weekend_Home,2020-01-01 11:09:00,0.020881,230.023,0.6411,50.007
Weekend_Home,2020-01-01 11:12:00,0.017848,230.958,0.5432,49.987
Weekend_Home,2020-01-01 11:15:00,0.016833,230.073,0.5723,49.987
Weekend_Home,2020-01-01 11:18:00,0.022558,229.123,0.628,49.99
Weekend_Home,2020-01-01 11:21:00,0.025534,229.865,0.6349,49.975
Weekend_Home,2020-01-01 11:24:00,0.021725,230.871,0.627,49.987
Weekend_Home,2020-01-01 11:27:00,0.010952,231.201,0.4612,50.009
Weekend_Home,2020-01-01 11:30:00,0.016073,230.0,0.5652,50.003
Weekend_Home,2020-01-01 11:33:00,0.017438,230.273,0.5575,49.993
Weekend_Home,2020-01-01 11:36:00,0.025231,229.367,0.658,49.986
Weekend_Home,2020-01-01 11:39:00,0.012748,230.58,0.4365,49.985
Weekend_Home,2020-01-01 11:42:00,0.017294,231.455,0.6114,50.003
Weekend_Home,2020-01-01 11:45:00,0.022815,231.418,0.6966,49.98
Weekend_Home,2020-01-01 11:48:00,0.022698,228.996,0.7218,49.975
Weekend_Home,2020-01-01 11:51:00,0.018697,231.042,0.537,49.987
Weekend_Home,2020-01-01 11:54:00,0.019948,230.577,0.5713,49.992
Weekend_Home,2020-01-01 11:57:00,0.015208,231.344,0.5171,49.989
Weekend_Home,2020-01-01 12:00:00,0.013804,230.319,0.546,50.013
Weekend_Home,2020-01-01 12:03:00,0.01559,229.925,0.538,49.973
Weekend_Home,2020-01-01 12:06:00,0.016004,230.701,0.5416,50.001
Weekend_Home,2020-01-01 12:09:00,0.019391,230.669,0.5559,49.992
Weekend_Home,2020-01-01 12:12:00,0.022904,229.188,0.655,49.993
Weekend_Home,2020-01-01 12:15:00,0.023898,229.88,0.6924,49.992
Weekend_Home,2020-01-01 12:18:00,0.020079,230.8,0.5614,50.007
Weekend_Home,2020-01-01 12:21:00,0.018787,229.676,0.6108,49.992
Weekend_Home,2020-01-01 12:24:00,0.024897,231.198,0.7401,49.99
Weekend_Home,2020-01-01 12:27:00,0.007614,229.762,0.4205,49.998
Weekend_Home,2020-01-01 12:30:00,0.017535,232.232,0.5735,49.994
Weekend_Home,2020-01-01 12:33:00,0.028324,227.897,0.7355,49.994
Weekend_Home,2020-01-01 12:36:00,0.017477,230.407,0.5705,50.023
Weekend_Home,2020-01-01 12:39:00,0.017199,230.229,0.5274,49.99
Weekend_Home,2020-01-01 12:42:00,0.022475,230.141,0.7055,49.996
Weekend_Home,2020-01-01 12:45:00,0.02199,230.178,0.5733,49.974
Weekend_Home,2020-01-01 12:48:00,0.024551,230.211,0.6607,50.005
Weekend_Home,2020-01-01 12:51:00,0.020359,230.502,0.6122,49.988
Weekend_Home,2020-01-01 12:54:00,0.011766,230.779,0.4185,50.001
Weekend_Home,2020-01-01 12:57:00,0.02341,230.53,0.6506,49.993
Weekend_Home,2020-01-01 13:00:00,0.021311,230.892,0.5679,49.994
Weekend_Home,2020-01-01 13:03:00,0.02458,229.036,0.7659,49.982
Weekend_Home,2020-01-01 13:06:00,0.027936,230.143,0.7609,50.01
Weekend_Home,2020-01-01 13:09:00,0.020396,229.544,0.5967,49.968
Weekend_Home,2020-01-01 13:12:00,0.01947,229.9,0.5502,50.013
Weekend_Home,2020-01-01 13:15:00,0.017829,229.456,0.5558,50.008
Weekend_Home,2020-01-01 13:18:00,0.024046,229.426,0.6857,49.988
Weekend_Home,2020-01-01 13:21:00,0.017186,229.887,0.5281,49.99
Weekend_Home,2020-01-01 13:24:00,0.02379,229.47,0.6727,49.975
Weekend_Home,2020-01-01 13:27:00,0.018267,231.664,0.6029,49.983
Weekend_Home,2020-01-01 13:30:00,0.018168,230.464,0.6196,49.992
Weekend_Home,2020-01-01 13:33:00,0.020683,230.199,0.6003,49.976
Weekend_Home,2020-01-01 13:36:00,0.015719,230.277,0.4934,49.996
Weekend_Home,2020-01-01 13:39:00,0.021232,230.654,0.6379,50.004
Weekend_Home,2020-01-01 13:42:00,0.024084,229.736,0.6421,49.993
Weekend_Home,2020-01-01 13:45:00,0.020782,230.827,0.6505,50.0
Weekend_Home,2020-01-01 13:48:00,0.014978,230.706,0.5231,49.993
Weekend_Home,2020-01-01 13:51:00,0.022901,230.695,0.6169,50.013
Weekend_Home,2020-01-01 13:54:00,0.012358,230.721,0.4778,49.993
Weekend_Home,2020-01-01 13:57:00,0.017724,230.36,0.5068,49.989
Weekend_Home,2020-01-01 14:00:00,0.012315,230.707,0.4487,49.995
Weekend_Home,2020-01-01 14:03:00,0.01318,230.135,0.4723,49.986
Weekend_Home,2020-01-01 14:06:00,0.028644,230.688,0.7797,49.982
Weekend_Home,2020-01-01 14:09:00,0.022113,227.861,0.6752,49.982
Weekend_Home,2020-01-01 14:12:00,0.015476,231.554,0.5519,49.992
Weekend_Home,2020-01-01 14:15:00,0.020317,230.307,0.6156,49.983
Weekend_Home,2020-01-01 14:18:00,0.024866,229.443,0.7022,49.964
Weekend_Home,2020-01-01 14:21:00,0.023405,229.82,0.6905,49.982
Weekend_Home,2020-01-01 14:24:00,0.017001,229.758,0.6095,49.995
Weekend_Home,2020-01-01 14:27:00,0.020618,229.057,0.5964,49.989
Weekend_Home,2020-01-01 14:30:00,0.020168,230.634,0.6312,49.988
Weekend_Home,2020-01-01 14:33:00,0.023679,229.185,0.6945,50.013
Weekend_Home,2020-01-01 14:36:00,0.030635,229.809,0.7565,49.983
Weekend_Home,2020-01-01 14:39:00,0.014974,232.127,0.5248,49.997
Weekend_Home,2020-01-01 14:42:00,0.02369,230.099,0.6507,49.981
Weekend_Home,2020-01-01 14:45:00,0.020204,228.745,0.6147,49.98
Weekend_Home,2020-01-01 14:48:00,0.023152,229.31,0.6631,50.006
Weekend_Home,2020-01-01 14:51:00,0.02099,232.206,0.6393,49.989
Weekend_Home,2020-01-01 14:54:00,0.016124,230.321,0.5435,50.001
Weekend_Home,2020-01-01 14:57:00,0.024374,228.668,0.7481,49.999
Weekend_Home,2020-01-01 15:00:00,0.013984,230.661,0.4819,49.964
Weekend_Home,2020-01-01 15:03:00,0.020824,229.859,0.5625,49.961
Weekend_Home,2020-01-01 15:06:00,0.02289,231.18,0.6524,49.993
Weekend_Home,2020-01-01 15:09:00,0.01477,230.653,0.4851,49.987
Weekend_Home,2020-01-01 15:12:00,0.026744,230.142,0.718,50.005
Weekend_Home,2020-01-01 15:15:00,0.012499,231.685,0.517,49.982
Weekend_Home,2020-01-01 15:18:00,0.018239,229.284,0.5577,49.974
Weekend_Home,2020-01-01 15:21:00,0.020406,231.479,0.5686,49.981
Weekend_Home,2020-01-01 15:24:00,0.009757,230.555,0.418,50.004
Weekend_Home,2020-01-01 15:27:00,0.02301,229.6,0.647,49.998
Weekend_Home,2020-01-01 15:30:00,0.018895,230.579,0.5622,49.997
Weekend_Home,2020-01-01 15:33:00,0.021652,229.267,0.7124,49.989
Weekend_Home,2020-01-01 15:36:00,0.016693,231.436,0.572,50.0
Weekend_Home,2020-01-01 15:39:00,0.017477,230.799,0.5655,49.982
Weekend_Home,2020-01-01 15:42:00,0.024722,230.209,0.6772,49.985
Weekend_Home,2020-01-01 15:45:00,0.024945,230.128,0.6754,49.976
Weekend_Home,2020-01-01 15:48:00,0.018596,232.785,0.6185,49.979
Weekend_Home,2020-01-01 15:51:00,0.017963,232.01,0.5496,50.002
Weekend_Home,2020-01-01 15:54:00,0.012331,231.971,0.4545,50.009
Weekend_Home,2020-01-01 15:57:00,0.01438,232.024,0.4825,50.009
Weekend_Home,2020-01-01 16:00:00,0.018255,229.049,0.5626,49.983
Weekend_Home,2020-01-01 16:03:00,0.019446,231.009,0.6029,50.002
Weekend_Home,2020-01-01 16:06:00,0.014826,231.391,0.4843,49.985
Weekend_Home,2020-01-01 16:09:00,0.018103,230.417,0.5059,50.003
Weekend_Home,2020-01-01 16:12:00,0.021395,228.978,0.6002,49.994
Weekend_Home,2020-01-01 16:15:00,0.022274,230.766,0.712,49.982
Weekend_Home,2020-01-01 16:18:00,0.013143,231.735,0.5104,50.003
Weekend_Home,2020-01-01 16:21:00,0.018132,229.924,0.6252,50.004
Weekend_Home,2020-01-01 16:24:00,0.016612,230.251,0.5863,50.012
Weekend_Home,2020-01-01 16:27:00,0.016131,229.82,0.521,49.998
Weekend_Home,2020-01-01 16:30:00,0.022848,230.805,0.675,49.988
Weekend_Home,2020-01-01 16:33:00,0.020944,230.011,0.6443,49.993
Weekend_Home,2020-01-01 16:36:00,0.011937,230.224,0.5091,49.994
Weekend_Home,2020-01-01 16:39:00,0.01392,230.27,0.4362,50.001
Weekend_Home,2020-01-01 16:42:00,0.010768,231.246,0.4244,49.98
Weekend_Home,2020-01-01 16:45:00,0.016885,230.311,0.5813,49.993
Weekend_Home,2020-01-01 16:48:00,0.01438,230.201,0.4323,49.987
Weekend_Home,2020-01-01 16:51:00,0.018955,230.991,0.5708,49.986
Weekend_Home,2020-01-01 16:54:00,0.019198,229.838,0.6396,50.019
Weekend_Home,2020-01-01 16:57:00,0.019124,230.001,0.5886,49.996
Weekend_Home,2020-01-01 17:00:00,0.021621,230.676,0.6707,49.974
Weekend_Home,2020-01-01 17:03:00,0.018346,231.003,0.5491,49.984
Weekend_Home,2020-01-01 17:06:00,0.014464,231.435,0.4665,49.981
Weekend_Home,2020-01-01 17:09:00,0.01963,230.104,0.6259,49.993
Weekend_Home,2020-01-01 17:12:00,0.01632,229.468,0.5458,50.014
Weekend_Home,2020-01-01 17:15:00,0.02005,231.119,0.5383,49.997
Weekend_Home,2020-01-01 17:18:00,0.010813,232.371,0.4473,49.985
Weekend_Home,2020-01-01 17:21:00,0.019765,230.266,0.5701,49.995
Weekend_Home,2020-01-01 17:24:00,0.012537,231.278,0.479,50.001
Weekend_Home,2020-01-01 17:27:00,0.022249,231.369,0.6493,49.979
Weekend_Home,2020-01-01 17:30:00,0.015696,231.06,0.5114,49.982
Weekend_Home,2020-01-01 17:33:00,0.015586,230.304,0.5672,49.995
Weekend_Home,2020-01-01 17:36:00,0.013756,231.414,0.5141,50.001
Weekend_Home,2020-01-01 17:39:00,0.015466,230.451,0.5508,49.977
Weekend_Home,2020-01-01 17:42:00,0.015586,230.992,0.5239,49.998
Weekend_Home,2020-01-01 17:45:00,0.013784,231.419,0.5023,50.007
Weekend_Home,2020-01-01 17:48:00,0.0226,229.96,0.6275,49.997
Weekend_Home,2020-01-01 17:51:00,0.013845,231.809,0.479,49.987
Weekend_Home,2020-01-01 17:54:00,0.017329,230.526,0.5278,49.996
Weekend_Home,2020-01-01 17:57:00,0.012402,231.489,0.4257,49.976
Weekend_Home,2020-01-01 18:00:00,0.009905,230.063,0.45,50.008
Weekend_Home,2020-01-01 18:03:00,0.018832,229.864,0.5949,50.001
Weekend_Home,2020-01-01 18:06:00,0.019878,229.485,0.5446,49.983
Weekend_Home,2020-01-01 18:09:00,0.016948,231.222,0.5981,50.004
Weekend_Home,2020-01-01 18:12:00,0.021827,229.824,0.6376,49.981
Weekend_Home,2020-01-01 18:15:00,0.020019,229.523,0.6068,49.992
Weekend_Home,2020-01-01 18:18:00,0.018877,230.425,0.5395,50.007
Weekend_Home,2020-01-01 18:21:00,0.023025,230.943,0.6958,50.004
Weekend_Home,2020-01-01 18:24:00,0.025707,228.641,0.7162,49.979
Weekend_Home,2020-01-01 18:27:00,0.0167,229.352,0.5684,49.981
Weekend_Home,2020-01-01 18:30:00,0.014286,230.136,0.4939,49.973
Weekend_Home,2020-01-01 18:33:00,0.015071,230.48,0.55,50.017
Weekend_Home,2020-01-01 18:36:00,0.020315,231.228,0.6078,49.979
Weekend_Home,2020-01-01 18:39:00,0.01754,231.907,0.6018,49.993
Weekend_Home,2020-01-01 18:42:00,0.024395,229.645,0.7352,49.996
Weekend_Home,2020-01-01 18:45:00,0.022114,229.043,0.5762,49.965
Weekend_Home,2020-01-01 18:48:00,0.015253,230.358,0.5147,49.986
Weekend_Home,2020-01-01 18:51:00,0.017862,229.352,0.5632,49.993
Weekend_Home,2020-01-01 18:54:00,0.012175,230.748,0.4196,49.994
Weekend_Home,2020-01-01 18:57:00,0.015919,231.686,0.5182,49.997
Weekend_Home,2020-01-01 19:00:00,0.027764,228.314,0.8051,50.003
Weekend_Home,2020-01-01 19:03:00,0.019767,229.675,0.593,50.009
Weekend_Home,2020-01-01 19:06:00,0.019527,230.266,0.5761,50.006
Weekend_Home,2020-01-01 19:09:00,0.011133,231.07,0.4388,50.006
Weekend_Home,2020-01-01 19:12:00,0.020585,231.397,0.6918,49.992
Weekend_Home,2020-01-01 19:15:00,0.015786,231.494,0.5297,49.98
Weekend_Home,2020-01-01 19:18:00,0.025718,229.287,0.6966,49.985
Weekend_Home,2020-01-01 19:21:00,0.022251,230.141,0.6235,49.994
Weekend_Home,2020-01-01 19:24:00,0.015398,231.46,0.5547,50.003
Weekend_Home,2020-01-01 19:27:00,0.018869,231.407,0.5646,50.003
Weekend_Home,2020-01-01 19:30:00,0.022304,228.263,0.6669,49.982
Weekend_Home,2020-01-01 19:33:00,0.021257,230.206,0.6364,49.991
Weekend_Home,2020-01-01 19:36:00,0.019584,229.854,0.6393,49.964
Weekend_Home,2020-01-01 19:39:00,0.021543,229.728,0.6747,49.968
Weekend_Home,2020-01-01 19:42:00,0.024036,229.927,0.6483,49.991
Weekend_Home,2020-01-01 19:45:00,0.012589,229.789,0.4763,49.999
Weekend_Home,2020-01-01 19:48:00,0.019866,229.715,0.6735,49.993
Weekend_Home,2020-01-01 19:51:00,0.021729,229.107,0.6593,50.002
Weekend_Home,2020-01-01 19:54:00,0.023352,230.714,0.6416,49.997
Weekend_Home,2020-01-01 19:57:00,0.019025,230.905,0.6223,49.99
Weekend_Home,2020-01-01 20:00:00,0.020896,229.816,0.6596,49.988
Weekend_Home,2020-01-01 20:03:00,0.016115,232.027,0.518,49.998
Weekend_Home,2020-01-01 20:06:00,0.019546,229.823,0.5989,49.982
Weekend_Home,2020-01-01 20:09:00,0.020889,229.439,0.6324,49.987
Weekend_Home,2020-01-01 20:12:00,0.019392,231.297,0.6405,50.001
Weekend_Home,2020-01-01 20:15:00,0.016553,230.11,0.5921,50.011
Weekend_Home,2020-01-01 20:18:00,0.017936,229.71,0.5835,49.991
Weekend_Home,2020-01-01 20:21:00,0.016327,230.115,0.5157,50.002
Weekend_Home,2020-01-01 20:24:00,0.016481,230.556,0.5669,50.003
Weekend_Home,2020-01-01 20:27:00,0.018301,230.797,0.605,49.973
Weekend_Home,2020-01-01 20:30:00,0.018943,229.592,0.595,49.991
Weekend_Home,2020-01-01 20:33:00,0.01893,230.29,0.5778,49.983
Weekend_Home,2020-01-01 20:36:00,0.01259,230.855,0.544,49.99
Weekend_Home,2020-01-01 20:39:00,0.02027,229.997,0.5638,49.98
Weekend_Home,2020-01-01 20:42:00,0.016426,231.764,0.4872,49.988
Weekend_Home,2020-01-01 20:45:00,0.013425,231.177,0.5492,49.975
Weekend_Home,2020-01-01 20:48:00,0.019646,230.728,0.5496,49.977
Weekend_Home,2020-01-01 20:51:00,0.019084,230.594,0.6153,49.984
Weekend_Home,2020-01-01 20:54:00,0.014779,230.105,0.5099,50.031
Weekend_Home,2020-01-01 20:57:00,0.017093,231.206,0.5897,50.0
Weekend_Home,2020-01-01 21:00:00,0.017494,231.803,0.5191,50.018
Weekend_Home,2020-01-01 21:03:00,0.015337,231.865,0.4853,50.009
Weekend_Home,2020-01-01 21:06:00,0.018567,231.006,0.569,49.983
Weekend_Home,2020-01-01 21:09:00,0.016665,229.301,0.5615,49.976
Weekend_Home,2020-01-01 21:12:00,0.021839,229.464,0.6548,49.997
Weekend_Home,2020-01-01 21:15:00,0.024156,231.225,0.6729,49.986
Weekend_Home,2020-01-01 21:18:00,0.016325,229.931,0.496,50.001
Weekend_Home,2020-01-01 21:21:00,0.012754,230.818,0.551,50.006
Weekend_Home,2020-01-01 21:24:00,0.019983,229.53,0.6574,49.996
Weekend_Home,2020-01-01 21:27:00,0.019894,231.103,0.6132,50.007
Weekend_Home,2020-01-01 21:30:00,0.018995,230.114,0.5547,49.989
Weekend_Home,2020-01-01 21:33:00,0.01657,230.688,0.5071,49.981
Weekend_Home,2020-01-01 21:36:00,0.016596,229.285,0.5821,49.998
Weekend_Home,2020-01-01 21:39:00,0.020617,228.908,0.6126,50.007
Weekend_Home,2020-01-01 21:42:00,0.011332,231.497,0.4436,49.991
Weekend_Home,2020-01-01 21:45:00,0.019902,230.002,0.6076,49.986
Weekend_Home,2020-01-01 21:48:00,0.013108,231.276,0.4894,49.995
Weekend_Home,2020-01-01 21:51:00,0.017898,231.763,0.5893,49.992
Weekend_Home,2020-01-01 21:54:00,0.012899,229.929,0.4575,49.979
Weekend_Home,2020-01-01 21:57:00,0.010986,231.11,0.4551,50.003
Weekend_Home,2020-01-01 22:00:00,0.008067,232.799,0.3707,49.99
Weekend_Home,2020-01-01 22:03:00,0.015916,229.583,0.5379,49.987
Weekend_Home,2020-01-01 22:06:00,0.010279,231.171,0.4803,50.0
Weekend_Home,2020-01-01 22:09:00,0.012545,231.866,0.5012,49.986
Weekend_Home,2020-01-01 22:12:00,0.013237,231.148,0.5348,49.991
Weekend_Home,2020-01-01 22:15:00,0.012917,230.407,0.4711,49.974
Weekend_Home,2020-01-01 22:18:00,0.006085,232.584,0.4173,49.974
Weekend_Home,2020-01-01 22:21:00,0.014118,231.116,0.4841,49.992
Weekend_Home,2020-01-01 22:24:00,0.012509,232.065,0.5033,50.003
Weekend_Home,2020-01-01 22:27:00,0.008517,231.966,0.4737,50.003
Weekend_Home,2020-01-01 22:30:00,0.01306,232.22,0.4656,49.981
Weekend_Home,2020-01-01 22:33:00,0.012889,231.276,0.4985,49.977
Weekend_Home,2020-01-01 22:36:00,0.009552,231.777,0.422,49.985
Weekend_Home,2020-01-01 22:39:00,0.010253,230.791,0.4408,49.994
Weekend_Home,2020-01-01 22:42:00,0.011046,231.694,0.4941,49.994
Weekend_Home,2020-01-01 22:45:00,0.015705,230.534,0.4808,49.991
Weekend_Home,2020-01-01 22:48:00,0.014378,230.618,0.526,50.001
Weekend_Home,2020-01-01 22:51:00,0.011618,231.807,0.3973,50.001
Weekend_Home,2020-01-01 22:54:00,0.009337,230.934,0.381,49.991
Weekend_Home,2020-01-01 22:57:00,0.011214,232.087,0.4197,49.995
Weekend_Home,2020-01-01 23:00:00,0.009567,231.547,0.4243,49.984
Weekend_Home,2020-01-01 23:03:00,0.008333,231.425,0.4311,49.997
Weekend_Home,2020-01-01 23:06:00,0.01135,230.307,0.4784,49.99
Weekend_Home,2020-01-01 23:09:00,0.008309,230.776,0.3649,49.992
Weekend_Home,2020-01-01 23:12:00,0.01071,230.807,0.3723,49.978
Weekend_Home,2020-01-01 23:15:00,0.011933,230.38,0.4881,50.007
Weekend_Home,2020-01-01 23:18:00,0.009627,230.845,0.3661,49.994
Weekend_Home,2020-01-01 23:21:00,0.01237,229.182,0.4845,50.001
Weekend_Home,2020-01-01 23:24:00,0.011548,231.837,0.5475,49.982
Weekend_Home,2020-01-01 23:27:00,0.011442,230.04,0.4962,49.991
Weekend_Home,2020-01-01 23:30:00,0.008857,230.755,0.3977,50.017
Weekend_Home,2020-01-01 23:33:00,0.008627,230.544,0.4681,50.003
Weekend_Home,2020-01-01 23:36:00,0.01092,230.919,0.3835,49.995
Weekend_Home,2020-01-01 23:39:00,0.01417,230.253,0.48,50.002
Weekend_Home,2020-01-01 23:42:00,0.008003,231.052,0.4081,49.999
Weekend_Home,2020-01-01 23:45:00,0.006865,233.226,0.3618,50.016
Weekend_Home,2020-01-01 23:48:00,0.01112,230.242,0.4574,49.984
Weekend_Home,2020-01-01 23:51:00,0.009411,231.639,0.4238,49.983
Weekend_Home,2020-01-01 23:54:00,0.010934,231.59,0.452,50.011
Weekend_Home,2020-01-01 23:57:00,0.007431,230.443,0.4082,49.98
Weekend_Home,2020-01-02 00:00:00,0.00848,230.571,0.4112,50.008
Weekend_Home,2020-01-02 00:03:00,0.009741,232.276,0.3973,50.001
Weekend_Home,2020-01-02 00:06:00,0.007366,231.313,0.3992,49.993
Weekend_Home,2020-01-02 00:09:00,0.012868,230.191,0.4873,49.983
Weekend_Home,2020-01-02 00:12:00,0.008761,232.66,0.4135,49.992
Weekend_Home,2020-01-02 00:15:00,0.010395,232.257,0.3902,49.981
Weekend_Home,2020-01-02 00:18:00,0.007973,230.546,0.4067,49.983
Weekend_Home,2020-01-02 00:21:00,0.008644,230.632,0.4356,50.003
Weekend_Home,2020-01-02 00:24:00,0.008855,229.294,0.3523,49.973
Weekend_Home,2020-01-02 00:27:00,0.010562,230.146,0.4066,50.012
Weekend_Home,2020-01-02 00:30:00,0.008982,231.469,0.4564,50.013
Weekend_Home,2020-01-02 00:33:00,0.010507,231.983,0.4335,50.015
Weekend_Home,2020-01-02 00:36:00,0.010718,229.637,0.4666,50.004
Weekend_Home,2020-01-02 00:39:00,0.014623,231.172,0.5151,50.008
Weekend_Home,2020-01-02 00:42:00,0.00742,231.41,0.3876,49.973
Weekend_Home,2020-01-02 00:45:00,0.007994,230.201,0.3685,49.988
Weekend_Home,2020-01-02 00:48:00,0.007061,231.301,0.332,49.996
Weekend_Home,2020-01-02 00:51:00,0.010847,231.832,0.4886,50.005
Weekend_Home,2020-01-02 00:54:00,0.008651,231.216,0.4186,49.992
Weekend_Home,2020-01-02 00:57:00,0.01135,231.044,0.5374,49.978
Weekend_Home,2020-01-02 01:00:00,0.007779,231.251,0.4478,50.002
Weekend_Home,2020-01-02 01:03:00,0.008163,231.087,0.3405,50.017
Weekend_Home,2020-01-02 01:06:00,0.009496,232.519,0.3852,50.003
Weekend_Home,2020-01-02 01:09:00,0.010427,232.0,0.4368,50.004
Weekend_Home,2020-01-02 01:12:00,0.013282,230.576,0.5224,50.004
Weekend_Home,2020-01-02 01:15:00,0.008048,231.03,0.3097,49.982
Weekend_Home,2020-01-02 01:18:00,0.00806,231.097,0.4108,49.995
Weekend_Home,2020-01-02 01:21:00,0.011714,230.466,0.4576,49.998
Weekend_Home,2020-01-02 01:24:00,0.010338,231.874,0.4863,49.98
Weekend_Home,2020-01-02 01:27:00,0.009127,229.826,0.4115,50.005
Weekend_Home,2020-01-02 01:30:00,0.006413,232.558,0.4265,49.993
Weekend_Home,2020-01-02 01:33:00,0.0101,231.101,0.4611,50.0
Weekend_Home,2020-01-02 01:36:00,0.009569,230.825,0.3975,49.992
Weekend_Home,2020-01-02 01:39:00,0.009618,231.19,0.4172,49.988
Weekend_Home,2020-01-02 01:42:00,0.005375,231.305,0.3344,50.014
Weekend_Home,2020-01-02 01:45:00,0.010197,232.282,0.4619,49.991
Weekend_Home,2020-01-02 01:48:00,0.007091,232.111,0.3948,49.987
Weekend_Home,2020-01-02 01:51:00,0.007149,231.419,0.4193,49.973
Weekend_Home,2020-01-02 01:54:00,0.009067,231.768,0.3848,49.994
Weekend_Home,2020-01-02 01:57:00,0.011341,230.161,0.5098,49.99
Weekend_Home,2020-01-02 02:00:00,0.010734,230.528,0.4832,49.992
Weekend_Home,2020-01-02 02:03:00,0.013564,231.628,0.5102,49.992
Weekend_Home,2020-01-02 02:06:00,0.010314,230.577,0.3939,49.986
Weekend_Home,2020-01-02 02:09:00,0.004849,232.234,0.3032,50.005
Weekend_Home,2020-01-02 02:12:00,0.012252,230.84,0.3994,49.987
Weekend_Home,2020-01-02 02:15:00,0.010454,230.983,0.5026,49.996
Weekend_Home,2020-01-02 02:18:00,0.006277,231.107,0.3937,50.002
Weekend_Home,2020-01-02 02:21:00,0.0102,231.001,0.4942,50.0
Weekend_Home,2020-01-02 02:24:00,0.010584,232.265,0.4298,49.986
Weekend_Home,2020-01-02 02:27:00,0.011392,231.232,0.466,49.99
Weekend_Home,2020-01-02 02:30:00,0.005525,232.054,0.3613,49.996
Weekend_Home,2020-01-02 02:33:00,0.008499,231.807,0.3671,49.992
Weekend_Home,2020-01-02 02:36:00,0.00947,231.742,0.4042,49.994
Weekend_Home,2020-01-02 02:39:00,0.00685,230.859,0.3509,49.986
Weekend_Home,2020-01-02 02:42:00,0.005015,231.203,0.3403,50.001
Weekend_Home,2020-01-02 02:45:00,0.009247,231.788,0.4383,49.999
Weekend_Home,2020-01-02 02:48:00,0.008193,231.389,0.427,50.0
Weekend_Home,2020-01-02 02:51:00,0.009987,231.059,0.4224,49.986
Weekend_Home,2020-01-02 02:54:00,0.009749,231.133,0.4665,50.016
Weekend_Home,2020-01-02 02:57:00,0.005592,231.142,0.3102,49.998
Weekend_Home,2020-01-02 03:00:00,0.007509,231.551,0.386,50.011
Weekend_Home,2020-01-02 03:03:00,0.009294,230.861,0.4029,49.991
Weekend_Home,2020-01-02 03:06:00,0.00643,231.585,0.3576,50.01
Weekend_Home,2020-01-02 03:09:00,0.009305,231.499,0.4054,49.998
Weekend_Home,2020-01-02 03:12:00,0.006551,232.401,0.3782,50.002
Weekend_Home,2020-01-02 03:15:00,0.010339,231.443,0.4462,49.989
Weekend_Home,2020-01-02 03:18:00,0.01008,230.592,0.4275,49.993
Weekend_Home,2020-01-02 03:21:00,0.0107,232.027,0.4331,49.992
Weekend_Home,2020-01-02 03:24:00,0.013614,230.465,0.464,49.993
Weekend_Home,2020-01-02 03:27:00,0.009049,231.0,0.444,49.996
Weekend_Home,2020-01-02 03:30:00,0.009459,231.234,0.4332,49.996
Weekend_Home,2020-01-02 03:33:00,0.009944,230.755,0.4022,49.99
Weekend_Home,2020-01-02 03:36:00,0.011641,230.483,0.4141,49.986
Weekend_Home,2020-01-02 03:39:00,0.012155,230.688,0.4512,49.997
Weekend_Home,2020-01-02 03:42:00,0.009699,229.776,0.4247,50.012
Weekend_Home,2020-01-02 03:45:00,0.010642,230.306,0.3585,49.974
Weekend_Home,2020-01-02 03:48:00,0.012425,230.202,0.4602,49.99
Weekend_Home,2020-01-02 03:51:00,0.011742,231.281,0.4795,50.03
Weekend_Home,2020-01-02 03:54:00,0.009431,230.158,0.4436,49.995
Weekend_Home,2020-01-02 03:57:00,0.009576,232.282,0.4147,49.989
Weekend_Home,2020-01-02 04:00:00,0.006804,231.942,0.4087,49.978
Weekend_Home,2020-01-02 04:03:00,0.011985,231.511,0.4328,50.031
Weekend_Home,2020-01-02 04:06:00,0.012329,232.061,0.5104,50.015
Weekend_Home,2020-01-02 04:09:00,0.010367,231.138,0.4431,50.006
Weekend_Home,2020-01-02 04:12:00,0.00687,231.448,0.3235,49.999
Weekend_Home,2020-01-02 04:15:00,0.009315,230.689,0.4236,49.992
Weekend_Home,2020-01-02 04:18:00,0.009862,231.145,0.5077,49.989
Weekend_Home,2020-01-02 04:21:00,0.009221,231.77,0.4233,49.981
Weekend_Home,2020-01-02 04:24:00,0.011621,231.194,0.5235,49.99
Weekend_Home,2020-01-02 04:27:00,0.008589,231.664,0.424,49.973
Weekend_Home,2020-01-02 04:30:00,0.009425,231.667,0.4545,49.982
Weekend_Home,2020-01-02 04:33:00,0.012232,230.659,0.5028,49.995
Weekend_Home,2020-01-02 04:36:00,0.011235,231.626,0.4831,49.987
Weekend_Home,2020-01-02 04:39:00,0.009173,232.033,0.4258,50.002
Weekend_Home,2020-01-02 04:42:00,0.011418,231.121,0.4948,49.973
Weekend_Home,2020-01-02 04:45:00,0.014478,230.184,0.4686,50.028
Weekend_Home,2020-01-02 04:48:00,0.013047,231.721,0.4916,50.012
Weekend_Home,2020-01-02 04:51:00,0.017603,229.615,0.6002,49.988
Weekend_Home,2020-01-02 04:54:00,0.014841,230.918,0.5779,49.995
Weekend_Home,2020-01-02 04:57:00,0.017436,231.089,0.5533,50.006
Weekend_Home,2020-01-02 05:00:00,0.016392,230.959,0.5618,49.979
Weekend_Home,2020-01-02 05:03:00,0.010676,232.581,0.4443,49.984
Weekend_Home,2020-01-02 05:06:00,0.016254,230.505,0.5563,50.001
Weekend_Home,2020-01-02 05:09:00,0.015232,230.547,0.4964,49.977
Weekend_Home,2020-01-02 05:12:00,0.015288,232.423,0.5098,50.003
Weekend_Home,2020-01-02 05:15:00,0.01601,231.553,0.4935,49.981
Weekend_Home,2020-01-02 05:18:00,0.011219,232.288,0.4673,49.976
Weekend_Home,2020-01-02 05:21:00,0.015169,231.18,0.5053,50.003
Weekend_Home,2020-01-02 05:24:00,0.009231,229.521,0.3429,49.997
Weekend_Home,2020-01-02 05:27:00,0.012157,230.37,0.4724,50.013
Weekend_Home,2020-01-02 05:30:00,0.009737,230.572,0.3898,49.973
Weekend_Home,2020-01-02 05:33:00,0.016083,230.457,0.4659,50.009
Weekend_Home,2020-01-02 05:36:00,0.010732,231.059,0.4633,50.006
Weekend_Home,2020-01-02 05:39:00,0.017004,230.049,0.5479,50.006
Weekend_Home,2020-01-02 05:42:00,0.008492,231.222,0.4279,50.002
Weekend_Home,2020-01-02 05:45:00,0.014175,231.507,0.5699,50.004
Weekend_Home,2020-01-02 05:48:00,0.018651,229.848,0.5687,49.977
Weekend_Home,2020-01-02 05:51:00,0.011527,231.791,0.491,49.994
Weekend_Home,2020-01-02 05:54:00,0.012736,231.466,0.476,50.004
Weekend_Home,2020-01-02 05:57:00,0.011015,232.173,0.4481,49.991
Weekend_Home,2020-01-02 06:00:00,0.010346,231.373,0.4393,50.008
Weekend_Home,2020-01-02 06:03:00,0.016355,229.371,0.5179,49.989
Weekend_Home,2020-01-02 06:06:00,0.017401,228.949,0.5667,49.986
Weekend_Home,2020-01-02 06:09:00,0.017993,229.219,0.5998,50.005
Weekend_Home,2020-01-02 06:12:00,0.020992,231.467,0.6492,49.967
Weekend_Home,2020-01-02 06:15:00,0.015956,231.501,0.5461,50.003
Weekend_Home,2020-01-02 06:18:00,0.017427,230.098,0.5985,49.994
Weekend_Home,2020-01-02 06:21:00,0.012037,231.182,0.474,50.01
Weekend_Home,2020-01-02 06:24:00,0.016457,229.32,0.5025,49.97
Weekend_Home,2020-01-02 06:27:00,0.023279,229.827,0.6103,50.006
Weekend_Home,2020-01-02 06:30:00,0.017894,230.82,0.5987,49.994
Weekend_Home,2020-01-02 06:33:00,0.023954,230.039,0.622,49.967
Weekend_Home,2020-01-02 06:36:00,0.024717,229.116,0.679,49.986
Weekend_Home,2020-01-02 06:39:00,0.020933,228.537,0.6725,49.959
Weekend_Home,2020-01-02 06:42:00,0.022764,230.427,0.6616,49.985
Weekend_Home,2020-01-02 06:45:00,0.025448,228.977,0.692,49.984
Weekend_Home,2020-01-02 06:48:00,0.02312,230.802,0.6662,49.991
Weekend_Home,2020-01-02 06:51:00,0.020538,229.406,0.6408,49.987
Weekend_Home,2020-01-02 06:54:00,0.022649,229.743,0.6557,49.988
Weekend_Home,2020-01-02 06:57:00,0.019965,230.956,0.5918,49.988
Weekend_Home,2020-01-02 07:00:00,0.01242,230.8,0.5171,49.977
Weekend_Home,2020-01-02 07:03:00,0.012302,230.919,0.4872,49.983
Weekend_Home,2020-01-02 07:06:00,0.027468,229.401,0.774,50.002
Weekend_Home,2020-01-02 07:09:00,0.025373,230.008,0.6978,50.002
Weekend_Home,2020-01-02 07:12:00,0.021966,229.725,0.6348,49.974
Weekend_Home,2020-01-02 07:15:00,0.012552,230.514,0.447,49.97
Weekend_Home,2020-01-02 07:18:00,0.019974,230.811,0.5418,50.0
Weekend_Home,2020-01-02 07:21:00,0.021818,229.848,0.5812,50.005
Weekend_Home,2020-01-02 07:24:00,0.02418,230.54,0.6578,49.998
Weekend_Home,2020-01-02 07:27:00,0.01352,231.707,0.4886,49.994
Weekend_Home,2020-01-02 07:30:00,0.022531,230.466,0.6565,49.999
Weekend_Home,2020-01-02 07:33:00,0.021628,231.667,0.6405,49.986
Weekend_Home,2020-01-02 07:36:00,0.018013,230.808,0.527,49.995
Weekend_Home,2020-01-02 07:39:00,0.026628,230.207,0.6825,49.989
Weekend_Home,2020-01-02 07:42:00,0.012612,231.11,0.4591,50.01
Weekend_Home,2020-01-02 07:45:00,0.027702,228.728,0.7455,50.012
Weekend_Home,2020-01-02 07:48:00,0.022119,230.061,0.6595,49.984
Weekend_Home,2020-01-02 07:51:00,0.017291,230.903,0.5455,49.992
Weekend_Home,2020-01-02 07:54:00,0.023343,229.028,0.7112,50.009
Weekend_Home,2020-01-02 07:57:00,0.03049,228.831,0.8038,49.973
Weekend_Home,2020-01-02 08:00:00,0.018946,229.442,0.554,49.999
Weekend_Home,2020-01-02 08:03:00,0.023658,230.135,0.6114,49.997
Weekend_Home,2020-01-02 08:06:00,0.029509,230.453,0.7476,50.002
Weekend_Home,2020-01-02 08:09:00,0.01856,229.249,0.5619,49.979
Weekend_Home,2020-01-02 08:12:00,0.021391,230.003,0.6307,49.978
Weekend_Home,2020-01-02 08:15:00,0.029262,231.088,0.7738,49.986
Weekend_Home,2020-01-02 08:18:00,0.035461,229.273,0.899,49.999
Weekend_Home,2020-01-02 08:21:00,0.013529,231.329,0.5085,49.998
Weekend_Home,2020-01-02 08:24:00,0.021577,230.688,0.6531,49.986
Weekend_Home,2020-01-02 08:27:00,0.022288,230.211,0.6457,50.01
Weekend_Home,2020-01-02 08:30:00,0.024774,228.857,0.7266,49.99
Weekend_Home,2020-01-02 08:33:00,0.022994,231.539,0.5911,49.995
Weekend_Home,2020-01-02 08:36:00,0.01546,230.339,0.552,50.014
Weekend_Home,2020-01-02 08:39:00,0.030967,229.226,0.7654,49.972
Weekend_Home,2020-01-02 08:42:00,0.022544,231.308,0.6733,49.98
Weekend_Home,2020-01-02 08:45:00,0.01234,231.485,0.4722,50.005
Weekend_Home,2020-01-02 08:48:00,0.01544,230.639,0.5211,49.985
Weekend_Home,2020-01-02 08:51:00,0.016764,230.357,0.597,49.997
Weekend_Home,2020-01-02 08:54:00,0.016388,230.337,0.544,50.004
Weekend_Home,2020-01-02 08:57:00,0.023701,230.914,0.6362,49.972
Weekend_Home,2020-01-02 09:00:00,0.025472,228.701,0.7027,49.986
Weekend_Home,2020-01-02 09:03:00,0.015515,231.382,0.4973,49.98
Weekend_Home,2020-01-02 09:06:00,0.017346,229.642,0.5928,49.983
Weekend_Home,2020-01-02 09:09:00,0.026425,229.168,0.7742,49.993
Weekend_Home,2020-01-02 09:12:00,0.024974,231.118,0.6687,49.993
Weekend_Home,2020-01-02 09:15:00,0.016406,231.416,0.573,49.994
Weekend_Home,2020-01-02 09:18:00,0.023685,230.4,0.6744,49.989
Weekend_Home,2020-01-02 09:21:00,0.026545,229.923,0.7416,49.975
Weekend_Home,2020-01-02 09:24:00,0.023964,230.648,0.697,50.003
Weekend_Home,2020-01-02 09:27:00,0.021858,231.713,0.625,49.972
Weekend_Home,2020-01-02 09:30:00,0.01443,231.666,0.4655,49.998
Weekend_Home,2020-01-02 09:33:00,0.027909,230.151,0.7254,49.99
Weekend_Home,2020-01-02 09:36:00,0.015096,230.625,0.5463,50.01
Weekend_Home,2020-01-02 09:39:00,0.026975,230.47,0.7537,49.974
Weekend_Home,2020-01-02 09:42:00,0.019144,230.128,0.6131,49.984
Weekend_Home,2020-01-02 09:45:00,0.021139,230.574,0.6635,50.002
Weekend_Home,2020-01-02 09:48:00,0.022038,230.374,0.6708,49.99
Weekend_Home,2020-01-02 09:51:00,0.023232,230.817,0.6597,49.98
Weekend_Home,2020-01-02 09:54:00,0.02436,228.657,0.7095,49.984
Weekend_Home,2020-01-02 09:57:00,0.011635,231.12,0.4189,50.003
Weekend_Home,2020-01-02 10:00:00,0.007992,230.512,0.3472,49.995
Weekend_Home,2020-01-02 10:03:00,0.018946,230.622,0.5957,49.986
Weekend_Home,2020-01-02 10:06:00,0.022021,230.453,0.6287,49.987
Weekend_Home,2020-01-02 10:09:00,0.019097,230.38,0.5314,49.999
Weekend_Home,2020-01-02 10:12:00,0.01424,231.105,0.502,49.986
Weekend_Home,2020-01-02 10:15:00,0.017488,229.861,0.5194,49.988
Weekend_Home,2020-01-02 10:18:00,0.016961,229.194,0.538,50.005
Weekend_Home,2020-01-02 10:21:00,0.019337,230.996,0.6486,49.995
Weekend_Home,2020-01-02 10:24:00,0.016533,229.399,0.5591,49.982
Weekend_Home,2020-01-02 10:27:00,0.019751,231.822,0.5918,49.991
Weekend_Home,2020-01-02 10:30:00,0.012364,231.529,0.4677,50.001
Weekend_Home,2020-01-02 10:33:00,0.023823,229.511,0.6601,50.013
Weekend_Home,2020-01-02 10:36:00,0.013804,230.001,0.4778,50.002
Weekend_Home,2020-01-02 10:39:00,0.019609,230.343,0.6255,49.994
Weekend_Home,2020-01-02 10:42:00,0.02152,229.494,0.6956,49.982
Weekend_Home,2020-01-02 10:45:00,0.017419,230.873,0.597,50.007
Weekend_Home,2020-01-02 10:48:00,0.019259,231.257,0.5592,49.989
Weekend_Home,2020-01-02 10:51:00,0.021591,230.399,0.7277,50.002
Weekend_Home,2020-01-02 10:54:00,0.015426,230.641,0.5342,49.994
Weekend_Home,2020-01-02 10:57:00,0.016227,230.206,0.5669,49.992
Weekend_Home,2020-01-02 11:00:00,0.01729,231.994,0.6098,49.982
Weekend_Home,2020-01-02 11:03:00,0.015152,229.598,0.4743,49.997
Weekend_Home,2020-01-02 11:06:00,0.01882,230.749,0.5058,50.011
Weekend_Home,2020-01-02 11:09:00,0.021544,229.452,0.5905,50.001
Weekend_Home,2020-01-02 11:12:00,0.018332,230.295,0.5601,49.986
Weekend_Home,2020-01-02 11:15:00,0.019435,231.052,0.5887,49.985
Weekend_Home,2020-01-02 11:18:00,0.025012,228.997,0.6566,49.996
Weekend_Home,2020-01-02 11:21:00,0.024815,230.302,0.6462,49.984
Weekend_Home,2020-01-02 11:24:00,0.014033,230.564,0.495,49.999
Weekend_Home,2020-01-02 11:27:00,0.018584,229.689,0.6322,50.001
Weekend_Home,2020-01-02 11:30:00,0.013343,230.987,0.4831,50.014
Weekend_Home,2020-01-02 11:33:00,0.019696,230.187,0.6026,49.977
Weekend_Home,2020-01-02 11:36:00,0.010626,231.657,0.3928,49.993
Weekend_Home,2020-01-02 11:39:00,0.015783,230.678,0.5482,49.988
Weekend_Home,2020-01-02 11:42:00,0.019882,230.818,0.5643,49.988
Weekend_Home,2020-01-02 11:45:00,0.01721,230.191,0.5823,50.003
Weekend_Home,2020-01-02 11:48:00,0.017661,231.418,0.5255,50.013
Weekend_Home,2020-01-02 11:51:00,0.02158,229.564,0.6851,49.996
Weekend_Home,2020-01-02 11:54:00,0.018431,230.054,0.5532,49.994
Weekend_Home,2020-01-02 11:57:00,0.019374,229.993,0.5158,50.004
Weekend_Home,2020-01-02 12:00:00,0.019848,230.801,0.5876,50.0
Weekend_Home,2020-01-02 12:03:00,0.017376,230.737,0.5724,49.995
Weekend_Home,2020-01-02 12:06:00,0.0173,231.342,0.5602,49.987
Weekend_Home,2020-01-02 12:09:00,0.016679,230.058,0.5698,50.003
Weekend_Home,2020-01-02 12:12:00,0.013701,229.735,0.5393,49.969
Weekend_Home,2020-01-02 12:15:00,0.015167,230.561,0.514,49.984
Weekend_Home,2020-01-02 12:18:00,0.02286,228.729,0.6616,49.983
Weekend_Home,2020-01-02 12:21:00,0.012185,231.955,0.4366,49.993
Weekend_Home,2020-01-02 12:24:00,0.021111,229.368,0.6517,49.977
Weekend_Home,2020-01-02 12:27:00,0.02176,229.147,0.6248,49.986
Weekend_Home,2020-01-02 12:30:00,0.021376,229.991,0.6115,49.973
Weekend_Home,2020-01-02 12:33:00,0.019834,231.892,0.5734,49.999
Weekend_Home,2020-01-02 12:36:00,0.02542,230.173,0.7066,49.974
Weekend_Home,2020-01-02 12:39:00,0.02016,232.515,0.6094,49.985
Weekend_Home,2020-01-02 12:42:00,0.027369,229.821,0.6715,50.003
Weekend_Home,2020-01-02 12:45:00,0.017182,230.508,0.6169,50.012
Weekend_Home,2020-01-02 12:48:00,0.013901,231.864,0.5182,49.991
Weekend_Home,2020-01-02 12:51:00,0.028909,231.082,0.7425,49.983
Weekend_Home,2020-01-02 12:54:00,0.01604,230.629,0.5118,49.988
Weekend_Home,2020-01-02 12:57:00,0.01483,230.386,0.5026,49.979
Weekend_Home,2020-01-02 13:00:00,0.020093,229.692,0.6416,49.984
Weekend_Home,2020-01-02 13:03:00,0.016277,229.878,0.6099,49.997
Weekend_Home,2020-01-02 13:06:00,0.02026,230.097,0.5889,49.992
Weekend_Home,2020-01-02 13:09:00,0.025375,229.301,0.689,50.0
Weekend_Home,2020-01-02 13:12:00,0.022308,230.903,0.5835,50.016
Weekend_Home,2020-01-02 13:15:00,0.021203,229.143,0.6758,50.002
Weekend_Home,2020-01-02 13:18:00,0.021448,229.977,0.6272,49.969
Weekend_Home,2020-01-02 13:21:00,0.030416,229.455,0.7902,49.973
Weekend_Home,2020-01-02 13:24:00,0.021491,230.156,0.6829,50.008
Weekend_Home,2020-01-02 13:27:00,0.017022,231.255,0.526,49.998
Weekend_Home,2020-01-02 13:30:00,0.02412,228.091,0.6862,50.005
Weekend_Home,2020-01-02 13:33:00,0.024152,229.689,0.7433,49.972
Weekend_Home,2020-01-02 13:36:00,0.019045,231.929,0.557,49.997
Weekend_Home,2020-01-02 13:39:00,0.011221,230.686,0.4169,50.006
Weekend_Home,2020-01-02 13:42:00,0.025723,229.586,0.8041,49.983
Weekend_Home,2020-01-02 13:45:00,0.011759,231.116,0.5127,50.014
Weekend_Home,2020-01-02 13:48:00,0.017364,228.654,0.6204,49.993
Weekend_Home,2020-01-02 13:51:00,0.024348,230.279,0.6692,49.976
Weekend_Home,2020-01-02 13:54:00,0.013363,230.082,0.5095,49.999
Weekend_Home,2020-01-02 13:57:00,0.020611,230.792,0.583,49.982
Weekend_Home,2020-01-02 14:00:00,0.022598,229.648,0.666,50.006
Weekend_Home,2020-01-02 14:03:00,0.022254,230.208,0.6047,49.98
Weekend_Home,2020-01-02 14:06:00,0.025426,231.274,0.7212,49.975
Weekend_Home,2020-01-02 14:09:00,0.024654,229.76,0.7371,49.987
Weekend_Home,2020-01-02 14:12:00,0.022107,230.304,0.6344,49.975
Weekend_Home,2020-01-02 14:15:00,0.019338,230.85,0.6385,49.986
Weekend_Home,2020-01-02 14:18:00,0.023788,228.81,0.675,49.988
Weekend_Home,2020-01-02 14:21:00,0.023844,229.887,0.7172,49.994
Weekend_Home,2020-01-02 14:24:00,0.024013,229.696,0.6886,49.998
Weekend_Home,2020-01-02 14:27:00,0.019321,230.58,0.5547,49.999
Weekend_Home,2020-01-02 14:30:00,0.012061,229.821,0.4362,49.986
Weekend_Home,2020-01-02 14:33:00,0.023124,229.717,0.6351,49.999
Weekend_Home,2020-01-02 14:36:00,0.01448,230.725,0.5147,49.993
Weekend_Home,2020-01-02 14:39:00,0.02071,230.928,0.6739,49.989
Weekend_Home,2020-01-02 14:42:00,0.020184,230.873,0.5982,49.989
Weekend_Home,2020-01-02 14:45:00,0.015964,231.288,0.5656,49.995
Weekend_Home,2020-01-02 14:48:00,0.019768,229.832,0.5872,49.991
Weekend_Home,2020-01-02 14:51:00,0.020679,230.821,0.5841,50.008
Weekend_Home,2020-01-02 14:54:00,0.014088,232.81,0.5391,50.007
Weekend_Home,2020-01-02 14:57:00,0.018287,230.851,0.6022,49.983
Weekend_Home,2020-01-02 15:00:00,0.013531,230.62,0.4576,49.994
Weekend_Home,2020-01-02 15:03:00,0.022935,230.301,0.6996,49.985
Weekend_Home,2020-01-02 15:06:00,0.02375,230.716,0.6521,49.996
Weekend_Home,2020-01-02 15:09:00,0.020791,230.441,0.602,49.996
Weekend_Home,2020-01-02 15:12:00,0.027509,229.487,0.7984,49.995
Weekend_Home,2020-01-02 15:15:00,0.020259,230.049,0.614,49.986
Weekend_Home,2020-01-02 15:18:00,0.023144,230.47,0.6458,49.98
Weekend_Home,2020-01-02 15:21:00,0.029379,229.93,0.8497,50.0
Weekend_Home,2020-01-02 15:24:00,0.021738,229.806,0.6179,50.005
Weekend_Home,2020-01-02 15:27:00,0.019822,231.087,0.5364,50.004
Weekend_Home,2020-01-02 15:30:00,0.02068,229.998,0.616,49.987
Weekend_Home,2020-01-02 15:33:00,0.01876,231.165,0.6187,49.974
Weekend_Home,2020-01-02 15:36:00,0.02175,230.7,0.6589,50.012
Weekend_Home,2020-01-02 15:39:00,0.028226,228.972,0.7899,49.994
Weekend_Home,2020-01-02 15:42:00,0.023308,228.6,0.6712,49.971
Weekend_Home,2020-01-02 15:45:00,0.021441,227.948,0.6367,49.989
Weekend_Home,2020-01-02 15:48:00,0.022634,231.241,0.6365,50.009
Weekend_Home,2020-01-02 15:51:00,0.010139,230.464,0.4133,49.99
Weekend_Home,2020-01-02 15:54:00,0.018597,231.339,0.5589,49.993
Weekend_Home,2020-01-02 15:57:00,0.018395,230.169,0.5807,49.974
Weekend_Home,2020-01-02 16:00:00,0.011641,231.454,0.5169,49.984
Weekend_Home,2020-01-02 16:03:00,0.01915,232.423,0.587,49.998
Weekend_Home,2020-01-02 16:06:00,0.013009,232.03,0.4562,49.989
Weekend_Home,2020-01-02 16:09:00,0.010089,232.0,0.4882,49.995
Weekend_Home,2020-01-02 16:12:00,0.018545,230.24,0.5874,49.976
Weekend_Home,2020-01-02 16:15:00,0.009862,231.736,0.3811,50.0
Weekend_Home,2020-01-02 16:18:00,0.015652,231.52,0.5353,50.015
Weekend_Home,2020-01-02 16:21:00,0.013469,230.47,0.5346,49.991
Weekend_Home,2020-01-02 16:24:00,0.020304,230.516,0.6351,50.002
Weekend_Home,2020-01-02 16:27:00,0.018036,230.994,0.6123,49.975
Weekend_Home,2020-01-02 16:30:00,0.019521,230.27,0.5872,49.996
Weekend_Home,2020-01-02 16:33:00,0.01476,229.742,0.5105,50.008
Weekend_Home,2020-01-02 16:36:00,0.012848,231.657,0.4052,50.001
Weekend_Home,2020-01-02 16:39:00,0.023988,230.65,0.7263,49.978
Weekend_Home,2020-01-02 16:42:00,0.022488,229.889,0.6142,49.987
Weekend_Home,2020-01-02 16:45:00,0.010252,230.315,0.3928,50.018
Weekend_Home,2020-01-02 16:48:00,0.020061,231.367,0.681,50.004
Weekend_Home,2020-01-02 16:51:00,0.015598,231.471,0.5203,50.003
Weekend_Home,2020-01-02 16:54:00,0.016825,230.541,0.5929,49.997
Weekend_Home,2020-01-02 16:57:00,0.017249,231.31,0.553,50.004
Weekend_Home,2020-01-02 17:00:00,0.014381,230.36,0.4988,50.011
Weekend_Home,2020-01-02 17:03:00,0.00972,232.356,0.3692,49.988
Weekend_Home,2020-01-02 17:06:00,0.018315,230.975,0.5288,49.987
Weekend_Home,2020-01-02 17:09:00,0.017954,230.051,0.6495,49.987
Weekend_Home,2020-01-02 17:12:00,0.015308,231.462,0.5159,49.999
Weekend_Home,2020-01-02 17:15:00,0.016565,231.181,0.5365,49.983
Weekend_Home,2020-01-02 17:18:00,0.019965,228.915,0.6175,49.997
Weekend_Home,2020-01-02 17:21:00,0.022288,228.1,0.6607,50.02
Weekend_Home,2020-01-02 17:24:00,0.019434,230.117,0.5595,49.983
Weekend_Home,2020-01-02 17:27:00,0.014503,231.431,0.5817,50.004
Weekend_Home,2020-01-02 17:30:00,0.020206,231.337,0.6566,49.984
Weekend_Home,2020-01-02 17:33:00,0.018257,230.409,0.6147,49.998
Weekend_Home,2020-01-02 17:36:00,0.016209,230.825,0.5985,50.001
Weekend_Home,2020-01-02 17:39:00,0.022143,230.417,0.6022,49.997
Weekend_Home,2020-01-02 17:42:00,0.017251,230.535,0.5513,49.985
Weekend_Home,2020-01-02 17:45:00,0.018468,229.651,0.6123,49.989
Weekend_Home,2020-01-02 17:48:00,0.017796,229.998,0.5778,49.993
Weekend_Home,2020-01-02 17:51:00,0.018062,230.126,0.5823,50.012
Weekend_Home,2020-01-02 17:54:00,0.014638,230.805,0.509,50.009
Weekend_Home,2020-01-02 17:57:00,0.016771,231.449,0.5198,49.991
Weekend_Home,2020-01-02 18:00:00,0.013813,230.235,0.4993,50.015
Weekend_Home,2020-01-02 18:03:00,0.018208,230.498,0.5408,49.983
Weekend_Home,2020-01-02 18:06:00,0.021406,229.165,0.6268,50.008
Weekend_Home,2020-01-02 18:09:00,0.01835,230.533,0.5736,49.982
Weekend_Home,2020-01-02 18:12:00,0.019018,229.57,0.6068,49.984
Weekend_Home,2020-01-02 18:15:00,0.023535,230.85,0.6812,49.977
Weekend_Home,2020-01-02 18:18:00,0.010898,231.0,0.4709,50.008
Weekend_Home,2020-01-02 18:21:00,0.013879,231.479,0.475,50.007
Weekend_Home,2020-01-02 18:24:00,0.015351,230.621,0.4601,50.0
Weekend_Home,2020-01-02 18:27:00,0.022416,231.065,0.5823,50.003
Weekend_Home,2020-01-02 18:30:00,0.023539,229.922,0.6617,49.998
Weekend_Home,2020-01-02 18:33:00,0.013488,230.279,0.4491,50.009
Weekend_Home,2020-01-02 18:36:00,0.012675,232.096,0.5249,49.995
Weekend_Home,2020-01-02 18:39:00,0.014073,231.728,0.4169,49.996
Weekend_Home,2020-01-02 18:42:00,0.018187,230.551,0.6224,49.978
Weekend_Home,2020-01-02 18:45:00,0.012755,230.295,0.4459,49.999
Weekend_Home,2020-01-02 18:48:00,0.016693,232.914,0.587,50.008
Weekend_Home,2020-01-02 18:51:00,0.019619,230.308,0.6334,50.014
Weekend_Home,2020-01-02 18:54:00,0.014162,230.543,0.4864,49.998
Weekend_Home,2020-01-02 18:57:00,0.017494,229.716,0.6296,49.977
Weekend_Home,2020-01-02 19:00:00,0.023361,229.833,0.669,49.976
Weekend_Home,2020-01-02 19:03:00,0.018028,231.516,0.581,50.003
Weekend_Home,2020-01-02 19:06:00,0.019798,229.361,0.6145,50.007
Weekend_Home,2020-01-02 19:09:00,0.020631,229.407,0.5846,49.996
Weekend_Home,2020-01-02 19:12:00,0.015632,231.065,0.5143,50.0
Weekend_Home,2020-01-02 19:15:00,0.019419,229.951,0.5915,50.0
Weekend_Home,2020-01-02 19:18:00,0.02482,230.366,0.7869,49.988
Weekend_Home,2020-01-02 19:21:00,0.018082,230.973,0.532,50.005
Weekend_Home,2020-01-02 19:24:00,0.022485,230.409,0.5971,49.988
Weekend_Home,2020-01-02 19:27:00,0.01779,230.782,0.5127,50.013
Weekend_Home,2020-01-02 19:30:00,0.021058,229.473,0.5881,49.984
Weekend_Home,2020-01-02 19:33:00,0.0207,230.191,0.6103,49.966
Weekend_Home,2020-01-02 19:36:00,0.016499,231.454,0.5796,49.98
Weekend_Home,2020-01-02 19:39:00,0.022917,230.635,0.6465,49.98
Weekend_Home,2020-01-02 19:42:00,0.016085,231.547,0.5585,49.988
Weekend_Home,2020-01-02 19:45:00,0.015913,231.506,0.5359,50.009
Weekend_Home,2020-01-02 19:48:00,0.021629,229.213,0.6264,49.993
Weekend_Home,2020-01-02 19:51:00,0.020925,229.056,0.6265,49.988
Weekend_Home,2020-01-02 19:54:00,0.020783,232.667,0.6397,49.965
Weekend_Home,2020-01-02 19:57:00,0.019439,230.023,0.6049,49.977
Weekend_Home,2020-01-02 20:00:00,0.025907,229.851,0.7149,50.008
Weekend_Home,2020-01-02 20:03:00,0.008493,231.818,0.3453,49.988
Weekend_Home,2020-01-02 20:06:00,0.019934,230.834,0.6389,49.995
Weekend_Home,2020-01-02 20:09:00,0.020879,230.848,0.5989,50.007
Weekend_Home,2020-01-02 20:12:00,0.026684,229.428,0.7279,50.002
Weekend_Home,2020-01-02 20:15:00,0.020052,230.506,0.6411,49.993
Weekend_Home,2020-01-02 20:18:00,0.024957,229.292,0.7069,50.005
Weekend_Home,2020-01-02 20:21:00,0.02357,230.73,0.6906,49.985
Weekend_Home,2020-01-02 20:24:00,0.021372,230.489,0.5997,50.0
Weekend_Home,2020-01-02 20:27:00,0.026876,229.327,0.7375,49.973
Weekend_Home,2020-01-02 20:30:00,0.017417,229.532,0.6414,49.973
Weekend_Home,2020-01-02 20:33:00,0.014678,230.919,0.4958,49.992
Weekend_Home,2020-01-02 20:36:00,0.009965,231.93,0.4781,50.001
Weekend_Home,2020-01-02 20:39:00,0.019499,229.402,0.5809,50.005
Weekend_Home,2020-01-02 20:42:00,0.017044,229.659,0.5994,49.992
Weekend_Home,2020-01-02 20:45:00,0.021999,228.908,0.6044,49.979
Weekend_Home,2020-01-02 20:48:00,0.016662,232.535,0.5053,50.006
Weekend_Home,2020-01-02 20:51:00,0.020153,228.81,0.6,49.984
Weekend_Home,2020-01-02 20:54:00,0.021545,229.357,0.678,49.991
Weekend_Home,2020-01-02 20:57:00,0.023399,230.67,0.7311,49.975
Weekend_Home,2020-01-02 21:00:00,0.020962,228.811,0.6733,49.986
Weekend_Home,2020-01-02 21:03:00,0.019397,231.741,0.5753,49.987
Weekend_Home,2020-01-02 21:06:00,0.018654,230.821,0.5434,49.974
Weekend_Home,2020-01-02 21:09:00,0.020181,231.956,0.5584,50.005
Weekend_Home,2020-01-02 21:12:00,0.021986,229.696,0.661,50.002
Weekend_Home,2020-01-02 21:15:00,0.027259,229.674,0.7229,49.981
Weekend_Home,2020-01-02 21:18:00,0.023748,229.171,0.7107,49.971
Weekend_Home,2020-01-02 21:21:00,0.018623,229.168,0.6347,49.985
Weekend_Home,2020-01-02 21:24:00,0.010652,230.651,0.4219,49.984
Weekend_Home,2020-01-02 21:27:00,0.023128,230.289,0.6391,50.001
Weekend_Home,2020-01-02 21:30:00,0.016463,230.488,0.5848,49.98
Weekend_Home,2020-01-02 21:33:00,0.013283,230.649,0.4542,50.015
Weekend_Home,2020-01-02 21:36:00,0.009005,231.69,0.4208,49.986
Weekend_Home,2020-01-02 21:39:00,0.013406,231.207,0.4388,50.005
Weekend_Home,2020-01-02 21:42:00,0.012221,230.709,0.4966,50.001
Weekend_Home,2020-01-02 21:45:00,0.012474,231.287,0.4847,49.988
Weekend_Home,2020-01-02 21:48:00,0.014578,230.306,0.502,49.98
Weekend_Home,2020-01-02 21:51:00,0.014941,229.36,0.5889,50.003
Weekend_Home,2020-01-02 21:54:00,0.013946,232.235,0.5547,49.985
Weekend_Home,2020-01-02 21:57:00,0.013048,232.213,0.5162,49.993
Weekend_Home,2020-01-02 22:00:00,0.020522,230.317,0.6128,50.024
Weekend_Home,2020-01-02 22:03:00,0.015427,231.768,0.531,50.004
Weekend_Home,2020-01-02 22:06:00,0.013239,232.484,0.4706,49.971
Weekend_Home,2020-01-02 22:09:00,0.017203,230.808,0.5276,49.983
Weekend_Home,2020-01-02 22:12:00,0.010508,231.002,0.4362,50.017
Weekend_Home,2020-01-02 22:15:00,0.012274,231.772,0.4608,49.982
Weekend_Home,2020-01-02 22:18:00,0.012911,231.39,0.4369,50.0
Weekend_Home,2020-01-02 22:21:00,0.01271,231.46,0.4714,49.997
Weekend_Home,2020-01-02 22:24:00,0.015883,230.087,0.5539,49.988
Weekend_Home,2020-01-02 22:27:00,0.015427,230.958,0.5264,49.981
Weekend_Home,2020-01-02 22:30:00,0.014639,230.004,0.5152,49.984
Weekend_Home,2020-01-02 22:33:00,0.015905,231.879,0.5582,50.002
Weekend_Home,2020-01-02 22:36:00,0.011832,231.342,0.4316,50.015
Weekend_Home,2020-01-02 22:39:00,0.007681,231.058,0.3481,50.001
Weekend_Home,2020-01-02 22:42:00,0.011169,230.746,0.4329,50.001
Weekend_Home,2020-01-02 22:45:00,0.01153,232.38,0.4505,49.982
Weekend_Home,2020-01-02 22:48:00,0.011806,231.582,0.4544,50.003
Weekend_Home,2020-01-02 22:51:00,0.011008,231.477,0.364,49.989
Weekend_Home,2020-01-02 22:54:00,0.012775,231.446,0.4349,50.009
Weekend_Home,2020-01-02 22:57:00,0.010967,231.693,0.4843,49.994
Weekend_Home,2020-01-02 23:00:00,0.007771,231.49,0.4295,50.018
Weekend_Home,2020-01-02 23:03:00,0.013376,230.142,0.5131,49.97
Weekend_Home,2020-01-02 23:06:00,0.009187,230.723,0.4082,50.005
Weekend_Home,2020-01-02 23:09:00,0.014702,231.412,0.4781,49.974
Weekend_Home,2020-01-02 23:12:00,0.017998,230.368,0.5765,50.004
Weekend_Home,2020-01-02 23:15:00,0.015996,230.346,0.5459,49.998
Weekend_Home,2020-01-02 23:18:00,0.013087,229.713,0.5105,50.015
Weekend_Home,2020-01-02 23:21:00,0.011187,232.534,0.4708,50.006
Weekend_Home,2020-01-02 23:24:00,0.009726,230.364,0.3825,50.0
Weekend_Home,2020-01-02 23:27:00,0.006453,231.673,0.3601,49.997
Weekend_Home,2020-01-02 23:30:00,0.01253,231.083,0.4872,49.984
Weekend_Home,2020-01-02 23:33:00,0.009416,232.207,0.3991,49.973
Weekend_Home,2020-01-02 23:36:00,0.011298,230.563,0.4407,49.98
Weekend_Home,2020-01-02 23:39:00,0.0123,231.767,0.4213,50.034
Weekend_Home,2020-01-02 23:42:00,0.005317,231.444,0.3395,50.004
Weekend_Home,2020-01-02 23:45:00,0.007619,232.988,0.3446,50.0
Weekend_Home,2020-01-02 23:48:00,0.007857,230.17,0.3947,49.998
Weekend_Home,2020-01-02 23:51:00,0.007748,231.691,0.3383,49.998
Weekend_Home,2020-01-02 23:54:00,0.010058,231.864,0.4675,50.0
Weekend_Home,2020-01-02 23:57:00,0.011759,231.714,0.4833,50.002
Weekend_Home,2020-01-03 00:00:00,0.011697,232.113,0.4039,49.998
Weekend_Home,2020-01-03 00:03:00,0.008842,232.183,0.4068,49.995
Weekend_Home,2020-01-03 00:06:00,0.01059,231.277,0.4538,50.005
Weekend_Home,2020-01-03 00:09:00,0.005989,232.317,0.3582,49.958
Weekend_Home,2020-01-03 00:12:00,0.005438,230.176,0.3959,49.982
Weekend_Home,2020-01-03 00:15:00,0.012825,231.893,0.5319,50.0
Weekend_Home,2020-01-03 00:18:00,0.008343,232.353,0.3632,49.983
Weekend_Home,2020-01-03 00:21:00,0.00988,230.134,0.4121,49.998
Weekend_Home,2020-01-03 00:24:00,0.0112,231.494,0.4963,49.993
Weekend_Home,2020-01-03 00:27:00,0.009585,230.286,0.4925,49.989
Weekend_Home,2020-01-03 00:30:00,0.014181,229.908,0.5152,49.99
Weekend_Home,2020-01-03 00:33:00,0.013103,230.225,0.5091,49.984
Weekend_Home,2020-01-03 00:36:00,0.013464,230.371,0.5175,49.996
Weekend_Home,2020-01-03 00:39:00,0.010358,229.733,0.4327,49.994
Weekend_Home,2020-01-03 00:42:00,0.010901,230.749,0.4473,49.984
Weekend_Home,2020-01-03 00:45:00,0.010078,231.402,0.4525,50.017
Weekend_Home,2020-01-03 00:48:00,0.005548,231.437,0.3728,50.0
Weekend_Home,2020-01-03 00:51:00,0.006227,231.528,0.3364,50.008
Weekend_Home,2020-01-03 00:54:00,0.012038,230.533,0.4813,49.986
Weekend_Home,2020-01-03 00:57:00,0.009868,231.538,0.3951,50.007
Weekend_Home,2020-01-03 01:00:00,0.005476,230.337,0.3672,50.013
Weekend_Home,2020-01-03 01:03:00,0.011062,231.863,0.3852,49.998
Weekend_Home,2020-01-03 01:06:00,0.013008,229.68,0.5196,50.011
Weekend_Home,2020-01-03 01:09:00,0.01114,231.961,0.4818,49.99
Weekend_Home,2020-01-03 01:12:00,0.00947,231.983,0.4257,50.008
Weekend_Home,2020-01-03 01:15:00,0.007757,231.433,0.4358,49.996
Weekend_Home,2020-01-03 01:18:00,0.010919,230.746,0.4207,50.001
Weekend_Home,2020-01-03 01:21:00,0.010253,231.084,0.4411,50.005
Weekend_Home,2020-01-03 01:24:00,0.006167,231.144,0.4264,49.99
Weekend_Home,2020-01-03 01:27:00,0.009543,230.483,0.3774,49.984
Weekend_Home,2020-01-03 01:30:00,0.008907,231.27,0.415,49.991
Weekend_Home,2020-01-03 01:33:00,0.013712,231.944,0.5044,49.996
Weekend_Home,2020-01-03 01:36:00,0.011742,232.003,0.4598,49.988
Weekend_Home,2020-01-03 01:39:00,0.008645,230.664,0.4046,50.013
Weekend_Home,2020-01-03 01:42:00,0.012669,231.875,0.454,49.97
Weekend_Home,2020-01-03 01:45:00,0.012184,231.866,0.5088,49.998
Weekend_Home,2020-01-03 01:48:00,0.010447,229.52,0.4198,50.0
Weekend_Home,2020-01-03 01:51:00,0.011568,231.157,0.4502,50.001
Weekend_Home,2020-01-03 01:54:00,0.014168,230.797,0.5306,49.974
Weekend_Home,2020-01-03 01:57:00,0.012231,230.627,0.4736,49.986
Weekend_Home,2020-01-03 02:00:00,0.014708,230.494,0.522,50.015
Weekend_Home,2020-01-03 02:03:00,0.009575,231.256,0.3651,50.001
Weekend_Home,2020-01-03 02:06:00,0.008409,229.895,0.369,49.982
Weekend_Home,2020-01-03 02:09:00,0.00819,230.642,0.3592,49.984
Weekend_Home,2020-01-03 02:12:00,0.007834,230.849,0.3231,49.989
Weekend_Home,2020-01-03 02:15:00,0.009773,230.641,0.4645,50.013
Weekend_Home,2020-01-03 02:18:00,0.012601,231.205,0.4489,49.986
Weekend_Home,2020-01-03 02:21:00,0.005292,230.255,0.3415,50.001
Weekend_Home,2020-01-03 02:24:00,0.012193,230.6,0.4678,49.987
Weekend_Home,2020-01-03 02:27:00,0.011365,229.459,0.478,49.988
Weekend_Home,2020-01-03 02:30:00,0.005646,232.667,0.4185,49.996
Weekend_Home,2020-01-03 02:33:00,0.010543,231.956,0.4209,49.978
Weekend_Home,2020-01-03 02:36:00,0.009336,232.383,0.3969,49.998
Weekend_Home,2020-01-03 02:39:00,0.008561,231.023,0.4177,49.984
Weekend_Home,2020-01-03 02:42:00,0.011717,231.017,0.4778,49.993
Weekend_Home,2020-01-03 02:45:00,0.013723,229.266,0.4527,49.996
Weekend_Home,2020-01-03 02:48:00,0.01079,231.727,0.3941,50.004
Weekend_Home,2020-01-03 02:51:00,0.012817,230.438,0.4405,50.002
Weekend_Home,2020-01-03 02:54:00,0.007508,231.702,0.3682,49.986
Weekend_Home,2020-01-03 02:57:00,0.013087,230.232,0.5092,49.954
Weekend_Home,2020-01-03 03:00:00,0.00482,231.002,0.3155,50.0
Weekend_Home,2020-01-03 03:03:00,0.011531,230.85,0.4777,49.982
Weekend_Home,2020-01-03 03:06:00,0.009285,230.778,0.4557,49.99
Weekend_Home,2020-01-03 03:09:00,0.006615,231.61,0.3522,49.999
Weekend_Home,2020-01-03 03:12:00,0.014468,231.454,0.5029,49.986
Weekend_Home,2020-01-03 03:15:00,0.013092,230.724,0.5494,49.985
Weekend_Home,2020-01-03 03:18:00,0.009007,232.01,0.4391,50.019
Weekend_Home,2020-01-03 03:21:00,0.011607,229.581,0.4972,49.994
Weekend_Home,2020-01-03 03:24:00,0.011762,229.183,0.4462,50.002
Weekend_Home,2020-01-03 03:27:00,0.012797,230.38,0.4045,49.988
Weekend_Home,2020-01-03 03:30:00,0.014026,230.176,0.5181,50.002
Weekend_Home,2020-01-03 03:33:00,0.008052,231.512,0.3704,50.021
Weekend_Home,2020-01-03 03:36:00,0.011966,231.567,0.4406,49.987
Weekend_Home,2020-01-03 03:39:00,0.007132,231.53,0.3952,49.987
Weekend_Home,2020-01-03 03:42:00,0.011492,230.672,0.4193,50.005
Weekend_Home,2020-01-03 03:45:00,0.006302,231.501,0.3437,49.986
Weekend_Home,2020-01-03 03:48:00,0.012659,230.013,0.4813,50.002
Weekend_Home,2020-01-03 03:51:00,0.011902,231.638,0.4381,50.015
Weekend_Home,2020-01-03 03:54:00,0.006868,230.063,0.3948,49.993
Weekend_Home,2020-01-03 03:57:00,0.011257,231.784,0.4557,49.993
Weekend_Home,2020-01-03 04:00:00,0.011142,231.843,0.454,50.003
Weekend_Home,2020-01-03 04:03:00,0.00717,231.52,0.3496,50.001
Weekend_Home,2020-01-03 04:06:00,0.005368,231.958,0.3503,50.005
Weekend_Home,2020-01-03 04:09:00,0.005667,231.775,0.3424,49.999
Weekend_Home,2020-01-03 04:12:00,0.017456,231.364,0.5648,50.012
Weekend_Home,2020-01-03 04:15:00,0.010127,231.115,0.3897,49.997
Weekend_Home,2020-01-03 04:18:00,0.013959,231.087,0.4558,49.984
Weekend_Home,2020-01-03 04:21:00,0.010608,231.0,0.437,50.008
Weekend_Home,2020-01-03 04:24:00,0.009561,231.003,0.3879,49.992
Weekend_Home,2020-01-03 04:27:00,0.015952,231.776,0.5139,49.99
Weekend_Home,2020-01-03 04:30:00,0.00883,230.11,0.4012,50.019
Weekend_Home,2020-01-03 04:33:00,0.009843,230.974,0.4453,49.974
Weekend_Home,2020-01-03 04:36:00,0.013058,230.561,0.4928,49.965
Weekend_Home,2020-01-03 04:39:00,0.010525,231.348,0.4,49.985
Weekend_Home,2020-01-03 04:42:00,0.01195,231.158,0.4223,50.025
Weekend_Home,2020-01-03 04:45:00,0.016754,230.004,0.544,49.975
Weekend_Home,2020-01-03 04:48:00,0.016259,231.116,0.4714,49.988
Weekend_Home,2020-01-03 04:51:00,0.011231,230.85,0.4202,49.984
Weekend_Home,2020-01-03 04:54:00,0.01605,231.332,0.5462,49.998
Weekend_Home,2020-01-03 04:57:00,0.0138,230.702,0.4927,50.0
Weekend_Home,2020-01-03 05:00:00,0.013327,230.077,0.5519,50.005
Weekend_Home,2020-01-03 05:03:00,0.011546,230.803,0.4258,50.01
Weekend_Home,2020-01-03 05:06:00,0.019106,231.067,0.5692,49.99
Weekend_Home,2020-01-03 05:09:00,0.016541,229.606,0.6149,49.985
Weekend_Home,2020-01-03 05:12:00,0.00926,230.771,0.4204,49.994
Weekend_Home,2020-01-03 05:15:00,0.01813,230.942,0.5978,50.004
Weekend_Home,2020-01-03 05:18:00,0.011301,229.767,0.3777,49.987
Weekend_Home,2020-01-03 05:21:00,0.012594,231.078,0.4661,49.989
Weekend_Home,2020-01-03 05:24:00,0.013647,230.3,0.5236,49.993
Weekend_Home,2020-01-03 05:27:00,0.012213,231.378,0.4763,50.009
Weekend_Home,2020-01-03 05:30:00,0.015902,230.655,0.5529,49.966
Weekend_Home,2020-01-03 05:33:00,0.016801,231.671,0.5968,49.981
Weekend_Home,2020-01-03 05:36:00,0.016937,229.595,0.5917,49.974
Weekend_Home,2020-01-03 05:39:00,0.010359,231.106,0.4054,50.011
Weekend_Home,2020-01-03 05:42:00,0.010536,230.307,0.4234,49.988
Weekend_Home,2020-01-03 05:45:00,0.01586,230.389,0.5536,50.011
Weekend_Home,2020-01-03 05:48:00,0.020055,229.132,0.5601,49.999
Weekend_Home,2020-01-03 05:51:00,0.014578,230.248,0.5474,49.976
Weekend_Home,2020-01-03 05:54:00,0.017189,230.819,0.5353,50.006
Weekend_Home,2020-01-03 05:57:00,0.015599,231.194,0.5656,49.991
Weekend_Home,2020-01-03 06:00:00,0.010287,231.907,0.3951,49.981
Weekend_Home,2020-01-03 06:03:00,0.015116,232.161,0.5219,49.989
Weekend_Home,2020-01-03 06:06:00,0.012827,230.407,0.4945,50.01
Weekend_Home,2020-01-03 06:09:00,0.019607,230.22,0.5405,49.985
Weekend_Home,2020-01-03 06:12:00,0.020905,229.629,0.5805,49.981
Weekend_Home,2020-01-03 06:15:00,0.020231,231.016,0.6536,49.99
Weekend_Home,2020-01-03 06:18:00,0.01333,229.844,0.5178,50.019
Weekend_Home,2020-01-03 06:21:00,0.019775,230.896,0.6603,49.998
Weekend_Home,2020-01-03 06:24:00,0.02128,232.099,0.6162,49.994
Weekend_Home,2020-01-03 06:27:00,0.023091,229.855,0.6869,49.987
Weekend_Home,2020-01-03 06:30:00,0.025919,228.819,0.6965,49.992
Weekend_Home,2020-01-03 06:33:00,0.026896,229.866,0.7119,50.008
Weekend_Home,2020-01-03 06:36:00,0.025717,230.37,0.7657,49.977
Weekend_Home,2020-01-03 06:39:00,0.017584,231.245,0.5058,50.014
Weekend_Home,2020-01-03 06:42:00,0.023332,230.249,0.6527,49.993
Weekend_Home,2020-01-03 06:45:00,0.023399,230.641,0.7071,49.995
Weekend_Home,2020-01-03 06:48:00,0.019606,229.374,0.6178,49.998
Weekend_Home,2020-01-03 06:51:00,0.0182,230.735,0.5397,50.009
Weekend_Home,2020-01-03 06:54:00,0.025538,229.568,0.7207,49.981
Weekend_Home,2020-01-03 06:57:00,0.016327,232.379,0.5178,49.993
Weekend_Home,2020-01-03 07:00:00,0.030567,230.096,0.828,49.991
Weekend_Home,2020-01-03 07:03:00,0.023224,230.269,0.6897,49.987
Weekend_Home,2020-01-03 07:06:00,0.023941,229.978,0.7271,49.972
Weekend_Home,2020-01-03 07:09:00,0.020348,230.179,0.6127,49.991
Weekend_Home,2020-01-03 07:12:00,0.020699,229.612,0.6385,49.972
Weekend_Home,2020-01-03 07:15:00,0.029139,229.145,0.8774,49.981
Weekend_Home,2020-01-03 07:18:00,0.028986,229.062,0.8156,49.981
Weekend_Home,2020-01-03 07:21:00,0.014444,231.354,0.513,49.986
Weekend_Home,2020-01-03 07:24:00,0.016015,230.0,0.587,49.995
Weekend_Home,2020-01-03 07:27:00,0.016444,231.423,0.5857,49.982
Weekend_Home,2020-01-03 07:30:00,0.017547,231.143,0.5899,49.989
Weekend_Home,2020-01-03 07:33:00,0.019655,231.887,0.6068,49.993
Weekend_Home,2020-01-03 07:36:00,0.025716,229.111,0.6808,49.968
Weekend_Home,2020-01-03 07:39:00,0.026131,227.939,0.6848,49.993
Weekend_Home,2020-01-03 07:42:00,0.024807,229.156,0.7495,49.989
Weekend_Home,2020-01-03 07:45:00,0.027555,229.081,0.8062,49.985
Weekend_Home,2020-01-03 07:48:00,0.022561,229.579,0.5938,49.979
Weekend_Home,2020-01-03 07:51:00,0.03383,230.414,0.86,49.997
Weekend_Home,2020-01-03 07:54:00,0.023423,230.862,0.6891,49.984
Weekend_Home,2020-01-03 07:57:00,0.016616,231.306,0.5509,49.989
Weekend_Home,2020-01-03 08:00:00,0.020832,229.881,0.6282,50.003
Weekend_Home,2020-01-03 08:03:00,0.017927,231.481,0.5705,49.958
Weekend_Home,2020-01-03 08:06:00,0.028483,228.927,0.7793,50.003
Weekend_Home,2020-01-03 08:09:00,0.0242,229.429,0.6685,50.01
Weekend_Home,2020-01-03 08:12:00,0.023807,229.469,0.724,49.976
Weekend_Home,2020-01-03 08:15:00,0.022846,230.182,0.597,50.0
Weekend_Home,2020-01-03 08:18:00,0.017793,230.119,0.585,50.0
Weekend_Home,2020-01-03 08:21:00,0.022141,230.571,0.6658,50.002
Weekend_Home,2020-01-03 08:24:00,0.021978,230.244,0.6552,49.971
Weekend_Home,2020-01-03 08:27:00,0.016708,231.292,0.6287,50.001
Weekend_Home,2020-01-03 08:30:00,0.015022,230.568,0.5369,49.983
Weekend_Home,2020-01-03 08:33:00,0.027606,229.547,0.7113,49.98
Weekend_Home,2020-01-03 08:36:00,0.017152,230.503,0.6215,49.987
Weekend_Home,2020-01-03 08:39:00,0.018519,230.215,0.5998,49.989
Weekend_Home,2020-01-03 08:42:00,0.023149,231.223,0.667,49.996
Weekend_Home,2020-01-03 08:45:00,0.021187,229.845,0.6286,49.984
Weekend_Home,2020-01-03 08:48:00,0.026049,228.978,0.774,49.987
Weekend_Home,2020-01-03 08:51:00,0.026837,230.091,0.7255,49.981
Weekend_Home,2020-01-03 08:54:00,0.022247,230.055,0.6705,50.0
Weekend_Home,2020-01-03 08:57:00,0.019273,229.935,0.5388,49.998
Weekend_Home,2020-01-03 09:00:00,0.027126,229.715,0.7202,50.002
Weekend_Home,2020-01-03 09:03:00,0.019193,230.379,0.6601,49.969
Weekend_Home,2020-01-03 09:06:00,0.025134,231.858,0.6627,49.976
Weekend_Home,2020-01-03 09:09:00,0.028178,227.941,0.7069,49.975
Weekend_Home,2020-01-03 09:12:00,0.032485,228.484,0.8308,49.988
Weekend_Home,2020-01-03 09:15:00,0.016321,232.612,0.6245,49.989
Weekend_Home,2020-01-03 09:18:00,0.020766,229.544,0.6427,50.011
Weekend_Home,2020-01-03 09:21:00,0.017256,231.232,0.5438,49.992
Weekend_Home,2020-01-03 09:24:00,0.019273,230.927,0.6017,49.982
Weekend_Home,2020-01-03 09:27:00,0.019594,231.077,0.5708,50.006
Weekend_Home,2020-01-03 09:30:00,0.016115,231.157,0.5442,49.987
Weekend_Home,2020-01-03 09:33:00,0.016074,230.423,0.5785,49.99
Weekend_Home,2020-01-03 09:36:00,0.015793,230.869,0.543,49.997
Weekend_Home,2020-01-03 09:39:00,0.013133,230.564,0.4989,49.994
Weekend_Home,2020-01-03 09:42:00,0.022995,229.765,0.6024,49.992
Weekend_Home,2020-01-03 09:45:00,0.023889,229.683,0.6785,49.993
Weekend_Home,2020-01-03 09:48:00,0.017296,230.395,0.551,50.006
Weekend_Home,2020-01-03 09:51:00,0.014752,231.061,0.4948,49.975
Weekend_Home,2020-01-03 09:54:00,0.020155,230.24,0.6076,49.992
Weekend_Home,2020-01-03 09:57:00,0.021388,230.13,0.6276,49.991
Weekend_Home,2020-01-03 10:00:00,0.022205,231.189,0.6066,49.995
Weekend_Home,2020-01-03 10:03:00,0.014368,229.52,0.5175,50.005
Weekend_Home,2020-01-03 10:06:00,0.020673,231.083,0.5851,49.998
Weekend_Home,2020-01-03 10:09:00,0.016759,231.606,0.5625,49.996
Weekend_Home,2020-01-03 10:12:00,0.018396,230.652,0.6118,50.012
Weekend_Home,2020-01-03 10:15:00,0.01843,229.693,0.6232,49.975
Weekend_Home,2020-01-03 10:18:00,0.019329,230.364,0.642,49.979
Weekend_Home,2020-01-03 10:21:00,0.010272,230.833,0.4328,49.997
Weekend_Home,2020-01-03 10:24:00,0.020519,231.762,0.6124,49.993
Weekend_Home,2020-01-03 10:27:00,0.018199,230.64,0.6441,49.985
Weekend_Home,2020-01-03 10:30:00,0.020034,231.235,0.6448,49.985
Weekend_Home,2020-01-03 10:33:00,0.019338,230.857,0.6256,49.985
Weekend_Home,2020-01-03 10:36:00,0.006136,230.692,0.3785,49.999
Weekend_Home,2020-01-03 10:39:00,0.015805,232.008,0.5719,50.003
Weekend_Home,2020-01-03 10:42:00,0.021263,230.163,0.6377,49.982
Weekend_Home,2020-01-03 10:45:00,0.012649,232.174,0.4749,50.018
Weekend_Home,2020-01-03 10:48:00,0.022403,230.44,0.6382,49.989
Weekend_Home,2020-01-03 10:51:00,0.025677,230.28,0.7305,49.995
Weekend_Home,2020-01-03 10:54:00,0.018715,230.313,0.5901,49.992
Weekend_Home,2020-01-03 10:57:00,0.015951,230.835,0.5207,49.978
Weekend_Home,2020-01-03 11:00:00,0.018156,230.071,0.6293,49.996
Weekend_Home,2020-01-03 11:03:00,0.016531,230.245,0.5955,49.997
Weekend_Home,2020-01-03 11:06:00,0.009275,230.852,0.4073,49.999
Weekend_Home,2020-01-03 11:09:00,0.012684,231.127,0.4799,49.995
Weekend_Home,2020-01-03 11:12:00,0.017658,230.573,0.5777,49.981
Weekend_Home,2020-01-03 11:15:00,0.020949,229.224,0.6353,50.004
Weekend_Home,2020-01-03 11:18:00,0.018069,230.869,0.6044,49.997
Weekend_Home,2020-01-03 11:21:00,0.018295,229.425,0.5967,49.982
Weekend_Home,2020-01-03 11:24:00,0.021711,231.721,0.5469,49.998
Weekend_Home,2020-01-03 11:27:00,0.015303,230.646,0.5137,49.997
Weekend_Home,2020-01-03 11:30:00,0.014492,231.622,0.5385,49.991
Weekend_Home,2020-01-03 11:33:00,0.014219,230.789,0.5063,49.987
Weekend_Home,2020-01-03 11:36:00,0.016198,232.551,0.5799,50.012
Weekend_Home,2020-01-03 11:39:00,0.019838,228.449,0.5767,49.991
Weekend_Home,2020-01-03 11:42:00,0.019599,230.552,0.6161,49.968
Weekend_Home,2020-01-03 11:45:00,0.019866,230.336,0.5853,49.979
Weekend_Home,2020-01-03 11:48:00,0.021103,229.331,0.6403,49.974
Weekend_Home,2020-01-03 11:51:00,0.027736,230.215,0.7736,49.997
Weekend_Home,2020-01-03 11:54:00,0.021533,229.263,0.6272,49.992
Weekend_Home,2020-01-03 11:57:00,0.018296,231.063,0.6177,49.977
Weekend_Home,2020-01-03 12:00:00,0.024896,230.014,0.6752,49.986
Weekend_Home,2020-01-03 12:03:00,0.016087,231.02,0.5957,50.002
Weekend_Home,2020-01-03 12:06:00,0.012534,230.477,0.4823,49.988
Weekend_Home,2020-01-03 12:09:00,0.016631,229.643,0.5534,49.987
Weekend_Home,2020-01-03 12:12:00,0.018055,229.569,0.5668,49.993
Weekend_Home,2020-01-03 12:15:00,0.027345,229.142,0.772,49.996
Weekend_Home,2020-01-03 12:18:00,0.017536,230.996,0.5442,49.996
Weekend_Home,2020-01-03 12:21:00,0.025027,230.877,0.6863,49.995
Weekend_Home,2020-01-03 12:24:00,0.007753,230.939,0.4144,49.989
Weekend_Home,2020-01-03 12:27:00,0.01958,230.766,0.68,49.975
Weekend_Home,2020-01-03 12:30:00,0.021265,230.557,0.625,49.986
Weekend_Home,2020-01-03 12:33:00,0.023445,231.026,0.7615,49.976
Weekend_Home,2020-01-03 12:36:00,0.020081,229.473,0.6169,49.983
Weekend_Home,2020-01-03 12:39:00,0.022147,230.505,0.582,49.98
Weekend_Home,2020-01-03 12:42:00,0.025149,229.644,0.7028,49.984
Weekend_Home,2020-01-03 12:45:00,0.028969,228.978,0.8482,49.985
Weekend_Home,2020-01-03 12:48:00,0.023363,230.712,0.7113,49.985
Weekend_Home,2020-01-03 12:51:00,0.024195,228.86,0.792,49.984
Weekend_Home,2020-01-03 12:54:00,0.023062,231.106,0.6754,49.997
Weekend_Home,2020-01-03 12:57:00,0.024173,230.062,0.7161,50.004
Weekend_Home,2020-01-03 13:00:00,0.029017,229.951,0.8334,49.963
Weekend_Home,2020-01-03 13:03:00,0.029326,228.904,0.7789,49.969
Weekend_Home,2020-01-03 13:06:00,0.019115,229.032,0.5926,49.974
Weekend_Home,2020-01-03 13:09:00,0.023517,230.253,0.6981,49.985
Weekend_Home,2020-01-03 13:12:00,0.014641,231.009,0.5049,50.012
Weekend_Home,2020-01-03 13:15:00,0.024065,229.543,0.7507,49.993
Weekend_Home,2020-01-03 13:18:00,0.021062,229.785,0.618,49.997
Weekend_Home,2020-01-03 13:21:00,0.024756,230.278,0.6329,49.954
Weekend_Home,2020-01-03 13:24:00,0.0208,229.751,0.5914,50.02
Weekend_Home,2020-01-03 13:27:00,0.027726,229.8,0.7184,49.992
Weekend_Home,2020-01-03 13:30:00,0.019291,229.379,0.5071,49.963
Weekend_Home,2020-01-03 13:33:00,0.015294,232.718,0.4892,49.975
Weekend_Home,2020-01-03 13:36:00,0.028466,229.031,0.786,49.98
Weekend_Home,2020-01-03 13:39:00,0.02764,228.009,0.6762,49.983
Weekend_Home,2020-01-03 13:42:00,0.023998,230.813,0.664,49.985
Weekend_Home,2020-01-03 13:45:00,0.031098,228.346,0.7775,49.986
Weekend_Home,2020-01-03 13:48:00,0.019727,229.943,0.6542,49.992
Weekend_Home,2020-01-03 13:51:00,0.017728,230.681,0.5752,50.003
Weekend_Home,2020-01-03 13:54:00,0.0254,228.713,0.7143,50.006
Weekend_Home,2020-01-03 13:57:00,0.021463,230.497,0.679,49.996
Weekend_Home,2020-01-03 14:00:00,0.017753,230.357,0.5218,49.982
Weekend_Home,2020-01-03 14:03:00,0.021239,230.293,0.5912,49.982
Weekend_Home,2020-01-03 14:06:00,0.03063,229.101,0.7895,49.959
Weekend_Home,2020-01-03 14:09:00,0.015273,230.395,0.4514,49.994
Weekend_Home,2020-01-03 14:12:00,0.016462,231.786,0.5024,49.988
Weekend_Home,2020-01-03 14:15:00,0.018874,230.754,0.5291,49.985
Weekend_Home,2020-01-03 14:18:00,0.022681,230.257,0.6614,49.987
Weekend_Home,2020-01-03 14:21:00,0.031106,229.48,0.8029,49.985
Weekend_Home,2020-01-03 14:24:00,0.026027,230.484,0.6996,49.978
Weekend_Home,2020-01-03 14:27:00,0.012136,231.574,0.5495,49.997
Weekend_Home,2020-01-03 14:30:00,0.023065,229.783,0.6937,49.978
Weekend_Home,2020-01-03 14:33:00,0.016392,230.532,0.525,49.989
Weekend_Home,2020-01-03 14:36:00,0.018405,231.594,0.5788,49.987
Weekend_Home,2020-01-03 14:39:00,0.01987,231.105,0.5496,49.991
Weekend_Home,2020-01-03 14:42:00,0.021372,229.74,0.6233,49.977
Weekend_Home,2020-01-03 14:45:00,0.016802,230.246,0.5974,49.998
Weekend_Home,2020-01-03 14:48:00,0.024192,230.159,0.6788,49.983
Weekend_Home,2020-01-03 14:51:00,0.013586,230.589,0.4659,49.994
Weekend_Home,2020-01-03 14:54:00,0.022616,232.304,0.6884,49.97
Weekend_Home,2020-01-03 14:57:00,0.023027,229.828,0.7001,50.0
Weekend_Home,2020-01-03 15:00:00,0.012992,231.064,0.4497,49.994
Weekend_Home,2020-01-03 15:03:00,0.020804,229.905,0.6457,49.982
Weekend_Home,2020-01-03 15:06:00,0.015682,231.984,0.4896,49.994
Weekend_Home,2020-01-03 15:09:00,0.021651,230.28,0.6388,50.007
Weekend_Home,2020-01-03 15:12:00,0.015261,230.375,0.5465,49.983
Weekend_Home,2020-01-03 15:15:00,0.015332,229.231,0.5534,49.993
Weekend_Home,2020-01-03 15:18:00,0.020771,229.875,0.6481,49.981
Weekend_Home,2020-01-03 15:21:00,0.017047,230.939,0.5596,49.994
Weekend_Home,2020-01-03 15:24:00,0.025207,230.239,0.7079,49.994
Weekend_Home,2020-01-03 15:27:00,0.024565,231.113,0.7265,49.985
Weekend_Home,2020-01-03 15:30:00,0.01676,231.065,0.514,50.011
Weekend_Home,2020-01-03 15:33:00,0.03036,228.803,0.7643,49.98
Weekend_Home,2020-01-03 15:36:00,0.016182,230.092,0.4596,50.021
Weekend_Home,2020-01-03 15:39:00,0.012605,231.401,0.4434,49.983
Weekend_Home,2020-01-03 15:42:00,0.014058,229.784,0.4843,49.996
Weekend_Home,2020-01-03 15:45:00,0.021216,229.884,0.6197,49.974
Weekend_Home,2020-01-03 15:48:00,0.012958,231.735,0.5125,50.019
Weekend_Home,2020-01-03 15:51:00,0.024105,229.662,0.6744,49.999
Weekend_Home,2020-01-03 15:54:00,0.022874,228.626,0.6574,49.981
Weekend_Home,2020-01-03 15:57:00,0.022256,229.16,0.599,49.98
Weekend_Home,2020-01-03 16:00:00,0.01843,229.783,0.6144,49.995
Weekend_Home,2020-01-03 16:03:00,0.025416,229.236,0.6956,50.012
Weekend_Home,2020-01-03 16:06:00,0.015709,230.77,0.545,49.969
Weekend_Home,2020-01-03 16:09:00,0.019042,231.195,0.5753,50.014
Weekend_Home,2020-01-03 16:12:00,0.023259,229.958,0.6392,49.988
Weekend_Home,2020-01-03 16:15:00,0.015471,231.098,0.5666,49.977
Weekend_Home,2020-01-03 16:18:00,0.020039,230.202,0.6206,49.99
Weekend_Home,2020-01-03 16:21:00,0.016941,230.661,0.4923,50.001
Weekend_Home,2020-01-03 16:24:00,0.023307,229.32,0.684,49.98
Weekend_Home,2020-01-03 16:27:00,0.021422,229.937,0.6983,50.001
Weekend_Home,2020-01-03 16:30:00,0.022108,229.455,0.6356,50.014
Weekend_Home,2020-01-03 16:33:00,0.021364,229.613,0.7087,49.994
Weekend_Home,2020-01-03 16:36:00,0.018152,231.268,0.5636,49.994
Weekend_Home,2020-01-03 16:39:00,0.014026,230.604,0.5041,50.004
Weekend_Home,2020-01-03 16:42:00,0.01373,231.15,0.4768,49.985
Weekend_Home,2020-01-03 16:45:00,0.016486,230.741,0.5206,49.996
Weekend_Home,2020-01-03 16:48:00,0.023482,230.362,0.6445,49.989
Weekend_Home,2020-01-03 16:51:00,0.023234,229.962,0.6594,49.991
Weekend_Home,2020-01-03 16:54:00,0.023934,230.136,0.7048,49.971
Weekend_Home,2020-01-03 16:57:00,0.017759,230.361,0.487,50.025
Weekend_Home,2020-01-03 17:00:00,0.013025,231.464,0.5404,50.012
Weekend_Home,2020-01-03 17:03:00,0.018827,230.715,0.5478,49.992
Weekend_Home,2020-01-03 17:06:00,0.021338,229.797,0.6215,50.008
Weekend_Home,2020-01-03 17:09:00,0.019809,232.034,0.5692,49.997
Weekend_Home,2020-01-03 17:12:00,0.013813,231.343,0.4759,49.998
Weekend_Home,2020-01-03 17:15:00,0.020251,231.44,0.6416,49.982
Weekend_Home,2020-01-03 17:18:00,0.021104,229.489,0.6275,49.98
Weekend_Home,2020-01-03 17:21:00,0.016199,231.618,0.5249,49.979
Weekend_Home,2020-01-03 17:24:00,0.01109,231.161,0.3888,49.996
Weekend_Home,2020-01-03 17:27:00,0.012738,231.337,0.4544,50.003
Weekend_Home,2020-01-03 17:30:00,0.027713,229.501,0.7116,49.994
Weekend_Home,2020-01-03 17:33:00,0.015882,230.779,0.4736,49.978
Weekend_Home,2020-01-03 17:36:00,0.01671,231.184,0.495,49.995
Weekend_Home,2020-01-03 17:39:00,0.012951,229.653,0.4857,50.007
Weekend_Home,2020-01-03 17:42:00,0.020203,228.701,0.5305,49.976
Weekend_Home,2020-01-03 17:45:00,0.021812,231.072,0.5922,49.978
Weekend_Home,2020-01-03 17:48:00,0.016224,231.093,0.5312,49.983
Weekend_Home,2020-01-03 17:51:00,0.016187,230.33,0.6143,49.998
Weekend_Home,2020-01-03 17:54:00,0.01911,231.251,0.5582,49.996
Weekend_Home,2020-01-03 17:57:00,0.006042,230.984,0.3875,49.967
Weekend_Home,2020-01-03 18:00:00,0.012745,230.717,0.4872,50.011
Weekend_Home,2020-01-03 18:03:00,0.009391,232.057,0.4301,49.996
Weekend_Home,2020-01-03 18:06:00,0.019495,230.086,0.5931,49.989
Weekend_Home,2020-01-03 18:09:00,0.016967,228.745,0.5607,49.975
Weekend_Home,2020-01-03 18:12:00,0.019171,230.596,0.5765,49.987
Weekend_Home,2020-01-03 18:15:00,0.015783,230.462,0.5474,49.98
Weekend_Home,2020-01-03 18:18:00,0.017923,230.687,0.6214,49.994
Weekend_Home,2020-01-03 18:21:00,0.010201,229.392,0.4478,49.985
Weekend_Home,2020-01-03 18:24:00,0.02386,230.755,0.6685,50.016
Weekend_Home,2020-01-03 18:27:00,0.021272,231.087,0.6857,49.979
Weekend_Home,2020-01-03 18:30:00,0.024998,229.314,0.7216,49.993
Weekend_Home,2020-01-03 18:33:00,0.029674,229.868,0.8366,49.986
Weekend_Home,2020-01-03 18:36:00,0.016244,230.432,0.5249,49.964
Weekend_Home,2020-01-03 18:39:00,0.015113,231.061,0.5064,49.996
Weekend_Home,2020-01-03 18:42:00,0.015746,230.27,0.502,50.002
Weekend_Home,2020-01-03 18:45:00,0.020134,230.313,0.5674,49.979
Weekend_Home,2020-01-03 18:48:00,0.015041,229.446,0.5652,49.989
Weekend_Home,2020-01-03 18:51:00,0.013261,230.03,0.4602,50.007
Weekend_Home,2020-01-03 18:54:00,0.022466,230.096,0.6327,49.998
Weekend_Home,2020-01-03 18:57:00,0.014647,232.498,0.4717,49.975
Weekend_Home,2020-01-03 19:00:00,0.02286,229.596,0.6201,49.993
Weekend_Home,2020-01-03 19:03:00,0.015623,230.901,0.4774,50.001
Weekend_Home,2020-01-03 19:06:00,0.017827,230.78,0.5229,49.995
Weekend_Home,2020-01-03 19:09:00,0.019819,229.654,0.6408,49.995
Weekend_Home,2020-01-03 19:12:00,0.023791,229.779,0.6984,49.995
Weekend_Home,2020-01-03 19:15:00,0.017857,230.177,0.5711,49.994
Weekend_Home,2020-01-03 19:18:00,0.025052,229.904,0.6912,49.993
Weekend_Home,2020-01-03 19:21:00,0.019622,228.993,0.5862,50.003
Weekend_Home,2020-01-03 19:24:00,0.014605,230.623,0.4971,50.008
Weekend_Home,2020-01-03 19:27:00,0.028332,229.749,0.7359,49.974
Weekend_Home,2020-01-03 19:30:00,0.019298,230.715,0.6425,49.989
Weekend_Home,2020-01-03 19:33:00,0.020637,230.394,0.5806,50.004
Weekend_Home,2020-01-03 19:36:00,0.016126,230.477,0.5489,50.008
Weekend_Home,2020-01-03 19:39:00,0.022873,229.284,0.6227,49.979
Weekend_Home,2020-01-03 19:42:00,0.020616,229.375,0.6475,49.992
Weekend_Home,2020-01-03 19:45:00,0.022806,229.533,0.7406,49.97
Weekend_Home,2020-01-03 19:48:00,0.019829,230.075,0.6287,49.976
Weekend_Home,2020-01-03 19:51:00,0.017172,231.054,0.5246,49.987
Weekend_Home,2020-01-03 19:54:00,0.016982,230.968,0.5583,49.986
Weekend_Home,2020-01-03 19:57:00,0.028213,229.278,0.7588,49.999
Weekend_Home,2020-01-03 20:00:00,0.025762,230.899,0.7188,49.999
Weekend_Home,2020-01-03 20:03:00,0.025831,228.764,0.6701,49.993
Weekend_Home,2020-01-03 20:06:00,0.019875,230.301,0.62,49.983
Weekend_Home,2020-01-03 20:09:00,0.01556,230.209,0.5643,49.985
Weekend_Home,2020-01-03 20:12:00,0.021446,229.965,0.6276,50.003
Weekend_Home,2020-01-03 20:15:00,0.012195,232.111,0.4823,49.972
Weekend_Home,2020-01-03 20:18:00,0.018096,230.542,0.5488,49.995
Weekend_Home,2020-01-03 20:21:00,0.019917,229.631,0.6071,49.991
Weekend_Home,2020-01-03 20:24:00,0.00998,231.35,0.4984,49.988
Weekend_Home,2020-01-03 20:27:00,0.019782,229.545,0.6728,49.994
Weekend_Home,2020-01-03 20:30:00,0.017832,232.382,0.5488,49.973
Weekend_Home,2020-01-03 20:33:00,0.01398,231.983,0.486,49.989
Weekend_Home,2020-01-03 20:36:00,0.014801,229.53,0.5352,50.007
Weekend_Home,2020-01-03 20:39:00,0.018826,232.361,0.6439,49.986
Weekend_Home,2020-01-03 20:42:00,0.020039,231.063,0.6195,49.984
Weekend_Home,2020-01-03 20:45:00,0.018761,231.346,0.6432,50.019
Weekend_Home,2020-01-03 20:48:00,0.027274,230.806,0.7616,50.023
Weekend_Home,2020-01-03 20:51:00,0.022691,228.746,0.6495,49.997
Weekend_Home,2020-01-03 20:54:00,0.011925,229.969,0.4226,50.001
Weekend_Home,2020-01-03 20:57:00,0.021628,230.587,0.599,49.981
Weekend_Home,2020-01-03 21:00:00,0.012451,231.303,0.4694,50.005
Weekend_Home,2020-01-03 21:03:00,0.016446,230.065,0.5301,49.987
Weekend_Home,2020-01-03 21:06:00,0.017503,230.679,0.5709,50.007
Weekend_Home,2020-01-03 21:09:00,0.011206,230.314,0.5118,50.011
Weekend_Home,2020-01-03 21:12:00,0.022277,229.834,0.6794,49.981
Weekend_Home,2020-01-03 21:15:00,0.019191,230.079,0.6469,49.985
Weekend_Home,2020-01-03 21:18:00,0.015303,229.631,0.5095,49.989
Weekend_Home,2020-01-03 21:21:00,0.025586,229.703,0.7621,49.982
Weekend_Home,2020-01-03 21:24:00,0.018452,229.198,0.6502,50.006
Weekend_Home,2020-01-03 21:27:00,0.014078,232.275,0.574,49.983
Weekend_Home,2020-01-03 21:30:00,0.019328,229.558,0.6159,49.977
Weekend_Home,2020-01-03 21:33:00,0.018444,229.452,0.549,49.964
Weekend_Home,2020-01-03 21:36:00,0.015044,230.828,0.5185,50.016
Weekend_Home,2020-01-03 21:39:00,0.015568,230.074,0.4989,50.006
Weekend_Home,2020-01-03 21:42:00,0.017059,230.273,0.5714,49.984
Weekend_Home,2020-01-03 21:45:00,0.016892,231.836,0.5067,49.986
Weekend_Home,2020-01-03 21:48:00,0.024246,230.051,0.7045,49.976
Weekend_Home,2020-01-03 21:51:00,0.019468,228.225,0.6503,49.994
Weekend_Home,2020-01-03 21:54:00,0.015269,230.143,0.4892,50.012
Weekend_Home,2020-01-03 21:57:00,0.019101,231.491,0.5652,50.001
Weekend_Home,2020-01-03 22:00:00,0.012821,229.142,0.4903,49.986
Weekend_Home,2020-01-03 22:03:00,0.014457,231.252,0.5438,49.969
Weekend_Home,2020-01-03 22:06:00,0.016182,232.006,0.5493,50.006
Weekend_Home,2020-01-03 22:09:00,0.019428,231.87,0.6164,49.967
Weekend_Home,2020-01-03 22:12:00,0.01813,228.919,0.6456,49.991
Weekend_Home,2020-01-03 22:15:00,0.013838,230.248,0.4624,50.0
Weekend_Home,2020-01-03 22:18:00,0.015467,230.853,0.5947,49.982
Weekend_Home,2020-01-03 22:21:00,0.021749,229.501,0.6583,49.995
Weekend_Home,2020-01-03 22:24:00,0.015839,229.43,0.5071,50.02
Weekend_Home,2020-01-03 22:27:00,0.012763,230.4,0.5121,49.998
Weekend_Home,2020-01-03 22:30:00,0.011612,230.498,0.4623,49.984
Weekend_Home,2020-01-03 22:33:00,0.013449,231.443,0.5515,49.99
Weekend_Home,2020-01-03 22:36:00,0.018043,230.0,0.6043,50.003
Weekend_Home,2020-01-03 22:39:00,0.01371,231.505,0.4972,49.975
Weekend_Home,2020-01-03 22:42:00,0.016435,230.407,0.5484,50.013
Weekend_Home,2020-01-03 22:45:00,0.013723,230.49,0.4814,49.994
Weekend_Home,2020-01-03 22:48:00,0.009208,232.281,0.3777,50.007
Weekend_Home,2020-01-03 22:51:00,0.011995,230.263,0.4757,49.991
Weekend_Home,2020-01-03 22:54:00,0.014107,230.671,0.4999,49.989
Weekend_Home,2020-01-03 22:57:00,0.009906,230.846,0.468,50.0
Weekend_Home,2020-01-03 23:00:00,0.013547,230.211,0.5451,50.016
Weekend_Home,2020-01-03 23:03:00,0.012385,230.87,0.4752,49.999
Weekend_Home,2020-01-03 23:06:00,0.007788,233.087,0.4125,50.001
Weekend_Home,2020-01-03 23:09:00,0.01511,230.566,0.5782,49.993
Weekend_Home,2020-01-03 23:12:00,0.013872,230.81,0.4859,49.99
Weekend_Home,2020-01-03 23:15:00,0.010335,231.319,0.4426,49.996
Weekend_Home,2020-01-03 23:18:00,0.011428,230.362,0.5262,50.021
Weekend_Home,2020-01-03 23:21:00,0.01194,232.443,0.4165,49.979
Weekend_Home,2020-01-03 23:24:00,0.009423,232.3,0.3732,49.993
Weekend_Home,2020-01-03 23:27:00,0.012081,230.887,0.4751,50.003
Weekend_Home,2020-01-03 23:30:00,0.013101,230.425,0.4928,50.022
Weekend_Home,2020-01-03 23:33:00,0.007626,230.866,0.3407,50.007
Weekend_Home,2020-01-03 23:36:00,0.017672,230.339,0.6162,49.998
Weekend_Home,2020-01-03 23:39:00,0.015808,230.671,0.5534,50.003
Weekend_Home,2020-01-03 23:42:00,0.010827,229.858,0.4311,49.989
Weekend_Home,2020-01-03 23:45:00,0.006935,232.144,0.3765,50.026
Weekend_Home,2020-01-03 23:48:00,0.012141,232.517,0.4118,50.001
Weekend_Home,2020-01-03 23:51:00,0.011886,231.465,0.4626,50.009
Weekend_Home,2020-01-03 23:54:00,0.012189,230.651,0.4527,50.022
Weekend_Home,2020-01-03 23:57:00,0.01048,231.004,0.4478,49.997
Weekend_Home,2020-01-04 00:00:00,0.018458,231.578,0.6026,49.989
Weekend_Home,2020-01-04 00:03:00,0.01849,229.769,0.6394,50.002
Weekend_Home,2020-01-04 00:06:00,0.023129,229.674,0.6461,49.989
Weekend_Home,2020-01-04 00:09:00,0.029593,229.105,0.8124,49.99
Weekend_Home,2020-01-04 00:12:00,0.024785,228.897,0.6839,49.992
Weekend_Home,2020-01-04 00:15:00,0.020942,230.378,0.6007,49.99
Weekend_Home,2020-01-04 00:18:00,0.027186,230.324,0.6906,49.982
Weekend_Home,2020-01-04 00:21:00,0.018849,230.909,0.6011,50.002
Weekend_Home,2020-01-04 00:24:00,0.015624,230.393,0.4883,50.024
Weekend_Home,2020-01-04 00:27:00,0.022472,230.02,0.6299,49.992
Weekend_Home,2020-01-04 00:30:00,0.029023,228.24,0.7709,49.995
Weekend_Home,2020-01-04 00:33:00,0.012584,230.297,0.4462,49.977
Weekend_Home,2020-01-04 00:36:00,0.015716,231.47,0.5566,49.995
Weekend_Home,2020-01-04 00:39:00,0.032679,228.869,0.8187,49.998
Weekend_Home,2020-01-04 00:42:00,0.020761,230.816,0.631,49.992
Weekend_Home,2020-01-04 00:45:00,0.026418,230.393,0.696,49.995
Weekend_Home,2020-01-04 00:48:00,0.029758,227.955,0.7761,49.979
Weekend_Home,2020-01-04 00:51:00,0.022586,229.774,0.6853,49.995
Weekend_Home,2020-01-04 00:54:00,0.014754,230.968,0.5249,50.002
Weekend_Home,2020-01-04 00:57:00,0.016827,231.15,0.6607,50.017
Weekend_Home,2020-01-04 01:00:00,0.021541,230.989,0.5887,49.977
Weekend_Home,2020-01-04 01:03:00,0.026919,229.314,0.7875,49.997
Weekend_Home,2020-01-04 01:06:00,0.026628,229.598,0.6993,49.996
Weekend_Home,2020-01-04 01:09:00,0.029459,229.771,0.8383,49.98
Weekend_Home,2020-01-04 01:12:00,0.019749,229.471,0.5857,49.998
Weekend_Home,2020-01-04 01:15:00,0.023492,230.132,0.7143,49.987
Weekend_Home,2020-01-04 01:18:00,0.015605,230.604,0.5429,49.998
Weekend_Home,2020-01-04 01:21:00,0.030055,229.403,0.757,49.996
Weekend_Home,2020-01-04 01:24:00,0.01783,229.859,0.5248,50.001
Weekend_Home,2020-01-04 01:27:00,0.025937,229.034,0.7082,49.985
Weekend_Home,2020-01-04 01:30:00,0.027469,230.652,0.7388,49.991
Weekend_Home,2020-01-04 01:33:00,0.026042,228.451,0.6968,49.955
Weekend_Home,2020-01-04 01:36:00,0.028463,230.731,0.8005,49.98
Weekend_Home,2020-01-04 01:39:00,0.021321,229.816,0.6681,50.001
Weekend_Home,2020-01-04 01:42:00,0.031331,229.007,0.8607,49.997
Weekend_Home,2020-01-04 01:45:00,0.020682,229.612,0.6073,49.979
Weekend_Home,2020-01-04 01:48:00,0.021097,230.421,0.6107,49.998
Weekend_Home,2020-01-04 01:51:00,0.026333,229.976,0.7863,49.984
Weekend_Home,2020-01-04 01:54:00,0.029168,230.401,0.7772,49.973
Weekend_Home,2020-01-04 01:57:00,0.014517,230.539,0.5065,49.998
Weekend_Home,2020-01-04 02:00:00,0.022153,231.629,0.7024,49.992
Weekend_Home,2020-01-04 02:03:00,0.016009,229.74,0.5004,50.01
Weekend_Home,2020-01-04 02:06:00,0.024606,230.638,0.6947,50.001
Weekend_Home,2020-01-04 02:09:00,0.027164,228.339,0.7731,50.001
Weekend_Home,2020-01-04 02:12:00,0.01705,230.49,0.5683,49.986
Weekend_Home,2020-01-04 02:15:00,0.015443,230.962,0.5148,49.973
Weekend_Home,2020-01-04 02:18:00,0.019208,230.95,0.5746,49.988
Weekend_Home,2020-01-04 02:21:00,0.020498,229.431,0.5764,50.002
Weekend_Home,2020-01-04 02:24:00,0.019275,232.171,0.6373,49.996
Weekend_Home,2020-01-04 02:27:00,0.027835,229.739,0.7091,50.008
Weekend_Home,2020-01-04 02:30:00,0.034056,231.37,0.8547,49.985
Weekend_Home,2020-01-04 02:33:00,0.027593,229.51,0.815,49.997
Weekend_Home,2020-01-04 02:36:00,0.026159,230.374,0.7176,49.99
Weekend_Home,2020-01-04 02:39:00,0.023439,229.993,0.7065,50.011
Weekend_Home,2020-01-04 02:42:00,0.023535,230.184,0.692,50.0
Weekend_Home,2020-01-04 02:45:00,0.015054,230.294,0.5183,49.986
Weekend_Home,2020-01-04 02:48:00,0.01577,231.125,0.5183,49.984
Weekend_Home,2020-01-04 02:51:00,0.026238,230.007,0.7037,49.965
Weekend_Home,2020-01-04 02:54:00,0.018511,230.563,0.5573,49.979
Weekend_Home,2020-01-04 02:57:00,0.023411,228.788,0.64,49.998
Weekend_Home,2020-01-04 03:00:00,0.03038,229.728,0.7241,49.985
Weekend_Home,2020-01-04 03:03:00,0.02199,230.963,0.6788,49.981
Weekend_Home,2020-01-04 03:06:00,0.028031,230.356,0.6981,50.007
Weekend_Home,2020-01-04 03:09:00,0.026604,232.402,0.7364,50.009
Weekend_Home,2020-01-04 03:12:00,0.02487,231.14,0.7371,50.013
Weekend_Home,2020-01-04 03:15:00,0.0149,229.709,0.5161,49.969
Weekend_Home,2020-01-04 03:18:00,0.01811,229.3,0.5618,49.988
Weekend_Home,2020-01-04 03:21:00,0.024312,228.933,0.6869,49.998
Weekend_Home,2020-01-04 03:24:00,0.027847,229.651,0.7387,50.019
Weekend_Home,2020-01-04 03:27:00,0.02614,228.977,0.6957,49.993
Weekend_Home,2020-01-04 03:30:00,0.025925,230.26,0.8058,49.986
Weekend_Home,2020-01-04 03:33:00,0.034084,229.095,0.8573,49.993
Weekend_Home,2020-01-04 03:36:00,0.030776,230.06,0.7925,49.995
Weekend_Home,2020-01-04 03:39:00,0.025094,229.155,0.7425,49.978
Weekend_Home,2020-01-04 03:42:00,0.018568,229.828,0.6126,49.994
Weekend_Home,2020-01-04 03:45:00,0.033773,229.21,0.8323,49.998
Weekend_Home,2020-01-04 03:48:00,0.023802,228.914,0.6805,49.984
Weekend_Home,2020-01-04 03:51:00,0.022486,229.984,0.6353,49.996
Weekend_Home,2020-01-04 03:54:00,0.022146,229.217,0.6164,49.978
Weekend_Home,2020-01-04 03:57:00,0.022686,228.553,0.6402,49.975
Weekend_Home,2020-01-04 04:00:00,0.029115,229.243,0.8107,49.98
Weekend_Home,2020-01-04 04:03:00,0.030765,229.99,0.7775,49.999
Weekend_Home,2020-01-04 04:06:00,0.020048,230.515,0.6567,49.99
Weekend_Home,2020-01-04 04:09:00,0.029121,229.412,0.7899,50.002
Weekend_Home,2020-01-04 04:12:00,0.015017,229.61,0.5232,49.988
Weekend_Home,2020-01-04 04:15:00,0.027493,229.958,0.7604,49.978
Weekend_Home,2020-01-04 04:18:00,0.014303,230.819,0.5188,49.982
Weekend_Home,2020-01-04 04:21:00,0.031224,231.073,0.814,49.966
Weekend_Home,2020-01-04 04:24:00,0.027451,229.813,0.7677,49.99
Weekend_Home,2020-01-04 04:27:00,0.024118,230.054,0.7215,49.995
Weekend_Home,2020-01-04 04:30:00,0.031583,229.101,0.8248,49.965
Weekend_Home,2020-01-04 04:33:00,0.02781,228.842,0.7477,49.998
Weekend_Home,2020-01-04 04:36:00,0.031946,229.087,0.8505,49.987
Weekend_Home,2020-01-04 04:39:00,0.027264,230.191,0.7522,49.994
Weekend_Home,2020-01-04 04:42:00,0.019138,231.096,0.5881,50.0
Weekend_Home,2020-01-04 04:45:00,0.023276,229.692,0.676,49.995
Weekend_Home,2020-01-04 04:48:00,0.030815,229.04,0.7835,50.006
Weekend_Home,2020-01-04 04:51:00,0.047852,227.156,1.1426,49.977
Weekend_Home,2020-01-04 04:54:00,0.037016,229.016,0.937,49.998
Weekend_Home,2020-01-04 04:57:00,0.020658,229.084,0.5942,50.0
Weekend_Home,2020-01-04 05:00:00,0.033379,229.765,0.8499,50.004
Weekend_Home,2020-01-04 05:03:00,0.024441,230.962,0.6968,49.997
Weekend_Home,2020-01-04 05:06:00,0.027609,230.061,0.7979,49.978
Weekend_Home,2020-01-04 05:09:00,0.036484,229.142,0.9193,49.994
Weekend_Home,2020-01-04 05:12:00,0.026029,229.703,0.701,49.979
Weekend_Home,2020-01-04 05:15:00,0.023541,228.885,0.7112,49.982
Weekend_Home,2020-01-04 05:18:00,0.026905,229.19,0.71,49.99
Weekend_Home,2020-01-04 05:21:00,0.0411,228.322,0.9461,50.009
Weekend_Home,2020-01-04 05:24:00,0.045212,228.566,1.0098,49.979
Weekend_Home,2020-01-04 05:27:00,0.028676,228.856,0.8,49.992
Weekend_Home,2020-01-04 05:30:00,0.047968,227.931,1.0928,49.979
Weekend_Home,2020-01-04 05:33:00,0.030362,230.191,0.8227,49.995
Weekend_Home,2020-01-04 05:36:00,0.035566,230.358,0.8639,49.973
Weekend_Home,2020-01-04 05:39:00,0.045563,228.315,1.0989,49.982
Weekend_Home,2020-01-04 05:42:00,0.02332,230.481,0.6751,49.972
Weekend_Home,2020-01-04 05:45:00,0.02992,229.176,0.7709,49.993
Weekend_Home,2020-01-04 05:48:00,0.036941,229.107,0.9428,49.966
Weekend_Home,2020-01-04 05:51:00,0.037111,228.144,0.8796,49.99
Weekend_Home,2020-01-04 05:54:00,0.04538,227.955,1.0521,49.964
Weekend_Home,2020-01-04 05:57:00,0.036505,228.143,0.9351,49.974
Weekend_Home,2020-01-04 06:00:00,0.03255,228.915,0.8285,49.987
Weekend_Home,2020-01-04 06:03:00,0.042836,228.566,1.0447,49.973
Weekend_Home,2020-01-04 06:06:00,0.035614,229.242,0.9232,49.972
Weekend_Home,2020-01-04 06:09:00,0.048684,228.866,1.1296,49.992
Weekend_Home,2020-01-04 06:12:00,0.024058,229.267,0.7248,49.988
Weekend_Home,2020-01-04 06:15:00,0.038793,228.444,0.9673,49.997
Weekend_Home,2020-01-04 06:18:00,0.049249,229.054,1.1339,49.979
Weekend_Home,2020-01-04 06:21:00,0.059353,228.034,1.3538,49.976
Weekend_Home,2020-01-04 06:24:00,0.026862,230.788,0.7889,49.987
Weekend_Home,2020-01-04 06:27:00,0.039458,228.416,0.9767,49.979
Weekend_Home,2020-01-04 06:30:00,0.045343,228.683,1.0945,49.965
Weekend_Home,2020-01-04 06:33:00,0.041609,228.529,0.9974,49.984
Weekend_Home,2020-01-04 06:36:00,0.037959,229.771,0.9713,49.982
Weekend_Home,2020-01-04 06:39:00,0.041833,227.234,1.004,49.995
Weekend_Home,2020-01-04 06:42:00,0.046682,227.492,1.097,49.965
Weekend_Home,2020-01-04 06:45:00,0.069734,225.91,1.485,49.965
Weekend_Home,2020-01-04 06:48:00,0.059122,227.279,1.3148,49.964
Weekend_Home,2020-01-04 06:51:00,0.038449,228.438,1.052,49.98
Weekend_Home,2020-01-04 06:54:00,0.049067,227.411,1.1205,49.969
Weekend_Home,2020-01-04 06:57:00,0.066707,225.285,1.4751,49.958
Weekend_Home,2020-01-04 07:00:00,0.055949,227.32,1.2907,49.978
Weekend_Home,2020-01-04 07:03:00,0.056584,225.92,1.2755,49.973
Weekend_Home,2020-01-04 07:06:00,0.025734,231.595,0.7306,49.988
Weekend_Home,2020-01-04 07:09:00,0.038068,228.403,0.9654,50.001
Weekend_Home,2020-01-04 07:12:00,0.055136,226.752,1.2533,49.992
Weekend_Home,2020-01-04 07:15:00,0.050943,228.884,1.1462,49.985
Weekend_Home,2020-01-04 07:18:00,0.075267,226.636,1.5822,49.978
Weekend_Home,2020-01-04 07:21:00,0.078665,225.629,1.6643,49.962
Weekend_Home,2020-01-04 07:24:00,0.059018,225.2,1.2428,50.002
Weekend_Home,2020-01-04 07:27:00,0.055195,227.736,1.2623,49.988
Weekend_Home,2020-01-04 07:30:00,0.069628,225.097,1.5197,49.999
Weekend_Home,2020-01-04 07:33:00,0.062509,227.467,1.3514,49.97
Weekend_Home,2020-01-04 07:36:00,0.069891,226.613,1.516,49.974
Weekend_Home,2020-01-04 07:39:00,0.077553,225.28,1.5909,49.971
Weekend_Home,2020-01-04 07:42:00,0.054407,228.851,1.1887,49.975
Weekend_Home,2020-01-04 07:45:00,0.048007,228.317,1.086,49.998
Weekend_Home,2020-01-04 07:48:00,0.067412,226.349,1.4896,49.975
Weekend_Home,2020-01-04 07:51:00,0.052941,227.204,1.1793,49.977
Weekend_Home,2020-01-04 07:54:00,0.051529,228.865,1.144,49.968
Weekend_Home,2020-01-04 07:57:00,0.071675,225.059,1.5677,49.953
Weekend_Home,2020-01-04 08:00:00,0.065568,225.931,1.3765,49.969
Weekend_Home,2020-01-04 08:03:00,0.047434,229.38,1.0987,49.999
Weekend_Home,2020-01-04 08:06:00,0.060187,226.799,1.3341,49.984
Weekend_Home,2020-01-04 08:09:00,0.050144,227.606,1.1889,49.981
Weekend_Home,2020-01-04 08:12:00,0.075431,224.949,1.5692,49.982
Weekend_Home,2020-01-04 08:15:00,0.058714,226.189,1.2781,49.974
Weekend_Home,2020-01-04 08:18:00,0.063084,226.947,1.376,49.972
Weekend_Home,2020-01-04 08:21:00,0.075719,225.612,1.6707,49.959
Weekend_Home,2020-01-04 08:24:00,0.071821,227.13,1.5873,49.963
Weekend_Home,2020-01-04 08:27:00,0.068502,227.399,1.531,49.971
Weekend_Home,2020-01-04 08:30:00,0.0405,228.747,0.9935,49.977
Weekend_Home,2020-01-04 08:33:00,0.055458,227.491,1.2241,49.961
Weekend_Home,2020-01-04 08:36:00,0.054217,228.615,1.1866,49.979
Weekend_Home,2020-01-04 08:39:00,0.032634,228.458,0.8414,49.991
Weekend_Home,2020-01-04 08:42:00,0.061057,227.484,1.351,49.941
Weekend_Home,2020-01-04 08:45:00,0.052907,228.796,1.2055,49.984
Weekend_Home,2020-01-04 08:48:00,0.08631,224.766,1.8056,49.958
Weekend_Home,2020-01-04 08:51:00,0.044247,226.99,1.0253,49.974
Weekend_Home,2020-01-04 08:54:00,0.05599,226.129,1.1997,49.965
Weekend_Home,2020-01-04 08:57:00,0.049188,228.82,1.129,49.96
Weekend_Home,2020-01-04 09:00:00,0.079289,225.595,1.7014,49.986
Weekend_Home,2020-01-04 09:03:00,0.052021,228.106,1.3075,49.991
Weekend_Home,2020-01-04 09:06:00,0.047417,228.047,1.0697,49.98
Weekend_Home,2020-01-04 09:09:00,0.075941,227.117,1.61,49.975
Weekend_Home,2020-01-04 09:12:00,0.041121,229.887,1.0041,49.984
Weekend_Home,2020-01-04 09:15:00,0.033244,229.976,0.8806,49.999
Weekend_Home,2020-01-04 09:18:00,0.054167,226.552,1.2324,49.993
Weekend_Home,2020-01-04 09:21:00,0.054949,228.331,1.1868,49.977
Weekend_Home,2020-01-04 09:24:00,0.062159,227.127,1.3826,50.006
Weekend_Home,2020-01-04 09:27:00,0.045224,228.897,1.0456,49.987
Weekend_Home,2020-01-04 09:30:00,0.051448,228.278,1.2196,49.992
Weekend_Home,2020-01-04 09:33:00,0.037311,229.438,0.9042,49.982
Weekend_Home,2020-01-04 09:36:00,0.048469,226.894,1.1009,49.987
Weekend_Home,2020-01-04 09:39:00,0.062182,227.392,1.3638,49.971
Weekend_Home,2020-01-04 09:42:00,0.059258,227.779,1.3161,49.984
Weekend_Home,2020-01-04 09:45:00,0.05696,227.268,1.3368,49.97
Weekend_Home,2020-01-04 09:48:00,0.02422,228.867,0.6661,50.002
Weekend_Home,2020-01-04 09:51:00,0.026881,230.308,0.722,49.997
Weekend_Home,2020-01-04 09:54:00,0.058877,227.76,1.3398,49.977
Weekend_Home,2020-01-04 09:57:00,0.058793,227.447,1.2722,49.992
Weekend_Home,2020-01-04 10:00:00,0.02854,228.881,0.7973,49.992
Weekend_Home,2020-01-04 10:03:00,0.023043,230.053,0.7005,49.982
Weekend_Home,2020-01-04 10:06:00,0.012294,229.677,0.4605,49.993
Weekend_Home,2020-01-04 10:09:00,0.044915,229.006,1.0229,49.992
Weekend_Home,2020-01-04 10:12:00,0.021928,230.539,0.7019,50.007
Weekend_Home,2020-01-04 10:15:00,0.04833,228.17,1.1352,49.975
Weekend_Home,2020-01-04 10:18:00,0.042327,228.815,0.9699,49.983
Weekend_Home,2020-01-04 10:21:00,0.028559,229.237,0.8036,49.984
Weekend_Home,2020-01-04 10:24:00,0.057852,227.237,1.2596,49.98
Weekend_Home,2020-01-04 10:27:00,0.037176,228.899,0.8934,49.982
Weekend_Home,2020-01-04 10:30:00,0.041313,229.427,1.0038,49.978
Weekend_Home,2020-01-04 10:33:00,0.050918,228.203,1.1344,49.979
Weekend_Home,2020-01-04 10:36:00,0.051557,228.802,1.1517,49.96
Weekend_Home,2020-01-04 10:39:00,0.042049,229.222,0.9648,49.938
Weekend_Home,2020-01-04 10:42:00,0.038419,230.113,0.9038,49.974
Weekend_Home,2020-01-04 10:45:00,0.053061,227.529,1.2154,49.979
Weekend_Home,2020-01-04 10:48:00,0.046287,228.699,1.1272,49.968
Weekend_Home,2020-01-04 10:51:00,0.039261,229.263,0.9792,49.998
Weekend_Home,2020-01-04 10:54:00,0.048755,228.65,1.0892,49.985
Weekend_Home,2020-01-04 10:57:00,0.024235,230.278,0.7199,49.983
Weekend_Home,2020-01-04 11:00:00,0.011576,229.527,0.486,49.987
Weekend_Home,2020-01-04 11:03:00,0.03055,229.904,0.8425,49.985
Weekend_Home,2020-01-04 11:06:00,0.052217,227.352,1.2392,49.989
Weekend_Home,2020-01-04 11:09:00,0.048258,228.771,1.1954,49.991
Weekend_Home,2020-01-04 11:12:00,0.047527,229.487,1.104,49.99
Weekend_Home,2020-01-04 11:15:00,0.036444,228.018,0.9046,49.994
Weekend_Home,2020-01-04 11:18:00,0.04913,228.5,1.1322,49.961
Weekend_Home,2020-01-04 11:21:00,0.058979,227.169,1.3396,49.963
Weekend_Home,2020-01-04 11:24:00,0.047448,228.31,1.1784,49.997
Weekend_Home,2020-01-04 11:27:00,0.05371,225.65,1.2394,49.986
Weekend_Home,2020-01-04 11:30:00,0.018883,229.837,0.6032,49.985
Weekend_Home,2020-01-04 11:33:00,0.035756,228.917,0.8414,49.986
Weekend_Home,2020-01-04 11:36:00,0.041434,229.445,1.034,49.988
Weekend_Home,2020-01-04 11:39:00,0.047836,228.142,1.1216,49.979
Weekend_Home,2020-01-04 11:42:00,0.057207,226.179,1.3076,49.962
Weekend_Home,2020-01-04 11:45:00,0.042485,228.432,1.0597,49.987
Weekend_Home,2020-01-04 11:48:00,0.053299,228.311,1.2025,49.986
Weekend_Home,2020-01-04 11:51:00,0.071391,227.298,1.5553,49.964
Weekend_Home,2020-01-04 11:54:00,0.03601,229.002,0.9148,49.984
Weekend_Home,2020-01-04 11:57:00,0.051195,227.719,1.1528,49.949
Weekend_Home,2020-01-04 12:00:00,0.052519,227.855,1.1487,49.976
Weekend_Home,2020-01-04 12:03:00,0.067342,226.59,1.4935,49.985
Weekend_Home,2020-01-04 12:06:00,0.035982,229.211,0.895,49.982
Weekend_Home,2020-01-04 12:09:00,0.042611,228.934,1.0466,49.977
Weekend_Home,2020-01-04 12:12:00,0.04061,228.074,0.9479,49.981
Weekend_Home,2020-01-04 12:15:00,0.03415,230.094,0.9223,49.979
Weekend_Home,2020-01-04 12:18:00,0.044156,229.645,1.0664,49.969
Weekend_Home,2020-01-04 12:21:00,0.050901,228.059,1.189,49.991
Weekend_Home,2020-01-04 12:24:00,0.052351,227.461,1.1517,49.969
Weekend_Home,2020-01-04 12:27:00,0.03437,228.321,0.9108,49.988
Weekend_Home,2020-01-04 12:30:00,0.04011,228.917,0.9783,49.977
Weekend_Home,2020-01-04 12:33:00,0.044919,228.37,1.1134,49.993
Weekend_Home,2020-01-04 12:36:00,0.048408,227.982,1.1395,49.967
Weekend_Home,2020-01-04 12:39:00,0.041582,228.04,1.0112,49.979
Weekend_Home,2020-01-04 12:42:00,0.042991,227.202,1.0498,49.991
Weekend_Home,2020-01-04 12:45:00,0.024631,230.593,0.748,49.984
Weekend_Home,2020-01-04 12:48:00,0.071954,226.096,1.6015,49.968
Weekend_Home,2020-01-04 12:51:00,0.047717,228.855,1.0864,49.996
Weekend_Home,2020-01-04 12:54:00,0.045338,227.973,1.0729,49.98
Weekend_Home,2020-01-04 12:57:00,0.028585,230.068,0.7837,49.979
Weekend_Home,2020-01-04 13:00:00,0.041315,227.626,0.9791,49.995
Weekend_Home,2020-01-04 13:03:00,0.047631,229.111,1.1147,49.984
Weekend_Home,2020-01-04 13:06:00,0.069879,226.841,1.5482,49.983
Weekend_Home,2020-01-04 13:09:00,0.064342,228.345,1.3362,49.992
Weekend_Home,2020-01-04 13:12:00,0.040213,229.659,1.0051,49.983
Weekend_Home,2020-01-04 13:15:00,0.055106,228.373,1.2033,49.974
Weekend_Home,2020-01-04 13:18:00,0.055391,226.788,1.2755,49.977
Weekend_Home,2020-01-04 13:21:00,0.043377,229.012,1.0023,49.98
Weekend_Home,2020-01-04 13:24:00,0.073042,226.023,1.5128,49.968
Weekend_Home,2020-01-04 13:27:00,0.049455,227.537,1.1269,49.973
Weekend_Home,2020-01-04 13:30:00,0.061977,226.652,1.3885,49.969
Weekend_Home,2020-01-04 13:33:00,0.057814,227.898,1.3118,49.971
Weekend_Home,2020-01-04 13:36:00,0.059223,228.014,1.2903,49.992
Weekend_Home,2020-01-04 13:39:00,0.058446,227.975,1.2873,49.998
Weekend_Home,2020-01-04 13:42:00,0.062909,225.687,1.3639,49.969
Weekend_Home,2020-01-04 13:45:00,0.058298,227.509,1.3073,49.985
Weekend_Home,2020-01-04 13:48:00,0.044492,228.296,1.0498,49.975
Weekend_Home,2020-01-04 13:51:00,0.062508,227.276,1.3806,49.994
Weekend_Home,2020-01-04 13:54:00,0.052421,226.832,1.1451,49.978
Weekend_Home,2020-01-04 13:57:00,0.063079,227.147,1.3528,49.968
Weekend_Home,2020-01-04 14:00:00,0.060008,226.081,1.3256,49.964
Weekend_Home,2020-01-04 14:03:00,0.029715,229.743,0.802,49.991
Weekend_Home,2020-01-04 14:06:00,0.034018,229.588,0.9007,49.993
Weekend_Home,2020-01-04 14:09:00,0.05358,227.494,1.1952,49.974
Weekend_Home,2020-01-04 14:12:00,0.053692,226.385,1.2857,49.968
Weekend_Home,2020-01-04 14:15:00,0.060003,227.053,1.3518,49.977
Weekend_Home,2020-01-04 14:18:00,0.056107,227.83,1.2544,49.97
Weekend_Home,2020-01-04 14:21:00,0.031899,231.021,0.8041,49.994
Weekend_Home,2020-01-04 14:24:00,0.070081,227.366,1.4748,49.953
Weekend_Home,2020-01-04 14:27:00,0.073798,226.952,1.5571,49.973
Weekend_Home,2020-01-04 14:30:00,0.04006,228.024,1.0603,49.975
Weekend_Home,2020-01-04 14:33:00,0.059833,228.002,1.3524,49.972
Weekend_Home,2020-01-04 14:36:00,0.05585,228.036,1.2749,49.979
Weekend_Home,2020-01-04 14:39:00,0.060035,228.063,1.3424,49.964
Weekend_Home,2020-01-04 14:42:00,0.053059,228.318,1.1593,49.971
Weekend_Home,2020-01-04 14:45:00,0.080584,225.335,1.6906,49.966
Weekend_Home,2020-01-04 14:48:00,0.054685,228.915,1.2016,50.013
Weekend_Home,2020-01-04 14:51:00,0.051451,227.581,1.1721,49.983
Weekend_Home,2020-01-04 14:54:00,0.047605,227.266,1.0759,49.97
Weekend_Home,2020-01-04 14:57:00,0.038878,228.74,0.9461,49.982
Weekend_Home,2020-01-04 15:00:00,0.067976,225.866,1.4797,49.951
Weekend_Home,2020-01-04 15:03:00,0.03664,228.392,0.9268,49.996
Weekend_Home,2020-01-04 15:06:00,0.036219,229.276,0.9118,49.993
Weekend_Home,2020-01-04 15:09:00,0.054595,227.088,1.184,49.992
Weekend_Home,2020-01-04 15:12:00,0.043761,229.058,1.0046,49.974
Weekend_Home,2020-01-04 15:15:00,0.046634,227.688,1.0652,49.994
Weekend_Home,2020-01-04 15:18:00,0.06195,226.347,1.3698,49.979
Weekend_Home,2020-01-04 15:21:00,0.046958,228.317,1.0923,49.992
Weekend_Home,2020-01-04 15:24:00,0.066209,226.825,1.4421,49.981
Weekend_Home,2020-01-04 15:27:00,0.026497,229.624,0.7217,49.983
Weekend_Home,2020-01-04 15:30:00,0.054792,228.359,1.2522,49.988
Weekend_Home,2020-01-04 15:33:00,0.052588,227.18,1.1658,49.972
Weekend_Home,2020-01-04 15:36:00,0.042167,228.635,0.9455,49.994
Weekend_Home,2020-01-04 15:39:00,0.045844,227.555,1.1033,49.967
Weekend_Home,2020-01-04 15:42:00,0.048927,228.385,1.1102,49.965
Weekend_Home,2020-01-04 15:45:00,0.059034,228.242,1.3785,49.968
Weekend_Home,2020-01-04 15:48:00,0.045609,227.765,1.0725,49.985
Weekend_Home,2020-01-04 15:51:00,0.041711,228.165,0.9749,50.004
Weekend_Home,2020-01-04 15:54:00,0.058853,226.543,1.2917,50.014
Weekend_Home,2020-01-04 15:57:00,0.047303,229.1,1.1315,49.998
Weekend_Home,2020-01-04 16:00:00,0.03845,228.344,0.9705,49.955
Weekend_Home,2020-01-04 16:03:00,0.044366,227.714,1.0887,49.974
Weekend_Home,2020-01-04 16:06:00,0.044939,228.86,1.0495,49.983
Weekend_Home,2020-01-04 16:09:00,0.054133,227.773,1.1599,49.979
Weekend_Home,2020-01-04 16:12:00,0.048367,228.275,1.1886,50.005
Weekend_Home,2020-01-04 16:15:00,0.047592,226.995,1.1027,49.98
Weekend_Home,2020-01-04 16:18:00,0.049854,228.462,1.1417,49.972
Weekend_Home,2020-01-04 16:21:00,0.040968,229.997,0.9167,49.994
Weekend_Home,2020-01-04 16:24:00,0.029504,229.176,0.7493,49.982
Weekend_Home,2020-01-04 16:27:00,0.031574,229.105,0.8196,49.981
Weekend_Home,2020-01-04 16:30:00,0.035375,229.505,0.8149,49.997
Weekend_Home,2020-01-04 16:33:00,0.044013,227.324,1.0666,49.986
Weekend_Home,2020-01-04 16:36:00,0.048938,227.805,1.1346,49.989
Weekend_Home,2020-01-04 16:39:00,0.034209,229.531,0.8496,49.979
Weekend_Home,2020-01-04 16:42:00,0.027708,230.004,0.7425,49.966
Weekend_Home,2020-01-04 16:45:00,0.051022,227.14,1.2074,49.977
Weekend_Home,2020-01-04 16:48:00,0.0553,227.746,1.2603,49.971
Weekend_Home,2020-01-04 16:51:00,0.039041,228.743,0.9867,49.981
Weekend_Home,2020-01-04 16:54:00,0.061883,227.859,1.3922,49.981
Weekend_Home,2020-01-04 16:57:00,0.030971,228.402,0.7477,49.995
Weekend_Home,2020-01-04 17:00:00,0.036328,228.362,0.9062,49.985
Weekend_Home,2020-01-04 17:03:00,0.035421,229.005,0.8893,49.964
Weekend_Home,2020-01-04 17:06:00,0.033529,227.658,0.925,49.978
Weekend_Home,2020-01-04 17:09:00,0.056972,227.504,1.2885,49.981
Weekend_Home,2020-01-04 17:12:00,0.045514,228.018,1.0581,49.972
Weekend_Home,2020-01-04 17:15:00,0.049483,228.283,1.1344,49.967
Weekend_Home,2020-01-04 17:18:00,0.033132,228.799,0.8717,49.996
Weekend_Home,2020-01-04 17:21:00,0.042869,228.419,1.0397,49.978
Weekend_Home,2020-01-04 17:24:00,0.03809,230.087,0.8712,49.995
Weekend_Home,2020-01-04 17:27:00,0.036879,228.409,0.9057,49.996
Weekend_Home,2020-01-04 17:30:00,0.045976,228.982,1.0651,49.988
Weekend_Home,2020-01-04 17:33:00,0.037852,229.548,0.9167,49.994
Weekend_Home,2020-01-04 17:36:00,0.045286,228.554,1.0742,49.956
Weekend_Home,2020-01-04 17:39:00,0.043739,227.466,0.9659,49.97
Weekend_Home,2020-01-04 17:42:00,0.043323,227.945,1.0336,49.997
Weekend_Home,2020-01-04 17:45:00,0.039477,229.254,0.9746,49.989
Weekend_Home,2020-01-04 17:48:00,0.039589,228.359,0.9938,49.978
Weekend_Home,2020-01-04 17:51:00,0.03656,228.17,0.9702,49.972
Weekend_Home,2020-01-04 17:54:00,0.027678,230.256,0.7359,49.974
Weekend_Home,2020-01-04 17:57:00,0.063337,226.492,1.3517,49.957
Weekend_Home,2020-01-04 18:00:00,0.032279,229.73,0.9059,49.994
Weekend_Home,2020-01-04 18:03:00,0.024298,229.956,0.6025,49.977
Weekend_Home,2020-01-04 18:06:00,0.038313,228.41,0.9008,49.993
Weekend_Home,2020-01-04 18:09:00,0.053954,227.98,1.2148,49.982
Weekend_Home,2020-01-04 18:12:00,0.034452,228.528,0.9032,49.99
Weekend_Home,2020-01-04 18:15:00,0.051539,228.488,1.1734,49.972
Weekend_Home,2020-01-04 18:18:00,0.044824,227.796,1.0653,49.976
Weekend_Home,2020-01-04 18:21:00,0.046472,228.498,1.0993,49.991
Weekend_Home,2020-01-04 18:24:00,0.057331,227.728,1.2627,49.969
Weekend_Home,2020-01-04 18:27:00,0.028081,230.243,0.7523,49.997
Weekend_Home,2020-01-04 18:30:00,0.031747,229.018,0.8252,49.994
Weekend_Home,2020-01-04 18:33:00,0.029132,230.722,0.8196,49.995
Weekend_Home,2020-01-04 18:36:00,0.065473,226.432,1.5126,49.975
Weekend_Home,2020-01-04 18:39:00,0.036858,227.583,0.9272,49.991
Weekend_Home,2020-01-04 18:42:00,0.046337,227.921,1.0938,49.983
Weekend_Home,2020-01-04 18:45:00,0.039353,228.611,0.9992,49.961
Weekend_Home,2020-01-04 18:48:00,0.035086,229.314,0.8799,49.992
Weekend_Home,2020-01-04 18:51:00,0.038562,228.719,0.9372,49.978
Weekend_Home,2020-01-04 18:54:00,0.059194,227.831,1.3031,49.994
Weekend_Home,2020-01-04 18:57:00,0.049722,229.241,1.1882,49.975
Weekend_Home,2020-01-04 19:00:00,0.050395,227.217,1.1536,49.987
Weekend_Home,2020-01-04 19:03:00,0.045848,229.33,1.1189,49.973
Weekend_Home,2020-01-04 19:06:00,0.041884,227.35,1.0633,49.995
Weekend_Home,2020-01-04 19:09:00,0.064662,226.329,1.4074,49.961
Weekend_Home,2020-01-04 19:12:00,0.058107,225.905,1.2702,49.96
Weekend_Home,2020-01-04 19:15:00,0.046321,228.805,1.0454,49.982
Weekend_Home,2020-01-04 19:18:00,0.02304,231.641,0.6405,49.987
Weekend_Home,2020-01-04 19:21:00,0.051849,227.361,1.164,49.996
Weekend_Home,2020-01-04 19:24:00,0.061449,227.162,1.3881,49.992
Weekend_Home,2020-01-04 19:27:00,0.032736,228.864,0.866,50.001
Weekend_Home,2020-01-04 19:30:00,0.033636,229.674,0.8848,49.995
Weekend_Home,2020-01-04 19:33:00,0.049196,227.911,1.1333,49.974
Weekend_Home,2020-01-04 19:36:00,0.068588,225.356,1.4672,49.976
Weekend_Home,2020-01-04 19:39:00,0.044986,228.58,1.109,50.004
Weekend_Home,2020-01-04 19:42:00,0.06298,225.403,1.3869,49.966
Weekend_Home,2020-01-04 19:45:00,0.054356,229.513,1.2139,49.955
Weekend_Home,2020-01-04 19:48:00,0.056475,226.34,1.29,49.978
Weekend_Home,2020-01-04 19:51:00,0.037395,229.746,0.9941,49.974
Weekend_Home,2020-01-04 19:54:00,0.046346,228.545,1.1003,49.982
Weekend_Home,2020-01-04 19:57:00,0.052208,229.082,1.1234,49.989
Weekend_Home,2020-01-04 20:00:00,0.048753,228.072,1.1107,49.991
Weekend_Home,2020-01-04 20:03:00,0.034199,229.555,0.9152,49.961
Weekend_Home,2020-01-04 20:06:00,0.053939,226.401,1.2829,49.98
Weekend_Home,2020-01-04 20:09:00,0.051347,228.301,1.2113,49.98
Weekend_Home,2020-01-04 20:12:00,0.035421,230.351,0.9228,49.993
Weekend_Home,2020-01-04 20:15:00,0.047838,227.27,1.1613,49.976
Weekend_Home,2020-01-04 20:18:00,0.061592,226.533,1.3941,49.979
Weekend_Home,2020-01-04 20:21:00,0.047405,228.768,1.082,49.994
Weekend_Home,2020-01-04 20:24:00,0.053508,229.013,1.2216,49.985
Weekend_Home,2020-01-04 20:27:00,0.046312,227.587,0.975,49.984
Weekend_Home,2020-01-04 20:30:00,0.07428,225.49,1.591,49.976
Weekend_Home,2020-01-04 20:33:00,0.042185,229.203,0.999,49.984
Weekend_Home,2020-01-04 20:36:00,0.055484,228.048,1.2761,50.002
Weekend_Home,2020-01-04 20:39:00,0.074507,226.309,1.615,49.96
Weekend_Home,2020-01-04 20:42:00,0.040739,228.054,0.9862,49.98
Weekend_Home,2020-01-04 20:45:00,0.041139,227.674,1.01,50.0
Weekend_Home,2020-01-04 20:48:00,0.040185,228.501,0.9425,49.993
Weekend_Home,2020-01-04 20:51:00,0.048565,227.948,1.0823,49.985
Weekend_Home,2020-01-04 20:54:00,0.049959,228.996,1.1297,49.973
Weekend_Home,2020-01-04 20:57:00,0.038928,229.687,0.9556,49.977
Weekend_Home,2020-01-04 21:00:00,0.040657,226.994,0.9759,49.984
Weekend_Home,2020-01-04 21:03:00,0.030401,228.989,0.8303,50.013
Weekend_Home,2020-01-04 21:06:00,0.03362,229.571,0.8297,49.992
Weekend_Home,2020-01-04 21:09:00,0.050079,228.775,1.1784,49.973
Weekend_Home,2020-01-04 21:12:00,0.045341,228.168,1.011,49.991
Weekend_Home,2020-01-04 21:15:00,0.039436,230.178,1.0134,49.982
Weekend_Home,2020-01-04 21:18:00,0.041087,229.412,0.9368,49.986
Weekend_Home,2020-01-04 21:21:00,0.044977,228.523,1.0716,49.99
Weekend_Home,2020-01-04 21:24:00,0.029155,231.58,0.7705,49.997
Weekend_Home,2020-01-04 21:27:00,0.030245,228.733,0.7866,49.992
Weekend_Home,2020-01-04 21:30:00,0.046065,228.3,1.0891,49.977
Weekend_Home,2020-01-04 21:33:00,0.041265,228.657,0.9934,49.992
Weekend_Home,2020-01-04 21:36:00,0.039311,227.645,0.9761,49.986
Weekend_Home,2020-01-04 21:39:00,0.057494,227.88,1.2765,49.984
Weekend_Home,2020-01-04 21:42:00,0.032703,230.587,0.8586,49.981
Weekend_Home,2020-01-04 21:45:00,0.035598,229.183,0.9089,49.978
Weekend_Home,2020-01-04 21:48:00,0.055047,226.755,1.2003,49.978
Weekend_Home,2020-01-04 21:51:00,0.032117,229.412,0.8972,50.011
Weekend_Home,2020-01-04 21:54:00,0.028292,229.856,0.7412,49.989
Weekend_Home,2020-01-04 21:57:00,0.034778,228.776,0.9052,50.001
Weekend_Home,2020-01-04 22:00:00,0.034068,230.695,0.8669,49.978
Weekend_Home,2020-01-04 22:03:00,0.042741,228.769,0.9913,49.989
Weekend_Home,2020-01-04 22:06:00,0.0295,230.257,0.804,49.997
Weekend_Home,2020-01-04 22:09:00,0.03933,227.847,0.9909,49.978
Weekend_Home,2020-01-04 22:12:00,0.025998,228.492,0.7275,49.996
Weekend_Home,2020-01-04 22:15:00,0.043391,229.791,0.961,49.976
Weekend_Home,2020-01-04 22:18:00,0.037236,229.077,0.8864,49.999
Weekend_Home,2020-01-04 22:21:00,0.036058,229.575,0.9315,49.966
Weekend_Home,2020-01-04 22:24:00,0.025662,228.916,0.7084,49.987
Weekend_Home,2020-01-04 22:27:00,0.027454,230.808,0.7505,50.006
Weekend_Home,2020-01-04 22:30:00,0.020859,231.354,0.6012,49.986
Weekend_Home,2020-01-04 22:33:00,0.038041,229.327,0.9263,49.979
Weekend_Home,2020-01-04 22:36:00,0.035148,228.947,0.8867,49.985
Weekend_Home,2020-01-04 22:39:00,0.034393,229.69,0.8801,49.986
Weekend_Home,2020-01-04 22:42:00,0.034883,228.141,0.879,49.971
Weekend_Home,2020-01-04 22:45:00,0.03421,229.733,0.7982,49.994
Weekend_Home,2020-01-04 22:48:00,0.037775,229.031,0.9274,49.987
Weekend_Home,2020-01-04 22:51:00,0.020289,229.718,0.6199,49.982
Weekend_Home,2020-01-04 22:54:00,0.042291,228.03,0.9861,49.975
Weekend_Home,2020-01-04 22:57:00,0.019863,230.081,0.5685,50.002
Weekend_Home,2020-01-04 23:00:00,0.027058,229.919,0.6717,49.993
Weekend_Home,2020-01-04 23:03:00,0.027261,230.204,0.7397,49.978
Weekend_Home,2020-01-04 23:06:00,0.021016,229.019,0.6722,50.002
Weekend_Home,2020-01-04 23:09:00,0.034348,229.594,0.8718,49.996
Weekend_Home,2020-01-04 23:12:00,0.03906,227.79,0.9134,49.997
Weekend_Home,2020-01-04 23:15:00,0.039215,228.136,0.9413,49.971
Weekend_Home,2020-01-04 23:18:00,0.019854,229.226,0.6316,49.999
Weekend_Home,2020-01-04 23:21:00,0.031422,229.566,0.828,49.979
Weekend_Home,2020-01-04 23:24:00,0.014127,231.037,0.4789,49.995
Weekend_Home,2020-01-04 23:27:00,0.009875,231.997,0.4123,50.022
Weekend_Home,2020-01-04 23:30:00,0.028093,229.971,0.7384,49.991
Weekend_Home,2020-01-04 23:33:00,0.01674,230.394,0.5819,50.004
Weekend_Home,2020-01-04 23:36:00,0.024007,228.829,0.6731,49.975
Weekend_Home,2020-01-04 23:39:00,0.024302,230.833,0.649,49.989
Weekend_Home,2020-01-04 23:42:00,0.011212,230.709,0.3877,49.996
Weekend_Home,2020-01-04 23:45:00,0.017345,229.856,0.5433,49.984
Weekend_Home,2020-01-04 23:48:00,0.023088,229.048,0.6591,49.996
Weekend_Home,2020-01-04 23:51:00,0.02079,228.464,0.5873,49.987
Weekend_Home,2020-01-04 23:54:00,0.02762,230.082,0.6974,49.976
Weekend_Home,2020-01-04 23:57:00,0.025658,229.853,0.6932,49.992
Weekend_Home,2020-01-05 00:00:00,0.020475,229.881,0.647,50.002
Weekend_Home,2020-01-05 00:03:00,0.028972,230.298,0.7783,49.986
Weekend_Home,2020-01-05 00:06:00,0.023898,230.627,0.6747,50.021
Weekend_Home,2020-01-05 00:09:00,0.025132,230.388,0.7165,49.99
Weekend_Home,2020-01-05 00:12:00,0.025091,230.724,0.7675,49.994
Weekend_Home,2020-01-05 00:15:00,0.023448,229.69,0.6335,49.993
Weekend_Home,2020-01-05 00:18:00,0.022489,228.758,0.5755,49.994
Weekend_Home,2020-01-05 00:21:00,0.026119,230.12,0.6455,49.991
Weekend_Home,2020-01-05 00:24:00,0.026059,230.417,0.7898,50.01
Weekend_Home,2020-01-05 00:27:00,0.028067,228.946,0.7789,49.973
Weekend_Home,2020-01-05 00:30:00,0.031611,229.539,0.7959,49.966
Weekend_Home,2020-01-05 00:33:00,0.007908,230.293,0.3911,49.997
Weekend_Home,2020-01-05 00:36:00,0.016976,230.348,0.5519,50.001
Weekend_Home,2020-01-05 00:39:00,0.014524,230.038,0.4925,49.991
Weekend_Home,2020-01-05 00:42:00,0.027673,230.807,0.7481,49.976
Weekend_Home,2020-01-05 00:45:00,0.025962,230.094,0.7353,49.978
Weekend_Home,2020-01-05 00:48:00,0.021857,229.771,0.6275,49.982
Weekend_Home,2020-01-05 00:51:00,0.025605,230.743,0.6862,49.972
Weekend_Home,2020-01-05 00:54:00,0.032961,228.302,0.8113,49.97
Weekend_Home,2020-01-05 00:57:00,0.037906,228.438,0.9467,49.978
Weekend_Home,2020-01-05 01:00:00,0.031013,230.201,0.8157,49.995
Weekend_Home,2020-01-05 01:03:00,0.027134,230.323,0.707,49.989
Weekend_Home,2020-01-05 01:06:00,0.028118,230.041,0.705,50.002
Weekend_Home,2020-01-05 01:09:00,0.022961,230.161,0.6945,49.996
Weekend_Home,2020-01-05 01:12:00,0.021331,228.925,0.5915,49.97
Weekend_Home,2020-01-05 01:15:00,0.022591,228.144,0.6573,50.002
Weekend_Home,2020-01-05 01:18:00,0.026157,229.044,0.6801,50.005
Weekend_Home,2020-01-05 01:21:00,0.024798,230.512,0.6238,49.992
Weekend_Home,2020-01-05 01:24:00,0.021007,230.463,0.5599,49.976
Weekend_Home,2020-01-05 01:27:00,0.023391,230.155,0.6725,49.999
Weekend_Home,2020-01-05 01:30:00,0.023394,229.989,0.7145,49.976
Weekend_Home,2020-01-05 01:33:00,0.027086,229.02,0.7316,50.003
Weekend_Home,2020-01-05 01:36:00,0.02063,231.593,0.6171,49.991
Weekend_Home,2020-01-05 01:39:00,0.019323,230.733,0.5727,49.995
Weekend_Home,2020-01-05 01:42:00,0.023885,230.021,0.6949,49.976
Weekend_Home,2020-01-05 01:45:00,0.026277,231.565,0.6791,49.993
Weekend_Home,2020-01-05 01:48:00,0.016413,229.999,0.5802,49.973
Weekend_Home,2020-01-05 01:51:00,0.023237,229.017,0.6723,49.982
Weekend_Home,2020-01-05 01:54:00,0.032381,230.435,0.7907,49.978
Weekend_Home,2020-01-05 01:57:00,0.021537,230.93,0.6177,49.977
Weekend_Home,2020-01-05 02:00:00,0.024593,230.21,0.6231,49.984
Weekend_Home,2020-01-05 02:03:00,0.024733,230.173,0.7345,49.974
Weekend_Home,2020-01-05 02:06:00,0.016831,231.148,0.5498,49.968
Weekend_Home,2020-01-05 02:09:00,0.025627,230.516,0.6713,49.994
Weekend_Home,2020-01-05 02:12:00,0.01374,232.852,0.4598,49.989
Weekend_Home,2020-01-05 02:15:00,0.025003,230.532,0.6969,49.989
Weekend_Home,2020-01-05 02:18:00,0.029469,230.354,0.8999,49.983
Weekend_Home,2020-01-05 02:21:00,0.023172,229.562,0.6486,49.976
Weekend_Home,2020-01-05 02:24:00,0.031566,228.808,0.7625,49.992
Weekend_Home,2020-01-05 02:27:00,0.0234,229.913,0.7209,49.991
Weekend_Home,2020-01-05 02:30:00,0.031112,227.921,0.8077,49.969
Weekend_Home,2020-01-05 02:33:00,0.020259,230.992,0.6392,49.997
Weekend_Home,2020-01-05 02:36:00,0.032695,229.169,0.8661,49.968
Weekend_Home,2020-01-05 02:39:00,0.016007,232.082,0.5666,49.985
Weekend_Home,2020-01-05 02:42:00,0.020648,229.643,0.6042,49.983
Weekend_Home,2020-01-05 02:45:00,0.027444,229.509,0.7868,49.982
Weekend_Home,2020-01-05 02:48:00,0.027141,229.761,0.6862,50.007
Weekend_Home,2020-01-05 02:51:00,0.034244,228.645,0.8454,49.999
Weekend_Home,2020-01-05 02:54:00,0.026346,229.461,0.6749,50.011
Weekend_Home,2020-01-05 02:57:00,0.019518,230.989,0.5491,49.984
Weekend_Home,2020-01-05 03:00:00,0.031478,229.159,0.8329,50.002
Weekend_Home,2020-01-05 03:03:00,0.021408,230.63,0.6571,49.991
Weekend_Home,2020-01-05 03:06:00,0.024705,230.934,0.6798,49.995
Weekend_Home,2020-01-05 03:09:00,0.018245,229.409,0.614,50.005
Weekend_Home,2020-01-05 03:12:00,0.017583,229.858,0.5719,50.003
Weekend_Home,2020-01-05 03:15:00,0.034849,227.809,0.9248,49.968
Weekend_Home,2020-01-05 03:18:00,0.026094,229.208,0.6644,50.005
Weekend_Home,2020-01-05 03:21:00,0.031535,229.712,0.8204,49.971
Weekend_Home,2020-01-05 03:24:00,0.022435,231.074,0.6367,49.978
Weekend_Home,2020-01-05 03:27:00,0.019396,231.133,0.614,50.006
Weekend_Home,2020-01-05 03:30:00,0.019973,229.999,0.687,49.987
Weekend_Home,2020-01-05 03:33:00,0.033406,229.102,0.8208,50.006
Weekend_Home,2020-01-05 03:36:00,0.027369,229.831,0.7277,49.994
Weekend_Home,2020-01-05 03:39:00,0.029041,228.294,0.7771,50.002
Weekend_Home,2020-01-05 03:42:00,0.02853,230.871,0.7281,49.995
Weekend_Home,2020-01-05 03:45:00,0.024639,230.812,0.6376,49.975
Weekend_Home,2020-01-05 03:48:00,0.02501,229.862,0.6875,49.995
Weekend_Home,2020-01-05 03:51:00,0.03354,231.552,0.8158,50.007
Weekend_Home,2020-01-05 03:54:00,0.030905,228.94,0.8364,49.956
Weekend_Home,2020-01-05 03:57:00,0.01721,230.98,0.5374,49.964
Weekend_Home,2020-01-05 04:00:00,0.031062,230.128,0.8292,49.973
Weekend_Home,2020-01-05 04:03:00,0.022776,229.727,0.6516,49.999
Weekend_Home,2020-01-05 04:06:00,0.041547,228.49,0.9704,49.988
Weekend_Home,2020-01-05 04:09:00,0.030679,229.385,0.8197,49.988
Weekend_Home,2020-01-05 04:12:00,0.030191,229.661,0.8232,49.982
Weekend_Home,2020-01-05 04:15:00,0.025306,229.679,0.6951,50.004
Weekend_Home,2020-01-05 04:18:00,0.021953,229.205,0.617,50.013
Weekend_Home,2020-01-05 04:21:00,0.030711,228.757,0.8328,49.993
Weekend_Home,2020-01-05 04:24:00,0.023124,229.757,0.614,49.985
Weekend_Home,2020-01-05 04:27:00,0.033572,228.444,0.7863,49.978
Weekend_Home,2020-01-05 04:30:00,0.020231,229.919,0.6485,49.987
Weekend_Home,2020-01-05 04:33:00,0.025246,228.522,0.7193,49.988
Weekend_Home,2020-01-05 04:36:00,0.029148,230.012,0.8169,49.992
Weekend_Home,2020-01-05 04:39:00,0.034596,229.398,0.8676,49.983
Weekend_Home,2020-01-05 04:42:00,0.026272,231.658,0.7202,49.971
Weekend_Home,2020-01-05 04:45:00,0.028854,229.095,0.7172,50.004
Weekend_Home,2020-01-05 04:48:00,0.022085,229.232,0.6518,49.989
Weekend_Home,2020-01-05 04:51:00,0.034673,228.918,0.94,49.978
Weekend_Home,2020-01-05 04:54:00,0.031132,228.793,0.774,49.983
Weekend_Home,2020-01-05 04:57:00,0.027539,229.905,0.744,49.988
Weekend_Home,2020-01-05 05:00:00,0.036414,229.499,0.9397,49.974
Weekend_Home,2020-01-05 05:03:00,0.031128,229.411,0.7952,49.964
Weekend_Home,2020-01-05 05:06:00,0.033789,227.777,0.7848,49.991
Weekend_Home,2020-01-05 05:09:00,0.030734,227.764,0.7973,49.979
Weekend_Home,2020-01-05 05:12:00,0.036723,229.541,0.9051,49.997
Weekend_Home,2020-01-05 05:15:00,0.055549,226.614,1.2783,49.982
Weekend_Home,2020-01-05 05:18:00,0.037346,229.1,0.8818,49.966
Weekend_Home,2020-01-05 05:21:00,0.035433,229.135,0.8497,49.961
Weekend_Home,2020-01-05 05:24:00,0.038276,229.144,0.938,49.978
Weekend_Home,2020-01-05 05:27:00,0.036321,228.78,0.8941,49.994
Weekend_Home,2020-01-05 05:30:00,0.025037,230.329,0.7173,49.984
Weekend_Home,2020-01-05 05:33:00,0.015329,230.988,0.4898,50.008
Weekend_Home,2020-01-05 05:36:00,0.040998,228.412,0.9961,49.992
Weekend_Home,2020-01-05 05:39:00,0.041173,228.916,1.0348,50.004
Weekend_Home,2020-01-05 05:42:00,0.034507,229.705,0.8529,49.978
Weekend_Home,2020-01-05 05:45:00,0.040415,228.795,0.9607,49.987
Weekend_Home,2020-01-05 05:48:00,0.046108,229.132,1.0764,49.982
Weekend_Home,2020-01-05 05:51:00,0.045595,228.649,1.1221,49.99
Weekend_Home,2020-01-05 05:54:00,0.046045,227.234,1.1038,49.986
Weekend_Home,2020-01-05 05:57:00,0.033562,229.258,0.8838,49.991
Weekend_Home,2020-01-05 06:00:00,0.041757,227.943,1.0016,49.991
Weekend_Home,2020-01-05 06:03:00,0.047816,228.247,1.0718,49.982
Weekend_Home,2020-01-05 06:06:00,0.04644,227.717,1.0778,49.986
Weekend_Home,2020-01-05 06:09:00,0.036567,228.887,0.8929,49.993
Weekend_Home,2020-01-05 06:12:00,0.018604,230.311,0.5815,49.986
Weekend_Home,2020-01-05 06:15:00,0.028582,229.444,0.7876,49.972
Weekend_Home,2020-01-05 06:18:00,0.041237,228.694,0.9953,49.963
Weekend_Home,2020-01-05 06:21:00,0.043195,229.234,0.9585,49.972
Weekend_Home,2020-01-05 06:24:00,0.059467,227.672,1.281,50.001
Weekend_Home,2020-01-05 06:27:00,0.028604,229.911,0.7385,49.985
Weekend_Home,2020-01-05 06:30:00,0.070754,225.84,1.5298,49.958
Weekend_Home,2020-01-05 06:33:00,0.035923,228.903,0.9059,49.997
Weekend_Home,2020-01-05 06:36:00,0.040542,229.849,1.02,49.978
Weekend_Home,2020-01-05 06:39:00,0.059354,227.728,1.2276,49.985
Weekend_Home,2020-01-05 06:42:00,0.039895,228.224,0.9669,50.002
Weekend_Home,2020-01-05 06:45:00,0.029673,229.888,0.7974,49.994
Weekend_Home,2020-01-05 06:48:00,0.044203,228.833,1.0069,49.994
Weekend_Home,2020-01-05 06:51:00,0.044424,228.94,1.0012,49.978
Weekend_Home,2020-01-05 06:54:00,0.035849,229.08,0.8746,49.988
Weekend_Home,2020-01-05 06:57:00,0.052053,229.017,1.2261,49.979
Weekend_Home,2020-01-05 07:00:00,0.030542,229.731,0.8205,49.975
Weekend_Home,2020-01-05 07:03:00,0.056537,227.357,1.2655,49.979
Weekend_Home,2020-01-05 07:06:00,0.059584,228.815,1.286,49.981
Weekend_Home,2020-01-05 07:09:00,0.047627,228.768,1.1158,49.983
Weekend_Home,2020-01-05 07:12:00,0.068316,226.594,1.4885,49.98
Weekend_Home,2020-01-05 07:15:00,0.040892,228.948,0.9548,49.995
Weekend_Home,2020-01-05 07:18:00,0.0613,227.663,1.3331,49.969
Weekend_Home,2020-01-05 07:21:00,0.060811,227.657,1.3502,49.978
Weekend_Home,2020-01-05 07:24:00,0.058466,226.321,1.3003,50.0
Weekend_Home,2020-01-05 07:27:00,0.06089,228.316,1.384,49.984
Weekend_Home,2020-01-05 07:30:00,0.046933,227.615,1.1109,49.971
Weekend_Home,2020-01-05 07:33:00,0.060386,226.155,1.3203,49.955
Weekend_Home,2020-01-05 07:36:00,0.061537,226.645,1.3192,49.981
Weekend_Home,2020-01-05 07:39:00,0.07514,224.447,1.6183,49.973
Weekend_Home,2020-01-05 07:42:00,0.047107,227.818,1.1059,49.989
Weekend_Home,2020-01-05 07:45:00,0.053184,227.098,1.2092,49.962
Weekend_Home,2020-01-05 07:48:00,0.082461,225.427,1.7146,49.939
Weekend_Home,2020-01-05 07:51:00,0.050158,229.023,1.1551,49.993
Weekend_Home,2020-01-05 07:54:00,0.057078,228.869,1.3046,49.96
Weekend_Home,2020-01-05 07:57:00,0.071539,226.237,1.5293,49.992
Weekend_Home,2020-01-05 08:00:00,0.078404,225.649,1.6961,49.983
Weekend_Home,2020-01-05 08:03:00,0.047861,229.766,1.0708,49.966
Weekend_Home,2020-01-05 08:06:00,0.06696,227.256,1.4157,49.953
Weekend_Home,2020-01-05 08:09:00,0.054519,227.466,1.339,49.974
Weekend_Home,2020-01-05 08:12:00,0.036449,228.273,0.9797,49.981
Weekend_Home,2020-01-05 08:15:00,0.053762,227.384,1.2034,49.987
Weekend_Home,2020-01-05 08:18:00,0.063748,228.161,1.3847,49.968
Weekend_Home,2020-01-05 08:21:00,0.065952,227.694,1.4763,49.979
Weekend_Home,2020-01-05 08:24:00,0.066147,227.251,1.4658,49.971
Weekend_Home,2020-01-05 08:27:00,0.066501,227.535,1.4207,49.971
Weekend_Home,2020-01-05 08:30:00,0.046007,228.182,1.1431,49.999
Weekend_Home,2020-01-05 08:33:00,0.0713,227.144,1.5377,49.966
Weekend_Home,2020-01-05 08:36:00,0.057239,227.434,1.3021,49.974
Weekend_Home,2020-01-05 08:39:00,0.042722,229.881,1.0216,49.986
Weekend_Home,2020-01-05 08:42:00,0.055989,228.092,1.2365,49.973
Weekend_Home,2020-01-05 08:45:00,0.075884,226.288,1.6038,49.966
Weekend_Home,2020-01-05 08:48:00,0.057973,225.69,1.3469,49.98
Weekend_Home,2020-01-05 08:51:00,0.060647,227.507,1.2872,49.972
Weekend_Home,2020-01-05 08:54:00,0.051488,228.593,1.2065,49.985
Weekend_Home,2020-01-05 08:57:00,0.043477,229.622,0.9868,49.989
Weekend_Home,2020-01-05 09:00:00,0.042792,228.194,1.0428,49.956
Weekend_Home,2020-01-05 09:03:00,0.078653,224.109,1.6633,49.958
Weekend_Home,2020-01-05 09:06:00,0.044762,227.753,1.0408,49.986
Weekend_Home,2020-01-05 09:09:00,0.059237,225.951,1.3395,49.968
Weekend_Home,2020-01-05 09:12:00,0.046165,228.686,1.1234,50.007
Weekend_Home,2020-01-05 09:15:00,0.06754,225.398,1.5234,49.973
Weekend_Home,2020-01-05 09:18:00,0.033903,229.821,0.8932,50.004
Weekend_Home,2020-01-05 09:21:00,0.05467,227.962,1.1781,49.981
Weekend_Home,2020-01-05 09:24:00,0.045058,228.434,1.0437,49.985
Weekend_Home,2020-01-05 09:27:00,0.047015,229.425,1.1124,49.979
Weekend_Home,2020-01-05 09:30:00,0.056684,226.395,1.2531,49.975
Weekend_Home,2020-01-05 09:33:00,0.039631,228.952,0.9397,49.971
Weekend_Home,2020-01-05 09:36:00,0.043663,227.807,1.0574,49.972
Weekend_Home,2020-01-05 09:39:00,0.060117,225.616,1.2876,49.975
Weekend_Home,2020-01-05 09:42:00,0.040071,228.8,0.9505,49.999
Weekend_Home,2020-01-05 09:45:00,0.054378,227.717,1.2136,49.977
Weekend_Home,2020-01-05 09:48:00,0.066452,226.153,1.4304,49.969
Weekend_Home,2020-01-05 09:51:00,0.033964,228.609,0.8771,49.967
Weekend_Home,2020-01-05 09:54:00,0.0499,228.505,1.1245,49.999
Weekend_Home,2020-01-05 09:57:00,0.048124,228.129,1.1027,49.987
Weekend_Home,2020-01-05 10:00:00,0.05333,227.482,1.249,49.99
Weekend_Home,2020-01-05 10:03:00,0.03963,229.742,0.9912,49.987
Weekend_Home,2020-01-05 10:06:00,0.055188,226.646,1.3096,49.958
Weekend_Home,2020-01-05 10:09:00,0.044473,228.501,1.0832,49.984
Weekend_Home,2020-01-05 10:12:00,0.061791,227.51,1.3364,49.983
Weekend_Home,2020-01-05 10:15:00,0.049553,228.942,1.1144,49.974
Weekend_Home,2020-01-05 10:18:00,0.039503,228.036,0.9675,49.994
Weekend_Home,2020-01-05 10:21:00,0.057662,227.07,1.288,49.975
Weekend_Home,2020-01-05 10:24:00,0.057926,227.615,1.2437,49.979
Weekend_Home,2020-01-05 10:27:00,0.034979,227.862,0.8537,49.975
Weekend_Home,2020-01-05 10:30:00,0.038263,228.334,0.9873,49.985
Weekend_Home,2020-01-05 10:33:00,0.018928,230.946,0.5347,50.002
Weekend_Home,2020-01-05 10:36:00,0.060503,225.037,1.3122,49.985
Weekend_Home,2020-01-05 10:39:00,0.03059,230.72,0.7805,49.982
Weekend_Home,2020-01-05 10:42:00,0.043921,227.822,1.0961,50.006
Weekend_Home,2020-01-05 10:45:00,0.056904,226.898,1.3074,49.981
Weekend_Home,2020-01-05 10:48:00,0.05849,227.133,1.2153,49.982
Weekend_Home,2020-01-05 10:51:00,0.053919,227.982,1.2151,49.984
Weekend_Home,2020-01-05 10:54:00,0.03418,229.036,0.8049,49.98
Weekend_Home,2020-01-05 10:57:00,0.061679,227.357,1.3626,49.963
Weekend_Home,2020-01-05 11:00:00,0.036436,229.676,0.8794,49.959
Weekend_Home,2020-01-05 11:03:00,0.041746,229.523,1.0211,49.977
Weekend_Home,2020-01-05 11:06:00,0.035986,229.196,0.9336,50.002
Weekend_Home,2020-01-05 11:09:00,0.049291,228.638,1.073,49.959
Weekend_Home,2020-01-05 11:12:00,0.046852,229.02,1.0845,50.001
Weekend_Home,2020-01-05 11:15:00,0.052967,227.006,1.2655,49.976
Weekend_Home,2020-01-05 11:18:00,0.059423,227.586,1.3078,49.984
Weekend_Home,2020-01-05 11:21:00,0.040824,230.137,0.9301,49.981
Weekend_Home,2020-01-05 11:24:00,0.050612,227.899,1.1569,49.975
Weekend_Home,2020-01-05 11:27:00,0.052004,228.221,1.186,49.961
Weekend_Home,2020-01-05 11:30:00,0.042213,228.635,1.0361,49.984
Weekend_Home,2020-01-05 11:33:00,0.057799,227.618,1.3589,49.994
Weekend_Home,2020-01-05 11:36:00,0.053397,227.823,1.1999,49.988
Weekend_Home,2020-01-05 11:39:00,0.037842,229.868,0.97,49.969
Weekend_Home,2020-01-05 11:42:00,0.064337,227.526,1.3798,49.972
Weekend_Home,2020-01-05 11:45:00,0.049295,226.704,1.1384,49.985
Weekend_Home,2020-01-05 11:48:00,0.031398,229.491,0.8179,50.02
Weekend_Home,2020-01-05 11:51:00,0.038442,227.888,0.9674,49.993
Weekend_Home,2020-01-05 11:54:00,0.038193,228.52,0.9021,49.977
Weekend_Home,2020-01-05 11:57:00,0.049849,229.041,1.1392,49.973
Weekend_Home,2020-01-05 12:00:00,0.039206,227.975,0.9062,49.975
Weekend_Home,2020-01-05 12:03:00,0.04652,228.716,1.1137,49.983
Weekend_Home,2020-01-05 12:06:00,0.059211,226.142,1.3403,49.979
Weekend_Home,2020-01-05 12:09:00,0.048076,227.992,1.0886,49.982
Weekend_Home,2020-01-05 12:12:00,0.051915,227.637,1.1709,50.005
Weekend_Home,2020-01-05 12:15:00,0.050441,229.0,1.1618,49.969
Weekend_Home,2020-01-05 12:18:00,0.051588,227.632,1.185,49.982
Weekend_Home,2020-01-05 12:21:00,0.070849,226.627,1.4853,49.965
Weekend_Home,2020-01-05 12:24:00,0.056825,227.587,1.2644,49.979
Weekend_Home,2020-01-05 12:27:00,0.060413,226.888,1.3181,49.973
Weekend_Home,2020-01-05 12:30:00,0.048567,228.357,1.1207,49.989
Weekend_Home,2020-01-05 12:33:00,0.037939,228.891,0.8974,49.981
Weekend_Home,2020-01-05 12:36:00,0.068175,226.076,1.4863,49.964
Weekend_Home,2020-01-05 12:39:00,0.058755,226.662,1.3468,49.974
Weekend_Home,2020-01-05 12:42:00,0.035773,229.06,0.8717,49.967
Weekend_Home,2020-01-05 12:45:00,0.057024,226.993,1.265,49.965
Weekend_Home,2020-01-05 12:48:00,0.040795,227.379,1.0139,49.988
Weekend_Home,2020-01-05 12:51:00,0.058031,225.687,1.3118,49.97
Weekend_Home,2020-01-05 12:54:00,0.056089,226.873,1.2418,49.979
Weekend_Home,2020-01-05 12:57:00,0.057747,227.268,1.2095,49.972
Weekend_Home,2020-01-05 13:00:00,0.046411,227.257,1.1051,49.987
Weekend_Home,2020-01-05 13:03:00,0.060133,226.61,1.274,49.988
Weekend_Home,2020-01-05 13:06:00,0.042897,228.866,1.0512,49.981
Weekend_Home,2020-01-05 13:09:00,0.042047,228.569,0.9667,49.972
Weekend_Home,2020-01-05 13:12:00,0.050097,228.292,1.1291,49.997
Weekend_Home,2020-01-05 13:15:00,0.049386,229.257,1.1282,50.003
Weekend_Home,2020-01-05 13:18:00,0.056174,227.576,1.249,49.984
Weekend_Home,2020-01-05 13:21:00,0.073291,226.554,1.4914,49.959
Weekend_Home,2020-01-05 13:24:00,0.050726,226.257,1.2319,49.966
Weekend_Home,2020-01-05 13:27:00,0.048024,228.029,1.0609,49.999
Weekend_Home,2020-01-05 13:30:00,0.044851,228.925,1.0788,49.968
Weekend_Home,2020-01-05 13:33:00,0.061251,227.779,1.3621,49.995
Weekend_Home,2020-01-05 13:36:00,0.06268,228.097,1.3597,49.976
Weekend_Home,2020-01-05 13:39:00,0.049922,226.317,1.1362,49.989
Weekend_Home,2020-01-05 13:42:00,0.077136,225.297,1.6301,49.968
Weekend_Home,2020-01-05 13:45:00,0.06069,226.55,1.3313,49.983
Weekend_Home,2020-01-05 13:48:00,0.02955,228.432,0.7669,49.993
Weekend_Home,2020-01-05 13:51:00,0.05846,227.377,1.3189,49.963
Weekend_Home,2020-01-05 13:54:00,0.071847,226.864,1.5629,49.963
Weekend_Home,2020-01-05 13:57:00,0.053117,227.469,1.1734,49.979
Weekend_Home,2020-01-05 14:00:00,0.059287,226.66,1.3006,49.973
Weekend_Home,2020-01-05 14:03:00,0.036234,229.654,0.8782,50.007
Weekend_Home,2020-01-05 14:06:00,0.065117,226.432,1.4253,49.958
Weekend_Home,2020-01-05 14:09:00,0.06681,227.505,1.4282,49.982
Weekend_Home,2020-01-05 14:12:00,0.038832,228.003,0.9402,49.975
Weekend_Home,2020-01-05 14:15:00,0.066198,227.831,1.4505,49.967
Weekend_Home,2020-01-05 14:18:00,0.031607,229.587,0.8045,50.001
Weekend_Home,2020-01-05 14:21:00,0.078142,226.207,1.6512,49.964
Weekend_Home,2020-01-05 14:24:00,0.055716,227.491,1.1592,49.984
Weekend_Home,2020-01-05 14:27:00,0.068979,227.003,1.4799,49.997
Weekend_Home,2020-01-05 14:30:00,0.039112,227.953,0.9913,49.99
Weekend_Home,2020-01-05 14:33:00,0.072153,226.078,1.5301,49.988
Weekend_Home,2020-01-05 14:36:00,0.073033,225.82,1.5519,49.961
Weekend_Home,2020-01-05 14:39:00,0.065692,227.008,1.4175,49.975
Weekend_Home,2020-01-05 14:42:00,0.042996,229.83,1.0418,49.976
Weekend_Home,2020-01-05 14:45:00,0.05822,228.335,1.2645,50.003
Weekend_Home,2020-01-05 14:48:00,0.053326,227.503,1.2082,49.966
Weekend_Home,2020-01-05 14:51:00,0.050867,227.269,1.1358,49.971
Weekend_Home,2020-01-05 14:54:00,0.062603,228.006,1.3928,49.964
Weekend_Home,2020-01-05 14:57:00,0.051025,228.14,1.215,49.965
Weekend_Home,2020-01-05 15:00:00,0.057905,227.783,1.3065,49.972
Weekend_Home,2020-01-05 15:03:00,0.072411,224.612,1.529,49.977
Weekend_Home,2020-01-05 15:06:00,0.043237,228.553,1.0582,49.973
Weekend_Home,2020-01-05 15:09:00,0.069336,227.079,1.5245,49.95
Weekend_Home,2020-01-05 15:12:00,0.044382,227.464,1.0494,49.994
Weekend_Home,2020-01-05 15:15:00,0.045347,227.849,1.062,49.976
Weekend_Home,2020-01-05 15:18:00,0.037149,230.05,0.9264,49.981
Weekend_Home,2020-01-05 15:21:00,0.065221,227.2,1.4646,49.99
Weekend_Home,2020-01-05 15:24:00,0.041251,228.975,0.9766,49.973
Weekend_Home,2020-01-05 15:27:00,0.040863,229.994,0.9955,49.99
Weekend_Home,2020-01-05 15:30:00,0.042683,227.807,0.9965,49.964
Weekend_Home,2020-01-05 15:33:00,0.026474,229.94,0.7679,49.978
Weekend_Home,2020-01-05 15:36:00,0.075514,224.391,1.6551,49.961
Weekend_Home,2020-01-05 15:39:00,0.039693,229.596,0.9882,49.989
Weekend_Home,2020-01-05 15:42:00,0.049537,228.366,1.0908,49.981
Weekend_Home,2020-01-05 15:45:00,0.055316,227.727,1.2061,49.987
Weekend_Home,2020-01-05 15:48:00,0.038954,228.491,0.9613,49.982
Weekend_Home,2020-01-05 15:51:00,0.050634,228.166,1.1131,49.989
Weekend_Home,2020-01-05 15:54:00,0.039586,227.805,0.9887,49.989
Weekend_Home,2020-01-05 15:57:00,0.046274,226.838,1.0255,49.979
Weekend_Home,2020-01-05 16:00:00,0.042185,229.385,1.0127,49.985
Weekend_Home,2020-01-05 16:03:00,0.033415,229.163,0.8268,49.976
Weekend_Home,2020-01-05 16:06:00,0.062063,225.532,1.417,49.948
Weekend_Home,2020-01-05 16:09:00,0.03957,229.202,0.9486,49.979
Weekend_Home,2020-01-05 16:12:00,0.048535,227.802,1.1296,49.991
Weekend_Home,2020-01-05 16:15:00,0.052438,228.671,1.2338,50.01
Weekend_Home,2020-01-05 16:18:00,0.039896,228.708,0.951,49.98
Weekend_Home,2020-01-05 16:21:00,0.021476,230.862,0.5875,49.984
Weekend_Home,2020-01-05 16:24:00,0.046237,226.965,1.106,49.982
Weekend_Home,2020-01-05 16:27:00,0.052846,228.474,1.2087,49.98
Weekend_Home,2020-01-05 16:30:00,0.049281,228.746,1.1419,49.971
Weekend_Home,2020-01-05 16:33:00,0.048369,228.227,1.1297,49.957
Weekend_Home,2020-01-05 16:36:00,0.037409,228.894,0.9124,49.969
Weekend_Home,2020-01-05 16:39:00,0.031669,228.176,0.8522,49.98
Weekend_Home,2020-01-05 16:42:00,0.04147,228.803,0.9824,49.967
Weekend_Home,2020-01-05 16:45:00,0.059333,228.222,1.2934,49.97
Weekend_Home,2020-01-05 16:48:00,0.052957,228.64,1.2212,49.969
Weekend_Home,2020-01-05 16:51:00,0.054042,229.304,1.2796,49.956
Weekend_Home,2020-01-05 16:54:00,0.071732,226.016,1.5213,49.98
Weekend_Home,2020-01-05 16:57:00,0.043075,228.453,1.0676,49.974
Weekend_Home,2020-01-05 17:00:00,0.035906,229.548,0.8866,49.995
Weekend_Home,2020-01-05 17:03:00,0.043996,227.713,1.0055,49.976
Weekend_Home,2020-01-05 17:06:00,0.046459,228.331,1.0982,49.99
Weekend_Home,2020-01-05 17:09:00,0.032097,230.383,0.8328,49.995
Weekend_Home,2020-01-05 17:12:00,0.035303,229.266,0.8854,49.981
Weekend_Home,2020-01-05 17:15:00,0.035942,229.15,0.9082,49.998
Weekend_Home,2020-01-05 17:18:00,0.045643,228.082,1.1382,49.972
Weekend_Home,2020-01-05 17:21:00,0.035892,229.206,0.8802,49.976
Weekend_Home,2020-01-05 17:24:00,0.033622,230.27,0.8549,49.966
Weekend_Home,2020-01-05 17:27:00,0.033316,228.802,0.8465,49.957
Weekend_Home,2020-01-05 17:30:00,0.042781,227.779,0.9862,49.967
Weekend_Home,2020-01-05 17:33:00,0.039584,229.106,0.9981,49.98
Weekend_Home,2020-01-05 17:36:00,0.062495,226.609,1.3813,49.965
Weekend_Home,2020-01-05 17:39:00,0.051085,227.519,1.1338,49.969
Weekend_Home,2020-01-05 17:42:00,0.016975,229.885,0.5782,49.994
Weekend_Home,2020-01-05 17:45:00,0.04223,228.852,1.0414,49.994
Weekend_Home,2020-01-05 17:48:00,0.048217,226.631,1.1086,49.995
Weekend_Home,2020-01-05 17:51:00,0.041775,229.34,0.9285,49.983
Weekend_Home,2020-01-05 17:54:00,0.055101,226.675,1.2958,49.967
Weekend_Home,2020-01-05 17:57:00,0.048114,228.994,1.144,49.98
Weekend_Home,2020-01-05 18:00:00,0.026529,228.593,0.7679,49.988
Weekend_Home,2020-01-05 18:03:00,0.055141,227.36,1.2294,49.962
Weekend_Home,2020-01-05 18:06:00,0.047713,228.319,1.1612,49.99
Weekend_Home,2020-01-05 18:09:00,0.044508,227.7,1.1055,49.994
Weekend_Home,2020-01-05 18:12:00,0.035385,229.207,0.8364,49.988
Weekend_Home,2020-01-05 18:15:00,0.041654,228.377,0.9598,49.973
Weekend_Home,2020-01-05 18:18:00,0.041133,228.535,1.0031,49.979
Weekend_Home,2020-01-05 18:21:00,0.042415,228.758,1.05,49.988
Weekend_Home,2020-01-05 18:24:00,0.033319,229.169,0.8768,50.004
Weekend_Home,2020-01-05 18:27:00,0.030355,229.445,0.823,49.98
Weekend_Home,2020-01-05 18:30:00,0.02497,229.354,0.6919,49.979
Weekend_Home,2020-01-05 18:33:00,0.052326,228.501,1.11,50.005
Weekend_Home,2020-01-05 18:36:00,0.046775,228.251,1.1021,49.981
Weekend_Home,2020-01-05 18:39:00,0.034711,228.955,0.9052,50.001
Weekend_Home,2020-01-05 18:42:00,0.033157,229.707,0.8308,49.98
Weekend_Home,2020-01-05 18:45:00,0.074422,226.21,1.6903,49.977
Weekend_Home,2020-01-05 18:48:00,0.042807,227.757,1.0074,49.97
Weekend_Home,2020-01-05 18:51:00,0.029151,229.323,0.7918,49.98
Weekend_Home,2020-01-05 18:54:00,0.036306,227.964,0.9272,49.984
Weekend_Home,2020-01-05 18:57:00,0.039462,227.815,0.9473,49.983
Weekend_Home,2020-01-05 19:00:00,0.045669,229.008,1.0523,49.98
Weekend_Home,2020-01-05 19:03:00,0.055872,229.508,1.2472,49.997
Weekend_Home,2020-01-05 19:06:00,0.036726,229.523,0.895,49.983
Weekend_Home,2020-01-05 19:09:00,0.032178,228.897,0.8693,49.979
Weekend_Home,2020-01-05 19:12:00,0.063706,226.743,1.4417,49.976
Weekend_Home,2020-01-05 19:15:00,0.058367,225.629,1.2556,49.986
Weekend_Home,2020-01-05 19:18:00,0.061567,227.172,1.2931,49.99
Weekend_Home,2020-01-05 19:21:00,0.039022,228.293,0.9709,49.976
Weekend_Home,2020-01-05 19:24:00,0.02589,230.879,0.7065,49.983
Weekend_Home,2020-01-05 19:27:00,0.029033,228.639,0.7893,49.994
Weekend_Home,2020-01-05 19:30:00,0.046318,229.684,1.097,49.992
Weekend_Home,2020-01-05 19:33:00,0.060516,227.813,1.3775,49.981
Weekend_Home,2020-01-05 19:36:00,0.060362,226.752,1.3641,49.964
Weekend_Home,2020-01-05 19:39:00,0.046298,227.457,1.1271,49.98
Weekend_Home,2020-01-05 19:42:00,0.036045,229.124,0.8983,49.991
Weekend_Home,2020-01-05 19:45:00,0.04578,227.759,1.098,49.977
Weekend_Home,2020-01-05 19:48:00,0.053357,227.441,1.2328,50.005
Weekend_Home,2020-01-05 19:51:00,0.062811,227.414,1.3811,49.988
Weekend_Home,2020-01-05 19:54:00,0.060132,227.635,1.3696,49.964
Weekend_Home,2020-01-05 19:57:00,0.035802,229.49,0.9067,49.984
Weekend_Home,2020-01-05 20:00:00,0.04558,227.435,1.09,49.974
Weekend_Home,2020-01-05 20:03:00,0.043169,227.752,0.9856,49.993
Weekend_Home,2020-01-05 20:06:00,0.040927,228.527,0.9962,50.002
Weekend_Home,2020-01-05 20:09:00,0.043574,228.466,1.0175,49.985
Weekend_Home,2020-01-05 20:12:00,0.058676,228.08,1.3338,49.975
Weekend_Home,2020-01-05 20:15:00,0.041084,227.66,0.9664,49.964
Weekend_Home,2020-01-05 20:18:00,0.029017,230.61,0.7571,49.982
Weekend_Home,2020-01-05 20:21:00,0.053563,226.117,1.1934,50.005
Weekend_Home,2020-01-05 20:24:00,0.045804,226.92,1.0516,49.987
Weekend_Home,2020-01-05 20:27:00,0.047275,228.388,1.0998,49.985
Weekend_Home,2020-01-05 20:30:00,0.068271,226.986,1.4839,49.977
Weekend_Home,2020-01-05 20:33:00,0.057357,228.355,1.216,49.984
Weekend_Home,2020-01-05 20:36:00,0.053011,227.809,1.2114,49.982
Weekend_Home,2020-01-05 20:39:00,0.048633,227.56,1.1038,49.981
Weekend_Home,2020-01-05 20:42:00,0.052139,226.812,1.1566,49.988
Weekend_Home,2020-01-05 20:45:00,0.064077,228.073,1.4381,49.957
Weekend_Home,2020-01-05 20:48:00,0.04679,227.535,1.1336,49.98
Weekend_Home,2020-01-05 20:51:00,0.034389,229.05,0.8524,49.98
Weekend_Home,2020-01-05 20:54:00,0.069816,225.348,1.4988,49.974
Weekend_Home,2020-01-05 20:57:00,0.03713,228.833,0.9033,49.99
Weekend_Home,2020-01-05 21:00:00,0.032643,228.367,0.8028,49.976
Weekend_Home,2020-01-05 21:03:00,0.060132,227.434,1.3111,49.991
Weekend_Home,2020-01-05 21:06:00,0.026305,231.252,0.7578,49.983
Weekend_Home,2020-01-05 21:09:00,0.060949,228.666,1.3245,49.973
Weekend_Home,2020-01-05 21:12:00,0.03877,229.003,0.9538,49.998
Weekend_Home,2020-01-05 21:15:00,0.035146,229.781,0.8501,49.994
Weekend_Home,2020-01-05 21:18:00,0.043512,228.939,1.0694,49.976
Weekend_Home,2020-01-05 21:21:00,0.057248,227.79,1.3552,49.979
Weekend_Home,2020-01-05 21:24:00,0.038383,229.882,0.9566,49.97
Weekend_Home,2020-01-05 21:27:00,0.02834,230.871,0.6631,49.977
Weekend_Home,2020-01-05 21:30:00,0.040943,228.736,0.9882,49.967
Weekend_Home,2020-01-05 21:33:00,0.045697,228.419,1.1048,49.977
Weekend_Home,2020-01-05 21:36:00,0.045554,228.37,1.0901,49.989
Weekend_Home,2020-01-05 21:39:00,0.058894,226.856,1.2751,49.953
Weekend_Home,2020-01-05 21:42:00,0.040396,229.394,0.9961,49.981
Weekend_Home,2020-01-05 21:45:00,0.029724,230.064,0.7195,49.973
Weekend_Home,2020-01-05 21:48:00,0.053171,226.771,1.2532,49.98
Weekend_Home,2020-01-05 21:51:00,0.038496,228.794,0.9878,49.985
Weekend_Home,2020-01-05 21:54:00,0.047159,228.434,1.0719,49.997
Weekend_Home,2020-01-05 21:57:00,0.035216,229.86,0.8269,49.99
Weekend_Home,2020-01-05 22:00:00,0.031853,229.724,0.8211,49.984
Weekend_Home,2020-01-05 22:03:00,0.044352,227.765,1.0916,49.986
Weekend_Home,2020-01-05 22:06:00,0.0485,227.602,1.1608,49.995
Weekend_Home,2020-01-05 22:09:00,0.042957,227.985,0.9948,49.988
Weekend_Home,2020-01-05 22:12:00,0.032629,230.277,0.8807,49.985
Weekend_Home,2020-01-05 22:15:00,0.049792,228.092,1.065,49.985
Weekend_Home,2020-01-05 22:18:00,0.03885,228.81,0.9345,50.005
Weekend_Home,2020-01-05 22:21:00,0.020086,229.783,0.6036,49.984
Weekend_Home,2020-01-05 22:24:00,0.034133,229.366,0.8088,49.971
Weekend_Home,2020-01-05 22:27:00,0.053601,226.758,1.2339,49.961
Weekend_Home,2020-01-05 22:30:00,0.0255,231.645,0.7345,49.98
Weekend_Home,2020-01-05 22:33:00,0.038589,229.872,0.9941,49.963
Weekend_Home,2020-01-05 22:36:00,0.036717,229.855,0.9074,49.987
Weekend_Home,2020-01-05 22:39:00,0.026364,228.89,0.6748,49.974
Weekend_Home,2020-01-05 22:42:00,0.036714,230.215,0.93,49.997
Weekend_Home,2020-01-05 22:45:00,0.032741,229.294,0.8819,49.978
Weekend_Home,2020-01-05 22:48:00,0.026608,229.284,0.6665,50.004
Weekend_Home,2020-01-05 22:51:00,0.034336,230.103,0.8322,49.986
Weekend_Home,2020-01-05 22:54:00,0.025238,229.346,0.7042,49.978
Weekend_Home,2020-01-05 22:57:00,0.035159,227.507,0.8952,49.989
Weekend_Home,2020-01-05 23:00:00,0.033035,228.595,0.8177,49.98
Weekend_Home,2020-01-05 23:03:00,0.038387,228.842,0.9377,49.971
Weekend_Home,2020-01-05 23:06:00,0.043269,228.443,1.0538,50.003
Weekend_Home,2020-01-05 23:09:00,0.022507,230.291,0.6469,49.97
Weekend_Home,2020-01-05 23:12:00,0.022909,228.542,0.6495,49.972
Weekend_Home,2020-01-05 23:15:00,0.03557,228.979,0.8121,49.989
Weekend_Home,2020-01-05 23:18:00,0.031078,228.555,0.8194,49.986
Weekend_Home,2020-01-05 23:21:00,0.035988,229.811,0.9466,49.995
Weekend_Home,2020-01-05 23:24:00,0.027585,230.476,0.6929,49.987
Weekend_Home,2020-01-05 23:27:00,0.034205,229.045,0.8108,49.978
Weekend_Home,2020-01-05 23:30:00,0.026795,230.376,0.6769,49.982
Weekend_Home,2020-01-05 23:33:00,0.022239,229.489,0.6984,49.975
Weekend_Home,2020-01-05 23:36:00,0.024561,231.859,0.6473,49.999
Weekend_Home,2020-01-05 23:39:00,0.021936,229.749,0.6221,49.986
Weekend_Home,2020-01-05 23:42:00,0.027437,230.16,0.6873,50.016
Weekend_Home,2020-01-05 23:45:00,0.031864,228.986,0.8043,49.981
Weekend_Home,2020-01-05 23:48:00,0.030815,230.276,0.834,50.008
Weekend_Home,2020-01-05 23:51:00,0.027235,229.271,0.7728,49.982
Weekend_Home,2020-01-05 23:54:00,0.026819,230.602,0.6962,50.011
Weekend_Home,2020-01-05 23:57:00,0.029958,230.225,0.7881,49.974
Weekend_Home,2020-01-06 00:00:00,0.014916,231.006,0.5176,49.974
Weekend_Home,2020-01-06 00:03:00,0.015143,231.491,0.5308,49.993
Weekend_Home,2020-01-06 00:06:00,0.009662,230.641,0.5279,50.005
Weekend_Home,2020-01-06 00:09:00,0.012608,230.453,0.421,49.992
Weekend_Home,2020-01-06 00:12:00,0.0095,231.521,0.4405,49.963
Weekend_Home,2020-01-06 00:15:00,0.012547,231.688,0.4852,49.98
Weekend_Home,2020-01-06 00:18:00,0.010259,230.525,0.4376,49.977
Weekend_Home,2020-01-06 00:21:00,0.011624,229.789,0.397,49.989
Weekend_Home,2020-01-06 00:24:00,0.01026,231.223,0.4686,49.996
Weekend_Home,2020-01-06 00:27:00,0.011746,230.937,0.3995,50.001
Weekend_Home,2020-01-06 00:30:00,0.007527,230.163,0.4245,49.986
Weekend_Home,2020-01-06 00:33:00,0.009022,230.056,0.4933,49.993
Weekend_Home,2020-01-06 00:36:00,0.01103,231.301,0.4625,50.001
Weekend_Home,2020-01-06 00:39:00,0.013508,229.564,0.5085,49.997
Weekend_Home,2020-01-06 00:42:00,0.009945,231.174,0.4281,50.004
Weekend_Home,2020-01-06 00:45:00,0.008211,231.77,0.3614,49.998
Weekend_Home,2020-01-06 00:48:00,0.011396,230.244,0.4718,50.009
Weekend_Home,2020-01-06 00:51:00,0.007441,232.551,0.4021,49.998
Weekend_Home,2020-01-06 00:54:00,0.009239,232.001,0.4684,50.0
Weekend_Home,2020-01-06 00:57:00,0.009742,231.556,0.3638,49.999
Weekend_Home,2020-01-06 01:00:00,0.011575,231.129,0.4122,50.004
Weekend_Home,2020-01-06 01:03:00,0.012577,231.886,0.462,49.998
Weekend_Home,2020-01-06 01:06:00,0.014536,230.365,0.5211,50.007
Weekend_Home,2020-01-06 01:09:00,0.014658,228.679,0.5094,49.996
Weekend_Home,2020-01-06 01:12:00,0.00871,231.813,0.4042,50.01
Weekend_Home,2020-01-06 01:15:00,0.010401,230.729,0.386,50.014
Weekend_Home,2020-01-06 01:18:00,0.006812,232.365,0.2989,49.996
Weekend_Home,2020-01-06 01:21:00,0.009744,231.636,0.4091,50.01
Weekend_Home,2020-01-06 01:24:00,0.012383,230.788,0.4885,49.99
Weekend_Home,2020-01-06 01:27:00,0.010127,230.966,0.4395,49.983
Weekend_Home,2020-01-06 01:30:00,0.011077,231.646,0.492,49.99
Weekend_Home,2020-01-06 01:33:00,0.011083,229.283,0.4368,50.003
Weekend_Home,2020-01-06 01:36:00,0.009056,231.773,0.4052,49.998
Weekend_Home,2020-01-06 01:39:00,0.013056,230.543,0.5297,50.01
Weekend_Home,2020-01-06 01:42:00,0.008452,231.762,0.3672,49.991
Weekend_Home,2020-01-06 01:45:00,0.010839,230.779,0.409,49.996
Weekend_Home,2020-01-06 01:48:00,0.00998,231.965,0.4171,50.004
Weekend_Home,2020-01-06 01:51:00,0.012245,230.472,0.4813,49.988
Weekend_Home,2020-01-06 01:54:00,0.013438,231.356,0.5059,49.993
Weekend_Home,2020-01-06 01:57:00,0.008884,231.112,0.3854,50.01
Weekend_Home,2020-01-06 02:00:00,0.009703,230.977,0.3554,50.0
Weekend_Home,2020-01-06 02:03:00,0.011336,231.265,0.434,49.989
Weekend_Home,2020-01-06 02:06:00,0.008316,230.784,0.3774,50.028
Weekend_Home,2020-01-06 02:09:00,0.011234,231.455,0.3856,49.969
Weekend_Home,2020-01-06 02:12:00,0.008153,232.11,0.4255,49.977
Weekend_Home,2020-01-06 02:15:00,0.010146,231.648,0.4233,49.971
Weekend_Home,2020-01-06 02:18:00,0.011565,232.343,0.4965,49.997
Weekend_Home,2020-01-06 02:21:00,0.011725,231.097,0.5104,49.984
Weekend_Home,2020-01-06 02:24:00,0.010331,231.585,0.4248,50.014
Weekend_Home,2020-01-06 02:27:00,0.011254,231.134,0.4609,49.998
Weekend_Home,2020-01-06 02:30:00,0.009767,231.168,0.4323,49.995
Weekend_Home,2020-01-06 02:33:00,0.007761,231.941,0.3621,50.018
Weekend_Home,2020-01-06 02:36:00,0.011979,231.363,0.4207,50.01
Weekend_Home,2020-01-06 02:39:00,0.013193,231.7,0.4029,49.985
Weekend_Home,2020-01-06 02:42:00,0.011723,230.257,0.4928,49.999
Weekend_Home,2020-01-06 02:45:00,0.011131,232.087,0.3954,50.01
Weekend_Home,2020-01-06 02:48:00,0.009308,231.858,0.4101,50.014
Weekend_Home,2020-01-06 02:51:00,0.008121,231.483,0.3615,49.998
Weekend_Home,2020-01-06 02:54:00,0.014063,230.552,0.496,49.976
Weekend_Home,2020-01-06 02:57:00,0.006106,231.958,0.4047,49.998
Weekend_Home,2020-01-06 03:00:00,0.010394,232.038,0.4169,49.986
Weekend_Home,2020-01-06 03:03:00,0.006779,231.072,0.3897,49.986
Weekend_Home,2020-01-06 03:06:00,0.012189,231.579,0.4976,49.987
Weekend_Home,2020-01-06 03:09:00,0.014771,231.623,0.5298,49.989
Weekend_Home,2020-01-06 03:12:00,0.010589,230.018,0.4572,49.975
Weekend_Home,2020-01-06 03:15:00,0.009058,230.336,0.4546,50.009
Weekend_Home,2020-01-06 03:18:00,0.012643,231.285,0.4382,50.01
Weekend_Home,2020-01-06 03:21:00,0.009583,229.39,0.4302,50.004
Weekend_Home,2020-01-06 03:24:00,0.008848,230.037,0.4195,50.004
Weekend_Home,2020-01-06 03:27:00,0.009413,230.425,0.4423,50.002
Weekend_Home,2020-01-06 03:30:00,0.012217,230.971,0.4235,50.016
Weekend_Home,2020-01-06 03:33:00,0.01486,231.561,0.5197,49.982
Weekend_Home,2020-01-06 03:36:00,0.009911,231.985,0.3936,49.996
Weekend_Home,2020-01-06 03:39:00,0.011722,231.52,0.4478,50.01
Weekend_Home,2020-01-06 03:42:00,0.012063,231.36,0.4411,50.008
Weekend_Home,2020-01-06 03:45:00,0.010878,231.372,0.3492,50.015
Weekend_Home,2020-01-06 03:48:00,0.01092,229.567,0.4302,50.002
Weekend_Home,2020-01-06 03:51:00,0.012379,231.898,0.4797,49.995
Weekend_Home,2020-01-06 03:54:00,0.011714,231.294,0.5092,49.997
Weekend_Home,2020-01-06 03:57:00,0.005743,232.754,0.3711,50.001
Weekend_Home,2020-01-06 04:00:00,0.012724,229.551,0.4735,49.996
Weekend_Home,2020-01-06 04:03:00,0.011724,231.516,0.4518,49.974
Weekend_Home,2020-01-06 04:06:00,0.012396,230.54,0.4114,49.971
Weekend_Home,2020-01-06 04:09:00,0.017337,230.154,0.5315,49.993
Weekend_Home,2020-01-06 04:12:00,0.011055,230.302,0.3964,49.979
Weekend_Home,2020-01-06 04:15:00,0.018911,229.942,0.4902,49.985
Weekend_Home,2020-01-06 04:18:00,0.010245,231.169,0.434,50.014
Weekend_Home,2020-01-06 04:21:00,0.016424,229.629,0.5141,49.994
Weekend_Home,2020-01-06 04:24:00,0.012071,232.895,0.4421,50.016
Weekend_Home,2020-01-06 04:27:00,0.013941,231.957,0.5809,49.996
Weekend_Home,2020-01-06 04:30:00,0.014087,230.203,0.508,49.992
Weekend_Home,2020-01-06 04:33:00,0.008909,232.278,0.4287,49.997
Weekend_Home,2020-01-06 04:36:00,0.015506,230.71,0.5538,50.01
Weekend_Home,2020-01-06 04:39:00,0.010492,232.307,0.461,50.005
Weekend_Home,2020-01-06 04:42:00,0.01253,230.335,0.4354,49.987
Weekend_Home,2020-01-06 04:45:00,0.017515,229.857,0.5136,49.998
Weekend_Home,2020-01-06 04:48:00,0.012067,231.09,0.4908,49.983
Weekend_Home,2020-01-06 04:51:00,0.018617,229.084,0.5807,49.992
Weekend_Home,2020-01-06 04:54:00,0.016346,230.771,0.4614,49.983
Weekend_Home,2020-01-06 04:57:00,0.009887,231.457,0.3775,49.999
Weekend_Home,2020-01-06 05:00:00,0.008012,232.745,0.4033,50.009
Weekend_Home,2020-01-06 05:03:00,0.01668,230.849,0.5299,50.009
Weekend_Home,2020-01-06 05:06:00,0.015084,231.496,0.4747,49.994
Weekend_Home,2020-01-06 05:09:00,0.01618,230.763,0.524,49.995
Weekend_Home,2020-01-06 05:12:00,0.010648,232.521,0.3392,49.996
Weekend_Home,2020-01-06 05:15:00,0.019548,232.647,0.6374,50.017
Weekend_Home,2020-01-06 05:18:00,0.017047,230.428,0.5849,50.0
Weekend_Home,2020-01-06 05:21:00,0.017861,231.082,0.5386,49.986
Weekend_Home,2020-01-06 05:24:00,0.011041,231.594,0.4526,49.958
Weekend_Home,2020-01-06 05:27:00,0.01831,231.777,0.6014,49.986
Weekend_Home,2020-01-06 05:30:00,0.009345,230.871,0.4403,49.977
Weekend_Home,2020-01-06 05:33:00,0.016596,230.966,0.5316,49.971
Weekend_Home,2020-01-06 05:36:00,0.015005,230.142,0.5327,50.001
Weekend_Home,2020-01-06 05:39:00,0.01206,231.277,0.478,50.009
Weekend_Home,2020-01-06 05:42:00,0.008733,231.796,0.4225,49.997
Weekend_Home,2020-01-06 05:45:00,0.018756,229.191,0.6052,49.971
Weekend_Home,2020-01-06 05:48:00,0.012297,230.74,0.5476,50.009
Weekend_Home,2020-01-06 05:51:00,0.015547,230.987,0.5184,49.978
Weekend_Home,2020-01-06 05:54:00,0.017676,229.963,0.5465,49.992
Weekend_Home,2020-01-06 05:57:00,0.019275,230.281,0.6191,49.995
Weekend_Home,2020-01-06 06:00:00,0.009713,232.75,0.4454,49.991
Weekend_Home,2020-01-06 06:03:00,0.033683,228.576,0.8513,49.958
Weekend_Home,2020-01-06 06:06:00,0.013742,230.174,0.4742,50.004
Weekend_Home,2020-01-06 06:09:00,0.021208,232.32,0.5676,49.989
Weekend_Home,2020-01-06 06:12:00,0.024776,229.164,0.709,49.998
Weekend_Home,2020-01-06 06:15:00,0.026376,230.463,0.7417,49.976
Weekend_Home,2020-01-06 06:18:00,0.023077,230.177,0.6459,50.005
Weekend_Home,2020-01-06 06:21:00,0.032158,228.625,0.806,49.996
Weekend_Home,2020-01-06 06:24:00,0.019927,229.372,0.6537,49.995
Weekend_Home,2020-01-06 06:27:00,0.024583,229.519,0.6903,49.989
Weekend_Home,2020-01-06 06:30:00,0.023266,230.287,0.6808,50.011
Weekend_Home,2020-01-06 06:33:00,0.01487,230.037,0.5218,49.985
Weekend_Home,2020-01-06 06:36:00,0.023693,231.192,0.6513,50.007
Weekend_Home,2020-01-06 06:39:00,0.024431,229.361,0.7423,49.976
Weekend_Home,2020-01-06 06:42:00,0.008715,232.595,0.4493,49.983
Weekend_Home,2020-01-06 06:45:00,0.022524,229.436,0.7344,49.986
Weekend_Home,2020-01-06 06:48:00,0.019801,230.745,0.6836,49.99
Weekend_Home,2020-01-06 06:51:00,0.020989,230.45,0.6285,49.99
Weekend_Home,2020-01-06 06:54:00,0.019918,229.877,0.6151,49.977
Weekend_Home,2020-01-06 06:57:00,0.028441,229.186,0.7662,49.996
Weekend_Home,2020-01-06 07:00:00,0.02493,229.935,0.7051,49.998
Weekend_Home,2020-01-06 07:03:00,0.031019,228.636,0.8251,49.974
Weekend_Home,2020-01-06 07:06:00,0.018391,230.837,0.5402,49.998
Weekend_Home,2020-01-06 07:09:00,0.028353,229.082,0.6975,50.004
Weekend_Home,2020-01-06 07:12:00,0.025282,230.229,0.6752,49.976
Weekend_Home,2020-01-06 07:15:00,0.024646,230.802,0.6772,49.983
Weekend_Home,2020-01-06 07:18:00,0.030023,229.992,0.8174,49.998
Weekend_Home,2020-01-06 07:21:00,0.02334,230.811,0.6973,50.005
Weekend_Home,2020-01-06 07:24:00,0.028683,230.083,0.7535,49.994
Weekend_Home,2020-01-06 07:27:00,0.019112,230.451,0.6122,49.975
Weekend_Home,2020-01-06 07:30:00,0.03702,230.24,0.9584,50.003
Weekend_Home,2020-01-06 07:33:00,0.023915,230.795,0.6914,50.005
Weekend_Home,2020-01-06 07:36:00,0.028942,229.207,0.7793,49.979
Weekend_Home,2020-01-06 07:39:00,0.018439,231.001,0.6109,49.969
Weekend_Home,2020-01-06 07:42:00,0.029108,230.238,0.7829,49.983
Weekend_Home,2020-01-06 07:45:00,0.02053,229.676,0.6754,49.963
Weekend_Home,2020-01-06 07:48:00,0.035067,230.269,0.9332,49.982
Weekend_Home,2020-01-06 07:51:00,0.028849,229.631,0.7465,49.989
Weekend_Home,2020-01-06 07:54:00,0.016107,230.485,0.5538,50.01
Weekend_Home,2020-01-06 07:57:00,0.014476,230.171,0.4839,49.992
Weekend_Home,2020-01-06 08:00:00,0.024147,228.045,0.6747,49.965
Weekend_Home,2020-01-06 08:03:00,0.024776,229.266,0.753,50.008
Weekend_Home,2020-01-06 08:06:00,0.027529,229.054,0.7461,49.974
Weekend_Home,2020-01-06 08:09:00,0.022373,230.511,0.5889,49.982
Weekend_Home,2020-01-06 08:12:00,0.020825,230.159,0.7136,49.983
Weekend_Home,2020-01-06 08:15:00,0.02586,230.296,0.7393,49.984
Weekend_Home,2020-01-06 08:18:00,0.020183,228.722,0.6129,49.982
Weekend_Home,2020-01-06 08:21:00,0.02044,230.424,0.6123,49.995
Weekend_Home,2020-01-06 08:24:00,0.027868,228.932,0.7874,50.005
Weekend_Home,2020-01-06 08:27:00,0.032325,229.302,0.8584,49.991
Weekend_Home,2020-01-06 08:30:00,0.018854,230.52,0.5852,49.987
Weekend_Home,2020-01-06 08:33:00,0.027913,229.764,0.7449,49.993
Weekend_Home,2020-01-06 08:36:00,0.021334,232.025,0.6343,49.99
Weekend_Home,2020-01-06 08:39:00,0.023839,230.187,0.6553,49.996
Weekend_Home,2020-01-06 08:42:00,0.028488,229.153,0.7685,49.975
Weekend_Home,2020-01-06 08:45:00,0.022856,230.721,0.6592,49.983
Weekend_Home,2020-01-06 08:48:00,0.022027,230.345,0.6553,50.004
Weekend_Home,2020-01-06 08:51:00,0.027915,231.06,0.7033,49.98
Weekend_Home,2020-01-06 08:54:00,0.033094,228.62,0.8228,49.986
Weekend_Home,2020-01-06 08:57:00,0.024088,229.156,0.6652,49.983
Weekend_Home,2020-01-06 09:00:00,0.025243,230.116,0.6761,49.992
Weekend_Home,2020-01-06 09:03:00,0.028757,229.797,0.7311,49.984
Weekend_Home,2020-01-06 09:06:00,0.023023,231.2,0.6403,49.979
Weekend_Home,2020-01-06 09:09:00,0.017314,229.699,0.5727,49.988
Weekend_Home,2020-01-06 09:12:00,0.017434,230.695,0.5368,49.983
Weekend_Home,2020-01-06 09:15:00,0.015678,230.375,0.5598,49.991
Weekend_Home,2020-01-06 09:18:00,0.026483,228.969,0.7391,49.989
Weekend_Home,2020-01-06 09:21:00,0.024481,229.808,0.7046,49.979
Weekend_Home,2020-01-06 09:24:00,0.019849,231.708,0.654,50.022
Weekend_Home,2020-01-06 09:27:00,0.021554,230.058,0.5945,50.007
Weekend_Home,2020-01-06 09:30:00,0.027204,227.957,0.7683,49.983
Weekend_Home,2020-01-06 09:33:00,0.019556,231.106,0.5292,49.992
Weekend_Home,2020-01-06 09:36:00,0.031557,229.923,0.8146,49.99
Weekend_Home,2020-01-06 09:39:00,0.015702,230.35,0.4459,49.98
Weekend_Home,2020-01-06 09:42:00,0.027589,231.049,0.7319,49.997
Weekend_Home,2020-01-06 09:45:00,0.015726,230.823,0.5444,50.024
Weekend_Home,2020-01-06 09:48:00,0.022671,230.02,0.6338,50.002
Weekend_Home,2020-01-06 09:51:00,0.032872,228.99,0.8614,49.999
Weekend_Home,2020-01-06 09:54:00,0.027188,229.237,0.7519,50.004
Weekend_Home,2020-01-06 09:57:00,0.015623,231.306,0.5439,50.003
Weekend_Home,2020-01-06 10:00:00,0.020867,230.11,0.5739,50.004
Weekend_Home,2020-01-06 10:03:00,0.013722,231.849,0.4962,49.992
Weekend_Home,2020-01-06 10:06:00,0.019652,228.315,0.6226,50.003
Weekend_Home,2020-01-06 10:09:00,0.020995,231.041,0.6145,49.959
Weekend_Home,2020-01-06 10:12:00,0.023579,230.051,0.6562,49.982
Weekend_Home,2020-01-06 10:15:00,0.028235,229.029,0.8182,50.007
Weekend_Home,2020-01-06 10:18:00,0.02713,228.656,0.7219,49.979
Weekend_Home,2020-01-06 10:21:00,0.025471,229.811,0.7316,49.974
Weekend_Home,2020-01-06 10:24:00,0.021686,231.062,0.6575,50.002
Weekend_Home,2020-01-06 10:27:00,0.018578,231.187,0.5394,49.988
Weekend_Home,2020-01-06 10:30:00,0.022403,229.796,0.667,49.99
Weekend_Home,2020-01-06 10:33:00,0.016661,230.624,0.5354,49.994
Weekend_Home,2020-01-06 10:36:00,0.025211,229.972,0.7229,49.993
Weekend_Home,2020-01-06 10:39:00,0.021009,230.821,0.6677,49.991
Weekend_Home,2020-01-06 10:42:00,0.015068,230.781,0.4935,49.985
Weekend_Home,2020-01-06 10:45:00,0.013548,234.039,0.4355,49.986
Weekend_Home,2020-01-06 10:48:00,0.018312,231.412,0.5882,50.014
Weekend_Home,2020-01-06 10:51:00,0.023521,229.368,0.7114,49.996
Weekend_Home,2020-01-06 10:54:00,0.017054,230.598,0.5347,49.987
Weekend_Home,2020-01-06 10:57:00,0.017434,231.068,0.6116,49.996
Weekend_Home,2020-01-06 11:00:00,0.014427,230.2,0.5007,49.972
Weekend_Home,2020-01-06 11:03:00,0.02235,230.41,0.6663,49.995
Weekend_Home,2020-01-06 11:06:00,0.027693,229.927,0.767,49.995
Weekend_Home,2020-01-06 11:09:00,0.029572,228.98,0.7922,49.97
Weekend_Home,2020-01-06 11:12:00,0.020204,228.613,0.6049,49.973
Weekend_Home,2020-01-06 11:15:00,0.025127,230.348,0.6404,49.99
Weekend_Home,2020-01-06 11:18:00,0.014327,229.519,0.5176,49.989
Weekend_Home,2020-01-06 11:21:00,0.017498,230.713,0.5544,49.98
Weekend_Home,2020-01-06 11:24:00,0.016988,230.84,0.5366,49.966
Weekend_Home,2020-01-06 11:27:00,0.017337,232.336,0.5432,50.002
Weekend_Home,2020-01-06 11:30:00,0.016133,229.817,0.5185,49.999
Weekend_Home,2020-01-06 11:33:00,0.018141,231.794,0.5441,49.981
Weekend_Home,2020-01-06 11:36:00,0.022957,229.479,0.6694,50.001
Weekend_Home,2020-01-06 11:39:00,0.015733,230.757,0.5572,50.009
Weekend_Home,2020-01-06 11:42:00,0.024795,229.092,0.7157,50.0
Weekend_Home,2020-01-06 11:45:00,0.016613,230.3,0.5741,49.982
Weekend_Home,2020-01-06 11:48:00,0.023081,231.073,0.6318,49.987
Weekend_Home,2020-01-06 11:51:00,0.023712,229.318,0.7408,49.992
Weekend_Home,2020-01-06 11:54:00,0.013305,231.175,0.5015,49.981
Weekend_Home,2020-01-06 11:57:00,0.01658,230.718,0.5394,49.983
Weekend_Home,2020-01-06 12:00:00,0.026251,230.858,0.7204,49.964
Weekend_Home,2020-01-06 12:03:00,0.017604,231.338,0.534,49.993
Weekend_Home,2020-01-06 12:06:00,0.015969,232.479,0.5435,49.988
Weekend_Home,2020-01-06 12:09:00,0.020223,230.55,0.5364,49.97
Weekend_Home,2020-01-06 12:12:00,0.012231,232.322,0.5058,50.013
Weekend_Home,2020-01-06 12:15:00,0.024141,230.821,0.722,49.981
Weekend_Home,2020-01-06 12:18:00,0.016644,230.706,0.5656,49.996
Weekend_Home,2020-01-06 12:21:00,0.026974,229.776,0.7685,49.974
Weekend_Home,2020-01-06 12:24:00,0.018523,231.942,0.5409,49.977
Weekend_Home,2020-01-06 12:27:00,0.017112,230.628,0.5342,49.993
Weekend_Home,2020-01-06 12:30:00,0.020013,230.516,0.5932,49.988
Weekend_Home,2020-01-06 12:33:00,0.016607,229.759,0.5543,50.027
Weekend_Home,2020-01-06 12:36:00,0.024332,230.939,0.7097,49.964
Weekend_Home,2020-01-06 12:39:00,0.024952,229.977,0.6843,49.995
Weekend_Home,2020-01-06 12:42:00,0.02153,230.265,0.5881,49.987
Weekend_Home,2020-01-06 12:45:00,0.022922,230.32,0.681,49.99
Weekend_Home,2020-01-06 12:48:00,0.023612,230.744,0.6609,50.006
Weekend_Home,2020-01-06 12:51:00,0.019638,230.416,0.606,50.003
Weekend_Home,2020-01-06 12:54:00,0.015569,229.466,0.5823,50.001
Weekend_Home,2020-01-06 12:57:00,0.019852,230.405,0.6343,49.989
Weekend_Home,2020-01-06 13:00:00,0.029349,230.233,0.8038,49.989
Weekend_Home,2020-01-06 13:03:00,0.020168,229.725,0.6078,49.993
Weekend_Home,2020-01-06 13:06:00,0.022516,229.97,0.6588,49.991
Weekend_Home,2020-01-06 13:09:00,0.024555,230.519,0.6949,49.976
Weekend_Home,2020-01-06 13:12:00,0.02823,230.296,0.7473,49.991
Weekend_Home,2020-01-06 13:15:00,0.025868,229.306,0.7039,49.981
Weekend_Home,2020-01-06 13:18:00,0.022992,229.897,0.6159,49.992
Weekend_Home,2020-01-06 13:21:00,0.012182,230.774,0.4981,49.982
Weekend_Home,2020-01-06 13:24:00,0.0316,231.739,0.8539,49.964
Weekend_Home,2020-01-06 13:27:00,0.023676,231.125,0.6914,50.002
Weekend_Home,2020-01-06 13:30:00,0.02449,231.021,0.7585,49.991
Weekend_Home,2020-01-06 13:33:00,0.020797,229.433,0.5524,49.975
Weekend_Home,2020-01-06 13:36:00,0.020982,229.899,0.6721,49.98
Weekend_Home,2020-01-06 13:39:00,0.016747,231.823,0.5943,49.982
Weekend_Home,2020-01-06 13:42:00,0.022487,229.693,0.6696,49.982
Weekend_Home,2020-01-06 13:45:00,0.033765,229.374,0.7988,49.966
Weekend_Home,2020-01-06 13:48:00,0.017625,229.856,0.5634,49.984
Weekend_Home,2020-01-06 13:51:00,0.01056,230.154,0.473,49.985
Weekend_Home,2020-01-06 13:54:00,0.015678,229.754,0.5207,49.987
Weekend_Home,2020-01-06 13:57:00,0.035369,229.09,0.9021,49.98
Weekend_Home,2020-01-06 14:00:00,0.015589,230.787,0.4922,49.987
Weekend_Home,2020-01-06 14:03:00,0.022061,230.226,0.7249,49.973
Weekend_Home,2020-01-06 14:06:00,0.026345,230.019,0.7013,50.006
Weekend_Home,2020-01-06 14:09:00,0.023818,230.349,0.6294,49.988
Weekend_Home,2020-01-06 14:12:00,0.023994,229.287,0.6828,49.984
Weekend_Home,2020-01-06 14:15:00,0.033369,229.261,0.7627,49.965
Weekend_Home,2020-01-06 14:18:00,0.020151,229.666,0.6085,50.004
Weekend_Home,2020-01-06 14:21:00,0.024716,228.842,0.6978,49.998
Weekend_Home,2020-01-06 14:24:00,0.027257,229.744,0.7436,49.99
Weekend_Home,2020-01-06 14:27:00,0.027146,229.072,0.732,49.996
Weekend_Home,2020-01-06 14:30:00,0.01893,230.582,0.5888,49.979
Weekend_Home,2020-01-06 14:33:00,0.023338,229.768,0.6815,49.994
Weekend_Home,2020-01-06 14:36:00,0.018504,230.344,0.6031,50.009
Weekend_Home,2020-01-06 14:39:00,0.011779,231.817,0.4519,49.983
Weekend_Home,2020-01-06 14:42:00,0.025314,230.877,0.6875,49.979
Weekend_Home,2020-01-06 14:45:00,0.026403,229.15,0.6754,50.002
Weekend_Home,2020-01-06 14:48:00,0.021021,230.655,0.6396,49.978
Weekend_Home,2020-01-06 14:51:00,0.024476,230.73,0.7364,49.963
Weekend_Home,2020-01-06 14:54:00,0.021721,230.327,0.6363,49.999
Weekend_Home,2020-01-06 14:57:00,0.01722,231.498,0.5371,49.98
Weekend_Home,2020-01-06 15:00:00,0.028196,230.258,0.6849,49.973
Weekend_Home,2020-01-06 15:03:00,0.025947,230.496,0.7113,50.013
Weekend_Home,2020-01-06 15:06:00,0.03019,229.639,0.8368,49.99
Weekend_Home,2020-01-06 15:09:00,0.024049,228.863,0.7157,49.976
Weekend_Home,2020-01-06 15:12:00,0.020408,229.149,0.6541,50.006
Weekend_Home,2020-01-06 15:15:00,0.014443,232.0,0.5354,50.009
Weekend_Home,2020-01-06 15:18:00,0.027506,231.011,0.7474,49.999
Weekend_Home,2020-01-06 15:21:00,0.019471,231.181,0.6228,49.988
Weekend_Home,2020-01-06 15:24:00,0.017356,230.826,0.562,49.998
Weekend_Home,2020-01-06 15:27:00,0.022468,229.536,0.6594,49.993
Weekend_Home,2020-01-06 15:30:00,0.019103,230.216,0.5919,49.993
Weekend_Home,2020-01-06 15:33:00,0.025447,228.809,0.6491,49.977
Weekend_Home,2020-01-06 15:36:00,0.028245,229.903,0.8018,49.991
Weekend_Home,2020-01-06 15:39:00,0.019127,231.508,0.5729,49.984
Weekend_Home,2020-01-06 15:42:00,0.019796,230.801,0.5787,49.99
Weekend_Home,2020-01-06 15:45:00,0.022592,232.369,0.7431,50.018
Weekend_Home,2020-01-06 15:48:00,0.028954,230.182,0.7767,50.006
Weekend_Home,2020-01-06 15:51:00,0.022543,230.848,0.6452,50.001
Weekend_Home,2020-01-06 15:54:00,0.019725,229.927,0.5974,49.984
Weekend_Home,2020-01-06 15:57:00,0.021872,229.291,0.6461,50.003
Weekend_Home,2020-01-06 16:00:00,0.012229,230.193,0.4859,50.015
Weekend_Home,2020-01-06 16:03:00,0.017851,233.271,0.591,49.987
Weekend_Home,2020-01-06 16:06:00,0.017664,229.969,0.6239,49.982
Weekend_Home,2020-01-06 16:09:00,0.015368,229.849,0.5625,49.999
Weekend_Home,2020-01-06 16:12:00,0.026159,229.16,0.6849,49.976
Weekend_Home,2020-01-06 16:15:00,0.013454,231.984,0.5019,50.006
Weekend_Home,2020-01-06 16:18:00,0.019837,230.947,0.6266,50.015
Weekend_Home,2020-01-06 16:21:00,0.009425,229.313,0.4157,50.0
Weekend_Home,2020-01-06 16:24:00,0.024776,229.384,0.6863,49.978
Weekend_Home,2020-01-06 16:27:00,0.012232,231.84,0.4449,49.986
Weekend_Home,2020-01-06 16:30:00,0.019954,230.022,0.541,50.009
Weekend_Home,2020-01-06 16:33:00,0.027499,229.447,0.6788,49.997
Weekend_Home,2020-01-06 16:36:00,0.021203,230.914,0.6311,49.974
Weekend_Home,2020-01-06 16:39:00,0.020153,230.303,0.6516,49.996
Weekend_Home,2020-01-06 16:42:00,0.028257,229.305,0.7492,50.012
Weekend_Home,2020-01-06 16:45:00,0.021177,229.506,0.6273,49.988
Weekend_Home,2020-01-06 16:48:00,0.014046,231.253,0.4755,49.983
Weekend_Home,2020-01-06 16:51:00,0.022174,230.478,0.6705,50.001
Weekend_Home,2020-01-06 16:54:00,0.017347,230.973,0.586,49.988
Weekend_Home,2020-01-06 16:57:00,0.008893,230.412,0.4417,49.999
Weekend_Home,2020-01-06 17:00:00,0.013021,231.783,0.4903,49.979
Weekend_Home,2020-01-06 17:03:00,0.020774,231.385,0.657,50.001
Weekend_Home,2020-01-06 17:06:00,0.019485,231.12,0.6383,49.999
Weekend_Home,2020-01-06 17:09:00,0.025862,230.599,0.7284,50.004
Weekend_Home,2020-01-06 17:12:00,0.020156,231.465,0.6461,50.002
Weekend_Home,2020-01-06 17:15:00,0.016839,230.522,0.5824,49.999
Weekend_Home,2020-01-06 17:18:00,0.014315,231.271,0.5075,50.004
Weekend_Home,2020-01-06 17:21:00,0.018907,229.006,0.5962,49.988
Weekend_Home,2020-01-06 17:24:00,0.019825,229.823,0.5272,49.997
Weekend_Home,2020-01-06 17:27:00,0.010579,231.244,0.4078,49.975
Weekend_Home,2020-01-06 17:30:00,0.011333,231.088,0.4488,49.997
Weekend_Home,2020-01-06 17:33:00,0.014827,231.943,0.4543,49.989
Weekend_Home,2020-01-06 17:36:00,0.02263,229.987,0.6225,49.993
Weekend_Home,2020-01-06 17:39:00,0.022937,229.102,0.6948,50.002
Weekend_Home,2020-01-06 17:42:00,0.017708,229.463,0.5771,49.963
Weekend_Home,2020-01-06 17:45:00,0.014854,230.023,0.555,49.996
Weekend_Home,2020-01-06 17:48:00,0.014332,231.66,0.5004,50.006
Weekend_Home,2020-01-06 17:51:00,0.019413,230.819,0.5949,49.99
Weekend_Home,2020-01-06 17:54:00,0.015566,230.448,0.545,49.993
Weekend_Home,2020-01-06 17:57:00,0.015818,229.485,0.5296,49.989
Weekend_Home,2020-01-06 18:00:00,0.021246,231.112,0.6055,50.0
Weekend_Home,2020-01-06 18:03:00,0.016021,230.606,0.5315,49.985
Weekend_Home,2020-01-06 18:06:00,0.027687,229.39,0.7908,49.978
Weekend_Home,2020-01-06 18:09:00,0.016405,231.018,0.5255,49.989
Weekend_Home,2020-01-06 18:12:00,0.018274,231.042,0.5398,49.981
Weekend_Home,2020-01-06 18:15:00,0.026555,229.245,0.6897,50.008
Weekend_Home,2020-01-06 18:18:00,0.02852,230.218,0.7692,49.989
Weekend_Home,2020-01-06 18:21:00,0.023568,229.22,0.706,49.979
Weekend_Home,2020-01-06 18:24:00,0.010827,231.432,0.5031,49.984
Weekend_Home,2020-01-06 18:27:00,0.019222,230.344,0.6138,49.98
Weekend_Home,2020-01-06 18:30:00,0.018247,231.02,0.6129,49.998
Weekend_Home,2020-01-06 18:33:00,0.018502,230.343,0.5515,49.98
Weekend_Home,2020-01-06 18:36:00,0.014015,231.265,0.5256,49.984
Weekend_Home,2020-01-06 18:39:00,0.014613,231.092,0.4949,49.994
Weekend_Home,2020-01-06 18:42:00,0.014367,231.649,0.4691,49.983
Weekend_Home,2020-01-06 18:45:00,0.018875,230.349,0.5614,49.953
Weekend_Home,2020-01-06 18:48:00,0.019911,230.071,0.6801,49.993
Weekend_Home,2020-01-06 18:51:00,0.023567,230.76,0.6597,49.982
Weekend_Home,2020-01-06 18:54:00,0.012788,228.636,0.4429,49.983
Weekend_Home,2020-01-06 18:57:00,0.021554,229.905,0.6618,49.99
Weekend_Home,2020-01-06 19:00:00,0.033115,230.192,0.8363,50.003
Weekend_Home,2020-01-06 19:03:00,0.021353,231.252,0.6524,49.984
Weekend_Home,2020-01-06 19:06:00,0.018982,230.528,0.5606,49.998
Weekend_Home,2020-01-06 19:09:00,0.01368,229.693,0.4991,49.973
Weekend_Home,2020-01-06 19:12:00,0.018327,229.856,0.5725,49.983
Weekend_Home,2020-01-06 19:15:00,0.017057,230.219,0.5498,49.984
Weekend_Home,2020-01-06 19:18:00,0.026267,230.715,0.7657,49.99
Weekend_Home,2020-01-06 19:21:00,0.020673,229.678,0.6301,49.977
Weekend_Home,2020-01-06 19:24:00,0.018813,231.306,0.5678,49.992
Weekend_Home,2020-01-06 19:27:00,0.022347,231.272,0.6224,49.985
Weekend_Home,2020-01-06 19:30:00,0.021495,231.82,0.5681,49.986
Weekend_Home,2020-01-06 19:33:00,0.029796,230.713,0.7626,49.992
Weekend_Home,2020-01-06 19:36:00,0.018728,230.772,0.5632,49.995
Weekend_Home,2020-01-06 19:39:00,0.029696,229.764,0.8404,49.99
Weekend_Home,2020-01-06 19:42:00,0.018716,230.079,0.6138,49.981
Weekend_Home,2020-01-06 19:45:00,0.018727,231.078,0.6056,50.013
Weekend_Home,2020-01-06 19:48:00,0.016957,228.991,0.5712,49.996
Weekend_Home,2020-01-06 19:51:00,0.02531,228.943,0.6358,49.99
Weekend_Home,2020-01-06 19:54:00,0.027532,230.029,0.7215,49.996
Weekend_Home,2020-01-06 19:57:00,0.023731,230.573,0.6239,49.985
Weekend_Home,2020-01-06 20:00:00,0.021426,230.583,0.6806,49.988
Weekend_Home,2020-01-06 20:03:00,0.013707,231.456,0.5456,50.003
Weekend_Home,2020-01-06 20:06:00,0.007348,231.373,0.3168,49.995
Weekend_Home,2020-01-06 20:09:00,0.025902,228.619,0.7241,49.976
Weekend_Home,2020-01-06 20:12:00,0.015853,230.91,0.5969,50.001
Weekend_Home,2020-01-06 20:15:00,0.024573,231.757,0.6629,49.992
Weekend_Home,2020-01-06 20:18:00,0.025378,229.792,0.6897,50.006
Weekend_Home,2020-01-06 20:21:00,0.018366,231.454,0.5855,50.003
Weekend_Home,2020-01-06 20:24:00,0.017315,230.313,0.5749,49.99
Weekend_Home,2020-01-06 20:27:00,0.017513,230.252,0.6386,49.99
Weekend_Home,2020-01-06 20:30:00,0.017827,231.377,0.6118,50.006
Weekend_Home,2020-01-06 20:33:00,0.02179,230.7,0.6057,49.985
Weekend_Home,2020-01-06 20:36:00,0.018776,229.688,0.6144,49.99
Weekend_Home,2020-01-06 20:39:00,0.014769,231.517,0.4866,49.991
Weekend_Home,2020-01-06 20:42:00,0.026041,229.249,0.7733,49.991
Weekend_Home,2020-01-06 20:45:00,0.016794,230.908,0.5096,49.988
Weekend_Home,2020-01-06 20:48:00,0.01799,230.378,0.5292,49.979
Weekend_Home,2020-01-06 20:51:00,0.01034,231.273,0.4144,49.987
Weekend_Home,2020-01-06 20:54:00,0.022246,229.966,0.6275,49.982
Weekend_Home,2020-01-06 20:57:00,0.023976,230.458,0.6667,49.998
Weekend_Home,2020-01-06 21:00:00,0.028128,231.121,0.7457,50.001
Weekend_Home,2020-01-06 21:03:00,0.010628,230.182,0.5141,50.006
Weekend_Home,2020-01-06 21:06:00,0.019513,230.486,0.6856,49.981
Weekend_Home,2020-01-06 21:09:00,0.017606,230.403,0.5672,50.003
Weekend_Home,2020-01-06 21:12:00,0.020188,230.584,0.6147,49.984
Weekend_Home,2020-01-06 21:15:00,0.022596,230.153,0.6594,49.997
Weekend_Home,2020-01-06 21:18:00,0.015966,230.219,0.5522,49.983
Weekend_Home,2020-01-06 21:21:00,0.017261,231.107,0.5392,50.001
Weekend_Home,2020-01-06 21:24:00,0.019789,229.771,0.5425,49.979
Weekend_Home,2020-01-06 21:27:00,0.02218,230.404,0.633,49.992
Weekend_Home,2020-01-06 21:30:00,0.020727,230.265,0.5902,49.975
Weekend_Home,2020-01-06 21:33:00,0.015766,230.669,0.5542,50.009
Weekend_Home,2020-01-06 21:36:00,0.022941,228.118,0.6598,50.018
Weekend_Home,2020-01-06 21:39:00,0.018635,232.027,0.5956,49.987
Weekend_Home,2020-01-06 21:42:00,0.019672,231.137,0.6295,50.001
Weekend_Home,2020-01-06 21:45:00,0.016918,230.963,0.5778,49.992
Weekend_Home,2020-01-06 21:48:00,0.02178,229.704,0.7108,49.97
Weekend_Home,2020-01-06 21:51:00,0.021311,229.774,0.596,49.974
Weekend_Home,2020-01-06 21:54:00,0.018166,230.161,0.5303,49.986
Weekend_Home,2020-01-06 21:57:00,0.017152,230.799,0.5567,49.998
Weekend_Home,2020-01-06 22:00:00,0.014862,229.231,0.5709,49.992
Weekend_Home,2020-01-06 22:03:00,0.015087,231.996,0.5384,49.979
Weekend_Home,2020-01-06 22:06:00,0.015275,230.488,0.495,49.993
Weekend_Home,2020-01-06 22:09:00,0.016148,230.781,0.5986,49.973
Weekend_Home,2020-01-06 22:12:00,0.017015,231.226,0.5471,49.995
Weekend_Home,2020-01-06 22:15:00,0.016597,230.476,0.5823,49.982
Weekend_Home,2020-01-06 22:18:00,0.010247,231.905,0.4702,49.98
Weekend_Home,2020-01-06 22:21:00,0.016338,229.946,0.5271,50.014
Weekend_Home,2020-01-06 22:24:00,0.015818,233.411,0.5722,49.989
Weekend_Home,2020-01-06 22:27:00,0.015135,231.211,0.5312,49.983
Weekend_Home,2020-01-06 22:30:00,0.008206,230.472,0.351,49.995
Weekend_Home,2020-01-06 22:33:00,0.018349,230.443,0.619,49.982
Weekend_Home,2020-01-06 22:36:00,0.020339,230.734,0.5369,49.984
Weekend_Home,2020-01-06 22:39:00,0.011977,231.023,0.4244,50.001
Weekend_Home,2020-01-06 22:42:00,0.015796,231.031,0.571,49.997
Weekend_Home,2020-01-06 22:45:00,0.011075,230.751,0.4734,49.981
Weekend_Home,2020-01-06 22:48:00,0.018697,229.444,0.6106,49.993
Weekend_Home,2020-01-06 22:51:00,0.009989,230.804,0.4061,49.986
Weekend_Home,2020-01-06 22:54:00,0.015951,230.46,0.5181,50.006
Weekend_Home,2020-01-06 22:57:00,0.017675,230.962,0.5726,49.996
Weekend_Home,2020-01-06 23:00:00,0.015713,230.935,0.5257,50.005
Weekend_Home,2020-01-06 23:03:00,0.013402,230.31,0.5159,50.015
Weekend_Home,2020-01-06 23:06:00,0.013246,230.751,0.4649,49.995
Weekend_Home,2020-01-06 23:09:00,0.015623,230.808,0.5194,50.018
Weekend_Home,2020-01-06 23:12:00,0.014998,231.04,0.5524,50.018
Weekend_Home,2020-01-06 23:15:00,0.01496,230.31,0.4699,49.998
Weekend_Home,2020-01-06 23:18:00,0.011204,230.649,0.4333,49.995
Weekend_Home,2020-01-06 23:21:00,0.009354,231.386,0.4061,49.993
Weekend_Home,2020-01-06 23:24:00,0.013656,231.28,0.5189,50.01
Weekend_Home,2020-01-06 23:27:00,0.01784,230.605,0.5152,50.008
Weekend_Home,2020-01-06 23:30:00,0.01773,230.363,0.4832,49.998
Weekend_Home,2020-01-06 23:33:00,0.010151,230.407,0.4361,50.004
Weekend_Home,2020-01-06 23:36:00,0.011362,230.165,0.5082,49.983
Weekend_Home,2020-01-06 23:39:00,0.012198,230.782,0.4304,49.989
Weekend_Home,2020-01-06 23:42:00,0.016221,230.978,0.5617,50.012
Weekend_Home,2020-01-06 23:45:00,0.014746,231.629,0.4628,49.977
Weekend_Home,2020-01-06 23:48:00,0.010193,229.436,0.4728,49.984
Weekend_Home,2020-01-06 23:51:00,0.006965,231.438,0.4116,49.984
Weekend_Home,2020-01-06 23:54:00,0.01119,231.905,0.4199,49.969
Weekend_Home,2020-01-06 23:57:00,0.009997,232.031,0.4333,50.003
Weekend_Home,2020-01-07 00:00:00,0.01097,231.832,0.5148,50.005
Weekend_Home,2020-01-07 00:03:00,0.010203,230.851,0.4235,50.004
Weekend_Home,2020-01-07 00:06:00,0.010596,230.614,0.4929,50.012
Weekend_Home,2020-01-07 00:09:00,0.013698,230.373,0.5168,49.988
Weekend_Home,2020-01-07 00:12:00,0.007314,232.528,0.373,49.996
Weekend_Home,2020-01-07 00:15:00,0.012108,230.153,0.4058,49.989
Weekend_Home,2020-01-07 00:18:00,0.012897,230.794,0.4572,50.007
Weekend_Home,2020-01-07 00:21:00,0.010017,230.533,0.4883,49.99
Weekend_Home,2020-01-07 00:24:00,0.012381,229.683,0.4483,49.987
Weekend_Home,2020-01-07 00:27:00,0.010063,230.192,0.4396,49.992
Weekend_Home,2020-01-07 00:30:00,0.008392,231.623,0.4788,49.996
Weekend_Home,2020-01-07 00:33:00,0.010266,231.228,0.4033,49.997
Weekend_Home,2020-01-07 00:36:00,0.013819,230.354,0.5,49.987
Weekend_Home,2020-01-07 00:39:00,0.012057,231.0,0.4226,49.999
Weekend_Home,2020-01-07 00:42:00,0.012748,230.274,0.4885,49.995
Weekend_Home,2020-01-07 00:45:00,0.011012,233.578,0.3625,49.99
Weekend_Home,2020-01-07 00:48:00,0.010737,230.709,0.4656,49.998
Weekend_Home,2020-01-07 00:51:00,0.011248,231.799,0.5001,50.015
Weekend_Home,2020-01-07 00:54:00,0.008266,231.214,0.3652,50.017
Weekend_Home,2020-01-07 00:57:00,0.008414,229.586,0.3994,49.996
Weekend_Home,2020-01-07 01:00:00,0.009878,231.475,0.4728,49.996
Weekend_Home,2020-01-07 01:03:00,0.012306,230.591,0.4853,50.0
Weekend_Home,2020-01-07 01:06:00,0.00989,231.06,0.445,50.006
Weekend_Home,2020-01-07 01:09:00,0.006129,231.019,0.3169,50.003
Weekend_Home,2020-01-07 01:12:00,0.012152,231.587,0.4116,49.996
Weekend_Home,2020-01-07 01:15:00,0.006884,232.82,0.3962,49.997
Weekend_Home,2020-01-07 01:18:00,0.014086,230.682,0.493,49.986
Weekend_Home,2020-01-07 01:21:00,0.009868,232.068,0.4455,49.996
Weekend_Home,2020-01-07 01:24:00,0.007251,231.176,0.3915,49.99
Weekend_Home,2020-01-07 01:27:00,0.011206,230.544,0.4133,49.999
Weekend_Home,2020-01-07 01:30:00,0.011226,231.99,0.4799,50.005
Weekend_Home,2020-01-07 01:33:00,0.0152,231.313,0.546,49.981
Weekend_Home,2020-01-07 01:36:00,0.006204,232.119,0.3766,49.984
Weekend_Home,2020-01-07 01:39:00,0.009844,232.47,0.4785,49.986
Weekend_Home,2020-01-07 01:42:00,0.015124,230.484,0.4976,49.985
Weekend_Home,2020-01-07 01:45:00,0.007079,230.323,0.4009,50.001
Weekend_Home,2020-01-07 01:48:00,0.012006,231.118,0.4296,49.994
Weekend_Home,2020-01-07 01:51:00,0.009541,229.866,0.4044,50.0
Weekend_Home,2020-01-07 01:54:00,0.012807,231.557,0.4432,49.98
Weekend_Home,2020-01-07 01:57:00,0.016136,231.332,0.5724,50.0
Weekend_Home,2020-01-07 02:00:00,0.01342,232.165,0.5037,49.989
Weekend_Home,2020-01-07 02:03:00,0.01104,231.687,0.5103,49.997
Weekend_Home,2020-01-07 02:06:00,0.009133,231.863,0.4462,49.973
Weekend_Home,2020-01-07 02:09:00,0.011411,230.934,0.3998,49.988
Weekend_Home,2020-01-07 02:12:00,0.00723,229.793,0.3947,49.997
Weekend_Home,2020-01-07 02:15:00,0.012958,232.119,0.4715,49.978
Weekend_Home,2020-01-07 02:18:00,0.008126,232.424,0.4293,49.993
Weekend_Home,2020-01-07 02:21:00,0.011879,231.804,0.4869,49.995
Weekend_Home,2020-01-07 02:24:00,0.011582,231.41,0.4663,49.99
Weekend_Home,2020-01-07 02:27:00,0.005614,230.577,0.283,49.983
Weekend_Home,2020-01-07 02:30:00,0.010846,231.064,0.4852,49.991
Weekend_Home,2020-01-07 02:33:00,0.008527,231.096,0.3977,49.979
Weekend_Home,2020-01-07 02:36:00,0.012571,230.613,0.5261,49.994
Weekend_Home,2020-01-07 02:39:00,0.009145,230.814,0.3562,50.01
Weekend_Home,2020-01-07 02:42:00,0.009721,231.573,0.3772,49.984
Weekend_Home,2020-01-07 02:45:00,0.009485,231.063,0.4025,49.989
Weekend_Home,2020-01-07 02:48:00,0.00939,230.676,0.4716,50.001
Weekend_Home,2020-01-07 02:51:00,0.010801,230.945,0.4263,50.004
Weekend_Home,2020-01-07 02:54:00,0.007183,232.411,0.44,49.998
Weekend_Home,2020-01-07 02:57:00,0.010294,230.482,0.3689,49.989
Weekend_Home,2020-01-07 03:00:00,0.011615,231.596,0.4394,49.966
Weekend_Home,2020-01-07 03:03:00,0.010823,232.371,0.4123,49.989
Weekend_Home,2020-01-07 03:06:00,0.012927,232.373,0.4852,49.997
Weekend_Home,2020-01-07 03:09:00,0.011545,228.696,0.4816,49.992
Weekend_Home,2020-01-07 03:12:00,0.013361,230.53,0.4578,49.989
Weekend_Home,2020-01-07 03:15:00,0.006849,230.396,0.3575,49.993
Weekend_Home,2020-01-07 03:18:00,0.012242,231.939,0.4502,50.0
Weekend_Home,2020-01-07 03:21:00,0.009543,230.874,0.4297,49.983
Weekend_Home,2020-01-07 03:24:00,0.008327,230.888,0.4384,49.979
Weekend_Home,2020-01-07 03:27:00,0.012064,230.524,0.5245,49.997
Weekend_Home,2020-01-07 03:30:00,0.014571,230.842,0.5405,49.991
Weekend_Home,2020-01-07 03:33:00,0.006496,231.039,0.3697,49.999
Weekend_Home,2020-01-07 03:36:00,0.012841,229.997,0.5159,50.009
Weekend_Home,2020-01-07 03:39:00,0.010424,231.044,0.4157,49.969
Weekend_Home,2020-01-07 03:42:00,0.011144,230.16,0.4123,50.003
Weekend_Home,2020-01-07 03:45:00,0.009926,231.673,0.4317,50.002
Weekend_Home,2020-01-07 03:48:00,0.015718,230.772,0.6021,50.017
Weekend_Home,2020-01-07 03:51:00,0.010889,231.249,0.4249,49.981
Weekend_Home,2020-01-07 03:54:00,0.010731,231.744,0.4607,49.991
Weekend_Home,2020-01-07 03:57:00,0.01171,231.737,0.4098,50.01
Weekend_Home,2020-01-07 04:00:00,0.011557,230.374,0.4821,49.998
Weekend_Home,2020-01-07 04:03:00,0.013777,230.792,0.5499,50.013
Weekend_Home,2020-01-07 04:06:00,0.010941,233.449,0.4673,49.998
Weekend_Home,2020-01-07 04:09:00,0.012346,230.01,0.4819,50.006
Weekend_Home,2020-01-07 04:12:00,0.011212,231.109,0.4428,49.987
Weekend_Home,2020-01-07 04:15:00,0.011912,230.533,0.4734,50.0
Weekend_Home,2020-01-07 04:18:00,0.011324,230.807,0.4425,49.982
Weekend_Home,2020-01-07 04:21:00,0.011201,231.113,0.4728,49.992
Weekend_Home,2020-01-07 04:24:00,0.014761,232.016,0.5062,49.99
Weekend_Home,2020-01-07 04:27:00,0.009835,230.772,0.461,50.008
Weekend_Home,2020-01-07 04:30:00,0.014715,230.751,0.4974,49.997
Weekend_Home,2020-01-07 04:33:00,0.008922,230.919,0.404,49.991
Weekend_Home,2020-01-07 04:36:00,0.008061,232.252,0.3387,49.997
Weekend_Home,2020-01-07 04:39:00,0.01171,231.427,0.4683,49.983
Weekend_Home,2020-01-07 04:42:00,0.017717,230.217,0.5508,49.991
Weekend_Home,2020-01-07 04:45:00,0.015447,230.749,0.568,49.994
Weekend_Home,2020-01-07 04:48:00,0.011962,228.429,0.474,49.99
Weekend_Home,2020-01-07 04:51:00,0.01344,231.872,0.4747,50.0
Weekend_Home,2020-01-07 04:54:00,0.011312,230.499,0.483,50.0
Weekend_Home,2020-01-07 04:57:00,0.01162,231.437,0.4377,50.012
Weekend_Home,2020-01-07 05:00:00,0.009035,231.832,0.4064,49.985
Weekend_Home,2020-01-07 05:03:00,0.015228,230.466,0.5113,49.969
Weekend_Home,2020-01-07 05:06:00,0.008856,231.238,0.4098,49.986
Weekend_Home,2020-01-07 05:09:00,0.014603,231.792,0.5134,50.012
Weekend_Home,2020-01-07 05:12:00,0.012164,231.826,0.466,50.011
Weekend_Home,2020-01-07 05:15:00,0.016534,230.555,0.6191,49.996
Weekend_Home,2020-01-07 05:18:00,0.016595,229.23,0.5727,49.987
Weekend_Home,2020-01-07 05:21:00,0.021062,230.38,0.6885,49.999
Weekend_Home,2020-01-07 05:24:00,0.012555,230.359,0.5038,49.999
Weekend_Home,2020-01-07 05:27:00,0.015693,229.491,0.5103,50.003
Weekend_Home,2020-01-07 05:30:00,0.011655,229.609,0.4607,49.983
Weekend_Home,2020-01-07 05:33:00,0.021432,230.321,0.6127,49.989
Weekend_Home,2020-01-07 05:36:00,0.018043,228.275,0.5575,49.978
Weekend_Home,2020-01-07 05:39:00,0.014561,230.59,0.4302,50.005
Weekend_Home,2020-01-07 05:42:00,0.009716,232.065,0.397,50.004
Weekend_Home,2020-01-07 05:45:00,0.019169,230.15,0.5477,49.989
Weekend_Home,2020-01-07 05:48:00,0.023144,229.947,0.6277,49.966
Weekend_Home,2020-01-07 05:51:00,0.022,228.862,0.6617,49.966
Weekend_Home,2020-01-07 05:54:00,0.01732,232.125,0.5749,50.011
Weekend_Home,2020-01-07 05:57:00,0.019187,229.645,0.5884,49.984
Weekend_Home,2020-01-07 06:00:00,0.015872,231.223,0.521,49.99
Weekend_Home,2020-01-07 06:03:00,0.015378,230.829,0.5361,49.979
Weekend_Home,2020-01-07 06:06:00,0.014141,231.526,0.5435,49.983
Weekend_Home,2020-01-07 06:09:00,0.011792,231.747,0.4439,49.994
Weekend_Home,2020-01-07 06:12:00,0.013453,230.771,0.5344,50.002
Weekend_Home,2020-01-07 06:15:00,0.026238,229.26,0.7416,49.999
Weekend_Home,2020-01-07 06:18:00,0.022059,230.109,0.6367,49.993
Weekend_Home,2020-01-07 06:21:00,0.018458,230.986,0.5975,50.005
Weekend_Home,2020-01-07 06:24:00,0.020415,229.757,0.6613,49.996
Weekend_Home,2020-01-07 06:27:00,0.027817,229.574,0.7597,49.985
Weekend_Home,2020-01-07 06:30:00,0.022675,230.578,0.6286,50.003
Weekend_Home,2020-01-07 06:33:00,0.010994,230.567,0.4301,49.996
Weekend_Home,2020-01-07 06:36:00,0.026181,230.408,0.6618,50.011
Weekend_Home,2020-01-07 06:39:00,0.021938,228.69,0.69,49.999
Weekend_Home,2020-01-07 06:42:00,0.023173,230.376,0.6025,49.998
Weekend_Home,2020-01-07 06:45:00,0.025405,228.852,0.6869,49.987
Weekend_Home,2020-01-07 06:48:00,0.02733,230.883,0.7407,49.986
Weekend_Home,2020-01-07 06:51:00,0.017917,230.764,0.5776,49.977
Weekend_Home,2020-01-07 06:54:00,0.028523,230.114,0.7917,49.982
Weekend_Home,2020-01-07 06:57:00,0.028207,229.848,0.7231,49.987
Weekend_Home,2020-01-07 07:00:00,0.026465,230.459,0.7325,49.982
Weekend_Home,2020-01-07 07:03:00,0.024996,229.332,0.7359,50.0
Weekend_Home,2020-01-07 07:06:00,0.032013,229.243,0.8025,50.001
Weekend_Home,2020-01-07 07:09:00,0.037543,229.479,0.9423,49.972
Weekend_Home,2020-01-07 07:12:00,0.018757,229.414,0.5738,49.976
Weekend_Home,2020-01-07 07:15:00,0.026448,230.23,0.732,50.0
Weekend_Home,2020-01-07 07:18:00,0.016758,230.379,0.6416,49.998
Weekend_Home,2020-01-07 07:21:00,0.017816,230.54,0.492,50.011
Weekend_Home,2020-01-07 07:24:00,0.013778,230.96,0.5311,49.987
Weekend_Home,2020-01-07 07:27:00,0.019951,229.411,0.6228,49.98
Weekend_Home,2020-01-07 07:30:00,0.033407,229.145,0.8824,49.979
Weekend_Home,2020-01-07 07:33:00,0.024571,230.294,0.6705,49.981
Weekend_Home,2020-01-07 07:36:00,0.015452,230.898,0.4918,49.976
Weekend_Home,2020-01-07 07:39:00,0.028843,230.709,0.7493,49.989
Weekend_Home,2020-01-07 07:42:00,0.029838,228.688,0.8256,49.978
Weekend_Home,2020-01-07 07:45:00,0.022219,230.013,0.6515,49.978
Weekend_Home,2020-01-07 07:48:00,0.037346,229.817,0.9184,49.965
Weekend_Home,2020-01-07 07:51:00,0.017044,229.583,0.5174,49.998
Weekend_Home,2020-01-07 07:54:00,0.032292,228.104,0.8506,49.992
Weekend_Home,2020-01-07 07:57:00,0.028746,229.597,0.7697,49.979
Weekend_Home,2020-01-07 08:00:00,0.030959,229.658,0.8115,49.99
Weekend_Home,2020-01-07 08:03:00,0.016591,230.035,0.515,49.986
Weekend_Home,2020-01-07 08:06:00,0.033887,229.732,0.8658,49.985
Weekend_Home,2020-01-07 08:09:00,0.021154,229.072,0.6576,50.007
Weekend_Home,2020-01-07 08:12:00,0.021118,231.706,0.6379,49.986
Weekend_Home,2020-01-07 08:15:00,0.027917,229.521,0.7593,49.986
Weekend_Home,2020-01-07 08:18:00,0.026316,230.193,0.7102,49.995
Weekend_Home,2020-01-07 08:21:00,0.026524,229.972,0.7492,50.006
Weekend_Home,2020-01-07 08:24:00,0.024662,228.867,0.684,49.995
Weekend_Home,2020-01-07 08:27:00,0.02799,230.187,0.7529,49.988
Weekend_Home,2020-01-07 08:30:00,0.021513,230.578,0.6482,49.986
Weekend_Home,2020-01-07 08:33:00,0.027652,229.912,0.7651,49.994
Weekend_Home,2020-01-07 08:36:00,0.01599,231.859,0.5302,49.974
Weekend_Home,2020-01-07 08:39:00,0.024455,229.626,0.7146,49.976
Weekend_Home,2020-01-07 08:42:00,0.014129,230.356,0.5914,49.985
Weekend_Home,2020-01-07 08:45:00,0.030745,229.847,0.8025,49.988
Weekend_Home,2020-01-07 08:48:00,0.041086,229.392,0.9759,49.988
Weekend_Home,2020-01-07 08:51:00,0.019645,230.895,0.528,49.996
Weekend_Home,2020-01-07 08:54:00,0.02708,230.897,0.7489,49.982
Weekend_Home,2020-01-07 08:57:00,0.026499,230.198,0.7554,49.969
Weekend_Home,2020-01-07 09:00:00,0.031559,230.1,0.814,49.998
Weekend_Home,2020-01-07 09:03:00,0.024175,230.663,0.7442,50.013
Weekend_Home,2020-01-07 09:06:00,0.021495,229.208,0.631,49.982
Weekend_Home,2020-01-07 09:09:00,0.025306,229.763,0.7478,50.0
Weekend_Home,2020-01-07 09:12:00,0.019897,230.236,0.6126,49.993
Weekend_Home,2020-01-07 09:15:00,0.024032,230.985,0.7025,49.991
Weekend_Home,2020-01-07 09:18:00,0.027345,230.592,0.7125,49.979
Weekend_Home,2020-01-07 09:21:00,0.022525,230.245,0.6907,50.001
Weekend_Home,2020-01-07 09:24:00,0.013934,231.322,0.5816,50.022
Weekend_Home,2020-01-07 09:27:00,0.024344,229.054,0.6762,49.983
Weekend_Home,2020-01-07 09:30:00,0.024253,228.765,0.6345,49.985
Weekend_Home,2020-01-07 09:33:00,0.019683,229.971,0.6335,49.985
Weekend_Home,2020-01-07 09:36:00,0.022096,231.611,0.6313,49.98
Weekend_Home,2020-01-07 09:39:00,0.017437,231.345,0.5668,49.995
Weekend_Home,2020-01-07 09:42:00,0.020424,231.284,0.5814,49.99
Weekend_Home,2020-01-07 09:45:00,0.0223,229.757,0.6191,49.985
Weekend_Home,2020-01-07 09:48:00,0.013813,230.511,0.4862,49.982
Weekend_Home,2020-01-07 09:51:00,0.028494,229.843,0.8192,50.012
Weekend_Home,2020-01-07 09:54:00,0.024502,230.309,0.6922,50.006
Weekend_Home,2020-01-07 09:57:00,0.021118,229.099,0.6652,49.976
Weekend_Home,2020-01-07 10:00:00,0.018292,230.309,0.5443,50.01
Weekend_Home,2020-01-07 10:03:00,0.025753,230.242,0.7445,49.995
Weekend_Home,2020-01-07 10:06:00,0.023175,230.447,0.6303,49.995
Weekend_Home,2020-01-07 10:09:00,0.013552,230.761,0.4792,50.012
Weekend_Home,2020-01-07 10:12:00,0.021767,230.014,0.6328,49.999
Weekend_Home,2020-01-07 10:15:00,0.015973,229.449,0.5829,49.982
Weekend_Home,2020-01-07 10:18:00,0.029847,228.307,0.7878,49.989
Weekend_Home,2020-01-07 10:21:00,0.020398,230.124,0.6904,49.999
Weekend_Home,2020-01-07 10:24:00,0.017175,230.517,0.5786,49.987
Weekend_Home,2020-01-07 10:27:00,0.017539,231.867,0.621,49.978
Weekend_Home,2020-01-07 10:30:00,0.020179,230.958,0.6054,49.97
Weekend_Home,2020-01-07 10:33:00,0.013969,232.05,0.4682,49.982
Weekend_Home,2020-01-07 10:36:00,0.02199,230.652,0.6198,49.988
Weekend_Home,2020-01-07 10:39:00,0.019637,230.693,0.6063,49.975
Weekend_Home,2020-01-07 10:42:00,0.020841,230.46,0.6568,49.998
Weekend_Home,2020-01-07 10:45:00,0.021783,229.016,0.6354,49.988
Weekend_Home,2020-01-07 10:48:00,0.02632,229.335,0.657,49.995
Weekend_Home,2020-01-07 10:51:00,0.017342,229.357,0.5644,50.009
Weekend_Home,2020-01-07 10:54:00,0.014813,230.731,0.5723,49.987
Weekend_Home,2020-01-07 10:57:00,0.014201,230.972,0.5004,49.983
Weekend_Home,2020-01-07 11:00:00,0.023243,229.182,0.6676,49.969
Weekend_Home,2020-01-07 11:03:00,0.023585,228.53,0.6475,49.991
Weekend_Home,2020-01-07 11:06:00,0.018537,231.418,0.5945,49.977
Weekend_Home,2020-01-07 11:09:00,0.02443,228.844,0.6641,49.983
Weekend_Home,2020-01-07 11:12:00,0.017435,230.109,0.552,49.993
Weekend_Home,2020-01-07 11:15:00,0.017438,230.01,0.5732,49.996
Weekend_Home,2020-01-07 11:18:00,0.017722,229.178,0.5854,49.979
Weekend_Home,2020-01-07 11:21:00,0.018179,228.865,0.5229,49.997
Weekend_Home,2020-01-07 11:24:00,0.019182,230.13,0.5651,49.992
Weekend_Home,2020-01-07 11:27:00,0.026716,229.782,0.7583,49.98
Weekend_Home,2020-01-07 11:30:00,0.014827,230.806,0.5716,50.0
Weekend_Home,2020-01-07 11:33:00,0.024125,230.761,0.7469,50.004
Weekend_Home,2020-01-07 11:36:00,0.01722,231.094,0.5248,49.993
Weekend_Home,2020-01-07 11:39:00,0.021592,229.524,0.6406,49.98
Weekend_Home,2020-01-07 11:42:00,0.018147,231.684,0.5658,50.001
Weekend_Home,2020-01-07 11:45:00,0.016655,232.293,0.5292,49.995
Weekend_Home,2020-01-07 11:48:00,0.021575,230.865,0.6529,49.995
Weekend_Home,2020-01-07 11:51:00,0.020013,230.44,0.5727,49.997
Weekend_Home,2020-01-07 11:54:00,0.018843,231.276,0.6263,50.01
Weekend_Home,2020-01-07 11:57:00,0.02322,230.413,0.6923,50.004
Weekend_Home,2020-01-07 12:00:00,0.027623,230.212,0.8426,49.974
Weekend_Home,2020-01-07 12:03:00,0.020342,230.773,0.6434,49.986
Weekend_Home,2020-01-07 12:06:00,0.026861,228.839,0.7308,49.98
Weekend_Home,2020-01-07 12:09:00,0.02968,228.746,0.8711,50.003
Weekend_Home,2020-01-07 12:12:00,0.015958,231.151,0.4928,50.009
Weekend_Home,2020-01-07 12:15:00,0.03162,230.588,0.8474,49.993
Weekend_Home,2020-01-07 12:18:00,0.025043,229.054,0.7469,49.994
Weekend_Home,2020-01-07 12:21:00,0.025789,229.754,0.7238,49.976
Weekend_Home,2020-01-07 12:24:00,0.019021,231.29,0.5535,49.972
Weekend_Home,2020-01-07 12:27:00,0.017951,231.448,0.5987,49.971
Weekend_Home,2020-01-07 12:30:00,0.022414,230.494,0.6782,50.008
Weekend_Home,2020-01-07 12:33:00,0.027499,229.36,0.6826,49.991
Weekend_Home,2020-01-07 12:36:00,0.025187,231.048,0.6934,49.983
Weekend_Home,2020-01-07 12:39:00,0.026556,230.271,0.7184,49.986
Weekend_Home,2020-01-07 12:42:00,0.011806,230.654,0.4524,49.988
Weekend_Home,2020-01-07 12:45:00,0.017013,230.774,0.5656,50.009
Weekend_Home,2020-01-07 12:48:00,0.017593,229.355,0.5165,50.003
Weekend_Home,2020-01-07 12:51:00,0.029613,229.015,0.7504,49.979
Weekend_Home,2020-01-07 12:54:00,0.018906,231.556,0.5529,49.99
Weekend_Home,2020-01-07 12:57:00,0.018798,228.807,0.5908,50.009
Weekend_Home,2020-01-07 13:00:00,0.031787,228.517,0.8346,50.007
Weekend_Home,2020-01-07 13:03:00,0.018669,230.245,0.5492,49.989
Weekend_Home,2020-01-07 13:06:00,0.01632,231.519,0.5353,49.995
Weekend_Home,2020-01-07 13:09:00,0.0195,229.354,0.6549,49.996
Weekend_Home,2020-01-07 13:12:00,0.020161,230.279,0.6275,49.984
Weekend_Home,2020-01-07 13:15:00,0.022665,230.432,0.6505,49.997
Weekend_Home,2020-01-07 13:18:00,0.021349,229.657,0.6548,49.995
Weekend_Home,2020-01-07 13:21:00,0.020934,231.538,0.6679,49.985
Weekend_Home,2020-01-07 13:24:00,0.016011,230.631,0.5285,50.013
Weekend_Home,2020-01-07 13:27:00,0.019311,230.633,0.5956,49.977
Weekend_Home,2020-01-07 13:30:00,0.023991,229.437,0.661,49.99
Weekend_Home,2020-01-07 13:33:00,0.027477,229.578,0.7174,49.994
Weekend_Home,2020-01-07 13:36:00,0.024789,229.474,0.6319,50.009
Weekend_Home,2020-01-07 13:39:00,0.030556,229.226,0.7941,50.018
Weekend_Home,2020-01-07 13:42:00,0.028229,229.943,0.7342,49.993
Weekend_Home,2020-01-07 13:45:00,0.022821,229.437,0.6672,49.99
Weekend_Home,2020-01-07 13:48:00,0.026896,228.004,0.6811,49.998
Weekend_Home,2020-01-07 13:51:00,0.023054,229.484,0.6406,50.011
Weekend_Home,2020-01-07 13:54:00,0.021449,230.228,0.596,49.994
Weekend_Home,2020-01-07 13:57:00,0.023207,228.95,0.658,49.99
Weekend_Home,2020-01-07 14:00:00,0.026118,230.045,0.6885,50.0
Weekend_Home,2020-01-07 14:03:00,0.034409,228.13,0.8412,49.993
Weekend_Home,2020-01-07 14:06:00,0.023557,230.13,0.6445,49.982
Weekend_Home,2020-01-07 14:09:00,0.023728,229.513,0.6873,49.991
Weekend_Home,2020-01-07 14:12:00,0.021932,230.906,0.6368,49.983
Weekend_Home,2020-01-07 14:15:00,0.027651,230.504,0.7005,50.001
Weekend_Home,2020-01-07 14:18:00,0.025971,230.617,0.722,49.98
Weekend_Home,2020-01-07 14:21:00,0.024658,232.194,0.6709,49.972
Weekend_Home,2020-01-07 14:24:00,0.025764,229.829,0.6888,50.008
Weekend_Home,2020-01-07 14:27:00,0.024988,229.601,0.6308,50.003
Weekend_Home,2020-01-07 14:30:00,0.026497,230.587,0.7043,49.988
Weekend_Home,2020-01-07 14:33:00,0.023795,230.182,0.7363,50.008
Weekend_Home,2020-01-07 14:36:00,0.01719,230.939,0.5602,50.002
Weekend_Home,2020-01-07 14:39:00,0.02439,230.259,0.6946,49.977
Weekend_Home,2020-01-07 14:42:00,0.01308,231.673,0.5045,49.995
Weekend_Home,2020-01-07 14:45:00,0.021518,229.202,0.605,49.98
Weekend_Home,2020-01-07 14:48:00,0.029135,229.744,0.7517,49.984
Weekend_Home,2020-01-07 14:51:00,0.028058,229.44,0.7443,49.982
Weekend_Home,2020-01-07 14:54:00,0.02499,231.335,0.7143,49.981
Weekend_Home,2020-01-07 14:57:00,0.033306,229.224,0.8277,49.966
Weekend_Home,2020-01-07 15:00:00,0.026006,229.974,0.7101,49.983
Weekend_Home,2020-01-07 15:03:00,0.026102,230.497,0.6606,49.985
Weekend_Home,2020-01-07 15:06:00,0.027729,228.216,0.7439,50.001
Weekend_Home,2020-01-07 15:09:00,0.026604,229.589,0.7231,50.003
Weekend_Home,2020-01-07 15:12:00,0.032927,230.038,0.8384,49.989
Weekend_Home,2020-01-07 15:15:00,0.013708,230.762,0.4528,49.998
Weekend_Home,2020-01-07 15:18:00,0.014793,232.107,0.525,50.009
Weekend_Home,2020-01-07 15:21:00,0.011209,232.798,0.4797,49.995
Weekend_Home,2020-01-07 15:24:00,0.018614,230.32,0.5867,50.003
Weekend_Home,2020-01-07 15:27:00,0.020885,230.782,0.6615,49.988
Weekend_Home,2020-01-07 15:30:00,0.015457,230.454,0.5668,50.006
Weekend_Home,2020-01-07 15:33:00,0.019616,229.895,0.6436,50.007
Weekend_Home,2020-01-07 15:36:00,0.025951,231.067,0.6855,49.982
Weekend_Home,2020-01-07 15:39:00,0.022157,229.243,0.681,49.98
Weekend_Home,2020-01-07 15:42:00,0.02916,230.112,0.7522,50.0
Weekend_Home,2020-01-07 15:45:00,0.02022,232.406,0.6172,50.002
Weekend_Home,2020-01-07 15:48:00,0.018781,229.972,0.594,49.976
Weekend_Home,2020-01-07 15:51:00,0.024023,228.557,0.6682,49.982
Weekend_Home,2020-01-07 15:54:00,0.016388,230.943,0.5194,49.988
Weekend_Home,2020-01-07 15:57:00,0.023109,229.355,0.6417,49.99
Weekend_Home,2020-01-07 16:00:00,0.018987,230.726,0.6096,49.993
Weekend_Home,2020-01-07 16:03:00,0.022399,229.475,0.6874,50.007
Weekend_Home,2020-01-07 16:06:00,0.027791,229.622,0.7834,49.983
Weekend_Home,2020-01-07 16:09:00,0.020475,230.155,0.6186,50.016
Weekend_Home,2020-01-07 16:12:00,0.017084,229.993,0.5193,50.021
Weekend_Home,2020-01-07 16:15:00,0.0255,229.522,0.7009,49.982
Weekend_Home,2020-01-07 16:18:00,0.023899,229.218,0.6711,49.984
Weekend_Home,2020-01-07 16:21:00,0.025589,230.139,0.6996,49.988
Weekend_Home,2020-01-07 16:24:00,0.019057,231.723,0.5742,49.977
Weekend_Home,2020-01-07 16:27:00,0.019251,230.386,0.5963,49.989
Weekend_Home,2020-01-07 16:30:00,0.018172,231.053,0.6293,49.988
Weekend_Home,2020-01-07 16:33:00,0.021643,230.729,0.6525,49.997
Weekend_Home,2020-01-07 16:36:00,0.023966,229.732,0.6691,49.977
Weekend_Home,2020-01-07 16:39:00,0.015134,230.316,0.5032,49.982
Weekend_Home,2020-01-07 16:42:00,0.018211,229.547,0.5914,50.019
Weekend_Home,2020-01-07 16:45:00,0.027093,229.045,0.7451,49.968
Weekend_Home,2020-01-07 16:48:00,0.020881,231.291,0.5823,50.023
Weekend_Home,2020-01-07 16:51:00,0.021648,231.38,0.6263,50.017
Weekend_Home,2020-01-07 16:54:00,0.013533,230.978,0.4742,50.008
Weekend_Home,2020-01-07 16:57:00,0.018228,229.499,0.6,50.006
Weekend_Home,2020-01-07 17:00:00,0.024144,231.179,0.7008,49.976
Weekend_Home,2020-01-07 17:03:00,0.015936,229.748,0.5895,49.973
Weekend_Home,2020-01-07 17:06:00,0.026203,229.048,0.7544,49.981
Weekend_Home,2020-01-07 17:09:00,0.019736,229.939,0.5662,49.97
Weekend_Home,2020-01-07 17:12:00,0.014928,231.504,0.5316,49.983
Weekend_Home,2020-01-07 17:15:00,0.020364,230.189,0.578,49.986
Weekend_Home,2020-01-07 17:18:00,0.018438,230.368,0.5686,49.987
Weekend_Home,2020-01-07 17:21:00,0.020876,230.306,0.5316,49.994
Weekend_Home,2020-01-07 17:24:00,0.020168,231.165,0.571,49.99
Weekend_Home,2020-01-07 17:27:00,0.015212,230.854,0.5602,49.994
Weekend_Home,2020-01-07 17:30:00,0.022485,230.061,0.7015,49.98
Weekend_Home,2020-01-07 17:33:00,0.012259,231.615,0.5231,49.993
Weekend_Home,2020-01-07 17:36:00,0.016802,230.727,0.5853,49.997
Weekend_Home,2020-01-07 17:39:00,0.015518,229.647,0.5518,49.997
Weekend_Home,2020-01-07 17:42:00,0.01389,230.504,0.4016,49.96
Weekend_Home,2020-01-07 17:45:00,0.021588,230.756,0.6468,49.988
Weekend_Home,2020-01-07 17:48:00,0.018631,229.368,0.5412,50.007
Weekend_Home,2020-01-07 17:51:00,0.018417,231.498,0.579,49.993
Weekend_Home,2020-01-07 17:54:00,0.017708,231.049,0.5992,49.985
Weekend_Home,2020-01-07 17:57:00,0.021345,229.913,0.6846,49.999
Weekend_Home,2020-01-07 18:00:00,0.015816,229.72,0.5315,49.997
Weekend_Home,2020-01-07 18:03:00,0.021858,231.738,0.6689,49.979
Weekend_Home,2020-01-07 18:06:00,0.010585,230.373,0.4614,49.999
Weekend_Home,2020-01-07 18:09:00,0.018768,230.095,0.5811,50.009
Weekend_Home,2020-01-07 18:12:00,0.023675,230.962,0.718,50.002
Weekend_Home,2020-01-07 18:15:00,0.023394,229.82,0.7063,49.987
Weekend_Home,2020-01-07 18:18:00,0.019376,230.52,0.5395,50.002
Weekend_Home,2020-01-07 18:21:00,0.014967,230.618,0.5158,50.007
Weekend_Home,2020-01-07 18:24:00,0.01592,228.842,0.509,49.975
Weekend_Home,2020-01-07 18:27:00,0.016503,230.279,0.5287,50.002
Weekend_Home,2020-01-07 18:30:00,0.019851,230.663,0.5431,49.981
Weekend_Home,2020-01-07 18:33:00,0.015803,230.95,0.5524,49.984
Weekend_Home,2020-01-07 18:36:00,0.011749,231.617,0.4909,49.988
Weekend_Home,2020-01-07 18:39:00,0.022974,229.135,0.7012,49.981
Weekend_Home,2020-01-07 18:42:00,0.025684,230.526,0.6703,49.977
Weekend_Home,2020-01-07 18:45:00,0.020335,229.503,0.6849,49.984
Weekend_Home,2020-01-07 18:48:00,0.029766,229.139,0.7894,49.974
Weekend_Home,2020-01-07 18:51:00,0.021329,230.487,0.6318,49.975
Weekend_Home,2020-01-07 18:54:00,0.022393,229.518,0.6557,49.996
Weekend_Home,2020-01-07 18:57:00,0.028886,230.009,0.8044,50.014
Weekend_Home,2020-01-07 19:00:00,0.028967,229.053,0.7381,49.986
Weekend_Home,2020-01-07 19:03:00,0.026181,230.824,0.702,49.978
Weekend_Home,2020-01-07 19:06:00,0.013006,232.354,0.4802,49.984
Weekend_Home,2020-01-07 19:09:00,0.026211,229.95,0.6848,49.997
Weekend_Home,2020-01-07 19:12:00,0.018438,230.889,0.632,49.993
Weekend_Home,2020-01-07 19:15:00,0.022007,229.225,0.6343,49.992
Weekend_Home,2020-01-07 19:18:00,0.023,230.698,0.6269,49.998
Weekend_Home,2020-01-07 19:21:00,0.015901,231.001,0.524,50.006
Weekend_Home,2020-01-07 19:24:00,0.020823,230.266,0.6363,50.002
Weekend_Home,2020-01-07 19:27:00,0.026348,229.693,0.7686,49.998
Weekend_Home,2020-01-07 19:30:00,0.026912,230.645,0.6993,50.01
Weekend_Home,2020-01-07 19:33:00,0.015186,229.04,0.5851,50.0
Weekend_Home,2020-01-07 19:36:00,0.014604,230.116,0.5017,49.997
Weekend_Home,2020-01-07 19:39:00,0.023856,229.904,0.6548,50.0
Weekend_Home,2020-01-07 19:42:00,0.018915,230.215,0.5821,49.998
Weekend_Home,2020-01-07 19:45:00,0.016741,231.076,0.5826,49.998
Weekend_Home,2020-01-07 19:48:00,0.027376,229.924,0.7465,49.991
Weekend_Home,2020-01-07 19:51:00,0.018693,229.584,0.606,50.001
Weekend_Home,2020-01-07 19:54:00,0.02336,229.751,0.669,50.008
Weekend_Home,2020-01-07 19:57:00,0.022837,231.108,0.7063,49.988
Weekend_Home,2020-01-07 20:00:00,0.032031,228.646,0.8745,49.985
Weekend_Home,2020-01-07 20:03:00,0.017978,228.803,0.6236,49.986
Weekend_Home,2020-01-07 20:06:00,0.020154,231.18,0.6619,49.998
Weekend_Home,2020-01-07 20:09:00,0.022399,229.589,0.6696,49.987
Weekend_Home,2020-01-07 20:12:00,0.016796,230.749,0.5324,49.994
Weekend_Home,2020-01-07 20:15:00,0.028375,229.538,0.712,49.978
Weekend_Home,2020-01-07 20:18:00,0.015073,230.398,0.4679,49.987
Weekend_Home,2020-01-07 20:21:00,0.024469,231.278,0.6631,49.996
Weekend_Home,2020-01-07 20:24:00,0.025544,229.5,0.6529,49.982
Weekend_Home,2020-01-07 20:27:00,0.024291,229.666,0.7094,49.999
Weekend_Home,2020-01-07 20:30:00,0.029903,229.272,0.8218,49.985
Weekend_Home,2020-01-07 20:33:00,0.01597,231.057,0.601,49.99
Weekend_Home,2020-01-07 20:36:00,0.026883,229.503,0.7511,49.975
Weekend_Home,2020-01-07 20:39:00,0.025638,228.35,0.74,49.98
Weekend_Home,2020-01-07 20:42:00,0.020963,229.271,0.6054,49.989
Weekend_Home,2020-01-07 20:45:00,0.025137,228.966,0.7271,49.995
Weekend_Home,2020-01-07 20:48:00,0.021711,229.701,0.6228,49.996
Weekend_Home,2020-01-07 20:51:00,0.026504,228.863,0.7826,49.98
Weekend_Home,2020-01-07 20:54:00,0.016402,230.0,0.4803,49.992
Weekend_Home,2020-01-07 20:57:00,0.025444,229.982,0.7133,50.002
Weekend_Home,2020-01-07 21:00:00,0.020118,230.591,0.6315,49.997
Weekend_Home,2020-01-07 21:03:00,0.017379,230.355,0.5524,49.998
Weekend_Home,2020-01-07 21:06:00,0.022896,230.003,0.6993,49.99
Weekend_Home,2020-01-07 21:09:00,0.01939,229.312,0.6201,49.999
Weekend_Home,2020-01-07 21:12:00,0.017352,229.99,0.4679,49.988
Weekend_Home,2020-01-07 21:15:00,0.018003,230.441,0.697,49.983
Weekend_Home,2020-01-07 21:18:00,0.017693,229.809,0.6043,49.989
Weekend_Home,2020-01-07 21:21:00,0.014436,231.227,0.4909,50.002
Weekend_Home,2020-01-07 21:24:00,0.008436,231.517,0.3926,49.998
Weekend_Home,2020-01-07 21:27:00,0.013989,232.32,0.4613,49.989
Weekend_Home,2020-01-07 21:30:00,0.032879,229.238,0.8319,49.976
Weekend_Home,2020-01-07 21:33:00,0.019712,230.544,0.5857,50.002
Weekend_Home,2020-01-07 21:36:00,0.019396,229.918,0.5617,49.996
Weekend_Home,2020-01-07 21:39:00,0.01586,231.59,0.588,49.995
Weekend_Home,2020-01-07 21:42:00,0.010666,229.74,0.4162,50.01
Weekend_Home,2020-01-07 21:45:00,0.020918,231.383,0.6269,49.973
Weekend_Home,2020-01-07 21:48:00,0.018038,230.211,0.5305,50.02
Weekend_Home,2020-01-07 21:51:00,0.014477,230.941,0.5302,49.997
Weekend_Home,2020-01-07 21:54:00,0.01363,231.543,0.5032,50.003
Weekend_Home,2020-01-07 21:57:00,0.01447,231.098,0.5608,49.997
Weekend_Home,2020-01-07 22:00:00,0.017727,231.009,0.5859,49.994
Weekend_Home,2020-01-07 22:03:00,0.019724,230.226,0.6604,50.004
Weekend_Home,2020-01-07 22:06:00,0.016637,230.366,0.4995,49.988
Weekend_Home,2020-01-07 22:09:00,0.013904,229.915,0.5208,50.0
Weekend_Home,2020-01-07 22:12:00,0.019604,230.748,0.6245,49.991
Weekend_Home,2020-01-07 22:15:00,0.017503,230.776,0.5023,49.996
Weekend_Home,2020-01-07 22:18:00,0.014592,230.925,0.5437,49.997
Weekend_Home,2020-01-07 22:21:00,0.011693,231.5,0.4192,50.01
Weekend_Home,2020-01-07 22:24:00,0.016669,229.98,0.5415,49.991
Weekend_Home,2020-01-07 22:27:00,0.010588,231.01,0.4414,49.977
Weekend_Home,2020-01-07 22:30:00,0.009139,230.931,0.4606,49.998
Weekend_Home,2020-01-07 22:33:00,0.01681,230.547,0.5095,49.978
Weekend_Home,2020-01-07 22:36:00,0.018976,229.24,0.6156,49.986
Weekend_Home,2020-01-07 22:39:00,0.01995,230.856,0.612,49.987
Weekend_Home,2020-01-07 22:42:00,0.015289,231.484,0.5749,49.975
Weekend_Home,2020-01-07 22:45:00,0.020136,231.134,0.5753,49.997
Weekend_Home,2020-01-07 22:48:00,0.009813,232.01,0.3571,49.999
Weekend_Home,2020-01-07 22:51:00,0.00797,231.052,0.3348,49.991
Weekend_Home,2020-01-07 22:54:00,0.014346,229.948,0.5542,50.006
Weekend_Home,2020-01-07 22:57:00,0.007322,230.103,0.3806,50.003
Weekend_Home,2020-01-07 23:00:00,0.01638,230.815,0.5599,49.982
Weekend_Home,2020-01-07 23:03:00,0.013073,229.586,0.5144,49.998
Weekend_Home,2020-01-07 23:06:00,0.012975,232.385,0.5173,49.984
Weekend_Home,2020-01-07 23:09:00,0.00702,231.259,0.4208,50.01
Weekend_Home,2020-01-07 23:12:00,0.015122,230.564,0.538,50.016
Weekend_Home,2020-01-07 23:15:00,0.011883,232.577,0.4351,49.987
Weekend_Home,2020-01-07 23:18:00,0.010968,230.728,0.4204,49.985
Weekend_Home,2020-01-07 23:21:00,0.008631,231.937,0.4472,50.003
Weekend_Home,2020-01-07 23:24:00,0.012694,230.394,0.468,50.014
Weekend_Home,2020-01-07 23:27:00,0.014775,232.167,0.4781,50.0
Weekend_Home,2020-01-07 23:30:00,0.011574,230.217,0.4362,50.004
Weekend_Home,2020-01-07 23:33:00,0.012913,230.949,0.48,49.986
Weekend_Home,2020-01-07 23:36:00,0.007051,231.363,0.3573,50.004
Weekend_Home,2020-01-07 23:39:00,0.010282,231.76,0.4519,50.015
Weekend_Home,2020-01-07 23:42:00,0.009313,231.567,0.3706,49.971
Weekend_Home,2020-01-07 23:45:00,0.019921,230.635,0.6393,49.99
Weekend_Home,2020-01-07 23:48:00,0.013707,231.373,0.4919,49.996
Weekend_Home,2020-01-07 23:51:00,0.013128,232.247,0.4073,49.981
Weekend_Home,2020-01-07 23:54:00,0.014037,231.066,0.5,49.998
Weekend_Home,2020-01-07 23:57:00,0.008795,230.158,0.4201,50.002
Weekend_Home,2020-01-08 00:00:00,0.013382,231.286,0.456,50.006
Weekend_Home,2020-01-08 00:03:00,0.012127,231.438,0.4511,50.012
Weekend_Home,2020-01-08 00:06:00,0.010602,230.436,0.427,50.008
Weekend_Home,2020-01-08 00:09:00,0.013122,230.992,0.468,49.994
Weekend_Home,2020-01-08 00:12:00,0.007965,230.098,0.3502,49.992
Weekend_Home,2020-01-08 00:15:00,0.012643,231.817,0.5549,49.984
Weekend_Home,2020-01-08 00:18:00,0.009793,232.488,0.4209,50.022
Weekend_Home,2020-01-08 00:21:00,0.009225,230.764,0.4185,50.008
Weekend_Home,2020-01-08 00:24:00,0.009914,230.13,0.4078,50.013
Weekend_Home,2020-01-08 00:27:00,0.007891,232.281,0.4239,50.001
Weekend_Home,2020-01-08 00:30:00,0.010306,231.023,0.4498,49.995
Weekend_Home,2020-01-08 00:33:00,0.013264,232.046,0.4361,50.006
Weekend_Home,2020-01-08 00:36:00,0.007354,230.762,0.4234,50.021
Weekend_Home,2020-01-08 00:39:00,0.010959,230.631,0.4576,49.993
Weekend_Home,2020-01-08 00:42:00,0.010794,231.55,0.4553,50.011
Weekend_Home,2020-01-08 00:45:00,0.009925,231.59,0.4192,49.994
Weekend_Home,2020-01-08 00:48:00,0.006397,232.394,0.3269,49.994
Weekend_Home,2020-01-08 00:51:00,0.009662,230.983,0.4456,50.006
Weekend_Home,2020-01-08 00:54:00,0.01308,230.31,0.4174,49.981
Weekend_Home,2020-01-08 00:57:00,0.014339,230.822,0.5343,49.987
Weekend_Home,2020-01-08 01:00:00,0.006461,231.676,0.3657,49.98
Weekend_Home,2020-01-08 01:03:00,0.014317,230.478,0.4812,49.987
Weekend_Home,2020-01-08 01:06:00,0.007061,231.481,0.3626,50.004
Weekend_Home,2020-01-08 01:09:00,0.013858,230.994,0.4844,49.979
Weekend_Home,2020-01-08 01:12:00,0.01039,231.723,0.4195,49.976
Weekend_Home,2020-01-08 01:15:00,0.013374,230.34,0.5033,50.007
Weekend_Home,2020-01-08 01:18:00,0.015158,231.751,0.4827,49.986
Weekend_Home,2020-01-08 01:21:00,0.008551,230.377,0.336,50.014
Weekend_Home,2020-01-08 01:24:00,0.010146,230.044,0.4445,50.005
Weekend_Home,2020-01-08 01:27:00,0.008884,231.878,0.461,50.02
Weekend_Home,2020-01-08 01:30:00,0.012369,231.548,0.417,49.993
Weekend_Home,2020-01-08 01:33:00,0.009751,230.691,0.4581,50.006
Weekend_Home,2020-01-08 01:36:00,0.010988,230.114,0.4349,50.024
Weekend_Home,2020-01-08 01:39:00,0.013754,231.551,0.508,50.005
Weekend_Home,2020-01-08 01:42:00,0.011406,229.875,0.4338,50.003
Weekend_Home,2020-01-08 01:45:00,0.010688,231.127,0.4676,49.993
Weekend_Home,2020-01-08 01:48:00,0.011093,231.535,0.3798,49.964
Weekend_Home,2020-01-08 01:51:00,0.012535,232.385,0.4991,49.996
Weekend_Home,2020-01-08 01:54:00,0.012194,231.005,0.4464,50.003
Weekend_Home,2020-01-08 01:57:00,0.009706,231.318,0.4083,49.988
Weekend_Home,2020-01-08 02:00:00,0.01003,231.266,0.4411,50.019
Weekend_Home,2020-01-08 02:03:00,0.006217,231.662,0.3233,49.986
Weekend_Home,2020-01-08 02:06:00,0.008924,232.108,0.41,49.995
Weekend_Home,2020-01-08 02:09:00,0.011726,232.678,0.4445,50.011
Weekend_Home,2020-01-08 02:12:00,0.007706,232.312,0.3733,50.009
Weekend_Home,2020-01-08 02:15:00,0.00741,231.071,0.3294,50.007
Weekend_Home,2020-01-08 02:18:00,0.013371,231.776,0.5036,49.995
Weekend_Home,2020-01-08 02:21:00,0.01262,232.011,0.4357,50.003
Weekend_Home,2020-01-08 02:24:00,0.017465,230.211,0.539,49.989
Weekend_Home,2020-01-08 02:27:00,0.011204,231.992,0.4813,49.992
Weekend_Home,2020-01-08 02:30:00,0.012152,231.918,0.4608,50.004
Weekend_Home,2020-01-08 02:33:00,0.01127,229.628,0.4715,50.004
Weekend_Home,2020-01-08 02:36:00,0.010808,232.61,0.4573,49.985
Weekend_Home,2020-01-08 02:39:00,0.008595,229.794,0.4213,50.003
Weekend_Home,2020-01-08 02:42:00,0.016204,229.892,0.5121,49.998
Weekend_Home,2020-01-08 02:45:00,0.008432,231.383,0.3918,49.997
Weekend_Home,2020-01-08 02:48:00,0.011187,230.378,0.4985,49.976
Weekend_Home,2020-01-08 02:51:00,0.011667,230.782,0.4115,50.001
Weekend_Home,2020-01-08 02:54:00,0.012841,230.192,0.435,49.993
Weekend_Home,2020-01-08 02:57:00,0.009735,231.751,0.4066,50.004
Weekend_Home,2020-01-08 03:00:00,0.012518,231.829,0.437,49.995
Weekend_Home,2020-01-08 03:03:00,0.00578,232.15,0.3468,50.016
Weekend_Home,2020-01-08 03:06:00,0.010883,231.667,0.36,49.986
Weekend_Home,2020-01-08 03:09:00,0.009723,230.727,0.4336,49.994
Weekend_Home,2020-01-08 03:12:00,0.011482,232.595,0.4522,49.988
Weekend_Home,2020-01-08 03:15:00,0.011239,232.509,0.393,50.011
Weekend_Home,2020-01-08 03:18:00,0.008231,231.302,0.3442,49.986
Weekend_Home,2020-01-08 03:21:00,0.013247,231.956,0.5335,49.997
Weekend_Home,2020-01-08 03:24:00,0.01306,230.606,0.4683,50.0
Weekend_Home,2020-01-08 03:27:00,0.01018,231.073,0.4166,50.004
Weekend_Home,2020-01-08 03:30:00,0.010827,231.709,0.4292,50.005
Weekend_Home,2020-01-08 03:33:00,0.013353,230.906,0.4216,49.988
Weekend_Home,2020-01-08 03:36:00,0.011581,230.292,0.4523,49.986
Weekend_Home,2020-01-08 03:39:00,0.010226,231.55,0.418,49.992
Weekend_Home,2020-01-08 03:42:00,0.012519,229.189,0.4979,49.998
Weekend_Home,2020-01-08 03:45:00,0.010164,230.719,0.4209,50.008
Weekend_Home,2020-01-08 03:48:00,0.00863,230.862,0.3998,49.991
Weekend_Home,2020-01-08 03:51:00,0.01158,232.401,0.4218,50.005
Weekend_Home,2020-01-08 03:54:00,0.012979,230.315,0.5654,49.984
Weekend_Home,2020-01-08 03:57:00,0.013228,229.733,0.5052,50.003
Weekend_Home,2020-01-08 04:00:00,0.010743,231.752,0.4203,49.991
Weekend_Home,2020-01-08 04:03:00,0.006665,230.584,0.3889,50.0
Weekend_Home,2020-01-08 04:06:00,0.013306,230.569,0.5005,49.996
Weekend_Home,2020-01-08 04:09:00,0.016815,230.958,0.5497,49.993
Weekend_Home,2020-01-08 04:12:00,0.010298,231.407,0.4108,49.985
Weekend_Home,2020-01-08 04:15:00,0.015438,230.891,0.5327,49.982
Weekend_Home,2020-01-08 04:18:00,0.013067,230.329,0.5059,50.016
Weekend_Home,2020-01-08 04:21:00,0.015601,230.277,0.4903,49.992
Weekend_Home,2020-01-08 04:24:00,0.013499,230.108,0.4833,49.992
Weekend_Home,2020-01-08 04:27:00,0.011716,230.772,0.5086,49.996
Weekend_Home,2020-01-08 04:30:00,0.009915,231.519,0.4371,49.999
Weekend_Home,2020-01-08 04:33:00,0.01427,231.139,0.4892,50.004
Weekend_Home,2020-01-08 04:36:00,0.016075,231.534,0.5228,49.988
Weekend_Home,2020-01-08 04:39:00,0.014715,230.093,0.5758,50.003
Weekend_Home,2020-01-08 04:42:00,0.009666,231.319,0.4936,49.991
Weekend_Home,2020-01-08 04:45:00,0.013939,231.942,0.4111,49.991
Weekend_Home,2020-01-08 04:48:00,0.011781,232.574,0.4208,49.989
Weekend_Home,2020-01-08 04:51:00,0.018156,229.956,0.6237,49.965
Weekend_Home,2020-01-08 04:54:00,0.016101,230.706,0.5905,49.979
Weekend_Home,2020-01-08 04:57:00,0.019949,231.001,0.5354,49.991
Weekend_Home,2020-01-08 05:00:00,0.016561,231.143,0.5625,50.0
Weekend_Home,2020-01-08 05:03:00,0.010384,232.506,0.4423,49.997
Weekend_Home,2020-01-08 05:06:00,0.010166,232.18,0.4539,49.979
Weekend_Home,2020-01-08 05:09:00,0.01213,231.574,0.4855,50.005
Weekend_Home,2020-01-08 05:12:00,0.009611,231.681,0.3955,49.992
Weekend_Home,2020-01-08 05:15:00,0.016873,229.057,0.5117,50.005
Weekend_Home,2020-01-08 05:18:00,0.014252,231.006,0.4904,50.001
Weekend_Home,2020-01-08 05:21:00,0.019521,229.766,0.6245,50.009
Weekend_Home,2020-01-08 05:24:00,0.015956,230.987,0.5749,50.001
Weekend_Home,2020-01-08 05:27:00,0.018726,230.544,0.5758,50.024
Weekend_Home,2020-01-08 05:30:00,0.019134,228.951,0.5688,49.986
Weekend_Home,2020-01-08 05:33:00,0.017547,230.611,0.5226,49.983
Weekend_Home,2020-01-08 05:36:00,0.016789,230.048,0.6055,49.997
Weekend_Home,2020-01-08 05:39:00,0.019515,232.182,0.6309,49.991
Weekend_Home,2020-01-08 05:42:00,0.019833,230.497,0.5816,49.993
Weekend_Home,2020-01-08 05:45:00,0.013274,230.381,0.476,49.998
Weekend_Home,2020-01-08 05:48:00,0.013441,230.692,0.4932,49.992
Weekend_Home,2020-01-08 05:51:00,0.010322,231.547,0.3926,50.019
Weekend_Home,2020-01-08 05:54:00,0.017525,230.935,0.4977,49.985
Weekend_Home,2020-01-08 05:57:00,0.024665,228.909,0.7142,50.004
Weekend_Home,2020-01-08 06:00:00,0.026133,230.789,0.6817,49.992
Weekend_Home,2020-01-08 06:03:00,0.023004,229.541,0.7256,49.989
Weekend_Home,2020-01-08 06:06:00,0.018828,231.574,0.5777,49.984
Weekend_Home,2020-01-08 06:09:00,0.010228,231.64,0.433,50.028
Weekend_Home,2020-01-08 06:12:00,0.01313,230.526,0.5162,50.003
Weekend_Home,2020-01-08 06:15:00,0.021887,229.524,0.6588,50.022
Weekend_Home,2020-01-08 06:18:00,0.016095,230.878,0.5128,49.987
Weekend_Home,2020-01-08 06:21:00,0.02856,230.843,0.7861,50.013
Weekend_Home,2020-01-08 06:24:00,0.01421,231.777,0.4802,49.991
Weekend_Home,2020-01-08 06:27:00,0.019342,230.333,0.6539,49.961
Weekend_Home,2020-01-08 06:30:00,0.020559,229.602,0.6567,49.971
Weekend_Home,2020-01-08 06:33:00,0.02116,229.803,0.6549,49.984
Weekend_Home,2020-01-08 06:36:00,0.015684,231.464,0.5676,49.983
Weekend_Home,2020-01-08 06:39:00,0.01798,229.756,0.5319,49.997
Weekend_Home,2020-01-08 06:42:00,0.0203,230.017,0.6529,49.994
Weekend_Home,2020-01-08 06:45:00,0.020948,230.542,0.6499,50.0
Weekend_Home,2020-01-08 06:48:00,0.01869,230.217,0.5831,49.995
Weekend_Home,2020-01-08 06:51:00,0.023736,230.246,0.7415,49.988
Weekend_Home,2020-01-08 06:54:00,0.023402,230.575,0.6514,49.994
Weekend_Home,2020-01-08 06:57:00,0.017086,231.101,0.5557,49.991
Weekend_Home,2020-01-08 07:00:00,0.009281,230.33,0.4565,49.988
Weekend_Home,2020-01-08 07:03:00,0.025588,230.031,0.7209,49.997
Weekend_Home,2020-01-08 07:06:00,0.023975,230.185,0.6637,49.982
Weekend_Home,2020-01-08 07:09:00,0.022366,229.82,0.6425,49.997
Weekend_Home,2020-01-08 07:12:00,0.014785,231.294,0.5634,49.998
Weekend_Home,2020-01-08 07:15:00,0.018441,229.845,0.5422,50.009
Weekend_Home,2020-01-08 07:18:00,0.026302,230.723,0.7527,49.948
Weekend_Home,2020-01-08 07:21:00,0.019416,230.738,0.5819,49.987
Weekend_Home,2020-01-08 07:24:00,0.025318,228.992,0.6938,49.992
Weekend_Home,2020-01-08 07:27:00,0.028902,231.101,0.7614,49.979
Weekend_Home,2020-01-08 07:30:00,0.020475,231.209,0.6227,49.968
Weekend_Home,2020-01-08 07:33:00,0.022563,229.933,0.5981,49.986
Weekend_Home,2020-01-08 07:36:00,0.015241,231.395,0.5415,50.004
Weekend_Home,2020-01-08 07:39:00,0.02367,230.467,0.6581,50.0
Weekend_Home,2020-01-08 07:42:00,0.023024,229.484,0.707,50.009
Weekend_Home,2020-01-08 07:45:00,0.018934,230.561,0.6,50.007
Weekend_Home,2020-01-08 07:48:00,0.027552,230.246,0.6909,49.996
Weekend_Home,2020-01-08 07:51:00,0.029419,228.443,0.7934,49.97
Weekend_Home,2020-01-08 07:54:00,0.02588,229.827,0.6952,49.986
Weekend_Home,2020-01-08 07:57:00,0.023754,230.391,0.6325,49.98
Weekend_Home,2020-01-08 08:00:00,0.022703,230.87,0.6527,49.994
Weekend_Home,2020-01-08 08:03:00,0.021507,228.842,0.6761,49.99
Weekend_Home,2020-01-08 08:06:00,0.026357,230.141,0.7045,50.006
Weekend_Home,2020-01-08 08:09:00,0.020971,230.396,0.676,49.993
Weekend_Home,2020-01-08 08:12:00,0.031777,230.301,0.8148,49.98
Weekend_Home,2020-01-08 08:15:00,0.027983,229.787,0.7858,49.975
Weekend_Home,2020-01-08 08:18:00,0.015861,230.151,0.5222,49.989
Weekend_Home,2020-01-08 08:21:00,0.023023,230.115,0.7079,50.018
Weekend_Home,2020-01-08 08:24:00,0.021528,229.937,0.6906,50.012
Weekend_Home,2020-01-08 08:27:00,0.037154,228.551,0.8687,49.989
Weekend_Home,2020-01-08 08:30:00,0.016973,231.742,0.5956,49.991
Weekend_Home,2020-01-08 08:33:00,0.034354,229.169,0.8758,49.99
Weekend_Home,2020-01-08 08:36:00,0.026366,231.768,0.7282,49.998
Weekend_Home,2020-01-08 08:39:00,0.031509,229.261,0.8488,49.985
Weekend_Home,2020-01-08 08:42:00,0.020134,230.03,0.554,49.984
Weekend_Home,2020-01-08 08:45:00,0.016526,232.667,0.5408,49.979
Weekend_Home,2020-01-08 08:48:00,0.027619,231.101,0.7882,50.005
Weekend_Home,2020-01-08 08:51:00,0.026662,229.608,0.7451,50.004
Weekend_Home,2020-01-08 08:54:00,0.016774,230.796,0.5366,49.992
Weekend_Home,2020-01-08 08:57:00,0.022284,230.111,0.685,49.971
Weekend_Home,2020-01-08 09:00:00,0.029588,228.931,0.782,49.985
Weekend_Home,2020-01-08 09:03:00,0.019787,231.124,0.6788,49.995
Weekend_Home,2020-01-08 09:06:00,0.016411,230.789,0.608,49.998
Weekend_Home,2020-01-08 09:09:00,0.021402,230.219,0.5917,49.999
Weekend_Home,2020-01-08 09:12:00,0.025851,229.767,0.7394,49.993
Weekend_Home,2020-01-08 09:15:00,0.024168,230.232,0.6931,49.981
Weekend_Home,2020-01-08 09:18:00,0.025676,230.212,0.7256,49.987
Weekend_Home,2020-01-08 09:21:00,0.025014,229.762,0.7291,49.993
Weekend_Home,2020-01-08 09:24:00,0.031482,229.986,0.8291,49.99
Weekend_Home,2020-01-08 09:27:00,0.023566,230.504,0.741,50.0
Weekend_Home,2020-01-08 09:30:00,0.021718,230.768,0.6492,49.987
Weekend_Home,2020-01-08 09:33:00,0.019673,231.183,0.5855,49.996
Weekend_Home,2020-01-08 09:36:00,0.018174,229.614,0.5886,49.986
Weekend_Home,2020-01-08 09:39:00,0.021815,230.69,0.6014,49.989
Weekend_Home,2020-01-08 09:42:00,0.020091,230.372,0.6336,49.983
Weekend_Home,2020-01-08 09:45:00,0.018498,229.143,0.5098,49.993
Weekend_Home,2020-01-08 09:48:00,0.023211,230.695,0.69,49.97
Weekend_Home,2020-01-08 09:51:00,0.024302,230.411,0.6639,49.983
Weekend_Home,2020-01-08 09:54:00,0.022017,229.317,0.6455,50.013
Weekend_Home,2020-01-08 09:57:00,0.018188,230.134,0.5613,49.997
Weekend_Home,2020-01-08 10:00:00,0.017953,231.425,0.5665,50.009
Weekend_Home,2020-01-08 10:03:00,0.020713,231.592,0.64,49.983
Weekend_Home,2020-01-08 10:06:00,0.016985,229.788,0.5856,50.001
Weekend_Home,2020-01-08 10:09:00,0.017064,231.029,0.5928,49.987
Weekend_Home,2020-01-08 10:12:00,0.019614,228.942,0.6081,49.996
Weekend_Home,2020-01-08 10:15:00,0.020309,231.078,0.5862,49.962
Weekend_Home,2020-01-08 10:18:00,0.021255,229.764,0.6557,49.984
Weekend_Home,2020-01-08 10:21:00,0.015252,231.723,0.5892,50.004
Weekend_Home,2020-01-08 10:24:00,0.018031,232.109,0.5895,49.996
Weekend_Home,2020-01-08 10:27:00,0.019461,230.589,0.5963,49.999
Weekend_Home,2020-01-08 10:30:00,0.018342,230.388,0.5626,49.993
Weekend_Home,2020-01-08 10:33:00,0.009924,230.115,0.3915,49.996
Weekend_Home,2020-01-08 10:36:00,0.013443,230.131,0.5414,50.009
Weekend_Home,2020-01-08 10:39:00,0.018895,231.872,0.5991,49.992
Weekend_Home,2020-01-08 10:42:00,0.018551,230.931,0.5767,49.982
Weekend_Home,2020-01-08 10:45:00,0.013434,230.613,0.5206,49.975
Weekend_Home,2020-01-08 10:48:00,0.019076,230.225,0.5953,49.997
Weekend_Home,2020-01-08 10:51:00,0.017558,232.693,0.5473,50.018
Weekend_Home,2020-01-08 10:54:00,0.023842,229.629,0.7282,49.974
Weekend_Home,2020-01-08 10:57:00,0.016905,230.889,0.563,50.002
Weekend_Home,2020-01-08 11:00:00,0.028757,230.361,0.7408,49.98
Weekend_Home,2020-01-08 11:03:00,0.022447,230.207,0.6422,49.994
Weekend_Home,2020-01-08 11:06:00,0.021893,230.602,0.6285,49.984
Weekend_Home,2020-01-08 11:09:00,0.026988,229.342,0.747,50.007
Weekend_Home,2020-01-08 11:12:00,0.020894,231.339,0.6325,50.002
Weekend_Home,2020-01-08 11:15:00,0.023941,228.825,0.6466,50.003
Weekend_Home,2020-01-08 11:18:00,0.020857,230.846,0.6029,50.005
Weekend_Home,2020-01-08 11:21:00,0.013871,230.383,0.4966,50.005
Weekend_Home,2020-01-08 11:24:00,0.011641,231.392,0.4156,50.015
Weekend_Home,2020-01-08 11:27:00,0.028675,228.85,0.7438,50.009
Weekend_Home,2020-01-08 11:30:00,0.025127,229.755,0.6588,50.004
Weekend_Home,2020-01-08 11:33:00,0.021701,229.217,0.611,49.984
Weekend_Home,2020-01-08 11:36:00,0.017436,228.658,0.5416,50.014
Weekend_Home,2020-01-08 11:39:00,0.025005,228.348,0.6763,49.979
Weekend_Home,2020-01-08 11:42:00,0.016499,230.136,0.5331,50.014
Weekend_Home,2020-01-08 11:45:00,0.016566,232.518,0.4445,49.996
Weekend_Home,2020-01-08 11:48:00,0.020641,230.614,0.6386,49.989
Weekend_Home,2020-01-08 11:51:00,0.011522,232.289,0.5206,50.008
Weekend_Home,2020-01-08 11:54:00,0.019403,230.349,0.5627,49.978
Weekend_Home,2020-01-08 11:57:00,0.01514,231.43,0.5165,49.988
Weekend_Home,2020-01-08 12:00:00,0.023641,231.324,0.6396,49.997
Weekend_Home,2020-01-08 12:03:00,0.019362,230.674,0.5805,50.003
Weekend_Home,2020-01-08 12:06:00,0.019275,230.364,0.5524,50.009
Weekend_Home,2020-01-08 12:09:00,0.024967,230.335,0.6876,49.996
Weekend_Home,2020-01-08 12:12:00,0.034355,229.851,0.8342,49.961
Weekend_Home,2020-01-08 12:15:00,0.022823,229.019,0.6155,49.991
Weekend_Home,2020-01-08 12:18:00,0.019458,230.739,0.583,49.973
Weekend_Home,2020-01-08 12:21:00,0.017168,229.864,0.5969,50.002
Weekend_Home,2020-01-08 12:24:00,0.027564,230.217,0.7365,49.987
Weekend_Home,2020-01-08 12:27:00,0.017688,230.13,0.604,50.002
Weekend_Home,2020-01-08 12:30:00,0.026364,229.497,0.7741,49.976
Weekend_Home,2020-01-08 12:33:00,0.027758,229.437,0.7177,49.991
Weekend_Home,2020-01-08 12:36:00,0.029277,230.436,0.7535,49.971
Weekend_Home,2020-01-08 12:39:00,0.020749,231.788,0.6799,50.002
Weekend_Home,2020-01-08 12:42:00,0.02263,230.456,0.7008,50.0
Weekend_Home,2020-01-08 12:45:00,0.015634,230.079,0.5515,49.981
Weekend_Home,2020-01-08 12:48:00,0.018942,229.758,0.6022,49.975
Weekend_Home,2020-01-08 12:51:00,0.027243,229.923,0.7497,49.991
Weekend_Home,2020-01-08 12:54:00,0.021412,230.32,0.6673,49.988
Weekend_Home,2020-01-08 12:57:00,0.02941,230.579,0.821,49.985
Weekend_Home,2020-01-08 13:00:00,0.022816,230.143,0.6964,49.963
Weekend_Home,2020-01-08 13:03:00,0.022572,232.14,0.6866,49.984
Weekend_Home,2020-01-08 13:06:00,0.027545,229.284,0.6965,49.994
Weekend_Home,2020-01-08 13:09:00,0.026492,230.417,0.795,49.99
Weekend_Home,2020-01-08 13:12:00,0.022403,230.342,0.5932,49.996
Weekend_Home,2020-01-08 13:15:00,0.02522,228.731,0.7382,49.975
Weekend_Home,2020-01-08 13:18:00,0.024693,230.405,0.6912,49.992
Weekend_Home,2020-01-08 13:21:00,0.024709,228.745,0.7339,50.01
Weekend_Home,2020-01-08 13:24:00,0.030218,229.703,0.7972,49.974
Weekend_Home,2020-01-08 13:27:00,0.031954,228.209,0.7931,49.98
Weekend_Home,2020-01-08 13:30:00,0.0117,231.635,0.4968,49.997
Weekend_Home,2020-01-08 13:33:00,0.020446,230.087,0.5945,49.969
Weekend_Home,2020-01-08 13:36:00,0.020987,228.449,0.6269,49.997
Weekend_Home,2020-01-08 13:39:00,0.010349,231.346,0.3729,49.992
Weekend_Home,2020-01-08 13:42:00,0.0313,229.724,0.8905,49.97
Weekend_Home,2020-01-08 13:45:00,0.024998,229.156,0.7003,49.986
Weekend_Home,2020-01-08 13:48:00,0.02353,230.313,0.6838,49.991
Weekend_Home,2020-01-08 13:51:00,0.024634,229.416,0.7264,49.963
Weekend_Home,2020-01-08 13:54:00,0.024212,230.023,0.6708,49.979
Weekend_Home,2020-01-08 13:57:00,0.01775,229.917,0.5786,49.987
Weekend_Home,2020-01-08 14:00:00,0.026775,229.13,0.6879,49.992
Weekend_Home,2020-01-08 14:03:00,0.02123,229.23,0.6821,50.008
Weekend_Home,2020-01-08 14:06:00,0.021374,230.128,0.6181,49.993
Weekend_Home,2020-01-08 14:09:00,0.024255,228.932,0.614,50.007
Weekend_Home,2020-01-08 14:12:00,0.021804,231.619,0.6382,49.967
Weekend_Home,2020-01-08 14:15:00,0.031213,228.299,0.8335,49.986
Weekend_Home,2020-01-08 14:18:00,0.033881,228.387,0.8312,49.98
Weekend_Home,2020-01-08 14:21:00,0.019129,230.636,0.6469,49.991
Weekend_Home,2020-01-08 14:24:00,0.025134,229.779,0.6492,50.005
Weekend_Home,2020-01-08 14:27:00,0.026469,229.861,0.6905,50.016
Weekend_Home,2020-01-08 14:30:00,0.024053,229.849,0.5941,49.977
Weekend_Home,2020-01-08 14:33:00,0.027012,230.404,0.7232,49.988
Weekend_Home,2020-01-08 14:36:00,0.025691,228.728,0.7208,49.997
Weekend_Home,2020-01-08 14:39:00,0.039812,229.364,0.9446,49.976
Weekend_Home,2020-01-08 14:42:00,0.022632,229.688,0.6185,49.987
Weekend_Home,2020-01-08 14:45:00,0.0316,229.488,0.8045,50.002
Weekend_Home,2020-01-08 14:48:00,0.027396,229.468,0.7279,50.01
Weekend_Home,2020-01-08 14:51:00,0.026313,229.07,0.7678,49.983
Weekend_Home,2020-01-08 14:54:00,0.020469,229.746,0.6041,49.989
Weekend_Home,2020-01-08 14:57:00,0.028429,230.441,0.8145,50.003
Weekend_Home,2020-01-08 15:00:00,0.027883,230.238,0.6933,49.98
Weekend_Home,2020-01-08 15:03:00,0.037427,229.422,0.9535,49.985
Weekend_Home,2020-01-08 15:06:00,0.027631,230.41,0.7308,50.019
Weekend_Home,2020-01-08 15:09:00,0.027625,229.457,0.7404,50.0
Weekend_Home,2020-01-08 15:12:00,0.02707,229.641,0.7577,50.015
Weekend_Home,2020-01-08 15:15:00,0.025125,229.208,0.6976,49.994
Weekend_Home,2020-01-08 15:18:00,0.020333,230.901,0.627,49.987
Weekend_Home,2020-01-08 15:21:00,0.022621,230.534,0.7076,50.009
Weekend_Home,2020-01-08 15:24:00,0.022033,231.233,0.6061,49.988
Weekend_Home,2020-01-08 15:27:00,0.021864,229.039,0.6706,50.003
Weekend_Home,2020-01-08 15:30:00,0.016058,231.664,0.5704,49.997
Weekend_Home,2020-01-08 15:33:00,0.031695,230.977,0.8632,49.979
Weekend_Home,2020-01-08 15:36:00,0.025024,228.434,0.748,49.981
Weekend_Home,2020-01-08 15:39:00,0.024451,229.888,0.7082,49.982
Weekend_Home,2020-01-08 15:42:00,0.019251,229.574,0.5822,50.016
Weekend_Home,2020-01-08 15:45:00,0.02405,230.23,0.6627,50.0
Weekend_Home,2020-01-08 15:48:00,0.018255,230.601,0.6175,50.015
Weekend_Home,2020-01-08 15:51:00,0.021024,231.153,0.5528,49.977
Weekend_Home,2020-01-08 15:54:00,0.020429,230.144,0.5508,50.004
Weekend_Home,2020-01-08 15:57:00,0.019052,229.965,0.5701,49.98
Weekend_Home,2020-01-08 16:00:00,0.018556,230.246,0.5506,50.004
Weekend_Home,2020-01-08 16:03:00,0.017811,230.109,0.562,49.996
Weekend_Home,2020-01-08 16:06:00,0.023195,229.949,0.6828,49.992
Weekend_Home,2020-01-08 16:09:00,0.016159,230.782,0.5331,50.002
Weekend_Home,2020-01-08 16:12:00,0.023771,230.641,0.6542,49.985
Weekend_Home,2020-01-08 16:15:00,0.015889,231.167,0.5377,49.998
Weekend_Home,2020-01-08 16:18:00,0.011143,229.727,0.4264,50.0
Weekend_Home,2020-01-08 16:21:00,0.016566,229.847,0.5431,49.978
Weekend_Home,2020-01-08 16:24:00,0.022894,230.1,0.6916,49.98
Weekend_Home,2020-01-08 16:27:00,0.020666,231.2,0.673,49.981
Weekend_Home,2020-01-08 16:30:00,0.023045,230.002,0.6495,49.988
Weekend_Home,2020-01-08 16:33:00,0.018193,231.911,0.619,49.993
Weekend_Home,2020-01-08 16:36:00,0.014423,231.895,0.4469,49.996
Weekend_Home,2020-01-08 16:39:00,0.00994,230.8,0.4043,50.007
Weekend_Home,2020-01-08 16:42:00,0.019305,230.272,0.6538,49.987
Weekend_Home,2020-01-08 16:45:00,0.011814,229.94,0.5114,49.975
Weekend_Home,2020-01-08 16:48:00,0.017562,231.152,0.5734,50.001
Weekend_Home,2020-01-08 16:51:00,0.023206,230.68,0.6778,49.999
Weekend_Home,2020-01-08 16:54:00,0.018106,229.836,0.5772,49.983
Weekend_Home,2020-01-08 16:57:00,0.022965,229.678,0.6286,50.0
Weekend_Home,2020-01-08 17:00:00,0.024493,230.207,0.6267,49.981
Weekend_Home,2020-01-08 17:03:00,0.021855,229.997,0.6967,49.986
Weekend_Home,2020-01-08 17:06:00,0.02338,230.021,0.6808,49.986
Weekend_Home,2020-01-08 17:09:00,0.020497,229.959,0.6646,50.015
Weekend_Home,2020-01-08 17:12:00,0.016713,231.196,0.5142,49.993
Weekend_Home,2020-01-08 17:15:00,0.022234,229.045,0.6376,49.996
Weekend_Home,2020-01-08 17:18:00,0.018774,230.981,0.5895,49.982
Weekend_Home,2020-01-08 17:21:00,0.017524,231.17,0.5354,49.991
Weekend_Home,2020-01-08 17:24:00,0.025496,230.2,0.7036,50.007
Weekend_Home,2020-01-08 17:27:00,0.022957,228.817,0.6505,50.005
Weekend_Home,2020-01-08 17:30:00,0.016644,230.123,0.5168,49.993
Weekend_Home,2020-01-08 17:33:00,0.018016,229.205,0.5171,50.002
Weekend_Home,2020-01-08 17:36:00,0.01911,230.775,0.6278,49.992
Weekend_Home,2020-01-08 17:39:00,0.021438,228.817,0.6231,50.013
Weekend_Home,2020-01-08 17:42:00,0.016625,232.305,0.552,50.002
Weekend_Home,2020-01-08 17:45:00,0.017886,231.201,0.5271,50.013
Weekend_Home,2020-01-08 17:48:00,0.018669,231.378,0.5913,49.994
Weekend_Home,2020-01-08 17:51:00,0.016472,231.714,0.5808,50.003
Weekend_Home,2020-01-08 17:54:00,0.008536,231.018,0.435,50.017
Weekend_Home,2020-01-08 17:57:00,0.011805,230.818,0.4565,49.994
Weekend_Home,2020-01-08 18:00:00,0.011417,233.482,0.4804,49.992
Weekend_Home,2020-01-08 18:03:00,0.020872,231.367,0.6227,49.988
Weekend_Home,2020-01-08 18:06:00,0.023711,229.988,0.7512,49.999
Weekend_Home,2020-01-08 18:09:00,0.014645,230.78,0.5021,50.017
Weekend_Home,2020-01-08 18:12:00,0.016921,230.271,0.5735,49.99
Weekend_Home,2020-01-08 18:15:00,0.030694,229.955,0.7645,49.989
Weekend_Home,2020-01-08 18:18:00,0.021228,230.214,0.6548,50.0
Weekend_Home,2020-01-08 18:21:00,0.021563,230.458,0.6194,49.998
Weekend_Home,2020-01-08 18:24:00,0.016889,229.299,0.4921,50.011
Weekend_Home,2020-01-08 18:27:00,0.018441,228.453,0.5659,50.002
Weekend_Home,2020-01-08 18:30:00,0.0177,231.109,0.5948,49.991
Weekend_Home,2020-01-08 18:33:00,0.030319,228.997,0.8369,49.989
Weekend_Home,2020-01-08 18:36:00,0.023615,230.474,0.694,49.977
Weekend_Home,2020-01-08 18:39:00,0.017138,229.883,0.5883,49.985
Weekend_Home,2020-01-08 18:42:00,0.019031,229.446,0.5706,49.995
Weekend_Home,2020-01-08 18:45:00,0.025834,229.284,0.6678,49.989
Weekend_Home,2020-01-08 18:48:00,0.025001,230.589,0.6524,49.989
Weekend_Home,2020-01-08 18:51:00,0.024189,230.179,0.6775,49.973
Weekend_Home,2020-01-08 18:54:00,0.019444,230.372,0.6809,49.992
Weekend_Home,2020-01-08 18:57:00,0.019006,231.058,0.5775,50.003
Weekend_Home,2020-01-08 19:00:00,0.03234,229.456,0.8188,49.978
Weekend_Home,2020-01-08 19:03:00,0.020063,230.017,0.6279,49.993
Weekend_Home,2020-01-08 19:06:00,0.012609,229.699,0.4834,49.996
Weekend_Home,2020-01-08 19:09:00,0.029724,229.629,0.7205,49.993
Weekend_Home,2020-01-08 19:12:00,0.026596,229.88,0.6751,49.975
Weekend_Home,2020-01-08 19:15:00,0.021318,230.82,0.6172,49.991
Weekend_Home,2020-01-08 19:18:00,0.027126,228.937,0.7792,49.994
Weekend_Home,2020-01-08 19:21:00,0.014271,231.144,0.5291,49.991
Weekend_Home,2020-01-08 19:24:00,0.020458,230.982,0.6357,49.981
Weekend_Home,2020-01-08 19:27:00,0.031291,228.591,0.761,49.967
Weekend_Home,2020-01-08 19:30:00,0.0262,229.184,0.7327,50.001
Weekend_Home,2020-01-08 19:33:00,0.016069,230.108,0.4956,49.998
Weekend_Home,2020-01-08 19:36:00,0.020374,229.604,0.5436,49.979
Weekend_Home,2020-01-08 19:39:00,0.027706,228.296,0.8363,49.975
Weekend_Home,2020-01-08 19:42:00,0.029655,227.685,0.7524,49.979
Weekend_Home,2020-01-08 19:45:00,0.013289,228.676,0.4866,50.009
Weekend_Home,2020-01-08 19:48:00,0.025584,230.555,0.6565,50.002
Weekend_Home,2020-01-08 19:51:00,0.015487,231.219,0.5216,49.985
Weekend_Home,2020-01-08 19:54:00,0.028466,230.068,0.8296,49.982
Weekend_Home,2020-01-08 19:57:00,0.023156,230.027,0.6195,49.982
Weekend_Home,2020-01-08 20:00:00,0.012945,231.222,0.4695,49.991
Weekend_Home,2020-01-08 20:03:00,0.020361,230.931,0.6349,49.991
Weekend_Home,2020-01-08 20:06:00,0.009006,231.831,0.4356,49.985
Weekend_Home,2020-01-08 20:09:00,0.020394,232.058,0.6241,50.017
Weekend_Home,2020-01-08 20:12:00,0.016419,230.884,0.5253,49.989
Weekend_Home,2020-01-08 20:15:00,0.02138,230.645,0.6551,49.99
Weekend_Home,2020-01-08 20:18:00,0.014752,230.729,0.4989,49.987
Weekend_Home,2020-01-08 20:21:00,0.016353,230.007,0.5581,49.988
Weekend_Home,2020-01-08 20:24:00,0.022089,231.126,0.6909,49.98
Weekend_Home,2020-01-08 20:27:00,0.017384,229.734,0.5842,50.001
Weekend_Home,2020-01-08 20:30:00,0.028768,230.245,0.7888,49.974
Weekend_Home,2020-01-08 20:33:00,0.024831,229.634,0.6994,49.994
Weekend_Home,2020-01-08 20:36:00,0.014934,231.641,0.5633,50.006
Weekend_Home,2020-01-08 20:39:00,0.027689,229.095,0.7196,49.974
Weekend_Home,2020-01-08 20:42:00,0.013724,230.32,0.4857,49.985
Weekend_Home,2020-01-08 20:45:00,0.021944,230.14,0.6435,49.996
Weekend_Home,2020-01-08 20:48:00,0.022687,231.279,0.6366,49.998
Weekend_Home,2020-01-08 20:51:00,0.018733,232.022,0.6406,49.978
Weekend_Home,2020-01-08 20:54:00,0.028719,228.95,0.6675,50.008
Weekend_Home,2020-01-08 20:57:00,0.016413,231.224,0.6045,49.979
Weekend_Home,2020-01-08 21:00:00,0.01912,230.026,0.5942,49.988
Weekend_Home,2020-01-08 21:03:00,0.020107,229.817,0.6588,49.996
Weekend_Home,2020-01-08 21:06:00,0.014337,229.891,0.4545,49.99
Weekend_Home,2020-01-08 21:09:00,0.018229,231.29,0.5627,49.982
Weekend_Home,2020-01-08 21:12:00,0.017176,231.121,0.5276,49.998
Weekend_Home,2020-01-08 21:15:00,0.02323,231.073,0.7007,49.978
Weekend_Home,2020-01-08 21:18:00,0.017754,231.32,0.5598,49.984
Weekend_Home,2020-01-08 21:21:00,0.023496,230.269,0.7127,49.979
Weekend_Home,2020-01-08 21:24:00,0.018002,229.642,0.5784,50.013
Weekend_Home,2020-01-08 21:27:00,0.022258,230.857,0.6788,50.001
Weekend_Home,2020-01-08 21:30:00,0.015399,232.1,0.5096,49.992
Weekend_Home,2020-01-08 21:33:00,0.016377,230.644,0.5454,49.994
Weekend_Home,2020-01-08 21:36:00,0.020986,230.459,0.5688,49.987
Weekend_Home,2020-01-08 21:39:00,0.015619,230.171,0.474,50.009
Weekend_Home,2020-01-08 21:42:00,0.015849,231.117,0.5333,49.99
Weekend_Home,2020-01-08 21:45:00,0.012628,229.992,0.4441,49.999
Weekend_Home,2020-01-08 21:48:00,0.015703,231.81,0.5534,50.003
Weekend_Home,2020-01-08 21:51:00,0.020088,230.289,0.5822,49.99
Weekend_Home,2020-01-08 21:54:00,0.018054,229.065,0.6522,50.013
Weekend_Home,2020-01-08 21:57:00,0.017868,231.566,0.5286,50.022
Weekend_Home,2020-01-08 22:00:00,0.016476,231.093,0.5235,50.009
Weekend_Home,2020-01-08 22:03:00,0.013945,230.326,0.5697,50.013
Weekend_Home,2020-01-08 22:06:00,0.009564,232.173,0.3967,50.014
Weekend_Home,2020-01-08 22:09:00,0.017064,231.121,0.5348,49.982
Weekend_Home,2020-01-08 22:12:00,0.014135,230.711,0.4833,50.038
Weekend_Home,2020-01-08 22:15:00,0.019518,229.375,0.6293,50.023
Weekend_Home,2020-01-08 22:18:00,0.013357,230.193,0.4819,49.981
Weekend_Home,2020-01-08 22:21:00,0.02304,229.413,0.6966,49.987
Weekend_Home,2020-01-08 22:24:00,0.015329,230.923,0.5012,50.013
Weekend_Home,2020-01-08 22:27:00,0.016284,229.653,0.5757,49.982
Weekend_Home,2020-01-08 22:30:00,0.014446,230.425,0.5251,49.978
Weekend_Home,2020-01-08 22:33:00,0.016037,230.066,0.5428,49.988
Weekend_Home,2020-01-08 22:36:00,0.013674,231.521,0.5702,50.003
Weekend_Home,2020-01-08 22:39:00,0.013,231.515,0.4594,50.004
Weekend_Home,2020-01-08 22:42:00,0.01466,231.084,0.5198,49.997
Weekend_Home,2020-01-08 22:45:00,0.011247,230.008,0.3885,49.996
Weekend_Home,2020-01-08 22:48:00,0.013336,231.076,0.4794,49.983
Weekend_Home,2020-01-08 22:51:00,0.011819,231.527,0.4355,49.99
Weekend_Home,2020-01-08 22:54:00,0.016696,229.794,0.5909,49.98
Weekend_Home,2020-01-08 22:57:00,0.012365,229.687,0.4734,49.993
Weekend_Home,2020-01-08 23:00:00,0.00989,231.262,0.4425,50.001
Weekend_Home,2020-01-08 23:03:00,0.013685,229.692,0.5287,49.98
Weekend_Home,2020-01-08 23:06:00,0.00976,231.527,0.4194,49.997
Weekend_Home,2020-01-08 23:09:00,0.013495,230.84,0.449,49.992
Weekend_Home,2020-01-08 23:12:00,0.015503,230.095,0.4913,49.992
Weekend_Home,2020-01-08 23:15:00,0.016231,231.029,0.5235,50.001
Weekend_Home,2020-01-08 23:18:00,0.009735,233.001,0.4043,50.005
Weekend_Home,2020-01-08 23:21:00,0.008277,231.134,0.4255,50.004
Weekend_Home,2020-01-08 23:24:00,0.009467,231.45,0.4538,49.998
Weekend_Home,2020-01-08 23:27:00,0.01545,231.786,0.5502,49.974
Weekend_Home,2020-01-08 23:30:00,0.013947,230.585,0.5063,49.998
Weekend_Home,2020-01-08 23:33:00,0.013992,231.02,0.4822,50.002
Weekend_Home,2020-01-08 23:36:00,0.013048,230.954,0.4796,50.0
Weekend_Home,2020-01-08 23:39:00,0.015762,230.735,0.5518,50.003
Weekend_Home,2020-01-08 23:42:00,0.013697,230.761,0.5048,50.002
Weekend_Home,2020-01-08 23:45:00,0.009417,230.787,0.3908,49.996
Weekend_Home,2020-01-08 23:48:00,0.008377,230.819,0.3732,50.004
Weekend_Home,2020-01-08 23:51:00,0.014718,230.583,0.4983,49.982
Weekend_Home,2020-01-08 23:54:00,0.009703,231.02,0.4426,50.006
Weekend_Home,2020-01-08 23:57:00,0.014181,231.272,0.4866,50.001
Weekend_Home,2020-01-09 00:00:00,0.014254,232.871,0.5332,49.985
Weekend_Home,2020-01-09 00:03:00,0.010595,231.71,0.426,49.997
Weekend_Home,2020-01-09 00:06:00,0.008874,230.519,0.4228,49.993
Weekend_Home,2020-01-09 00:09:00,0.011297,232.187,0.4729,50.007
Weekend_Home,2020-01-09 00:12:00,0.011511,231.338,0.4673,49.992
Weekend_Home,2020-01-09 00:15:00,0.010914,232.563,0.4601,49.986
Weekend_Home,2020-01-09 00:18:00,0.011713,231.905,0.4717,50.006
Weekend_Home,2020-01-09 00:21:00,0.012274,230.765,0.4843,49.987
Weekend_Home,2020-01-09 00:24:00,0.007694,230.496,0.3852,50.005
Weekend_Home,2020-01-09 00:27:00,0.00874,230.622,0.3947,49.992
Weekend_Home,2020-01-09 00:30:00,0.009841,231.739,0.4913,49.985
Weekend_Home,2020-01-09 00:33:00,0.01056,232.442,0.4688,50.004
Weekend_Home,2020-01-09 00:36:00,0.013025,229.881,0.5504,49.992
Weekend_Home,2020-01-09 00:39:00,0.010084,230.957,0.4699,50.006
Weekend_Home,2020-01-09 00:42:00,0.007131,232.595,0.3955,49.984
Weekend_Home,2020-01-09 00:45:00,0.007806,231.556,0.3535,50.002
Weekend_Home,2020-01-09 00:48:00,0.009905,232.493,0.5084,50.007
Weekend_Home,2020-01-09 00:51:00,0.008493,231.609,0.4303,49.989
Weekend_Home,2020-01-09 00:54:00,0.005722,231.265,0.3051,50.007
Weekend_Home,2020-01-09 00:57:00,0.009562,230.46,0.5144,49.996
Weekend_Home,2020-01-09 01:00:00,0.012012,229.967,0.4762,49.991
Weekend_Home,2020-01-09 01:03:00,0.010843,231.342,0.4255,50.005
Weekend_Home,2020-01-09 01:06:00,0.009227,229.927,0.439,50.006
Weekend_Home,2020-01-09 01:09:00,0.009601,230.763,0.3701,50.007
Weekend_Home,2020-01-09 01:12:00,0.013671,231.73,0.4682,50.004
Weekend_Home,2020-01-09 01:15:00,0.005507,230.721,0.3383,49.989
Weekend_Home,2020-01-09 01:18:00,0.010892,230.271,0.4893,50.002
Weekend_Home,2020-01-09 01:21:00,0.007633,230.725,0.3185,49.994
Weekend_Home,2020-01-09 01:24:00,0.011513,229.675,0.5117,49.987
Weekend_Home,2020-01-09 01:27:00,0.009398,231.407,0.4513,49.996
Weekend_Home,2020-01-09 01:30:00,0.01304,230.017,0.5028,49.99
Weekend_Home,2020-01-09 01:33:00,0.010731,231.077,0.3954,50.002
Weekend_Home,2020-01-09 01:36:00,0.007848,231.363,0.3598,49.955
Weekend_Home,2020-01-09 01:39:00,0.011576,231.669,0.4853,49.983
Weekend_Home,2020-01-09 01:42:00,0.010495,231.893,0.4334,49.987
Weekend_Home,2020-01-09 01:45:00,0.01082,230.449,0.5061,49.997
Weekend_Home,2020-01-09 01:48:00,0.00982,231.673,0.4865,50.006
Weekend_Home,2020-01-09 01:51:00,0.00953,231.282,0.3927,50.001
Weekend_Home,2020-01-09 01:54:00,0.008697,230.883,0.4476,49.99
Weekend_Home,2020-01-09 01:57:00,0.010871,230.855,0.4785,49.983
Weekend_Home,2020-01-09 02:00:00,0.012564,230.828,0.4991,49.983
Weekend_Home,2020-01-09 02:03:00,0.008641,231.808,0.3976,50.001
Weekend_Home,2020-01-09 02:06:00,0.00644,231.019,0.3394,49.983
Weekend_Home,2020-01-09 02:09:00,0.00939,233.272,0.5004,50.014
Weekend_Home,2020-01-09 02:12:00,0.011746,230.087,0.4468,49.987
Weekend_Home,2020-01-09 02:15:00,0.01276,228.864,0.4464,49.996
Weekend_Home,2020-01-09 02:18:00,0.009713,231.83,0.3416,49.993
Weekend_Home,2020-01-09 02:21:00,0.009264,231.469,0.4458,50.009
Weekend_Home,2020-01-09 02:24:00,0.011878,230.361,0.3902,49.994
Weekend_Home,2020-01-09 02:27:00,0.004325,232.721,0.3241,50.001
Weekend_Home,2020-01-09 02:30:00,0.008246,232.336,0.3984,49.988
Weekend_Home,2020-01-09 02:33:00,0.007851,231.544,0.45,49.986
Weekend_Home,2020-01-09 02:36:00,0.007331,232.042,0.3959,49.987
Weekend_Home,2020-01-09 02:39:00,0.006715,232.282,0.311,49.993
Weekend_Home,2020-01-09 02:42:00,0.006188,231.277,0.4077,50.012
Weekend_Home,2020-01-09 02:45:00,0.010195,231.788,0.4272,50.003
Weekend_Home,2020-01-09 02:48:00,0.009344,230.867,0.467,49.984
Weekend_Home,2020-01-09 02:51:00,0.009958,231.19,0.5105,49.983
Weekend_Home,2020-01-09 02:54:00,0.011805,232.918,0.4156,49.997
Weekend_Home,2020-01-09 02:57:00,0.008793,231.834,0.3884,49.989
Weekend_Home,2020-01-09 03:00:00,0.008219,230.083,0.4159,49.987
Weekend_Home,2020-01-09 03:03:00,0.00958,231.444,0.4183,50.0
Weekend_Home,2020-01-09 03:06:00,0.008649,229.4,0.4632,49.99
Weekend_Home,2020-01-09 03:09:00,0.010152,231.002,0.4309,50.003
Weekend_Home,2020-01-09 03:12:00,0.015265,230.498,0.4871,50.01
Weekend_Home,2020-01-09 03:15:00,0.010033,230.981,0.49,50.002
Weekend_Home,2020-01-09 03:18:00,0.00909,230.813,0.4649,49.987
Weekend_Home,2020-01-09 03:21:00,0.005322,231.682,0.3233,49.998
Weekend_Home,2020-01-09 03:24:00,0.01544,230.968,0.4847,49.984
Weekend_Home,2020-01-09 03:27:00,0.014032,230.932,0.4802,50.002
Weekend_Home,2020-01-09 03:30:00,0.01203,231.729,0.4743,49.975
Weekend_Home,2020-01-09 03:33:00,0.010929,230.839,0.4288,49.997
Weekend_Home,2020-01-09 03:36:00,0.013901,230.85,0.587,50.012
Weekend_Home,2020-01-09 03:39:00,0.009799,230.277,0.4052,50.003
Weekend_Home,2020-01-09 03:42:00,0.016046,230.58,0.5326,49.993
Weekend_Home,2020-01-09 03:45:00,0.008481,230.84,0.393,49.977
Weekend_Home,2020-01-09 03:48:00,0.010232,230.941,0.5194,50.002
Weekend_Home,2020-01-09 03:51:00,0.008806,231.369,0.3466,49.997
Weekend_Home,2020-01-09 03:54:00,0.012879,230.354,0.4499,50.014
Weekend_Home,2020-01-09 03:57:00,0.01386,229.7,0.5432,49.997
Weekend_Home,2020-01-09 04:00:00,0.01205,231.891,0.4787,49.995
Weekend_Home,2020-01-09 04:03:00,0.007721,230.693,0.4064,49.987
Weekend_Home,2020-01-09 04:06:00,0.009622,232.129,0.4332,49.997
Weekend_Home,2020-01-09 04:09:00,0.012589,231.338,0.4386,49.98
Weekend_Home,2020-01-09 04:12:00,0.013791,230.321,0.491,49.99
Weekend_Home,2020-01-09 04:15:00,0.013956,230.013,0.5089,49.995
Weekend_Home,2020-01-09 04:18:00,0.012813,232.053,0.4656,49.984
Weekend_Home,2020-01-09 04:21:00,0.012797,231.127,0.5165,49.987
Weekend_Home,2020-01-09 04:24:00,0.011763,231.224,0.4214,49.986
Weekend_Home,2020-01-09 04:27:00,0.005829,232.198,0.3299,49.997
Weekend_Home,2020-01-09 04:30:00,0.011012,231.671,0.5033,49.978
Weekend_Home,2020-01-09 04:33:00,0.010398,231.017,0.4462,49.99
Weekend_Home,2020-01-09 04:36:00,0.011508,232.287,0.4339,50.006
Weekend_Home,2020-01-09 04:39:00,0.011005,231.242,0.4493,50.004
Weekend_Home,2020-01-09 04:42:00,0.010526,231.32,0.3854,49.995
Weekend_Home,2020-01-09 04:45:00,0.011625,230.609,0.4781,50.004
Weekend_Home,2020-01-09 04:48:00,0.012763,231.923,0.4976,49.989
Weekend_Home,2020-01-09 04:51:00,0.007055,231.792,0.4154,49.996
Weekend_Home,2020-01-09 04:54:00,0.017736,230.161,0.5943,49.989
Weekend_Home,2020-01-09 04:57:00,0.015028,231.137,0.4758,50.012
Weekend_Home,2020-01-09 05:00:00,0.009114,232.207,0.4782,49.978
Weekend_Home,2020-01-09 05:03:00,0.012789,230.8,0.4939,50.002
Weekend_Home,2020-01-09 05:06:00,0.015295,230.322,0.5088,50.0
Weekend_Home,2020-01-09 05:09:00,0.016628,231.182,0.5487,50.008
Weekend_Home,2020-01-09 05:12:00,0.012715,230.177,0.4901,49.986
Weekend_Home,2020-01-09 05:15:00,0.013799,230.863,0.5151,49.993
Weekend_Home,2020-01-09 05:18:00,0.014613,229.899,0.5133,50.019
Weekend_Home,2020-01-09 05:21:00,0.018191,229.049,0.524,49.975
Weekend_Home,2020-01-09 05:24:00,0.01419,231.22,0.5394,49.992
Weekend_Home,2020-01-09 05:27:00,0.010301,231.317,0.3548,50.004
Weekend_Home,2020-01-09 05:30:00,0.013605,231.875,0.4789,49.97
Weekend_Home,2020-01-09 05:33:00,0.015424,230.194,0.5261,49.981
Weekend_Home,2020-01-09 05:36:00,0.010241,231.09,0.3889,49.988
Weekend_Home,2020-01-09 05:39:00,0.017648,231.297,0.5759,50.014
Weekend_Home,2020-01-09 05:42:00,0.017811,231.239,0.5693,50.007
Weekend_Home,2020-01-09 05:45:00,0.010638,230.471,0.4863,49.972
Weekend_Home,2020-01-09 05:48:00,0.015787,232.79,0.5906,49.999
Weekend_Home,2020-01-09 05:51:00,0.014013,230.956,0.5094,49.998
Weekend_Home,2020-01-09 05:54:00,0.017233,230.887,0.54,49.99
Weekend_Home,2020-01-09 05:57:00,0.026126,229.758,0.7395,49.997
Weekend_Home,2020-01-09 06:00:00,0.015648,229.255,0.5338,49.995
Weekend_Home,2020-01-09 06:03:00,0.022688,230.33,0.6399,50.002
Weekend_Home,2020-01-09 06:06:00,0.022819,230.22,0.6575,49.966
Weekend_Home,2020-01-09 06:09:00,0.022899,229.447,0.6369,49.997
Weekend_Home,2020-01-09 06:12:00,0.019824,229.076,0.581,50.005
Weekend_Home,2020-01-09 06:15:00,0.018764,230.613,0.6052,49.999
Weekend_Home,2020-01-09 06:18:00,0.017937,231.283,0.5521,49.981
Weekend_Home,2020-01-09 06:21:00,0.017567,231.697,0.5699,49.971
Weekend_Home,2020-01-09 06:24:00,0.024628,229.787,0.6858,49.975
Weekend_Home,2020-01-09 06:27:00,0.025272,228.646,0.74,49.989
Weekend_Home,2020-01-09 06:30:00,0.024763,229.337,0.7253,49.994
Weekend_Home,2020-01-09 06:33:00,0.019999,229.405,0.6803,50.002
Weekend_Home,2020-01-09 06:36:00,0.027219,229.069,0.6956,49.966
Weekend_Home,2020-01-09 06:39:00,0.029214,230.504,0.7715,49.993
Weekend_Home,2020-01-09 06:42:00,0.019886,229.419,0.5966,49.97
Weekend_Home,2020-01-09 06:45:00,0.014757,230.714,0.5209,49.99
Weekend_Home,2020-01-09 06:48:00,0.020168,229.301,0.606,49.984
Weekend_Home,2020-01-09 06:51:00,0.021309,230.032,0.6525,49.997
Weekend_Home,2020-01-09 06:54:00,0.030888,229.189,0.8703,49.982
Weekend_Home,2020-01-09 06:57:00,0.024932,230.087,0.7062,49.998
Weekend_Home,2020-01-09 07:00:00,0.019843,229.96,0.5766,49.998
Weekend_Home,2020-01-09 07:03:00,0.018553,230.187,0.5703,49.991
Weekend_Home,2020-01-09 07:06:00,0.018517,230.517,0.585,50.014
Weekend_Home,2020-01-09 07:09:00,0.018222,232.346,0.6759,49.982
Weekend_Home,2020-01-09 07:12:00,0.022264,229.24,0.6189,49.965
Weekend_Home,2020-01-09 07:15:00,0.02508,229.529,0.7639,50.001
Weekend_Home,2020-01-09 07:18:00,0.02041,230.264,0.595,49.979
Weekend_Home,2020-01-09 07:21:00,0.019848,232.602,0.565,49.98
Weekend_Home,2020-01-09 07:24:00,0.024191,230.513,0.6852,49.972
Weekend_Home,2020-01-09 07:27:00,0.017382,230.681,0.5453,49.994
Weekend_Home,2020-01-09 07:30:00,0.020321,230.886,0.5973,49.998
Weekend_Home,2020-01-09 07:33:00,0.029327,229.715,0.8036,49.985
Weekend_Home,2020-01-09 07:36:00,0.028746,229.203,0.7587,49.997
Weekend_Home,2020-01-09 07:39:00,0.031315,230.134,0.8466,49.98
Weekend_Home,2020-01-09 07:42:00,0.027633,228.107,0.7247,49.974
Weekend_Home,2020-01-09 07:45:00,0.029646,229.151,0.7539,50.001
Weekend_Home,2020-01-09 07:48:00,0.011707,230.5,0.4421,50.01
Weekend_Home,2020-01-09 07:51:00,0.026001,230.66,0.6696,49.996
Weekend_Home,2020-01-09 07:54:00,0.022963,229.634,0.6972,50.015
Weekend_Home,2020-01-09 07:57:00,0.019353,230.608,0.6082,49.982
Weekend_Home,2020-01-09 08:00:00,0.021177,230.218,0.6322,49.969
Weekend_Home,2020-01-09 08:03:00,0.024189,229.46,0.6594,50.005
Weekend_Home,2020-01-09 08:06:00,0.02447,229.965,0.6837,49.977
Weekend_Home,2020-01-09 08:09:00,0.018533,231.361,0.5612,49.993
Weekend_Home,2020-01-09 08:12:00,0.028326,229.984,0.7291,49.969
Weekend_Home,2020-01-09 08:15:00,0.01877,230.047,0.6197,50.008
Weekend_Home,2020-01-09 08:18:00,0.022469,229.736,0.6666,49.969
Weekend_Home,2020-01-09 08:21:00,0.024117,229.844,0.6904,49.985
Weekend_Home,2020-01-09 08:24:00,0.02347,229.656,0.6808,49.986
Weekend_Home,2020-01-09 08:27:00,0.022133,230.776,0.6587,49.977
Weekend_Home,2020-01-09 08:30:00,0.026114,227.991,0.6702,49.978
Weekend_Home,2020-01-09 08:33:00,0.020297,229.732,0.6588,49.99
Weekend_Home,2020-01-09 08:36:00,0.02349,230.786,0.6222,49.985
Weekend_Home,2020-01-09 08:39:00,0.024797,228.505,0.6839,50.003
Weekend_Home,2020-01-09 08:42:00,0.032061,228.765,0.7536,50.0
Weekend_Home,2020-01-09 08:45:00,0.010219,231.537,0.4083,49.983
Weekend_Home,2020-01-09 08:48:00,0.021202,229.985,0.5831,49.989
Weekend_Home,2020-01-09 08:51:00,0.026174,229.898,0.7148,49.959
Weekend_Home,2020-01-09 08:54:00,0.030871,229.047,0.8392,50.009
Weekend_Home,2020-01-09 08:57:00,0.016101,229.97,0.5566,50.001
Weekend_Home,2020-01-09 09:00:00,0.018512,230.745,0.5602,50.0
Weekend_Home,2020-01-09 09:03:00,0.021498,229.491,0.7026,49.988
Weekend_Home,2020-01-09 09:06:00,0.02822,230.432,0.7964,50.0
Weekend_Home,2020-01-09 09:09:00,0.015413,230.601,0.5278,49.981
Weekend_Home,2020-01-09 09:12:00,0.023521,229.496,0.6538,49.988
Weekend_Home,2020-01-09 09:15:00,0.032434,229.617,0.8867,49.978
Weekend_Home,2020-01-09 09:18:00,0.018892,232.072,0.5773,50.008
Weekend_Home,2020-01-09 09:21:00,0.020196,230.828,0.6313,49.982
Weekend_Home,2020-01-09 09:24:00,0.025019,231.006,0.6946,49.992
Weekend_Home,2020-01-09 09:27:00,0.026296,231.178,0.6747,49.981
Weekend_Home,2020-01-09 09:30:00,0.038784,231.114,0.9362,49.963
Weekend_Home,2020-01-09 09:33:00,0.020714,230.293,0.6848,49.98
Weekend_Home,2020-01-09 09:36:00,0.019924,230.016,0.6201,49.989
Weekend_Home,2020-01-09 09:39:00,0.026473,230.307,0.7415,49.995
Weekend_Home,2020-01-09 09:42:00,0.029376,228.864,0.7418,49.979
Weekend_Home,2020-01-09 09:45:00,0.029483,229.947,0.8118,49.974
Weekend_Home,2020-01-09 09:48:00,0.031274,229.045,0.8536,49.997
Weekend_Home,2020-01-09 09:51:00,0.021483,230.278,0.6377,50.008
Weekend_Home,2020-01-09 09:54:00,0.027747,230.07,0.7365,49.998
Weekend_Home,2020-01-09 09:57:00,0.029195,230.408,0.7897,49.985
Weekend_Home,2020-01-09 10:00:00,0.024777,228.322,0.7348,49.997
Weekend_Home,2020-01-09 10:03:00,0.01834,229.855,0.5545,49.996
Weekend_Home,2020-01-09 10:06:00,0.02136,229.804,0.6654,49.987
Weekend_Home,2020-01-09 10:09:00,0.023003,230.354,0.6986,49.964
Weekend_Home,2020-01-09 10:12:00,0.020632,230.934,0.5826,49.976
Weekend_Home,2020-01-09 10:15:00,0.014705,230.913,0.5336,49.986
Weekend_Home,2020-01-09 10:18:00,0.027035,229.587,0.7546,49.997
Weekend_Home,2020-01-09 10:21:00,0.028783,230.938,0.701,49.995
Weekend_Home,2020-01-09 10:24:00,0.011871,230.1,0.4773,50.001
Weekend_Home,2020-01-09 10:27:00,0.024021,231.046,0.6893,49.998
Weekend_Home,2020-01-09 10:30:00,0.024324,228.794,0.7481,49.994
Weekend_Home,2020-01-09 10:33:00,0.023134,230.125,0.6472,49.986
Weekend_Home,2020-01-09 10:36:00,0.020162,230.256,0.6082,50.001
Weekend_Home,2020-01-09 10:39:00,0.021112,228.743,0.5979,50.008
Weekend_Home,2020-01-09 10:42:00,0.022035,231.592,0.6402,49.993
Weekend_Home,2020-01-09 10:45:00,0.019872,229.303,0.6344,50.007
Weekend_Home,2020-01-09 10:48:00,0.02298,229.063,0.6458,49.981
Weekend_Home,2020-01-09 10:51:00,0.019252,230.424,0.6192,49.981
Weekend_Home,2020-01-09 10:54:00,0.012616,230.939,0.4891,50.013
Weekend_Home,2020-01-09 10:57:00,0.024447,231.265,0.6996,49.977
Weekend_Home,2020-01-09 11:00:00,0.024711,230.435,0.7302,49.992
Weekend_Home,2020-01-09 11:03:00,0.020662,230.268,0.617,49.988
Weekend_Home,2020-01-09 11:06:00,0.018059,229.912,0.5935,49.984
Weekend_Home,2020-01-09 11:09:00,0.02084,230.829,0.5848,49.979
Weekend_Home,2020-01-09 11:12:00,0.011633,231.286,0.4875,50.013
Weekend_Home,2020-01-09 11:15:00,0.023573,230.685,0.6467,49.999
Weekend_Home,2020-01-09 11:18:00,0.025054,229.263,0.6539,49.995
Weekend_Home,2020-01-09 11:21:00,0.019023,229.823,0.6721,49.975
Weekend_Home,2020-01-09 11:24:00,0.020549,229.492,0.6137,49.982
Weekend_Home,2020-01-09 11:27:00,0.023303,230.016,0.6535,49.985
Weekend_Home,2020-01-09 11:30:00,0.020573,229.635,0.606,49.991
Weekend_Home,2020-01-09 11:33:00,0.01958,230.544,0.5759,49.988
Weekend_Home,2020-01-09 11:36:00,0.013837,230.652,0.5489,49.998
Weekend_Home,2020-01-09 11:39:00,0.014926,231.053,0.5625,50.0
Weekend_Home,2020-01-09 11:42:00,0.015991,229.259,0.5017,49.995
Weekend_Home,2020-01-09 11:45:00,0.025521,231.008,0.6784,50.007
Weekend_Home,2020-01-09 11:48:00,0.026608,230.342,0.7352,49.992
Weekend_Home,2020-01-09 11:51:00,0.018207,230.834,0.5808,49.972
Weekend_Home,2020-01-09 11:54:00,0.015062,231.016,0.5157,49.99
Weekend_Home,2020-01-09 11:57:00,0.025305,230.604,0.6999,50.005
Weekend_Home,2020-01-09 12:00:00,0.025266,229.826,0.7286,49.97
Weekend_Home,2020-01-09 12:03:00,0.014989,229.571,0.4855,50.004
Weekend_Home,2020-01-09 12:06:00,0.018484,230.805,0.6532,49.997
Weekend_Home,2020-01-09 12:09:00,0.014525,230.207,0.4949,50.001
Weekend_Home,2020-01-09 12:12:00,0.018654,230.794,0.5665,50.011
Weekend_Home,2020-01-09 12:15:00,0.025534,231.223,0.7349,49.988
Weekend_Home,2020-01-09 12:18:00,0.022111,230.535,0.6801,49.96
Weekend_Home,2020-01-09 12:21:00,0.02582,229.696,0.7113,50.014
Weekend_Home,2020-01-09 12:24:00,0.013958,230.891,0.4704,50.02
Weekend_Home,2020-01-09 12:27:00,0.016973,229.731,0.5465,49.98
Weekend_Home,2020-01-09 12:30:00,0.022439,230.272,0.6213,50.001
Weekend_Home,2020-01-09 12:33:00,0.017599,231.133,0.565,49.988
Weekend_Home,2020-01-09 12:36:00,0.012927,230.769,0.5229,49.982
Weekend_Home,2020-01-09 12:39:00,0.018979,230.315,0.5922,49.986
Weekend_Home,2020-01-09 12:42:00,0.028145,230.484,0.7282,49.984
Weekend_Home,2020-01-09 12:45:00,0.027447,230.059,0.7207,49.994
Weekend_Home,2020-01-09 12:48:00,0.021144,230.425,0.6039,50.001
Weekend_Home,2020-01-09 12:51:00,0.026931,230.151,0.7227,50.0
Weekend_Home,2020-01-09 12:54:00,0.023218,229.572,0.6756,49.99
Weekend_Home,2020-01-09 12:57:00,0.031863,229.616,0.8139,50.0
Weekend_Home,2020-01-09 13:00:00,0.036284,227.98,0.9336,49.997
Weekend_Home,2020-01-09 13:03:00,0.020571,230.555,0.58,49.985
Weekend_Home,2020-01-09 13:06:00,0.017359,231.089,0.5563,49.983
Weekend_Home,2020-01-09 13:09:00,0.02696,230.044,0.6851,49.997
Weekend_Home,2020-01-09 13:12:00,0.024492,230.256,0.7248,49.993
Weekend_Home,2020-01-09 13:15:00,0.022623,232.139,0.6248,49.994
Weekend_Home,2020-01-09 13:18:00,0.021869,231.449,0.6088,49.993
Weekend_Home,2020-01-09 13:21:00,0.018116,230.324,0.6004,49.965
Weekend_Home,2020-01-09 13:24:00,0.019027,230.921,0.5791,49.996
Weekend_Home,2020-01-09 13:27:00,0.02295,231.879,0.6541,49.978
Weekend_Home,2020-01-09 13:30:00,0.016738,231.498,0.5064,50.017
Weekend_Home,2020-01-09 13:33:00,0.01418,230.858,0.4683,50.001
Weekend_Home,2020-01-09 13:36:00,0.022887,230.126,0.6258,49.985
Weekend_Home,2020-01-09 13:39:00,0.020049,230.907,0.6108,50.009
Weekend_Home,2020-01-09 13:42:00,0.017332,230.789,0.5755,49.987
Weekend_Home,2020-01-09 13:45:00,0.025709,229.83,0.6976,49.993
Weekend_Home,2020-01-09 13:48:00,0.022745,230.721,0.622,50.006
Weekend_Home,2020-01-09 13:51:00,0.019637,228.5,0.5957,49.983
Weekend_Home,2020-01-09 13:54:00,0.024457,229.09,0.7693,50.007
Weekend_Home,2020-01-09 13:57:00,0.023811,230.457,0.7038,49.988
Weekend_Home,2020-01-09 14:00:00,0.01531,229.47,0.5157,49.995
Weekend_Home,2020-01-09 14:03:00,0.021864,230.206,0.6076,49.991
Weekend_Home,2020-01-09 14:06:00,0.030591,229.74,0.7592,49.994
Weekend_Home,2020-01-09 14:09:00,0.024112,231.076,0.6587,49.996
Weekend_Home,2020-01-09 14:12:00,0.031681,229.598,0.7189,49.971
Weekend_Home,2020-01-09 14:15:00,0.03141,229.811,0.7974,49.963
Weekend_Home,2020-01-09 14:18:00,0.02797,231.499,0.7543,49.962
Weekend_Home,2020-01-09 14:21:00,0.016726,230.502,0.5778,49.965
Weekend_Home,2020-01-09 14:24:00,0.021408,230.236,0.6314,49.999
Weekend_Home,2020-01-09 14:27:00,0.018752,229.798,0.6157,49.975
Weekend_Home,2020-01-09 14:30:00,0.027563,228.968,0.8192,49.986
Weekend_Home,2020-01-09 14:33:00,0.02225,231.175,0.6412,49.984
Weekend_Home,2020-01-09 14:36:00,0.024593,230.727,0.6842,49.976
Weekend_Home,2020-01-09 14:39:00,0.024453,229.784,0.6775,50.014
Weekend_Home,2020-01-09 14:42:00,0.023995,229.419,0.6848,49.99
Weekend_Home,2020-01-09 14:45:00,0.022339,228.278,0.6645,49.998
Weekend_Home,2020-01-09 14:48:00,0.026252,230.089,0.7418,49.991
Weekend_Home,2020-01-09 14:51:00,0.026632,230.356,0.736,49.996
Weekend_Home,2020-01-09 14:54:00,0.025021,229.821,0.6694,49.991
Weekend_Home,2020-01-09 14:57:00,0.013446,230.178,0.3703,49.99
Weekend_Home,2020-01-09 15:00:00,0.027335,230.057,0.6827,49.985
Weekend_Home,2020-01-09 15:03:00,0.02459,231.44,0.6562,50.0
Weekend_Home,2020-01-09 15:06:00,0.024643,230.607,0.7181,49.987
Weekend_Home,2020-01-09 15:09:00,0.022935,228.133,0.6194,49.989
Weekend_Home,2020-01-09 15:12:00,0.021608,229.484,0.6599,49.99
Weekend_Home,2020-01-09 15:15:00,0.018212,231.081,0.5858,49.975
Weekend_Home,2020-01-09 15:18:00,0.028334,228.973,0.7291,49.992
Weekend_Home,2020-01-09 15:21:00,0.017373,230.872,0.5341,49.978
Weekend_Home,2020-01-09 15:24:00,0.023063,229.025,0.6628,49.98
Weekend_Home,2020-01-09 15:27:00,0.020073,230.22,0.6594,50.001
Weekend_Home,2020-01-09 15:30:00,0.026955,229.342,0.7475,49.982
Weekend_Home,2020-01-09 15:33:00,0.028186,228.936,0.7634,49.976
Weekend_Home,2020-01-09 15:36:00,0.021102,230.692,0.6345,50.007
Weekend_Home,2020-01-09 15:39:00,0.026655,229.589,0.6615,49.998
Weekend_Home,2020-01-09 15:42:00,0.017399,231.667,0.5081,49.978
Weekend_Home,2020-01-09 15:45:00,0.019749,228.954,0.5537,50.005
Weekend_Home,2020-01-09 15:48:00,0.011208,230.64,0.4593,50.012
Weekend_Home,2020-01-09 15:51:00,0.023621,231.331,0.6794,49.999
Weekend_Home,2020-01-09 15:54:00,0.020059,230.953,0.6455,50.003
Weekend_Home,2020-01-09 15:57:00,0.02373,229.555,0.7589,49.985
Weekend_Home,2020-01-09 16:00:00,0.026043,229.121,0.6892,49.979
Weekend_Home,2020-01-09 16:03:00,0.023218,229.678,0.6541,49.979
Weekend_Home,2020-01-09 16:06:00,0.012217,229.943,0.4673,50.003
Weekend_Home,2020-01-09 16:09:00,0.023589,229.838,0.641,50.002
Weekend_Home,2020-01-09 16:12:00,0.019894,230.152,0.6423,49.977
Weekend_Home,2020-01-09 16:15:00,0.026596,230.815,0.7614,49.999
Weekend_Home,2020-01-09 16:18:00,0.018978,229.683,0.6225,49.998
Weekend_Home,2020-01-09 16:21:00,0.020411,229.578,0.6567,50.005
Weekend_Home,2020-01-09 16:24:00,0.012179,231.083,0.4997,49.99
Weekend_Home,2020-01-09 16:27:00,0.015993,229.209,0.5668,49.989
Weekend_Home,2020-01-09 16:30:00,0.016306,230.125,0.5484,49.978
Weekend_Home,2020-01-09 16:33:00,0.024393,229.408,0.724,49.991
Weekend_Home,2020-01-09 16:36:00,0.025836,229.244,0.6917,49.995
Weekend_Home,2020-01-09 16:39:00,0.017477,231.148,0.5593,49.982
Weekend_Home,2020-01-09 16:42:00,0.015462,231.402,0.531,49.978
Weekend_Home,2020-01-09 16:45:00,0.021472,230.989,0.607,49.971
Weekend_Home,2020-01-09 16:48:00,0.025246,229.331,0.7017,50.005
Weekend_Home,2020-01-09 16:51:00,0.014608,231.627,0.5118,49.981
Weekend_Home,2020-01-09 16:54:00,0.017772,231.309,0.5291,50.004
Weekend_Home,2020-01-09 16:57:00,0.015907,232.12,0.5218,50.016
Weekend_Home,2020-01-09 17:00:00,0.016222,231.972,0.6077,50.001
Weekend_Home,2020-01-09 17:03:00,0.01782,229.348,0.5953,49.994
Weekend_Home,2020-01-09 17:06:00,0.020635,229.96,0.6017,49.988
Weekend_Home,2020-01-09 17:09:00,0.01966,230.823,0.6054,49.983
Weekend_Home,2020-01-09 17:12:00,0.012492,229.744,0.5371,49.981
Weekend_Home,2020-01-09 17:15:00,0.019628,229.514,0.6279,49.979
Weekend_Home,2020-01-09 17:18:00,0.021264,230.43,0.5506,49.995
Weekend_Home,2020-01-09 17:21:00,0.025767,230.037,0.7475,49.986
Weekend_Home,2020-01-09 17:24:00,0.016054,230.496,0.581,49.995
Weekend_Home,2020-01-09 17:27:00,0.016307,231.517,0.5192,49.99
Weekend_Home,2020-01-09 17:30:00,0.016908,229.517,0.5142,49.991
Weekend_Home,2020-01-09 17:33:00,0.016793,231.03,0.5223,49.987
Weekend_Home,2020-01-09 17:36:00,0.023765,231.611,0.7083,49.983
Weekend_Home,2020-01-09 17:39:00,0.018982,230.241,0.5975,50.017
Weekend_Home,2020-01-09 17:42:00,0.01979,231.357,0.5528,49.991
Weekend_Home,2020-01-09 17:45:00,0.024942,228.958,0.7456,49.995
Weekend_Home,2020-01-09 17:48:00,0.01442,230.345,0.4882,49.99
Weekend_Home,2020-01-09 17:51:00,0.02692,228.713,0.7704,49.988
Weekend_Home,2020-01-09 17:54:00,0.024773,228.988,0.668,49.997
Weekend_Home,2020-01-09 17:57:00,0.021788,230.716,0.6256,49.992
Weekend_Home,2020-01-09 18:00:00,0.013067,231.192,0.4774,50.006
Weekend_Home,2020-01-09 18:03:00,0.024943,229.717,0.7139,49.988
Weekend_Home,2020-01-09 18:06:00,0.016249,229.792,0.5293,49.985
Weekend_Home,2020-01-09 18:09:00,0.019056,230.707,0.5208,50.003
Weekend_Home,2020-01-09 18:12:00,0.022183,229.701,0.633,50.004
Weekend_Home,2020-01-09 18:15:00,0.01434,231.53,0.5613,49.989
Weekend_Home,2020-01-09 18:18:00,0.014343,230.971,0.5361,50.009
Weekend_Home,2020-01-09 18:21:00,0.014593,230.646,0.449,49.994
Weekend_Home,2020-01-09 18:24:00,0.012265,229.628,0.4388,49.996
Weekend_Home,2020-01-09 18:27:00,0.017495,230.571,0.5665,49.996
Weekend_Home,2020-01-09 18:30:00,0.019111,229.93,0.5841,50.0
Weekend_Home,2020-01-09 18:33:00,0.02239,229.887,0.6128,49.982
Weekend_Home,2020-01-09 18:36:00,0.01608,229.142,0.5615,50.007
Weekend_Home,2020-01-09 18:39:00,0.021324,229.212,0.6377,50.023
Weekend_Home,2020-01-09 18:42:00,0.017854,230.659,0.5318,50.013
Weekend_Home,2020-01-09 18:45:00,0.008903,231.861,0.3752,50.027
Weekend_Home,2020-01-09 18:48:00,0.015575,228.972,0.5057,49.998
Weekend_Home,2020-01-09 18:51:00,0.020422,231.211,0.6016,49.995
Weekend_Home,2020-01-09 18:54:00,0.01816,231.405,0.5904,50.001
Weekend_Home,2020-01-09 18:57:00,0.01879,229.964,0.5743,49.983
Weekend_Home,2020-01-09 19:00:00,0.012558,231.127,0.4826,49.977
Weekend_Home,2020-01-09 19:03:00,0.026975,230.131,0.7508,49.998
Weekend_Home,2020-01-09 19:06:00,0.014169,230.533,0.5158,49.996
Weekend_Home,2020-01-09 19:09:00,0.026492,229.291,0.7311,50.003
Weekend_Home,2020-01-09 19:12:00,0.020309,231.25,0.6552,49.987
Weekend_Home,2020-01-09 19:15:00,0.017846,229.144,0.6254,49.99
Weekend_Home,2020-01-09 19:18:00,0.013242,230.973,0.4447,49.986
Weekend_Home,2020-01-09 19:21:00,0.017366,229.625,0.5722,49.988
Weekend_Home,2020-01-09 19:24:00,0.031919,230.1,0.8743,49.987
Weekend_Home,2020-01-09 19:27:00,0.017709,230.336,0.5051,49.993
Weekend_Home,2020-01-09 19:30:00,0.023126,230.477,0.7068,50.006
Weekend_Home,2020-01-09 19:33:00,0.00935,230.308,0.4407,49.997
Weekend_Home,2020-01-09 19:36:00,0.016644,230.79,0.5501,50.013
Weekend_Home,2020-01-09 19:39:00,0.02133,230.618,0.6695,49.989
Weekend_Home,2020-01-09 19:42:00,0.020994,228.94,0.5961,49.998
Weekend_Home,2020-01-09 19:45:00,0.021446,231.691,0.575,49.99
Weekend_Home,2020-01-09 19:48:00,0.026535,231.371,0.7807,49.993
Weekend_Home,2020-01-09 19:51:00,0.021461,230.618,0.6419,50.003
Weekend_Home,2020-01-09 19:54:00,0.030396,228.806,0.8198,49.973
Weekend_Home,2020-01-09 19:57:00,0.024447,230.288,0.6953,50.013
Weekend_Home,2020-01-09 20:00:00,0.01571,230.405,0.4437,50.006
Weekend_Home,2020-01-09 20:03:00,0.024085,230.62,0.6961,49.983
Weekend_Home,2020-01-09 20:06:00,0.023339,231.483,0.6389,50.012
Weekend_Home,2020-01-09 20:09:00,0.026756,229.65,0.7365,49.98
Weekend_Home,2020-01-09 20:12:00,0.015991,231.199,0.5839,49.979
Weekend_Home,2020-01-09 20:15:00,0.026309,228.974,0.6957,49.966
Weekend_Home,2020-01-09 20:18:00,0.028922,230.29,0.7712,49.989
Weekend_Home,2020-01-09 20:21:00,0.014259,231.843,0.5313,49.992
Weekend_Home,2020-01-09 20:24:00,0.019248,229.602,0.643,49.991
Weekend_Home,2020-01-09 20:27:00,0.017291,231.798,0.5885,49.972
Weekend_Home,2020-01-09 20:30:00,0.016651,230.49,0.5338,49.994
Weekend_Home,2020-01-09 20:33:00,0.02625,227.965,0.7485,50.006
Weekend_Home,2020-01-09 20:36:00,0.021818,229.957,0.6285,49.988
Weekend_Home,2020-01-09 20:39:00,0.019263,230.019,0.573,49.991
Weekend_Home,2020-01-09 20:42:00,0.019848,231.282,0.572,50.01
Weekend_Home,2020-01-09 20:45:00,0.02325,230.452,0.6846,50.004
Weekend_Home,2020-01-09 20:48:00,0.026337,229.449,0.7456,50.01
Weekend_Home,2020-01-09 20:51:00,0.019405,230.95,0.5957,49.984
Weekend_Home,2020-01-09 20:54:00,0.020054,230.579,0.6433,50.013
Weekend_Home,2020-01-09 20:57:00,0.028674,230.772,0.7785,49.984
Weekend_Home,2020-01-09 21:00:00,0.016762,231.046,0.5344,49.995
Weekend_Home,2020-01-09 21:03:00,0.023741,231.448,0.6496,50.014
Weekend_Home,2020-01-09 21:06:00,0.013921,230.616,0.5072,50.007
Weekend_Home,2020-01-09 21:09:00,0.017758,229.011,0.5713,49.991
Weekend_Home,2020-01-09 21:12:00,0.01715,231.635,0.5534,49.997
Weekend_Home,2020-01-09 21:15:00,0.02006,230.993,0.6454,50.001
Weekend_Home,2020-01-09 21:18:00,0.019622,229.975,0.623,50.011
Weekend_Home,2020-01-09 21:21:00,0.023281,230.606,0.7043,50.014
Weekend_Home,2020-01-09 21:24:00,0.027827,230.239,0.7603,49.99
Weekend_Home,2020-01-09 21:27:00,0.018227,231.369,0.5417,50.005
Weekend_Home,2020-01-09 21:30:00,0.016884,231.445,0.542,50.02
Weekend_Home,2020-01-09 21:33:00,0.013691,230.417,0.5064,49.998
Weekend_Home,2020-01-09 21:36:00,0.024126,231.106,0.6867,50.002
Weekend_Home,2020-01-09 21:39:00,0.01389,230.665,0.5484,49.983
Weekend_Home,2020-01-09 21:42:00,0.010109,231.523,0.393,49.988
Weekend_Home,2020-01-09 21:45:00,0.019432,231.562,0.5824,49.999
Weekend_Home,2020-01-09 21:48:00,0.020003,230.746,0.6539,49.995
Weekend_Home,2020-01-09 21:51:00,0.01299,230.254,0.4861,49.997
Weekend_Home,2020-01-09 21:54:00,0.015763,231.102,0.5131,49.992
Weekend_Home,2020-01-09 21:57:00,0.013691,231.956,0.4773,50.028
Weekend_Home,2020-01-09 22:00:00,0.01967,229.716,0.5541,49.988
Weekend_Home,2020-01-09 22:03:00,0.014615,231.073,0.4767,49.978
Weekend_Home,2020-01-09 22:06:00,0.014506,231.023,0.5596,49.989
Weekend_Home,2020-01-09 22:09:00,0.014983,229.072,0.51,49.987
Weekend_Home,2020-01-09 22:12:00,0.017263,231.661,0.5609,50.007
Weekend_Home,2020-01-09 22:15:00,0.014619,230.937,0.4912,49.973
Weekend_Home,2020-01-09 22:18:00,0.009747,231.09,0.3816,49.99
Weekend_Home,2020-01-09 22:21:00,0.015127,230.642,0.5323,49.998
Weekend_Home,2020-01-09 22:24:00,0.012823,231.377,0.4641,49.996
Weekend_Home,2020-01-09 22:27:00,0.015076,231.313,0.5596,50.0
Weekend_Home,2020-01-09 22:30:00,0.01553,230.475,0.5086,49.986
Weekend_Home,2020-01-09 22:33:00,0.014137,228.478,0.5918,50.013
Weekend_Home,2020-01-09 22:36:00,0.012152,232.1,0.525,50.003
Weekend_Home,2020-01-09 22:39:00,0.009175,230.072,0.4101,50.004
Weekend_Home,2020-01-09 22:42:00,0.008805,232.498,0.4135,50.019
Weekend_Home,2020-01-09 22:45:00,0.017984,231.191,0.5766,49.998
Weekend_Home,2020-01-09 22:48:00,0.013025,231.734,0.442,49.982
Weekend_Home,2020-01-09 22:51:00,0.012937,231.835,0.5,49.987
Weekend_Home,2020-01-09 22:54:00,0.01797,231.235,0.556,50.011
Weekend_Home,2020-01-09 22:57:00,0.012769,228.638,0.4875,49.978
Weekend_Home,2020-01-09 23:00:00,0.014352,231.044,0.5065,50.022
Weekend_Home,2020-01-09 23:03:00,0.015547,231.343,0.4918,49.982
Weekend_Home,2020-01-09 23:06:00,0.013291,230.591,0.4683,49.976
Weekend_Home,2020-01-09 23:09:00,0.010887,231.454,0.4084,50.008
Weekend_Home,2020-01-09 23:12:00,0.009489,231.133,0.4571,49.988
Weekend_Home,2020-01-09 23:15:00,0.010161,230.176,0.4165,50.011
Weekend_Home,2020-01-09 23:18:00,0.010832,232.415,0.4492,49.985
Weekend_Home,2020-01-09 23:21:00,0.011674,229.305,0.498,49.991
Weekend_Home,2020-01-09 23:24:00,0.014078,231.301,0.5186,50.014
Weekend_Home,2020-01-09 23:27:00,0.011867,231.603,0.445,50.002
Weekend_Home,2020-01-09 23:30:00,0.01024,231.239,0.4224,50.009
Weekend_Home,2020-01-09 23:33:00,0.012643,230.822,0.4912,50.019
Weekend_Home,2020-01-09 23:36:00,0.010286,232.011,0.4825,49.967
Weekend_Home,2020-01-09 23:39:00,0.011119,231.61,0.4313,49.995
Weekend_Home,2020-01-09 23:42:00,0.00927,231.991,0.4051,50.013
Weekend_Home,2020-01-09 23:45:00,0.012866,229.514,0.4604,49.995
Weekend_Home,2020-01-09 23:48:00,0.00807,230.881,0.3678,49.993
Weekend_Home,2020-01-09 23:51:00,0.008849,231.063,0.3867,50.003
Weekend_Home,2020-01-09 23:54:00,0.012623,231.901,0.4618,50.012
Weekend_Home,2020-01-09 23:57:00,0.01587,231.789,0.5323,50.004
Weekend_Home,2020-01-10 00:00:00,0.009308,232.227,0.4035,50.001
Weekend_Home,2020-01-10 00:03:00,0.010557,231.36,0.3556,50.003
Weekend_Home,2020-01-10 00:06:00,0.008324,230.588,0.3933,50.0
Weekend_Home,2020-01-10 00:09:00,0.012266,230.145,0.4256,49.999
Weekend_Home,2020-01-10 00:12:00,0.011307,232.793,0.4616,49.997
Weekend_Home,2020-01-10 00:15:00,0.009868,229.656,0.4231,50.003
Weekend_Home,2020-01-10 00:18:00,0.016647,230.406,0.519,49.987
Weekend_Home,2020-01-10 00:21:00,0.01264,230.198,0.4978,49.987
Weekend_Home,2020-01-10 00:24:00,0.003961,231.946,0.307,50.008
Weekend_Home,2020-01-10 00:27:00,0.012951,231.417,0.3932,49.984
Weekend_Home,2020-01-10 00:30:00,0.00954,231.944,0.4477,49.987
Weekend_Home,2020-01-10 00:33:00,0.011546,230.854,0.4817,49.985
Weekend_Home,2020-01-10 00:36:00,0.013615,231.994,0.4443,49.987
Weekend_Home,2020-01-10 00:39:00,0.014607,231.891,0.5328,50.003
Weekend_Home,2020-01-10 00:42:00,0.011328,232.003,0.4058,50.003
Weekend_Home,2020-01-10 00:45:00,0.011564,231.24,0.4252,50.003
Weekend_Home,2020-01-10 00:48:00,0.013043,230.384,0.4498,49.982
Weekend_Home,2020-01-10 00:51:00,0.015163,230.701,0.5037,50.001
Weekend_Home,2020-01-10 00:54:00,0.011371,231.74,0.5482,49.985
Weekend_Home,2020-01-10 00:57:00,0.009291,230.825,0.4387,50.024
Weekend_Home,2020-01-10 01:00:00,0.005421,232.1,0.3806,50.009
Weekend_Home,2020-01-10 01:03:00,0.008041,231.531,0.4432,50.002
Weekend_Home,2020-01-10 01:06:00,0.012348,230.333,0.4934,50.004
Weekend_Home,2020-01-10 01:09:00,0.004663,231.556,0.3071,50.004
Weekend_Home,2020-01-10 01:12:00,0.016548,230.609,0.498,49.991
Weekend_Home,2020-01-10 01:15:00,0.014156,231.091,0.4862,49.997
Weekend_Home,2020-01-10 01:18:00,0.009389,233.58,0.3686,49.994
Weekend_Home,2020-01-10 01:21:00,0.012065,230.99,0.4638,50.015
Weekend_Home,2020-01-10 01:24:00,0.010329,231.12,0.4354,50.001
Weekend_Home,2020-01-10 01:27:00,0.009052,230.721,0.3417,49.992
Weekend_Home,2020-01-10 01:30:00,0.0109,230.237,0.4649,49.995
Weekend_Home,2020-01-10 01:33:00,0.015064,230.889,0.5784,49.992
Weekend_Home,2020-01-10 01:36:00,0.010746,229.768,0.4146,50.011
Weekend_Home,2020-01-10 01:39:00,0.014626,230.571,0.5028,50.007
Weekend_Home,2020-01-10 01:42:00,0.012965,229.952,0.4284,50.007
Weekend_Home,2020-01-10 01:45:00,0.014195,232.832,0.5031,49.967
Weekend_Home,2020-01-10 01:48:00,0.011919,230.103,0.5341,50.005
Weekend_Home,2020-01-10 01:51:00,0.012589,230.969,0.4762,49.986
Weekend_Home,2020-01-10 01:54:00,0.007216,232.024,0.3773,50.008
Weekend_Home,2020-01-10 01:57:00,0.003386,231.655,0.2324,49.982
Weekend_Home,2020-01-10 02:00:00,0.011893,232.359,0.4751,50.013
Weekend_Home,2020-01-10 02:03:00,0.009102,232.421,0.4172,50.005
Weekend_Home,2020-01-10 02:06:00,0.01412,231.078,0.5535,50.015
Weekend_Home,2020-01-10 02:09:00,0.005919,232.531,0.4357,50.006
Weekend_Home,2020-01-10 02:12:00,0.013445,232.155,0.5137,49.976
Weekend_Home,2020-01-10 02:15:00,0.002989,233.46,0.3242,49.988
Weekend_Home,2020-01-10 02:18:00,0.010514,231.473,0.4532,49.994
Weekend_Home,2020-01-10 02:21:00,0.009777,230.501,0.459,49.987
Weekend_Home,2020-01-10 02:24:00,0.008204,229.949,0.3743,49.989
Weekend_Home,2020-01-10 02:27:00,0.009903,230.517,0.4476,49.983
Weekend_Home,2020-01-10 02:30:00,0.012678,230.849,0.4402,50.008
Weekend_Home,2020-01-10 02:33:00,0.007767,231.338,0.3788,49.983
Weekend_Home,2020-01-10 02:36:00,0.005385,231.135,0.3384,49.979
Weekend_Home,2020-01-10 02:39:00,0.01479,231.317,0.5973,49.992
Weekend_Home,2020-01-10 02:42:00,0.007502,230.827,0.4175,50.012
Weekend_Home,2020-01-10 02:45:00,0.007664,233.552,0.3446,49.997
Weekend_Home,2020-01-10 02:48:00,0.008441,232.238,0.3332,49.991
Weekend_Home,2020-01-10 02:51:00,0.010154,231.097,0.4615,49.978
Weekend_Home,2020-01-10 02:54:00,0.011949,230.903,0.4709,49.998
Weekend_Home,2020-01-10 02:57:00,0.009391,231.298,0.4387,50.004
Weekend_Home,2020-01-10 03:00:00,0.012989,230.971,0.4662,50.007
Weekend_Home,2020-01-10 03:03:00,0.00982,231.761,0.3859,49.995
Weekend_Home,2020-01-10 03:06:00,0.004811,231.57,0.3318,50.011
Weekend_Home,2020-01-10 03:09:00,0.008765,230.916,0.5266,49.993
Weekend_Home,2020-01-10 03:12:00,0.009102,232.478,0.4202,49.983
Weekend_Home,2020-01-10 03:15:00,0.009653,230.901,0.4522,50.006
Weekend_Home,2020-01-10 03:18:00,0.014296,230.209,0.4815,50.004
Weekend_Home,2020-01-10 03:21:00,0.008145,231.498,0.3978,49.996
Weekend_Home,2020-01-10 03:24:00,0.013551,229.942,0.4261,50.005
Weekend_Home,2020-01-10 03:27:00,0.008224,232.497,0.4658,49.994
Weekend_Home,2020-01-10 03:30:00,0.010203,231.061,0.4511,49.99
Weekend_Home,2020-01-10 03:33:00,0.011746,231.735,0.4412,50.004
Weekend_Home,2020-01-10 03:36:00,0.010332,230.824,0.3771,49.983
Weekend_Home,2020-01-10 03:39:00,0.008873,230.54,0.4422,49.982
Weekend_Home,2020-01-10 03:42:00,0.012196,230.757,0.5092,50.021
Weekend_Home,2020-01-10 03:45:00,0.010687,230.774,0.449,49.982
Weekend_Home,2020-01-10 03:48:00,0.013052,231.041,0.5271,49.996
Weekend_Home,2020-01-10 03:51:00,0.009978,230.632,0.4233,50.003
Weekend_Home,2020-01-10 03:54:00,0.013021,230.388,0.4887,50.023
Weekend_Home,2020-01-10 03:57:00,0.012653,231.346,0.4953,50.002
Weekend_Home,2020-01-10 04:00:00,0.010323,231.678,0.436,50.001
Weekend_Home,2020-01-10 04:03:00,0.012137,231.876,0.5513,49.963
Weekend_Home,2020-01-10 04:06:00,0.010133,230.787,0.4641,49.993
Weekend_Home,2020-01-10 04:09:00,0.017576,229.198,0.5675,50.007
Weekend_Home,2020-01-10 04:12:00,0.010432,231.446,0.3866,49.969
Weekend_Home,2020-01-10 04:15:00,0.011374,230.618,0.4286,49.971
Weekend_Home,2020-01-10 04:18:00,0.010425,232.427,0.413,49.995
Weekend_Home,2020-01-10 04:21:00,0.012939,229.594,0.4977,50.017
Weekend_Home,2020-01-10 04:24:00,0.014593,231.419,0.4816,49.991
Weekend_Home,2020-01-10 04:27:00,0.007647,231.227,0.4044,49.984
Weekend_Home,2020-01-10 04:30:00,0.012132,230.999,0.4988,49.995
Weekend_Home,2020-01-10 04:33:00,0.008522,230.633,0.4772,49.998
Weekend_Home,2020-01-10 04:36:00,0.009139,231.084,0.4186,50.008
Weekend_Home,2020-01-10 04:39:00,0.005036,232.647,0.365,50.0
Weekend_Home,2020-01-10 04:42:00,0.012732,230.582,0.5081,49.975
Weekend_Home,2020-01-10 04:45:00,0.009147,230.53,0.4358,49.999
Weekend_Home,2020-01-10 04:48:00,0.015006,230.979,0.5366,49.998
Weekend_Home,2020-01-10 04:51:00,0.011404,231.041,0.4934,49.975
Weekend_Home,2020-01-10 04:54:00,0.008907,230.714,0.488,50.0
Weekend_Home,2020-01-10 04:57:00,0.019498,230.791,0.6368,49.996
Weekend_Home,2020-01-10 05:00:00,0.013,231.706,0.5216,49.99
Weekend_Home,2020-01-10 05:03:00,0.013926,231.44,0.4898,49.999
Weekend_Home,2020-01-10 05:06:00,0.009619,230.746,0.3961,49.998
Weekend_Home,2020-01-10 05:09:00,0.015412,230.573,0.4847,49.993
Weekend_Home,2020-01-10 05:12:00,0.013497,232.194,0.4963,50.011
Weekend_Home,2020-01-10 05:15:00,0.01436,231.476,0.5619,49.98
Weekend_Home,2020-01-10 05:18:00,0.019727,230.299,0.6047,49.978
Weekend_Home,2020-01-10 05:21:00,0.013563,231.364,0.5138,49.974
Weekend_Home,2020-01-10 05:24:00,0.015262,229.995,0.461,49.995
Weekend_Home,2020-01-10 05:27:00,0.012373,230.778,0.4722,50.015
Weekend_Home,2020-01-10 05:30:00,0.009338,231.064,0.4228,49.977
Weekend_Home,2020-01-10 05:33:00,0.01207,230.506,0.405,49.99
Weekend_Home,2020-01-10 05:36:00,0.017211,231.592,0.5848,49.985
Weekend_Home,2020-01-10 05:39:00,0.014717,230.831,0.5315,49.99
Weekend_Home,2020-01-10 05:42:00,0.012396,230.546,0.4669,50.006
Weekend_Home,2020-01-10 05:45:00,0.016621,229.739,0.5907,49.994
Weekend_Home,2020-01-10 05:48:00,0.018192,229.908,0.6067,49.99
Weekend_Home,2020-01-10 05:51:00,0.01354,231.702,0.4321,49.994
Weekend_Home,2020-01-10 05:54:00,0.014308,229.407,0.5146,49.987
Weekend_Home,2020-01-10 05:57:00,0.019255,230.273,0.6291,49.983
Weekend_Home,2020-01-10 06:00:00,0.016632,231.444,0.5545,49.992
Weekend_Home,2020-01-10 06:03:00,0.02136,231.053,0.6423,49.989
Weekend_Home,2020-01-10 06:06:00,0.0126,232.17,0.5416,49.977
Weekend_Home,2020-01-10 06:09:00,0.017815,229.418,0.5385,50.0
Weekend_Home,2020-01-10 06:12:00,0.011163,230.756,0.4528,50.003
Weekend_Home,2020-01-10 06:15:00,0.023729,228.922,0.6577,50.001
Weekend_Home,2020-01-10 06:18:00,0.030476,228.033,0.7427,49.977
Weekend_Home,2020-01-10 06:21:00,0.018771,232.013,0.5797,49.994
Weekend_Home,2020-01-10 06:24:00,0.025068,230.12,0.6687,49.995
Weekend_Home,2020-01-10 06:27:00,0.016488,230.689,0.5202,49.987
Weekend_Home,2020-01-10 06:30:00,0.015832,231.256,0.5455,49.99
Weekend_Home,2020-01-10 06:33:00,0.021175,229.054,0.6626,49.99
Weekend_Home,2020-01-10 06:36:00,0.019731,231.587,0.581,49.995
Weekend_Home,2020-01-10 06:39:00,0.018501,231.72,0.569,49.996
Weekend_Home,2020-01-10 06:42:00,0.023317,230.556,0.7116,49.994
Weekend_Home,2020-01-10 06:45:00,0.019534,230.664,0.6701,49.985
Weekend_Home,2020-01-10 06:48:00,0.027954,229.317,0.8172,49.998
Weekend_Home,2020-01-10 06:51:00,0.017874,231.293,0.5997,49.994
Weekend_Home,2020-01-10 06:54:00,0.023158,229.014,0.6595,50.0
Weekend_Home,2020-01-10 06:57:00,0.022543,232.048,0.677,49.977
Weekend_Home,2020-01-10 07:00:00,0.016102,230.673,0.5773,49.977
Weekend_Home,2020-01-10 07:03:00,0.013871,230.864,0.4776,50.013
Weekend_Home,2020-01-10 07:06:00,0.025732,229.465,0.6356,49.988
Weekend_Home,2020-01-10 07:09:00,0.021653,230.082,0.6384,50.006
Weekend_Home,2020-01-10 07:12:00,0.029529,229.193,0.8037,50.005
Weekend_Home,2020-01-10 07:15:00,0.015402,231.43,0.5408,49.976
Weekend_Home,2020-01-10 07:18:00,0.022584,229.307,0.6753,49.989
Weekend_Home,2020-01-10 07:21:00,0.028586,230.236,0.7229,50.009
Weekend_Home,2020-01-10 07:24:00,0.028535,229.984,0.7547,49.977
Weekend_Home,2020-01-10 07:27:00,0.025788,229.201,0.744,49.991
Weekend_Home,2020-01-10 07:30:00,0.016357,228.866,0.5668,50.004
Weekend_Home,2020-01-10 07:33:00,0.015849,232.345,0.5632,50.0
Weekend_Home,2020-01-10 07:36:00,0.031025,230.402,0.8624,49.985
Weekend_Home,2020-01-10 07:39:00,0.020364,231.614,0.6144,49.988
Weekend_Home,2020-01-10 07:42:00,0.02787,230.73,0.7334,49.996
Weekend_Home,2020-01-10 07:45:00,0.028429,229.841,0.7921,49.993
Weekend_Home,2020-01-10 07:48:00,0.031961,229.571,0.8186,50.003
Weekend_Home,2020-01-10 07:51:00,0.020654,230.56,0.6497,49.985
Weekend_Home,2020-01-10 07:54:00,0.029356,229.7,0.816,49.985
Weekend_Home,2020-01-10 07:57:00,0.02561,229.189,0.7374,49.981
Weekend_Home,2020-01-10 08:00:00,0.018358,231.364,0.5801,49.972
Weekend_Home,2020-01-10 08:03:00,0.031874,228.595,0.8457,49.97
Weekend_Home,2020-01-10 08:06:00,0.01739,231.58,0.527,50.009
Weekend_Home,2020-01-10 08:09:00,0.017542,229.332,0.5794,50.01
Weekend_Home,2020-01-10 08:12:00,0.022879,228.569,0.7116,49.995
Weekend_Home,2020-01-10 08:15:00,0.028307,229.502,0.757,50.004
Weekend_Home,2020-01-10 08:18:00,0.029376,230.23,0.7654,49.98
Weekend_Home,2020-01-10 08:21:00,0.014493,229.77,0.5316,50.001
Weekend_Home,2020-01-10 08:24:00,0.02309,228.898,0.6514,49.996
Weekend_Home,2020-01-10 08:27:00,0.019838,229.62,0.5792,49.988
Weekend_Home,2020-01-10 08:30:00,0.015323,230.854,0.5136,50.006
Weekend_Home,2020-01-10 08:33:00,0.016405,231.207,0.5919,49.997
Weekend_Home,2020-01-10 08:36:00,0.026449,230.514,0.7496,49.977
Weekend_Home,2020-01-10 08:39:00,0.022525,230.227,0.6449,49.986
Weekend_Home,2020-01-10 08:42:00,0.030092,228.975,0.8221,49.998
Weekend_Home,2020-01-10 08:45:00,0.024388,230.743,0.6711,49.981
Weekend_Home,2020-01-10 08:48:00,0.025454,231.116,0.7284,49.978
Weekend_Home,2020-01-10 08:51:00,0.031735,227.446,0.8174,49.985
Weekend_Home,2020-01-10 08:54:00,0.024664,230.34,0.6066,49.987
Weekend_Home,2020-01-10 08:57:00,0.020332,230.102,0.6054,49.981
Weekend_Home,2020-01-10 09:00:00,0.030923,228.85,0.8192,49.988
Weekend_Home,2020-01-10 09:03:00,0.028089,230.267,0.7279,50.007
Weekend_Home,2020-01-10 09:06:00,0.023376,230.755,0.7665,49.982
Weekend_Home,2020-01-10 09:09:00,0.025534,230.007,0.656,50.019
Weekend_Home,2020-01-10 09:12:00,0.021614,231.532,0.6365,49.977
Weekend_Home,2020-01-10 09:15:00,0.03294,231.462,0.8341,49.99
Weekend_Home,2020-01-10 09:18:00,0.020237,230.261,0.5918,50.0
Weekend_Home,2020-01-10 09:21:00,0.027813,229.587,0.7658,49.987
Weekend_Home,2020-01-10 09:24:00,0.018436,231.542,0.6017,49.997
Weekend_Home,2020-01-10 09:27:00,0.027819,230.15,0.7066,49.949
Weekend_Home,2020-01-10 09:30:00,0.020086,230.39,0.582,49.991
Weekend_Home,2020-01-10 09:33:00,0.015998,230.426,0.5404,50.007
Weekend_Home,2020-01-10 09:36:00,0.027043,230.366,0.7531,50.004
Weekend_Home,2020-01-10 09:39:00,0.02222,228.774,0.6527,50.002
Weekend_Home,2020-01-10 09:42:00,0.021978,229.506,0.6118,49.975
Weekend_Home,2020-01-10 09:45:00,0.0148,230.925,0.5429,49.996
Weekend_Home,2020-01-10 09:48:00,0.012208,230.304,0.4588,49.972
Weekend_Home,2020-01-10 09:51:00,0.021842,229.56,0.6792,49.982
Weekend_Home,2020-01-10 09:54:00,0.017023,230.236,0.5095,49.995
Weekend_Home,2020-01-10 09:57:00,0.016185,232.3,0.5464,49.989
Weekend_Home,2020-01-10 10:00:00,0.024409,230.013,0.6778,49.995
Weekend_Home,2020-01-10 10:03:00,0.00847,233.096,0.4368,50.014
Weekend_Home,2020-01-10 10:06:00,0.018009,230.89,0.5151,49.993
Weekend_Home,2020-01-10 10:09:00,0.032331,228.482,0.8205,49.984
Weekend_Home,2020-01-10 10:12:00,0.020658,230.771,0.6587,49.972
Weekend_Home,2020-01-10 10:15:00,0.01594,230.967,0.5602,49.995
Weekend_Home,2020-01-10 10:18:00,0.015597,231.869,0.5295,49.983
Weekend_Home,2020-01-10 10:21:00,0.01505,231.58,0.562,49.999
Weekend_Home,2020-01-10 10:24:00,0.025686,229.431,0.6976,49.985
Weekend_Home,2020-01-10 10:27:00,0.019571,230.638,0.5678,49.984
Weekend_Home,2020-01-10 10:30:00,0.011544,230.949,0.3994,49.999
Weekend_Home,2020-01-10 10:33:00,0.020565,229.851,0.5848,49.975
Weekend_Home,2020-01-10 10:36:00,0.017912,231.623,0.5612,50.0
Weekend_Home,2020-01-10 10:39:00,0.021267,231.145,0.6042,49.992
Weekend_Home,2020-01-10 10:42:00,0.01561,230.73,0.5373,49.994
Weekend_Home,2020-01-10 10:45:00,0.01541,231.134,0.4631,49.999
Weekend_Home,2020-01-10 10:48:00,0.01553,231.774,0.5007,49.976
Weekend_Home,2020-01-10 10:51:00,0.018931,231.213,0.5739,49.994
Weekend_Home,2020-01-10 10:54:00,0.013617,230.284,0.5234,49.997
Weekend_Home,2020-01-10 10:57:00,0.009909,232.37,0.348,49.985
Weekend_Home,2020-01-10 11:00:00,0.016835,229.479,0.5404,49.989
Weekend_Home,2020-01-10 11:03:00,0.02325,229.834,0.6027,49.99
Weekend_Home,2020-01-10 11:06:00,0.015392,231.579,0.5274,50.002
Weekend_Home,2020-01-10 11:09:00,0.026314,229.287,0.7449,49.97
Weekend_Home,2020-01-10 11:12:00,0.020027,228.732,0.6139,50.011
Weekend_Home,2020-01-10 11:15:00,0.021218,229.608,0.6169,49.984
Weekend_Home,2020-01-10 11:18:00,0.018536,229.43,0.6502,50.003
Weekend_Home,2020-01-10 11:21:00,0.02021,230.236,0.6178,49.998
Weekend_Home,2020-01-10 11:24:00,0.01154,230.831,0.4707,49.985
Weekend_Home,2020-01-10 11:27:00,0.011795,229.681,0.44,49.986
Weekend_Home,2020-01-10 11:30:00,0.018829,230.794,0.5715,49.985
Weekend_Home,2020-01-10 11:33:00,0.013902,231.907,0.5438,49.996
Weekend_Home,2020-01-10 11:36:00,0.023466,231.672,0.6653,49.994
Weekend_Home,2020-01-10 11:39:00,0.019728,230.374,0.6121,50.005
Weekend_Home,2020-01-10 11:42:00,0.018898,231.69,0.5987,49.977
Weekend_Home,2020-01-10 11:45:00,0.016221,230.563,0.5098,49.984
Weekend_Home,2020-01-10 11:48:00,0.018958,230.244,0.6263,49.986
Weekend_Home,2020-01-10 11:51:00,0.022435,228.701,0.6265,50.007
Weekend_Home,2020-01-10 11:54:00,0.016058,230.261,0.5437,49.975
Weekend_Home,2020-01-10 11:57:00,0.019226,229.636,0.5981,49.976
Weekend_Home,2020-01-10 12:00:00,0.022955,229.017,0.6054,49.997
Weekend_Home,2020-01-10 12:03:00,0.015962,230.485,0.5642,49.999
Weekend_Home,2020-01-10 12:06:00,0.017802,230.101,0.5223,49.971
Weekend_Home,2020-01-10 12:09:00,0.012852,230.918,0.5063,49.983
Weekend_Home,2020-01-10 12:12:00,0.017551,228.737,0.6112,49.981
Weekend_Home,2020-01-10 12:15:00,0.024884,230.455,0.7155,49.976
Weekend_Home,2020-01-10 12:18:00,0.020065,228.198,0.65,49.972
Weekend_Home,2020-01-10 12:21:00,0.022871,230.483,0.6602,49.999
Weekend_Home,2020-01-10 12:24:00,0.014192,231.096,0.6109,49.994
Weekend_Home,2020-01-10 12:27:00,0.026769,229.481,0.694,49.976
Weekend_Home,2020-01-10 12:30:00,0.022646,229.539,0.705,50.0
Weekend_Home,2020-01-10 12:33:00,0.026654,229.559,0.7316,50.007
Weekend_Home,2020-01-10 12:36:00,0.014458,232.322,0.4934,49.996
Weekend_Home,2020-01-10 12:39:00,0.024594,229.478,0.7386,49.973
Weekend_Home,2020-01-10 12:42:00,0.027461,229.639,0.7392,49.994
Weekend_Home,2020-01-10 12:45:00,0.022456,230.149,0.6394,49.985
Weekend_Home,2020-01-10 12:48:00,0.021158,230.06,0.5832,49.992
Weekend_Home,2020-01-10 12:51:00,0.020309,230.218,0.6307,49.976
Weekend_Home,2020-01-10 12:54:00,0.01704,230.379,0.5518,49.989
Weekend_Home,2020-01-10 12:57:00,0.020134,230.363,0.6475,49.985
Weekend_Home,2020-01-10 13:00:00,0.022378,231.093,0.6545,49.971
Weekend_Home,2020-01-10 13:03:00,0.027335,231.004,0.7805,49.989
Weekend_Home,2020-01-10 13:06:00,0.039942,229.484,1.0101,49.979
Weekend_Home,2020-01-10 13:09:00,0.026464,230.583,0.7392,49.993
Weekend_Home,2020-01-10 13:12:00,0.017954,230.255,0.5621,49.995
Weekend_Home,2020-01-10 13:15:00,0.011552,231.453,0.4529,49.991
Weekend_Home,2020-01-10 13:18:00,0.018331,230.989,0.5373,50.005
Weekend_Home,2020-01-10 13:21:00,0.023307,229.467,0.6352,49.992
Weekend_Home,2020-01-10 13:24:00,0.016711,229.961,0.5617,49.981
Weekend_Home,2020-01-10 13:27:00,0.015393,231.159,0.5461,49.958
Weekend_Home,2020-01-10 13:30:00,0.025736,228.884,0.7199,49.988
Weekend_Home,2020-01-10 13:33:00,0.021512,231.405,0.5879,50.006
Weekend_Home,2020-01-10 13:36:00,0.027722,230.765,0.7964,49.989
Weekend_Home,2020-01-10 13:39:00,0.021803,230.252,0.6306,49.995
Weekend_Home,2020-01-10 13:42:00,0.022852,230.229,0.6101,50.001
Weekend_Home,2020-01-10 13:45:00,0.025095,230.629,0.6951,49.987
Weekend_Home,2020-01-10 13:48:00,0.028673,228.321,0.7371,49.998
Weekend_Home,2020-01-10 13:51:00,0.026983,230.04,0.6844,50.011
Weekend_Home,2020-01-10 13:54:00,0.018464,230.58,0.6403,49.98
Weekend_Home,2020-01-10 13:57:00,0.026106,229.863,0.6962,50.003
Weekend_Home,2020-01-10 14:00:00,0.021738,231.758,0.6386,49.987
Weekend_Home,2020-01-10 14:03:00,0.023274,230.659,0.697,50.005
Weekend_Home,2020-01-10 14:06:00,0.019865,231.97,0.5849,49.997
Weekend_Home,2020-01-10 14:09:00,0.014892,231.88,0.5105,49.997
Weekend_Home,2020-01-10 14:12:00,0.009164,231.242,0.4095,50.012
Weekend_Home,2020-01-10 14:15:00,0.028998,229.693,0.7354,49.98
Weekend_Home,2020-01-10 14:18:00,0.027822,228.595,0.7244,49.979
Weekend_Home,2020-01-10 14:21:00,0.026045,229.986,0.7134,49.98
Weekend_Home,2020-01-10 14:24:00,0.021047,230.847,0.611,49.991
Weekend_Home,2020-01-10 14:27:00,0.023468,229.585,0.6509,49.979
Weekend_Home,2020-01-10 14:30:00,0.026596,228.233,0.7323,49.998
Weekend_Home,2020-01-10 14:33:00,0.027204,229.076,0.7028,49.984
Weekend_Home,2020-01-10 14:36:00,0.021092,229.736,0.5974,50.002
Weekend_Home,2020-01-10 14:39:00,0.019863,231.175,0.62,49.996
Weekend_Home,2020-01-10 14:42:00,0.024045,229.88,0.7074,49.954
Weekend_Home,2020-01-10 14:45:00,0.0236,230.036,0.6283,49.964
Weekend_Home,2020-01-10 14:48:00,0.021797,228.72,0.6512,49.997
Weekend_Home,2020-01-10 14:51:00,0.026054,230.175,0.682,49.99
Weekend_Home,2020-01-10 14:54:00,0.02414,230.472,0.6936,49.973
Weekend_Home,2020-01-10 14:57:00,0.020952,229.866,0.6201,49.993
Weekend_Home,2020-01-10 15:00:00,0.015179,229.492,0.5288,50.008
Weekend_Home,2020-01-10 15:03:00,0.027733,229.543,0.7637,49.99
Weekend_Home,2020-01-10 15:06:00,0.018408,230.087,0.6433,49.982
Weekend_Home,2020-01-10 15:09:00,0.024737,230.88,0.7213,49.975
Weekend_Home,2020-01-10 15:12:00,0.032017,229.061,0.8169,49.988
Weekend_Home,2020-01-10 15:15:00,0.013269,230.183,0.5614,49.982
Weekend_Home,2020-01-10 15:18:00,0.026985,229.946,0.7516,49.975
Weekend_Home,2020-01-10 15:21:00,0.016806,230.18,0.526,49.998
Weekend_Home,2020-01-10 15:24:00,0.013374,230.997,0.5687,49.992
Weekend_Home,2020-01-10 15:27:00,0.012138,230.859,0.4391,49.991
Weekend_Home,2020-01-10 15:30:00,0.022787,231.019,0.7098,49.984
Weekend_Home,2020-01-10 15:33:00,0.021403,230.308,0.6391,49.996
Weekend_Home,2020-01-10 15:36:00,0.020064,229.483,0.6168,49.984
Weekend_Home,2020-01-10 15:39:00,0.023336,228.877,0.7003,50.0
Weekend_Home,2020-01-10 15:42:00,0.02476,230.618,0.7198,49.986
Weekend_Home,2020-01-10 15:45:00,0.027228,228.204,0.7234,49.974
Weekend_Home,2020-01-10 15:48:00,0.019463,230.485,0.6127,49.973
Weekend_Home,2020-01-10 15:51:00,0.021459,228.68,0.5519,49.997
Weekend_Home,2020-01-10 15:54:00,0.015669,230.523,0.5173,50.004
Weekend_Home,2020-01-10 15:57:00,0.02172,228.02,0.6929,49.977
Weekend_Home,2020-01-10 16:00:00,0.024798,228.745,0.6924,49.993
Weekend_Home,2020-01-10 16:03:00,0.028011,229.238,0.7565,49.97
Weekend_Home,2020-01-10 16:06:00,0.016504,231.952,0.5716,49.996
Weekend_Home,2020-01-10 16:09:00,0.021928,230.352,0.651,49.986
Weekend_Home,2020-01-10 16:12:00,0.023191,229.841,0.653,50.0
Weekend_Home,2020-01-10 16:15:00,0.020135,229.982,0.6275,49.989
Weekend_Home,2020-01-10 16:18:00,0.027202,230.39,0.704,49.981
Weekend_Home,2020-01-10 16:21:00,0.026003,229.48,0.6965,49.989
Weekend_Home,2020-01-10 16:24:00,0.016001,228.465,0.5537,49.999
Weekend_Home,2020-01-10 16:27:00,0.019618,229.596,0.5631,50.001
Weekend_Home,2020-01-10 16:30:00,0.019329,231.092,0.6186,50.002
Weekend_Home,2020-01-10 16:33:00,0.013295,231.044,0.5151,50.009
Weekend_Home,2020-01-10 16:36:00,0.01717,230.696,0.5609,49.993
Weekend_Home,2020-01-10 16:39:00,0.014357,229.373,0.5707,50.021
Weekend_Home,2020-01-10 16:42:00,0.019838,230.599,0.6053,50.021
Weekend_Home,2020-01-10 16:45:00,0.018101,230.187,0.6269,49.981
Weekend_Home,2020-01-10 16:48:00,0.019157,231.013,0.5641,49.996
Weekend_Home,2020-01-10 16:51:00,0.013305,231.772,0.4823,50.002
Weekend_Home,2020-01-10 16:54:00,0.017018,230.321,0.5717,49.985
Weekend_Home,2020-01-10 16:57:00,0.02349,229.987,0.6458,50.008
Weekend_Home,2020-01-10 17:00:00,0.016045,230.024,0.5387,49.992
Weekend_Home,2020-01-10 17:03:00,0.019158,229.793,0.6089,49.984
Weekend_Home,2020-01-10 17:06:00,0.02211,230.069,0.5471,49.983
Weekend_Home,2020-01-10 17:09:00,0.01646,231.614,0.5298,49.998
Weekend_Home,2020-01-10 17:12:00,0.013921,231.406,0.4973,49.98
Weekend_Home,2020-01-10 17:15:00,0.019744,230.542,0.5917,49.967
Weekend_Home,2020-01-10 17:18:00,0.020421,229.414,0.6142,49.997
Weekend_Home,2020-01-10 17:21:00,0.019597,231.782,0.5974,49.986
Weekend_Home,2020-01-10 17:24:00,0.015573,231.423,0.5362,50.007
Weekend_Home,2020-01-10 17:27:00,0.023772,229.68,0.6502,49.981
Weekend_Home,2020-01-10 17:30:00,0.010901,230.89,0.4585,49.984
Weekend_Home,2020-01-10 17:33:00,0.016867,231.466,0.5985,49.971
Weekend_Home,2020-01-10 17:36:00,0.02215,230.101,0.638,49.993
Weekend_Home,2020-01-10 17:39:00,0.022565,229.209,0.6444,49.992
Weekend_Home,2020-01-10 17:42:00,0.014833,230.737,0.4878,50.003
Weekend_Home,2020-01-10 17:45:00,0.020075,230.59,0.6122,50.001
Weekend_Home,2020-01-10 17:48:00,0.014226,231.75,0.4879,49.985
Weekend_Home,2020-01-10 17:51:00,0.019329,229.923,0.6065,49.974
Weekend_Home,2020-01-10 17:54:00,0.016826,230.878,0.5084,50.009
Weekend_Home,2020-01-10 17:57:00,0.021455,228.735,0.6826,49.996
Weekend_Home,2020-01-10 18:00:00,0.017593,230.321,0.582,49.988
Weekend_Home,2020-01-10 18:03:00,0.009815,231.111,0.4436,49.999
Weekend_Home,2020-01-10 18:06:00,0.019705,230.267,0.5657,49.984
Weekend_Home,2020-01-10 18:09:00,0.021571,230.846,0.6675,50.0
Weekend_Home,2020-01-10 18:12:00,0.013375,230.37,0.4811,50.021
Weekend_Home,2020-01-10 18:15:00,0.018437,229.948,0.6181,50.004
Weekend_Home,2020-01-10 18:18:00,0.013531,230.819,0.5751,49.998
Weekend_Home,2020-01-10 18:21:00,0.01618,230.647,0.5026,50.009
Weekend_Home,2020-01-10 18:24:00,0.010738,231.38,0.3987,50.022
Weekend_Home,2020-01-10 18:27:00,0.014803,230.642,0.4476,49.982
Weekend_Home,2020-01-10 18:30:00,0.021283,229.365,0.5885,49.98
Weekend_Home,2020-01-10 18:33:00,0.01287,230.49,0.4784,50.001
Weekend_Home,2020-01-10 18:36:00,0.023232,228.327,0.6374,49.969
Weekend_Home,2020-01-10 18:39:00,0.012175,232.49,0.477,50.015
Weekend_Home,2020-01-10 18:42:00,0.01978,230.162,0.5935,49.997
Weekend_Home,2020-01-10 18:45:00,0.010919,230.708,0.4223,49.986
Weekend_Home,2020-01-10 18:48:00,0.01237,231.969,0.5075,49.999
Weekend_Home,2020-01-10 18:51:00,0.015863,229.062,0.5416,50.001
Weekend_Home,2020-01-10 18:54:00,0.017621,228.922,0.5394,50.007
Weekend_Home,2020-01-10 18:57:00,0.014295,231.237,0.45,49.987
Weekend_Home,2020-01-10 19:00:00,0.01107,231.123,0.4383,50.006
Weekend_Home,2020-01-10 19:03:00,0.023414,229.976,0.6972,49.99
Weekend_Home,2020-01-10 19:06:00,0.026231,230.338,0.6987,49.995
Weekend_Home,2020-01-10 19:09:00,0.020943,230.411,0.6467,49.994
Weekend_Home,2020-01-10 19:12:00,0.020999,231.985,0.6028,50.011
Weekend_Home,2020-01-10 19:15:00,0.025744,230.343,0.7205,50.003
Weekend_Home,2020-01-10 19:18:00,0.02422,231.281,0.6324,49.993
Weekend_Home,2020-01-10 19:21:00,0.011475,230.212,0.4858,49.987
Weekend_Home,2020-01-10 19:24:00,0.01763,230.579,0.5563,49.99
Weekend_Home,2020-01-10 19:27:00,0.025666,230.253,0.7358,50.005
Weekend_Home,2020-01-10 19:30:00,0.019141,231.152,0.6111,50.007
Weekend_Home,2020-01-10 19:33:00,0.016887,231.368,0.5057,50.001
Weekend_Home,2020-01-10 19:36:00,0.016566,230.533,0.5709,49.967
Weekend_Home,2020-01-10 19:39:00,0.023742,231.391,0.6446,49.991
Weekend_Home,2020-01-10 19:42:00,0.019976,229.848,0.6763,49.985
Weekend_Home,2020-01-10 19:45:00,0.021837,231.677,0.6256,50.002
Weekend_Home,2020-01-10 19:48:00,0.020815,229.649,0.6322,49.999
Weekend_Home,2020-01-10 19:51:00,0.024651,229.841,0.7467,49.97
Weekend_Home,2020-01-10 19:54:00,0.011885,231.541,0.4595,49.996
Weekend_Home,2020-01-10 19:57:00,0.027685,229.79,0.7317,49.998
Weekend_Home,2020-01-10 20:00:00,0.016148,231.391,0.5119,49.986
Weekend_Home,2020-01-10 20:03:00,0.017336,230.938,0.565,49.997
Weekend_Home,2020-01-10 20:06:00,0.008237,232.324,0.3719,49.992
Weekend_Home,2020-01-10 20:09:00,0.025025,229.528,0.6968,49.993
Weekend_Home,2020-01-10 20:12:00,0.022547,230.661,0.6851,49.998
Weekend_Home,2020-01-10 20:15:00,0.013156,232.651,0.4601,49.979
Weekend_Home,2020-01-10 20:18:00,0.017194,230.471,0.5349,50.007
Weekend_Home,2020-01-10 20:21:00,0.018455,230.537,0.5724,49.987
Weekend_Home,2020-01-10 20:24:00,0.020075,230.877,0.6011,49.995
Weekend_Home,2020-01-10 20:27:00,0.033689,228.792,0.9147,50.001
Weekend_Home,2020-01-10 20:30:00,0.021056,229.736,0.6773,49.993
Weekend_Home,2020-01-10 20:33:00,0.024374,229.093,0.6727,49.997
Weekend_Home,2020-01-10 20:36:00,0.021755,229.432,0.6372,49.998
Weekend_Home,2020-01-10 20:39:00,0.026278,231.117,0.683,49.981
Weekend_Home,2020-01-10 20:42:00,0.025891,229.033,0.7177,49.965
Weekend_Home,2020-01-10 20:45:00,0.015189,230.085,0.5673,50.002
Weekend_Home,2020-01-10 20:48:00,0.018504,229.179,0.5713,49.992
Weekend_Home,2020-01-10 20:51:00,0.018799,229.695,0.6176,49.982
Weekend_Home,2020-01-10 20:54:00,0.020096,229.258,0.5826,49.99
Weekend_Home,2020-01-10 20:57:00,0.018061,231.178,0.5316,50.023
Weekend_Home,2020-01-10 21:00:00,0.014274,230.967,0.4646,50.003
Weekend_Home,2020-01-10 21:03:00,0.02028,230.951,0.5966,50.016
Weekend_Home,2020-01-10 21:06:00,0.010281,231.097,0.4448,50.008
Weekend_Home,2020-01-10 21:09:00,0.020047,229.298,0.5589,50.023
Weekend_Home,2020-01-10 21:12:00,0.021464,230.276,0.6611,49.981
Weekend_Home,2020-01-10 21:15:00,0.016827,231.459,0.6208,50.008
Weekend_Home,2020-01-10 21:18:00,0.019441,230.318,0.5395,50.001
Weekend_Home,2020-01-10 21:21:00,0.011297,230.969,0.4975,49.985
Weekend_Home,2020-01-10 21:24:00,0.019142,230.055,0.5444,49.997
Weekend_Home,2020-01-10 21:27:00,0.017209,231.492,0.5683,49.998
Weekend_Home,2020-01-10 21:30:00,0.017465,230.069,0.5736,50.007
Weekend_Home,2020-01-10 21:33:00,0.014374,230.005,0.4906,49.991
Weekend_Home,2020-01-10 21:36:00,0.013813,230.75,0.488,49.984
Weekend_Home,2020-01-10 21:39:00,0.018992,231.613,0.6726,50.011
Weekend_Home,2020-01-10 21:42:00,0.015688,231.897,0.5538,49.987
Weekend_Home,2020-01-10 21:45:00,0.009788,230.954,0.4129,49.989
Weekend_Home,2020-01-10 21:48:00,0.017397,231.807,0.5864,49.977
Weekend_Home,2020-01-10 21:51:00,0.013275,231.031,0.4372,50.021
Weekend_Home,2020-01-10 21:54:00,0.01529,230.743,0.5054,49.986
Weekend_Home,2020-01-10 21:57:00,0.007901,232.342,0.4311,50.014
Weekend_Home,2020-01-10 22:00:00,0.016809,231.281,0.542,49.998
Weekend_Home,2020-01-10 22:03:00,0.014847,231.24,0.5038,49.999
Weekend_Home,2020-01-10 22:06:00,0.011243,229.589,0.4824,50.0
Weekend_Home,2020-01-10 22:09:00,0.014969,230.893,0.4882,49.981
Weekend_Home,2020-01-10 22:12:00,0.013338,230.375,0.4751,49.998
Weekend_Home,2020-01-10 22:15:00,0.017572,230.753,0.5549,49.988
Weekend_Home,2020-01-10 22:18:00,0.016603,231.562,0.5406,49.984
Weekend_Home,2020-01-10 22:21:00,0.009807,231.955,0.3791,49.988
Weekend_Home,2020-01-10 22:24:00,0.014432,231.437,0.4847,49.998
Weekend_Home,2020-01-10 22:27:00,0.008951,231.842,0.4221,50.005
Weekend_Home,2020-01-10 22:30:00,0.00592,230.352,0.3943,50.006
Weekend_Home,2020-01-10 22:33:00,0.008035,230.356,0.3834,49.983
Weekend_Home,2020-01-10 22:36:00,0.012679,231.083,0.4878,50.013
Weekend_Home,2020-01-10 22:39:00,0.008443,231.251,0.3642,49.996
Weekend_Home,2020-01-10 22:42:00,0.008883,231.674,0.4392,50.004
Weekend_Home,2020-01-10 22:45:00,0.013013,232.469,0.4683,49.988
Weekend_Home,2020-01-10 22:48:00,0.007792,231.887,0.3838,49.988
Weekend_Home,2020-01-10 22:51:00,0.012036,230.968,0.4962,49.993
Weekend_Home,2020-01-10 22:54:00,0.01385,230.114,0.4943,49.975
Weekend_Home,2020-01-10 22:57:00,0.005031,230.346,0.2816,49.996
Weekend_Home,2020-01-10 23:00:00,0.010837,231.535,0.4135,49.999
Weekend_Home,2020-01-10 23:03:00,0.013729,230.934,0.5337,50.016
Weekend_Home,2020-01-10 23:06:00,0.013903,229.473,0.5566,49.988
Weekend_Home,2020-01-10 23:09:00,0.016173,229.407,0.5487,50.0
Weekend_Home,2020-01-10 23:12:00,0.013094,230.497,0.4453,49.999
Weekend_Home,2020-01-10 23:15:00,0.009461,231.65,0.3711,49.996
Weekend_Home,2020-01-10 23:18:00,0.013584,232.74,0.4997,50.015
Weekend_Home,2020-01-10 23:21:00,0.009026,231.028,0.4755,49.988
Weekend_Home,2020-01-10 23:24:00,0.011294,231.028,0.4276,49.993
Weekend_Home,2020-01-10 23:27:00,0.011219,230.391,0.4795,50.007
Weekend_Home,2020-01-10 23:30:00,0.011542,231.84,0.4259,50.017
Weekend_Home,2020-01-10 23:33:00,0.011789,231.213,0.4429,49.993
Weekend_Home,2020-01-10 23:36:00,0.015555,231.419,0.5122,50.003
Weekend_Home,2020-01-10 23:39:00,0.015922,230.045,0.5837,49.984
Weekend_Home,2020-01-10 23:42:00,0.010079,232.257,0.4145,49.993
Weekend_Home,2020-01-10 23:45:00,0.011728,230.874,0.4743,50.0
Weekend_Home,2020-01-10 23:48:00,0.01182,229.991,0.4376,49.998
Weekend_Home,2020-01-10 23:51:00,0.013077,230.342,0.4529,49.982
Weekend_Home,2020-01-10 23:54:00,0.010328,231.069,0.4766,49.979
Weekend_Home,2020-01-10 23:57:00,0.011463,231.587,0.4935,49.972
Weekend_Home,2020-01-11 00:00:00,0.021632,230.497,0.5705,49.977
Weekend_Home,2020-01-11 00:03:00,0.024647,229.96,0.6867,49.972
Weekend_Home,2020-01-11 00:06:00,0.02226,230.679,0.6419,49.985
Weekend_Home,2020-01-11 00:09:00,0.025589,229.063,0.7277,49.987
Weekend_Home,2020-01-11 00:12:00,0.022081,228.989,0.6438,49.998
Weekend_Home,2020-01-11 00:15:00,0.033487,229.158,0.8569,49.985
Weekend_Home,2020-01-11 00:18:00,0.027431,228.347,0.7579,49.987
Weekend_Home,2020-01-11 00:21:00,0.021477,229.866,0.5755,49.981
Weekend_Home,2020-01-11 00:24:00,0.022621,231.398,0.6965,49.984
Weekend_Home,2020-01-11 00:27:00,0.028067,228.837,0.7568,49.985
Weekend_Home,2020-01-11 00:30:00,0.027726,229.196,0.7366,49.983
Weekend_Home,2020-01-11 00:33:00,0.025963,229.381,0.7098,50.002
Weekend_Home,2020-01-11 00:36:00,0.028389,228.941,0.7326,49.959
Weekend_Home,2020-01-11 00:39:00,0.013396,231.743,0.5182,50.009
Weekend_Home,2020-01-11 00:42:00,0.019506,231.302,0.5982,49.99
Weekend_Home,2020-01-11 00:45:00,0.023367,230.485,0.6146,49.966
Weekend_Home,2020-01-11 00:48:00,0.020519,229.908,0.6672,50.01
Weekend_Home,2020-01-11 00:51:00,0.018446,229.471,0.5996,49.983
Weekend_Home,2020-01-11 00:54:00,0.024215,230.09,0.7074,49.978
Weekend_Home,2020-01-11 00:57:00,0.022898,230.907,0.5956,50.001
Weekend_Home,2020-01-11 01:00:00,0.027782,229.28,0.6994,49.999
Weekend_Home,2020-01-11 01:03:00,0.036751,229.809,0.8983,50.0
Weekend_Home,2020-01-11 01:06:00,0.021324,228.359,0.6297,49.978
Weekend_Home,2020-01-11 01:09:00,0.031488,228.274,0.8476,49.98
Weekend_Home,2020-01-11 01:12:00,0.019969,231.22,0.6146,50.003
Weekend_Home,2020-01-11 01:15:00,0.030838,230.094,0.7941,49.999
Weekend_Home,2020-01-11 01:18:00,0.026068,229.933,0.7629,50.007
Weekend_Home,2020-01-11 01:21:00,0.022776,230.289,0.6664,49.997
Weekend_Home,2020-01-11 01:24:00,0.021448,230.162,0.6592,49.994
Weekend_Home,2020-01-11 01:27:00,0.021449,229.913,0.6222,49.985
Weekend_Home,2020-01-11 01:30:00,0.021233,230.168,0.6105,50.014
Weekend_Home,2020-01-11 01:33:00,0.016694,229.683,0.5342,49.991
Weekend_Home,2020-01-11 01:36:00,0.019849,230.614,0.6026,50.008
Weekend_Home,2020-01-11 01:39:00,0.029532,229.216,0.7364,49.974
Weekend_Home,2020-01-11 01:42:00,0.022619,229.218,0.6985,49.969
Weekend_Home,2020-01-11 01:45:00,0.022964,230.898,0.7565,49.982
Weekend_Home,2020-01-11 01:48:00,0.021954,231.726,0.6233,49.978
Weekend_Home,2020-01-11 01:51:00,0.030808,230.558,0.7084,49.983
Weekend_Home,2020-01-11 01:54:00,0.024083,229.658,0.6155,50.004
Weekend_Home,2020-01-11 01:57:00,0.011886,231.662,0.4587,49.997
Weekend_Home,2020-01-11 02:00:00,0.02534,230.147,0.749,49.985
Weekend_Home,2020-01-11 02:03:00,0.021109,229.971,0.5921,49.991
Weekend_Home,2020-01-11 02:06:00,0.017941,230.149,0.6183,49.996
Weekend_Home,2020-01-11 02:09:00,0.015816,231.694,0.5732,49.992
Weekend_Home,2020-01-11 02:12:00,0.021247,230.245,0.6719,50.017
Weekend_Home,2020-01-11 02:15:00,0.024514,230.949,0.64,49.973
Weekend_Home,2020-01-11 02:18:00,0.010019,229.981,0.3842,49.973
Weekend_Home,2020-01-11 02:21:00,0.022351,230.087,0.6537,49.991
Weekend_Home,2020-01-11 02:24:00,0.028637,227.132,0.7953,49.991
Weekend_Home,2020-01-11 02:27:00,0.028506,230.432,0.7518,50.004
Weekend_Home,2020-01-11 02:30:00,0.014544,231.399,0.4166,50.0
Weekend_Home,2020-01-11 02:33:00,0.017268,230.333,0.5577,49.999
Weekend_Home,2020-01-11 02:36:00,0.015068,230.606,0.5654,49.994
Weekend_Home,2020-01-11 02:39:00,0.03036,230.555,0.8252,49.977
Weekend_Home,2020-01-11 02:42:00,0.02439,230.263,0.7189,49.984
Weekend_Home,2020-01-11 02:45:00,0.018042,231.377,0.5727,49.983
Weekend_Home,2020-01-11 02:48:00,0.028632,230.075,0.7771,49.984
Weekend_Home,2020-01-11 02:51:00,0.018251,229.588,0.5895,50.008
Weekend_Home,2020-01-11 02:54:00,0.031724,229.655,0.8084,49.991
Weekend_Home,2020-01-11 02:57:00,0.029035,230.245,0.7875,50.011
Weekend_Home,2020-01-11 03:00:00,0.023887,229.944,0.6128,49.998
Weekend_Home,2020-01-11 03:03:00,0.025327,230.523,0.7012,49.982
Weekend_Home,2020-01-11 03:06:00,0.021971,228.688,0.7145,49.993
Weekend_Home,2020-01-11 03:09:00,0.021788,229.427,0.6157,49.98
Weekend_Home,2020-01-11 03:12:00,0.022989,231.427,0.5952,49.985
Weekend_Home,2020-01-11 03:15:00,0.019854,231.341,0.5772,50.008
Weekend_Home,2020-01-11 03:18:00,0.016577,231.329,0.5466,49.996
Weekend_Home,2020-01-11 03:21:00,0.020904,231.407,0.5891,49.997
Weekend_Home,2020-01-11 03:24:00,0.028336,228.649,0.7119,49.969
Weekend_Home,2020-01-11 03:27:00,0.030102,228.992,0.7728,49.98
Weekend_Home,2020-01-11 03:30:00,0.018311,231.634,0.5416,49.995
Weekend_Home,2020-01-11 03:33:00,0.021416,231.931,0.6775,49.968
Weekend_Home,2020-01-11 03:36:00,0.024483,230.724,0.6979,49.979
Weekend_Home,2020-01-11 03:39:00,0.026979,228.201,0.7245,49.967
Weekend_Home,2020-01-11 03:42:00,0.02296,229.949,0.6491,50.0
Weekend_Home,2020-01-11 03:45:00,0.024791,227.578,0.7054,49.99
Weekend_Home,2020-01-11 03:48:00,0.025132,230.029,0.6488,49.973
Weekend_Home,2020-01-11 03:51:00,0.023357,230.299,0.6831,50.008
Weekend_Home,2020-01-11 03:54:00,0.023575,231.106,0.6537,50.008
Weekend_Home,2020-01-11 03:57:00,0.017473,229.956,0.5345,50.0
Weekend_Home,2020-01-11 04:00:00,0.027865,228.152,0.749,49.982
Weekend_Home,2020-01-11 04:03:00,0.020839,230.76,0.6793,50.006
Weekend_Home,2020-01-11 04:06:00,0.029793,229.219,0.7164,49.985
Weekend_Home,2020-01-11 04:09:00,0.027249,230.51,0.8514,49.988
Weekend_Home,2020-01-11 04:12:00,0.031969,228.566,0.8833,49.979
Weekend_Home,2020-01-11 04:15:00,0.020175,229.777,0.6554,49.973
Weekend_Home,2020-01-11 04:18:00,0.013172,230.978,0.4931,50.0
Weekend_Home,2020-01-11 04:21:00,0.030273,228.547,0.7059,49.989
Weekend_Home,2020-01-11 04:24:00,0.019011,229.62,0.6414,49.979
Weekend_Home,2020-01-11 04:27:00,0.028399,229.422,0.7577,49.986
Weekend_Home,2020-01-11 04:30:00,0.034954,229.07,0.8743,49.986
Weekend_Home,2020-01-11 04:33:00,0.019458,230.846,0.5558,49.996
Weekend_Home,2020-01-11 04:36:00,0.025658,230.542,0.738,49.975
Weekend_Home,2020-01-11 04:39:00,0.020189,230.691,0.6285,49.988
Weekend_Home,2020-01-11 04:42:00,0.024384,230.481,0.7223,49.982
Weekend_Home,2020-01-11 04:45:00,0.015227,231.504,0.5364,49.993
Weekend_Home,2020-01-11 04:48:00,0.028721,229.197,0.7416,49.984
Weekend_Home,2020-01-11 04:51:00,0.020164,230.627,0.6241,50.002
Weekend_Home,2020-01-11 04:54:00,0.028538,229.439,0.728,50.009
Weekend_Home,2020-01-11 04:57:00,0.033422,228.806,0.8706,49.983
Weekend_Home,2020-01-11 05:00:00,0.028209,231.554,0.7533,49.994
Weekend_Home,2020-01-11 05:03:00,0.032946,229.581,0.8148,49.998
Weekend_Home,2020-01-11 05:06:00,0.033652,228.053,0.8767,49.98
Weekend_Home,2020-01-11 05:09:00,0.032957,228.972,0.8662,49.977
Weekend_Home,2020-01-11 05:12:00,0.019914,231.032,0.5671,50.007
Weekend_Home,2020-01-11 05:15:00,0.037404,227.561,0.897,49.984
Weekend_Home,2020-01-11 05:18:00,0.042526,229.492,1.0594,49.994
Weekend_Home,2020-01-11 05:21:00,0.025882,229.243,0.6889,49.987
Weekend_Home,2020-01-11 05:24:00,0.040409,228.441,1.0007,49.98
Weekend_Home,2020-01-11 05:27:00,0.029336,230.171,0.7579,49.996
Weekend_Home,2020-01-11 05:30:00,0.02769,228.939,0.7405,49.99
Weekend_Home,2020-01-11 05:33:00,0.036847,228.448,0.91,49.978
Weekend_Home,2020-01-11 05:36:00,0.021103,229.151,0.5907,50.009
Weekend_Home,2020-01-11 05:39:00,0.029224,229.699,0.7467,50.002
Weekend_Home,2020-01-11 05:42:00,0.034988,229.418,0.9092,49.97
Weekend_Home,2020-01-11 05:45:00,0.033658,229.021,0.868,49.999
Weekend_Home,2020-01-11 05:48:00,0.034948,228.876,0.841,49.977
Weekend_Home,2020-01-11 05:51:00,0.047211,226.582,1.1645,49.971
Weekend_Home,2020-01-11 05:54:00,0.045124,228.468,1.0699,49.973
Weekend_Home,2020-01-11 05:57:00,0.033669,228.988,0.8442,49.999
Weekend_Home,2020-01-11 06:00:00,0.041826,228.653,1.031,49.986
Weekend_Home,2020-01-11 06:03:00,0.031765,228.826,0.8046,50.007
Weekend_Home,2020-01-11 06:06:00,0.022488,229.161,0.6708,49.988
Weekend_Home,2020-01-11 06:09:00,0.026465,229.894,0.7841,49.995
Weekend_Home,2020-01-11 06:12:00,0.056207,227.059,1.2513,49.981
Weekend_Home,2020-01-11 06:15:00,0.026297,230.682,0.7202,50.005
Weekend_Home,2020-01-11 06:18:00,0.062526,227.762,1.4163,49.986
Weekend_Home,2020-01-11 06:21:00,0.042455,230.215,1.0624,49.984
Weekend_Home,2020-01-11 06:24:00,0.036811,226.903,0.9354,49.988
Weekend_Home,2020-01-11 06:27:00,0.052774,228.255,1.1328,49.983
Weekend_Home,2020-01-11 06:30:00,0.051385,226.274,1.2038,49.992
Weekend_Home,2020-01-11 06:33:00,0.040105,229.091,0.9771,49.985
Weekend_Home,2020-01-11 06:36:00,0.030836,230.139,0.8143,49.988
Weekend_Home,2020-01-11 06:39:00,0.047903,228.669,1.0921,49.983
Weekend_Home,2020-01-11 06:42:00,0.045664,227.58,1.0918,49.994
Weekend_Home,2020-01-11 06:45:00,0.04077,230.692,0.945,49.986
Weekend_Home,2020-01-11 06:48:00,0.061658,228.453,1.3223,49.963
Weekend_Home,2020-01-11 06:51:00,0.041865,229.763,1.03,49.991
Weekend_Home,2020-01-11 06:54:00,0.055357,228.295,1.196,49.98
Weekend_Home,2020-01-11 06:57:00,0.058468,226.164,1.2903,49.991
Weekend_Home,2020-01-11 07:00:00,0.055019,229.109,1.2309,49.964
Weekend_Home,2020-01-11 07:03:00,0.042092,228.455,1.0014,49.993
Weekend_Home,2020-01-11 07:06:00,0.052094,227.784,1.2674,49.97
Weekend_Home,2020-01-11 07:09:00,0.043484,229.007,1.0816,49.992
Weekend_Home,2020-01-11 07:12:00,0.033131,228.903,0.8511,49.988
Weekend_Home,2020-01-11 07:15:00,0.044033,229.467,1.0647,49.992
Weekend_Home,2020-01-11 07:18:00,0.046488,227.877,1.0403,49.98
Weekend_Home,2020-01-11 07:21:00,0.042738,228.905,1.0645,49.972
Weekend_Home,2020-01-11 07:24:00,0.031845,229.253,0.8,49.991
Weekend_Home,2020-01-11 07:27:00,0.03576,229.674,0.8934,49.991
Weekend_Home,2020-01-11 07:30:00,0.052652,228.516,1.2688,49.994
Weekend_Home,2020-01-11 07:33:00,0.062535,226.541,1.3919,49.968
Weekend_Home,2020-01-11 07:36:00,0.057677,227.503,1.3959,49.954
Weekend_Home,2020-01-11 07:39:00,0.042999,229.445,0.9748,49.972
Weekend_Home,2020-01-11 07:42:00,0.05898,227.69,1.3293,49.975
Weekend_Home,2020-01-11 07:45:00,0.037425,227.608,0.9099,49.994
Weekend_Home,2020-01-11 07:48:00,0.047443,229.536,1.1141,49.983
Weekend_Home,2020-01-11 07:51:00,0.059073,227.16,1.338,49.982
Weekend_Home,2020-01-11 07:54:00,0.045771,227.526,1.0858,49.995
Weekend_Home,2020-01-11 07:57:00,0.03881,229.527,0.9568,49.972
Weekend_Home,2020-01-11 08:00:00,0.046221,226.92,1.063,49.974
Weekend_Home,2020-01-11 08:03:00,0.063437,226.075,1.4049,49.978
Weekend_Home,2020-01-11 08:06:00,0.041538,229.916,1.0076,49.988
Weekend_Home,2020-01-11 08:09:00,0.055293,227.504,1.225,49.983
Weekend_Home,2020-01-11 08:12:00,0.033668,231.235,0.8664,49.977
Weekend_Home,2020-01-11 08:15:00,0.019849,228.173,0.5964,49.993
Weekend_Home,2020-01-11 08:18:00,0.057975,225.577,1.3345,49.971
Weekend_Home,2020-01-11 08:21:00,0.036425,230.174,0.9436,49.98
Weekend_Home,2020-01-11 08:24:00,0.057743,226.533,1.2649,49.95
Weekend_Home,2020-01-11 08:27:00,0.071681,226.335,1.5368,49.963
Weekend_Home,2020-01-11 08:30:00,0.045329,227.711,1.0637,49.995
Weekend_Home,2020-01-11 08:33:00,0.079946,224.661,1.7188,49.953
Weekend_Home,2020-01-11 08:36:00,0.083282,225.71,1.7456,49.971
Weekend_Home,2020-01-11 08:39:00,0.053985,227.942,1.2097,49.979
Weekend_Home,2020-01-11 08:42:00,0.051276,227.238,1.1652,49.986
Weekend_Home,2020-01-11 08:45:00,0.074706,224.36,1.6124,49.969
Weekend_Home,2020-01-11 08:48:00,0.037216,229.806,0.9213,49.978
Weekend_Home,2020-01-11 08:51:00,0.038239,230.341,0.9967,49.975
Weekend_Home,2020-01-11 08:54:00,0.054325,227.605,1.2412,49.979
Weekend_Home,2020-01-11 08:57:00,0.07412,226.867,1.6661,49.97
Weekend_Home,2020-01-11 09:00:00,0.049224,228.851,1.1425,49.96
Weekend_Home,2020-01-11 09:03:00,0.064584,226.467,1.4429,49.985
Weekend_Home,2020-01-11 09:06:00,0.048902,227.309,1.095,49.986
Weekend_Home,2020-01-11 09:09:00,0.065649,225.776,1.4404,49.962
Weekend_Home,2020-01-11 09:12:00,0.040001,228.222,0.9208,49.977
Weekend_Home,2020-01-11 09:15:00,0.055021,227.268,1.2387,49.977
Weekend_Home,2020-01-11 09:18:00,0.033818,229.819,0.8642,49.974
Weekend_Home,2020-01-11 09:21:00,0.035707,229.545,0.8559,49.98
Weekend_Home,2020-01-11 09:24:00,0.035515,227.845,0.9195,49.964
Weekend_Home,2020-01-11 09:27:00,0.049471,227.512,1.1573,49.98
Weekend_Home,2020-01-11 09:30:00,0.061765,226.838,1.4046,49.966
Weekend_Home,2020-01-11 09:33:00,0.060072,226.413,1.301,49.967
Weekend_Home,2020-01-11 09:36:00,0.041353,228.992,0.9548,49.985
Weekend_Home,2020-01-11 09:39:00,0.040571,229.69,0.9642,49.956
Weekend_Home,2020-01-11 09:42:00,0.039993,229.638,0.9627,49.976
Weekend_Home,2020-01-11 09:45:00,0.042774,229.342,0.9966,49.962
Weekend_Home,2020-01-11 09:48:00,0.041236,228.644,0.9872,49.976
Weekend_Home,2020-01-11 09:51:00,0.038859,228.485,0.9726,49.979
Weekend_Home,2020-01-11 09:54:00,0.032885,227.906,0.8509,49.978
Weekend_Home,2020-01-11 09:57:00,0.048085,226.87,1.0822,49.989
Weekend_Home,2020-01-11 10:00:00,0.026245,231.019,0.7057,49.98
Weekend_Home,2020-01-11 10:03:00,0.051541,225.961,1.1127,50.0
Weekend_Home,2020-01-11 10:06:00,0.054162,227.808,1.2155,49.99
Weekend_Home,2020-01-11 10:09:00,0.037734,228.636,0.8978,50.002
Weekend_Home,2020-01-11 10:12:00,0.065558,227.103,1.4141,49.97
Weekend_Home,2020-01-11 10:15:00,0.037744,227.866,0.9171,49.997
Weekend_Home,2020-01-11 10:18:00,0.05405,228.504,1.2367,49.974
Weekend_Home,2020-01-11 10:21:00,0.046297,226.801,1.0553,49.997
Weekend_Home,2020-01-11 10:24:00,0.035086,230.001,0.8624,49.971
Weekend_Home,2020-01-11 10:27:00,0.030358,229.807,0.7869,49.99
Weekend_Home,2020-01-11 10:30:00,0.032906,230.096,0.7956,49.966
Weekend_Home,2020-01-11 10:33:00,0.043225,227.508,0.9717,50.005
Weekend_Home,2020-01-11 10:36:00,0.041654,227.567,0.9676,49.998
Weekend_Home,2020-01-11 10:39:00,0.051347,228.012,1.1718,49.97
Weekend_Home,2020-01-11 10:42:00,0.046774,228.561,1.0559,50.005
Weekend_Home,2020-01-11 10:45:00,0.040694,228.875,0.9973,50.009
Weekend_Home,2020-01-11 10:48:00,0.031857,229.408,0.8233,49.986
Weekend_Home,2020-01-11 10:51:00,0.044211,228.025,1.0623,49.982
Weekend_Home,2020-01-11 10:54:00,0.044194,228.433,1.0134,49.98
Weekend_Home,2020-01-11 10:57:00,0.03641,229.503,0.9428,49.996
Weekend_Home,2020-01-11 11:00:00,0.047469,227.783,1.0579,49.976
Weekend_Home,2020-01-11 11:03:00,0.027881,230.556,0.6965,49.997
Weekend_Home,2020-01-11 11:06:00,0.035328,227.702,0.902,49.995
Weekend_Home,2020-01-11 11:09:00,0.051788,227.73,1.1675,49.972
Weekend_Home,2020-01-11 11:12:00,0.036547,228.736,0.9541,49.987
Weekend_Home,2020-01-11 11:15:00,0.031287,228.398,0.8358,49.976
Weekend_Home,2020-01-11 11:18:00,0.057981,227.295,1.2732,49.988
Weekend_Home,2020-01-11 11:21:00,0.044009,227.146,0.9712,49.97
Weekend_Home,2020-01-11 11:24:00,0.04633,227.364,1.0727,49.987
Weekend_Home,2020-01-11 11:27:00,0.029931,231.374,0.7698,49.979
Weekend_Home,2020-01-11 11:30:00,0.030078,230.039,0.7806,49.989
Weekend_Home,2020-01-11 11:33:00,0.016415,230.781,0.5396,49.992
Weekend_Home,2020-01-11 11:36:00,0.032129,229.748,0.8597,49.969
Weekend_Home,2020-01-11 11:39:00,0.042765,229.1,1.0243,49.982
Weekend_Home,2020-01-11 11:42:00,0.044779,228.261,1.075,49.973
Weekend_Home,2020-01-11 11:45:00,0.030322,229.483,0.8227,49.965
Weekend_Home,2020-01-11 11:48:00,0.047942,229.347,1.1105,49.982
Weekend_Home,2020-01-11 11:51:00,0.045861,229.478,1.1223,49.975
Weekend_Home,2020-01-11 11:54:00,0.047283,228.389,1.092,49.974
Weekend_Home,2020-01-11 11:57:00,0.051337,228.284,1.1427,49.993
Weekend_Home,2020-01-11 12:00:00,0.026141,230.343,0.6849,49.981
Weekend_Home,2020-01-11 12:03:00,0.026542,230.53,0.733,49.979
Weekend_Home,2020-01-11 12:06:00,0.053041,227.686,1.1745,49.996
Weekend_Home,2020-01-11 12:09:00,0.039531,228.511,0.9627,49.972
Weekend_Home,2020-01-11 12:12:00,0.058704,226.917,1.3451,49.99
Weekend_Home,2020-01-11 12:15:00,0.041144,228.895,1.0469,49.974
Weekend_Home,2020-01-11 12:18:00,0.051103,228.223,1.1161,49.961
Weekend_Home,2020-01-11 12:21:00,0.028007,230.239,0.7616,49.978
Weekend_Home,2020-01-11 12:24:00,0.032767,229.091,0.9024,50.0
Weekend_Home,2020-01-11 12:27:00,0.0539,229.245,1.1528,49.97
Weekend_Home,2020-01-11 12:30:00,0.053728,227.539,1.2132,50.004
Weekend_Home,2020-01-11 12:33:00,0.030655,228.941,0.7716,49.965
Weekend_Home,2020-01-11 12:36:00,0.042236,229.219,1.0057,49.988
Weekend_Home,2020-01-11 12:39:00,0.042819,229.652,1.0069,49.985
Weekend_Home,2020-01-11 12:42:00,0.043377,228.678,1.0249,49.979
Weekend_Home,2020-01-11 12:45:00,0.04567,228.609,1.058,49.96
Weekend_Home,2020-01-11 12:48:00,0.041098,228.788,0.9995,49.973
Weekend_Home,2020-01-11 12:51:00,0.04946,228.905,1.1594,49.976
Weekend_Home,2020-01-11 12:54:00,0.059659,225.86,1.3785,49.966
Weekend_Home,2020-01-11 12:57:00,0.051791,226.866,1.185,49.978
Weekend_Home,2020-01-11 13:00:00,0.06413,227.197,1.4434,49.989
Weekend_Home,2020-01-11 13:03:00,0.041105,229.403,1.0041,49.969
Weekend_Home,2020-01-11 13:06:00,0.055621,227.19,1.2116,49.976
Weekend_Home,2020-01-11 13:09:00,0.045296,229.647,1.0931,49.966
Weekend_Home,2020-01-11 13:12:00,0.028787,229.942,0.7561,50.002
Weekend_Home,2020-01-11 13:15:00,0.053566,228.345,1.2174,49.978
Weekend_Home,2020-01-11 13:18:00,0.047127,227.771,1.1074,49.971
Weekend_Home,2020-01-11 13:21:00,0.029733,230.511,0.7716,49.977
Weekend_Home,2020-01-11 13:24:00,0.029822,228.931,0.7696,49.976
Weekend_Home,2020-01-11 13:27:00,0.067354,225.566,1.4144,49.958
Weekend_Home,2020-01-11 13:30:00,0.065196,227.108,1.4372,49.983
Weekend_Home,2020-01-11 13:33:00,0.077996,226.317,1.6808,49.965
Weekend_Home,2020-01-11 13:36:00,0.03858,228.705,0.9812,49.976
Weekend_Home,2020-01-11 13:39:00,0.060062,227.152,1.3625,49.956
Weekend_Home,2020-01-11 13:42:00,0.038533,229.476,0.949,49.994
Weekend_Home,2020-01-11 13:45:00,0.024063,230.373,0.676,49.982
Weekend_Home,2020-01-11 13:48:00,0.055836,226.44,1.2301,49.976
Weekend_Home,2020-01-11 13:51:00,0.025914,230.018,0.701,49.986
Weekend_Home,2020-01-11 13:54:00,0.036649,229.426,0.8938,49.987
Weekend_Home,2020-01-11 13:57:00,0.058904,228.436,1.2796,49.977
Weekend_Home,2020-01-11 14:00:00,0.050406,228.338,1.0917,49.963
Weekend_Home,2020-01-11 14:03:00,0.032377,229.806,0.7696,49.983
Weekend_Home,2020-01-11 14:06:00,0.046587,227.829,1.0507,49.97
Weekend_Home,2020-01-11 14:09:00,0.049392,227.451,1.1233,49.968
Weekend_Home,2020-01-11 14:12:00,0.077613,226.377,1.6687,49.973
Weekend_Home,2020-01-11 14:15:00,0.043164,227.723,1.0085,49.993
Weekend_Home,2020-01-11 14:18:00,0.057831,226.507,1.2952,49.974
Weekend_Home,2020-01-11 14:21:00,0.051304,227.029,1.1798,49.968
Weekend_Home,2020-01-11 14:24:00,0.044928,228.647,1.0461,49.963
Weekend_Home,2020-01-11 14:27:00,0.054021,226.694,1.2413,49.992
Weekend_Home,2020-01-11 14:30:00,0.053324,227.676,1.168,49.985
Weekend_Home,2020-01-11 14:33:00,0.025939,229.368,0.7471,50.01
Weekend_Home,2020-01-11 14:36:00,0.073193,226.085,1.5901,49.969
Weekend_Home,2020-01-11 14:39:00,0.041512,229.963,0.9826,49.972
Weekend_Home,2020-01-11 14:42:00,0.047739,227.913,1.1099,49.974
Weekend_Home,2020-01-11 14:45:00,0.026271,230.249,0.6963,50.01
Weekend_Home,2020-01-11 14:48:00,0.054017,229.248,1.1992,49.983
Weekend_Home,2020-01-11 14:51:00,0.060327,227.309,1.4046,49.964
Weekend_Home,2020-01-11 14:54:00,0.049833,227.248,1.1478,49.988
Weekend_Home,2020-01-11 14:57:00,0.060551,227.481,1.3994,49.987
Weekend_Home,2020-01-11 15:00:00,0.031284,229.25,0.7577,49.983
Weekend_Home,2020-01-11 15:03:00,0.050667,228.69,1.2054,49.983
Weekend_Home,2020-01-11 15:06:00,0.06092,226.999,1.3542,49.981
Weekend_Home,2020-01-11 15:09:00,0.035325,229.808,0.8626,49.994
Weekend_Home,2020-01-11 15:12:00,0.043808,229.106,1.0974,49.974
Weekend_Home,2020-01-11 15:15:00,0.047415,228.6,1.0591,49.98
Weekend_Home,2020-01-11 15:18:00,0.052786,227.895,1.1588,50.0
Weekend_Home,2020-01-11 15:21:00,0.047182,226.917,1.1468,49.981
Weekend_Home,2020-01-11 15:24:00,0.065993,226.693,1.3626,49.965
Weekend_Home,2020-01-11 15:27:00,0.037678,230.083,0.9556,49.977
Weekend_Home,2020-01-11 15:30:00,0.043969,228.256,1.0272,49.978
Weekend_Home,2020-01-11 15:33:00,0.056511,226.033,1.2221,49.987
Weekend_Home,2020-01-11 15:36:00,0.042675,228.383,0.9581,49.966
Weekend_Home,2020-01-11 15:39:00,0.045962,227.747,1.1133,49.991
Weekend_Home,2020-01-11 15:42:00,0.026517,228.734,0.6629,49.993
Weekend_Home,2020-01-11 15:45:00,0.055874,226.096,1.2847,49.971
Weekend_Home,2020-01-11 15:48:00,0.033719,229.354,0.9036,49.983
Weekend_Home,2020-01-11 15:51:00,0.039635,227.611,1.0077,49.983
Weekend_Home,2020-01-11 15:54:00,0.0405,229.074,0.9516,49.981
Weekend_Home,2020-01-11 15:57:00,0.054512,228.144,1.2229,49.977
Weekend_Home,2020-01-11 16:00:00,0.043486,229.6,1.0713,49.974
Weekend_Home,2020-01-11 16:03:00,0.050202,226.491,1.1239,49.948
Weekend_Home,2020-01-11 16:06:00,0.028514,229.807,0.7999,49.986
Weekend_Home,2020-01-11 16:09:00,0.027885,230.511,0.7315,49.989
Weekend_Home,2020-01-11 16:12:00,0.042137,228.108,0.9889,49.999
Weekend_Home,2020-01-11 16:15:00,0.066526,226.157,1.4934,49.963
Weekend_Home,2020-01-11 16:18:00,0.05699,229.389,1.2071,49.984
Weekend_Home,2020-01-11 16:21:00,0.035437,229.633,0.8309,49.993
Weekend_Home,2020-01-11 16:24:00,0.037034,227.977,0.9656,50.001
Weekend_Home,2020-01-11 16:27:00,0.049587,227.572,1.1265,49.98
Weekend_Home,2020-01-11 16:30:00,0.027671,230.393,0.761,50.006
Weekend_Home,2020-01-11 16:33:00,0.039158,229.009,0.924,50.001
Weekend_Home,2020-01-11 16:36:00,0.019918,230.36,0.5863,49.988
Weekend_Home,2020-01-11 16:39:00,0.047637,227.979,1.1021,49.969
Weekend_Home,2020-01-11 16:42:00,0.035783,228.355,0.9116,49.971
Weekend_Home,2020-01-11 16:45:00,0.029555,229.244,0.7848,50.002
Weekend_Home,2020-01-11 16:48:00,0.037717,229.537,0.9762,49.993
Weekend_Home,2020-01-11 16:51:00,0.025327,229.941,0.7287,49.978
Weekend_Home,2020-01-11 16:54:00,0.038892,227.984,0.9688,49.989
Weekend_Home,2020-01-11 16:57:00,0.021803,230.349,0.595,49.99
Weekend_Home,2020-01-11 17:00:00,0.039364,228.716,0.9768,50.007
Weekend_Home,2020-01-11 17:03:00,0.0444,228.241,1.1088,49.971
Weekend_Home,2020-01-11 17:06:00,0.051193,228.264,1.2623,49.963
Weekend_Home,2020-01-11 17:09:00,0.048942,228.488,1.1211,49.97
Weekend_Home,2020-01-11 17:12:00,0.041152,227.724,1.02,49.999
Weekend_Home,2020-01-11 17:15:00,0.016194,231.521,0.5439,50.007
Weekend_Home,2020-01-11 17:18:00,0.029774,230.037,0.7523,50.017
Weekend_Home,2020-01-11 17:21:00,0.03367,229.569,0.7751,49.973
Weekend_Home,2020-01-11 17:24:00,0.039971,228.171,0.9436,50.001
Weekend_Home,2020-01-11 17:27:00,0.037329,229.672,0.9384,49.967
Weekend_Home,2020-01-11 17:30:00,0.037213,228.813,0.8715,49.994
Weekend_Home,2020-01-11 17:33:00,0.045837,227.104,0.9973,49.972
Weekend_Home,2020-01-11 17:36:00,0.035615,229.534,0.8755,50.018
Weekend_Home,2020-01-11 17:39:00,0.033608,228.825,0.8501,49.992
Weekend_Home,2020-01-11 17:42:00,0.04335,228.9,0.998,49.966
Weekend_Home,2020-01-11 17:45:00,0.045208,228.314,1.0377,49.968
Weekend_Home,2020-01-11 17:48:00,0.05301,228.69,1.2393,49.984
Weekend_Home,2020-01-11 17:51:00,0.039258,228.971,0.897,49.991
Weekend_Home,2020-01-11 17:54:00,0.055392,227.966,1.2865,49.987
Weekend_Home,2020-01-11 17:57:00,0.027492,230.114,0.6731,50.001
Weekend_Home,2020-01-11 18:00:00,0.049906,228.584,1.1525,50.0
Weekend_Home,2020-01-11 18:03:00,0.034259,229.193,0.8388,49.982
Weekend_Home,2020-01-11 18:06:00,0.049908,228.744,1.1014,49.982
Weekend_Home,2020-01-11 18:09:00,0.047915,228.888,1.1319,49.992
Weekend_Home,2020-01-11 18:12:00,0.038951,229.774,0.9297,49.981
Weekend_Home,2020-01-11 18:15:00,0.057259,228.003,1.2775,49.967
Weekend_Home,2020-01-11 18:18:00,0.048135,228.378,1.1067,49.981
Weekend_Home,2020-01-11 18:21:00,0.037532,228.941,0.9221,49.988
Weekend_Home,2020-01-11 18:24:00,0.044965,227.311,1.1039,49.974
Weekend_Home,2020-01-11 18:27:00,0.048055,229.182,1.1366,49.991
Weekend_Home,2020-01-11 18:30:00,0.031427,229.258,0.8279,49.968
Weekend_Home,2020-01-11 18:33:00,0.039092,227.97,1.0008,49.979
Weekend_Home,2020-01-11 18:36:00,0.039401,229.215,0.9524,49.982
Weekend_Home,2020-01-11 18:39:00,0.054268,228.532,1.1731,49.982
Weekend_Home,2020-01-11 18:42:00,0.062766,227.162,1.3965,49.97
Weekend_Home,2020-01-11 18:45:00,0.031192,229.574,0.8347,49.989
Weekend_Home,2020-01-11 18:48:00,0.038397,228.746,0.93,49.996
Weekend_Home,2020-01-11 18:51:00,0.032679,227.556,0.8391,49.985
Weekend_Home,2020-01-11 18:54:00,0.049433,228.894,1.1563,49.988
Weekend_Home,2020-01-11 18:57:00,0.051648,228.201,1.1999,49.985
Weekend_Home,2020-01-11 19:00:00,0.04783,227.48,1.1247,49.969
Weekend_Home,2020-01-11 19:03:00,0.051185,228.108,1.1224,49.97
Weekend_Home,2020-01-11 19:06:00,0.067731,226.276,1.3958,49.987
Weekend_Home,2020-01-11 19:09:00,0.04095,229.077,0.9353,49.984
Weekend_Home,2020-01-11 19:12:00,0.053446,227.794,1.2115,49.991
Weekend_Home,2020-01-11 19:15:00,0.049716,228.518,1.1787,49.968
Weekend_Home,2020-01-11 19:18:00,0.050964,227.914,1.1569,49.972
Weekend_Home,2020-01-11 19:21:00,0.055472,226.786,1.2348,49.963
Weekend_Home,2020-01-11 19:24:00,0.045314,227.81,1.0161,49.974
Weekend_Home,2020-01-11 19:27:00,0.046229,229.523,1.0556,49.964
Weekend_Home,2020-01-11 19:30:00,0.04612,227.876,1.0158,49.984
Weekend_Home,2020-01-11 19:33:00,0.03262,229.436,0.8387,49.995
Weekend_Home,2020-01-11 19:36:00,0.046381,227.354,1.1059,49.966
Weekend_Home,2020-01-11 19:39:00,0.047132,227.354,1.1093,49.973
Weekend_Home,2020-01-11 19:42:00,0.055381,228.366,1.2931,49.95
Weekend_Home,2020-01-11 19:45:00,0.047444,228.628,1.1158,49.971
Weekend_Home,2020-01-11 19:48:00,0.058731,227.445,1.3023,49.983
Weekend_Home,2020-01-11 19:51:00,0.049395,228.461,1.1645,49.983
Weekend_Home,2020-01-11 19:54:00,0.034489,229.793,0.8569,49.961
Weekend_Home,2020-01-11 19:57:00,0.071897,226.763,1.5767,49.969
Weekend_Home,2020-01-11 20:00:00,0.048796,227.423,1.1558,49.968
Weekend_Home,2020-01-11 20:03:00,0.036535,230.332,0.8698,49.973
Weekend_Home,2020-01-11 20:06:00,0.040442,229.419,0.9484,49.997
Weekend_Home,2020-01-11 20:09:00,0.048587,226.973,1.1275,49.99
Weekend_Home,2020-01-11 20:12:00,0.054158,228.759,1.1439,49.984
Weekend_Home,2020-01-11 20:15:00,0.06661,226.23,1.4882,49.969
Weekend_Home,2020-01-11 20:18:00,0.035028,227.663,0.8478,49.982
Weekend_Home,2020-01-11 20:21:00,0.043808,227.974,1.0341,49.997
Weekend_Home,2020-01-11 20:24:00,0.05258,227.961,1.1816,49.99
Weekend_Home,2020-01-11 20:27:00,0.052225,228.235,1.237,49.98
Weekend_Home,2020-01-11 20:30:00,0.053959,226.37,1.219,49.954
Weekend_Home,2020-01-11 20:33:00,0.043297,228.277,1.0014,49.986
Weekend_Home,2020-01-11 20:36:00,0.045977,227.961,1.0744,49.969
Weekend_Home,2020-01-11 20:39:00,0.06032,225.552,1.2804,49.971
Weekend_Home,2020-01-11 20:42:00,0.04302,227.73,0.9843,49.972
Weekend_Home,2020-01-11 20:45:00,0.012688,230.0,0.4498,49.996
Weekend_Home,2020-01-11 20:48:00,0.027261,229.252,0.6698,49.981
Weekend_Home,2020-01-11 20:51:00,0.046456,227.95,1.0222,49.981
Weekend_Home,2020-01-11 20:54:00,0.064958,227.042,1.3942,49.965
Weekend_Home,2020-01-11 20:57:00,0.042276,228.977,1.0452,49.981
Weekend_Home,2020-01-11 21:00:00,0.04212,228.851,0.9776,49.992
Weekend_Home,2020-01-11 21:03:00,0.044315,228.827,0.9809,50.003
Weekend_Home,2020-01-11 21:06:00,0.049884,227.814,1.0977,49.985
Weekend_Home,2020-01-11 21:09:00,0.039484,228.266,1.0167,49.978
Weekend_Home,2020-01-11 21:12:00,0.05318,228.042,1.2033,49.981
Weekend_Home,2020-01-11 21:15:00,0.032794,229.892,0.801,49.983
Weekend_Home,2020-01-11 21:18:00,0.025218,231.615,0.7581,49.963
Weekend_Home,2020-01-11 21:21:00,0.029543,229.251,0.7936,49.998
Weekend_Home,2020-01-11 21:24:00,0.047353,227.396,1.0573,49.969
Weekend_Home,2020-01-11 21:27:00,0.041528,229.644,0.9731,50.002
Weekend_Home,2020-01-11 21:30:00,0.040453,227.689,0.9717,49.98
Weekend_Home,2020-01-11 21:33:00,0.038378,229.017,0.9317,49.989
Weekend_Home,2020-01-11 21:36:00,0.04036,228.55,0.9864,50.002
Weekend_Home,2020-01-11 21:39:00,0.03919,228.83,0.9882,49.972
Weekend_Home,2020-01-11 21:42:00,0.042112,228.001,0.9101,49.999
Weekend_Home,2020-01-11 21:45:00,0.044103,230.06,1.0135,49.991
Weekend_Home,2020-01-11 21:48:00,0.017908,231.616,0.6007,49.989
Weekend_Home,2020-01-11 21:51:00,0.040537,228.257,0.9629,49.976
Weekend_Home,2020-01-11 21:54:00,0.043884,229.145,1.0616,49.973
Weekend_Home,2020-01-11 21:57:00,0.019558,230.865,0.5794,49.989
Weekend_Home,2020-01-11 22:00:00,0.040134,229.563,0.9489,49.997
Weekend_Home,2020-01-11 22:03:00,0.033084,228.644,0.8866,49.98
Weekend_Home,2020-01-11 22:06:00,0.018094,230.539,0.5636,49.981
Weekend_Home,2020-01-11 22:09:00,0.02303,229.738,0.6828,50.005
Weekend_Home,2020-01-11 22:12:00,0.034462,230.255,0.8825,50.001
Weekend_Home,2020-01-11 22:15:00,0.019577,231.695,0.5647,50.006
Weekend_Home,2020-01-11 22:18:00,0.032355,228.63,0.8514,49.999
Weekend_Home,2020-01-11 22:21:00,0.025877,230.316,0.697,50.002
Weekend_Home,2020-01-11 22:24:00,0.037534,228.946,0.9505,49.99
Weekend_Home,2020-01-11 22:27:00,0.026145,229.924,0.7193,49.971
Weekend_Home,2020-01-11 22:30:00,0.033029,229.341,0.8732,50.004
Weekend_Home,2020-01-11 22:33:00,0.018134,230.536,0.6007,50.0
Weekend_Home,2020-01-11 22:36:00,0.0305,230.299,0.8071,49.982
Weekend_Home,2020-01-11 22:39:00,0.02378,230.682,0.6962,50.009
Weekend_Home,2020-01-11 22:42:00,0.027994,229.003,0.7528,49.993
Weekend_Home,2020-01-11 22:45:00,0.021422,228.973,0.6585,49.971
Weekend_Home,2020-01-11 22:48:00,0.021268,229.938,0.6629,49.988
Weekend_Home,2020-01-11 22:51:00,0.024958,231.212,0.721,49.967
Weekend_Home,2020-01-11 22:54:00,0.025665,231.128,0.7154,49.998
Weekend_Home,2020-01-11 22:57:00,0.030705,228.927,0.7914,49.98
Weekend_Home,2020-01-11 23:00:00,0.025487,229.546,0.6548,49.997
Weekend_Home,2020-01-11 23:03:00,0.032818,230.669,0.8336,49.981
Weekend_Home,2020-01-11 23:06:00,0.024431,231.298,0.6311,49.976
Weekend_Home,2020-01-11 23:09:00,0.042795,229.823,0.9784,49.986
Weekend_Home,2020-01-11 23:12:00,0.018657,231.754,0.6297,49.989
Weekend_Home,2020-01-11 23:15:00,0.025122,229.603,0.7211,49.977
Weekend_Home,2020-01-11 23:18:00,0.031811,230.85,0.8241,50.006
Weekend_Home,2020-01-11 23:21:00,0.035995,228.759,0.906,49.987
Weekend_Home,2020-01-11 23:24:00,0.025554,228.855,0.7101,49.984
Weekend_Home,2020-01-11 23:27:00,0.024851,228.923,0.6925,49.997
Weekend_Home,2020-01-11 23:30:00,0.022404,230.19,0.6816,49.968
Weekend_Home,2020-01-11 23:33:00,0.023171,230.803,0.6657,50.001
Weekend_Home,2020-01-11 23:36:00,0.022692,229.732,0.6007,49.996
Weekend_Home,2020-01-11 23:39:00,0.026967,230.048,0.7214,49.993
Weekend_Home,2020-01-11 23:42:00,0.022809,230.601,0.6772,49.986
Weekend_Home,2020-01-11 23:45:00,0.042591,228.468,0.9884,50.001
Weekend_Home,2020-01-11 23:48:00,0.026855,229.701,0.7482,50.0
Weekend_Home,2020-01-11 23:51:00,0.024671,229.749,0.6828,49.984
Weekend_Home,2020-01-11 23:54:00,0.017934,230.528,0.517,50.004
Weekend_Home,2020-01-11 23:57:00,0.030507,229.971,0.7496,49.997
Weekend_Home,2020-01-12 00:00:00,0.025825,230.808,0.6905,50.002
Weekend_Home,2020-01-12 00:03:00,0.009157,232.509,0.3698,50.008
Weekend_Home,2020-01-12 00:06:00,0.025331,230.49,0.6619,49.995
Weekend_Home,2020-01-12 00:09:00,0.023075,229.723,0.6521,50.011
Weekend_Home,2020-01-12 00:12:00,0.023662,229.578,0.6703,49.998
Weekend_Home,2020-01-12 00:15:00,0.023333,230.835,0.6511,50.005
Weekend_Home,2020-01-12 00:18:00,0.020388,229.59,0.6702,49.992
Weekend_Home,2020-01-12 00:21:00,0.025504,230.894,0.7795,49.987
Weekend_Home,2020-01-12 00:24:00,0.028049,228.992,0.7557,49.998
Weekend_Home,2020-01-12 00:27:00,0.023832,229.816,0.6183,49.995
Weekend_Home,2020-01-12 00:30:00,0.020625,229.667,0.63,49.994
Weekend_Home,2020-01-12 00:33:00,0.024331,230.504,0.7047,49.995
Weekend_Home,2020-01-12 00:36:00,0.019118,229.08,0.5919,49.984
Weekend_Home,2020-01-12 00:39:00,0.029649,230.288,0.8117,49.977
Weekend_Home,2020-01-12 00:42:00,0.012413,230.524,0.4658,49.996
Weekend_Home,2020-01-12 00:45:00,0.01655,232.181,0.5807,50.019
Weekend_Home,2020-01-12 00:48:00,0.026196,229.026,0.7333,49.987
Weekend_Home,2020-01-12 00:51:00,0.023872,230.267,0.6335,50.0
Weekend_Home,2020-01-12 00:54:00,0.029489,227.603,0.8317,49.961
Weekend_Home,2020-01-12 00:57:00,0.027891,229.679,0.761,49.982
Weekend_Home,2020-01-12 01:00:00,0.027264,229.085,0.7027,49.979
Weekend_Home,2020-01-12 01:03:00,0.025348,229.331,0.723,49.975
Weekend_Home,2020-01-12 01:06:00,0.027384,229.108,0.7469,49.987
Weekend_Home,2020-01-12 01:09:00,0.027111,230.962,0.6815,49.987
Weekend_Home,2020-01-12 01:12:00,0.00941,232.951,0.4428,50.036
Weekend_Home,2020-01-12 01:15:00,0.024039,230.68,0.6652,49.992
Weekend_Home,2020-01-12 01:18:00,0.017861,229.612,0.5221,49.969
Weekend_Home,2020-01-12 01:21:00,0.021379,229.686,0.6058,50.001
Weekend_Home,2020-01-12 01:24:00,0.023692,229.287,0.6728,49.98
Weekend_Home,2020-01-12 01:27:00,0.020846,229.919,0.6469,49.988
Weekend_Home,2020-01-12 01:30:00,0.018513,229.523,0.546,49.964
Weekend_Home,2020-01-12 01:33:00,0.021615,231.398,0.6218,49.975
Weekend_Home,2020-01-12 01:36:00,0.02488,230.401,0.6993,49.999
Weekend_Home,2020-01-12 01:39:00,0.027146,228.978,0.7662,49.995
Weekend_Home,2020-01-12 01:42:00,0.023527,232.216,0.6877,49.993
Weekend_Home,2020-01-12 01:45:00,0.021363,231.39,0.6336,49.985
Weekend_Home,2020-01-12 01:48:00,0.014935,231.119,0.5306,49.982
Weekend_Home,2020-01-12 01:51:00,0.029336,230.026,0.7907,49.993
Weekend_Home,2020-01-12 01:54:00,0.025803,228.348,0.7495,49.983
Weekend_Home,2020-01-12 01:57:00,0.02215,229.892,0.6633,49.977
Weekend_Home,2020-01-12 02:00:00,0.031213,229.864,0.8374,49.981
Weekend_Home,2020-01-12 02:03:00,0.02372,231.314,0.6828,49.973
Weekend_Home,2020-01-12 02:06:00,0.029021,230.83,0.8122,49.992
Weekend_Home,2020-01-12 02:09:00,0.023952,231.632,0.7157,49.993
Weekend_Home,2020-01-12 02:12:00,0.028971,229.761,0.7446,49.983
Weekend_Home,2020-01-12 02:15:00,0.02777,230.591,0.7166,49.991
Weekend_Home,2020-01-12 02:18:00,0.021029,230.214,0.6182,49.987
Weekend_Home,2020-01-12 02:21:00,0.018897,230.179,0.6465,49.982
Weekend_Home,2020-01-12 02:24:00,0.019936,230.166,0.5943,50.002
Weekend_Home,2020-01-12 02:27:00,0.030433,230.739,0.8395,49.994
Weekend_Home,2020-01-12 02:30:00,0.017506,231.225,0.5787,49.979
Weekend_Home,2020-01-12 02:33:00,0.021979,230.99,0.6433,49.971
Weekend_Home,2020-01-12 02:36:00,0.030547,230.475,0.8397,49.995
Weekend_Home,2020-01-12 02:39:00,0.027302,231.235,0.7319,49.977
Weekend_Home,2020-01-12 02:42:00,0.019892,231.145,0.6366,49.993
Weekend_Home,2020-01-12 02:45:00,0.029149,229.902,0.7688,50.0
Weekend_Home,2020-01-12 02:48:00,0.013047,232.709,0.4929,49.977
Weekend_Home,2020-01-12 02:51:00,0.022338,229.137,0.6445,49.993
Weekend_Home,2020-01-12 02:54:00,0.009927,230.342,0.386,50.015
Weekend_Home,2020-01-12 02:57:00,0.026296,229.425,0.7224,49.979
Weekend_Home,2020-01-12 03:00:00,0.033449,228.453,0.8225,49.987
Weekend_Home,2020-01-12 03:03:00,0.024211,229.522,0.6984,49.985
Weekend_Home,2020-01-12 03:06:00,0.021389,231.051,0.6291,49.983
Weekend_Home,2020-01-12 03:09:00,0.016277,230.09,0.5922,50.011
Weekend_Home,2020-01-12 03:12:00,0.01547,230.484,0.5002,49.999
Weekend_Home,2020-01-12 03:15:00,0.023696,229.675,0.6813,49.996
Weekend_Home,2020-01-12 03:18:00,0.020406,230.368,0.656,49.998
Weekend_Home,2020-01-12 03:21:00,0.022725,231.231,0.6504,50.015
Weekend_Home,2020-01-12 03:24:00,0.022348,229.558,0.6372,49.986
Weekend_Home,2020-01-12 03:27:00,0.025566,231.078,0.6609,49.993
Weekend_Home,2020-01-12 03:30:00,0.018259,230.054,0.583,50.008
Weekend_Home,2020-01-12 03:33:00,0.020259,231.365,0.6494,49.992
Weekend_Home,2020-01-12 03:36:00,0.021778,229.466,0.636,50.0
Weekend_Home,2020-01-12 03:39:00,0.030612,228.689,0.7863,49.986
Weekend_Home,2020-01-12 03:42:00,0.022367,230.174,0.6991,49.972
Weekend_Home,2020-01-12 03:45:00,0.027803,230.228,0.6882,49.987
Weekend_Home,2020-01-12 03:48:00,0.025937,229.191,0.7405,49.988
Weekend_Home,2020-01-12 03:51:00,0.030378,229.533,0.8337,49.985
Weekend_Home,2020-01-12 03:54:00,0.019128,230.216,0.6123,50.003
Weekend_Home,2020-01-12 03:57:00,0.033423,230.335,0.9013,49.984
Weekend_Home,2020-01-12 04:00:00,0.025665,229.703,0.7597,49.996
Weekend_Home,2020-01-12 04:03:00,0.029789,228.985,0.7314,49.984
Weekend_Home,2020-01-12 04:06:00,0.019585,231.142,0.628,50.006
Weekend_Home,2020-01-12 04:09:00,0.018968,231.362,0.5259,50.003
Weekend_Home,2020-01-12 04:12:00,0.022543,230.108,0.6656,49.994
Weekend_Home,2020-01-12 04:15:00,0.015866,230.181,0.4944,50.005
Weekend_Home,2020-01-12 04:18:00,0.023633,229.058,0.7109,49.99
Weekend_Home,2020-01-12 04:21:00,0.026069,230.281,0.6796,49.982
Weekend_Home,2020-01-12 04:24:00,0.026839,229.572,0.7259,49.989
Weekend_Home,2020-01-12 04:27:00,0.029345,230.015,0.7589,49.958
Weekend_Home,2020-01-12 04:30:00,0.023317,229.813,0.686,50.003
Weekend_Home,2020-01-12 04:33:00,0.023075,229.99,0.6705,49.979
Weekend_Home,2020-01-12 04:36:00,0.037785,228.927,0.9101,49.984
Weekend_Home,2020-01-12 04:39:00,0.02788,228.275,0.741,49.979
Weekend_Home,2020-01-12 04:42:00,0.019401,230.832,0.629,49.981
Weekend_Home,2020-01-12 04:45:00,0.03096,229.682,0.7535,49.973
Weekend_Home,2020-01-12 04:48:00,0.02713,228.753,0.6904,49.979
Weekend_Home,2020-01-12 04:51:00,0.039726,229.128,0.9521,49.988
Weekend_Home,2020-01-12 04:54:00,0.031784,230.148,0.8101,49.992
Weekend_Home,2020-01-12 04:57:00,0.030889,230.099,0.7765,50.003
Weekend_Home,2020-01-12 05:00:00,0.030255,228.49,0.8342,49.981
Weekend_Home,2020-01-12 05:03:00,0.024498,230.065,0.6705,49.982
Weekend_Home,2020-01-12 05:06:00,0.035425,229.45,0.8365,49.982
Weekend_Home,2020-01-12 05:09:00,0.028006,231.197,0.7896,49.986
Weekend_Home,2020-01-12 05:12:00,0.037257,227.962,0.8884,49.976
Weekend_Home,2020-01-12 05:15:00,0.042271,228.65,0.9993,49.979
Weekend_Home,2020-01-12 05:18:00,0.046805,227.136,1.1143,49.981
Weekend_Home,2020-01-12 05:21:00,0.030935,229.148,0.7804,49.991
Weekend_Home,2020-01-12 05:24:00,0.038503,228.604,0.9449,49.991
Weekend_Home,2020-01-12 05:27:00,0.037454,228.495,0.8786,49.969
Weekend_Home,2020-01-12 05:30:00,0.022636,229.908,0.672,49.979
Weekend_Home,2020-01-12 05:33:00,0.041222,228.735,1.0075,49.981
Weekend_Home,2020-01-12 05:36:00,0.03231,229.068,0.8972,50.006
Weekend_Home,2020-01-12 05:39:00,0.042552,228.441,0.9791,49.989
Weekend_Home,2020-01-12 05:42:00,0.041191,227.823,1.0147,49.996
Weekend_Home,2020-01-12 05:45:00,0.041132,228.683,0.9792,49.983
Weekend_Home,2020-01-12 05:48:00,0.028384,230.488,0.7748,50.002
Weekend_Home,2020-01-12 05:51:00,0.037469,228.231,0.9628,49.981
Weekend_Home,2020-01-12 05:54:00,0.035765,227.281,0.884,49.985
Weekend_Home,2020-01-12 05:57:00,0.053859,226.696,1.1939,50.002
Weekend_Home,2020-01-12 06:00:00,0.028773,230.249,0.7791,50.025
Weekend_Home,2020-01-12 06:03:00,0.054198,227.469,1.2372,49.987
Weekend_Home,2020-01-12 06:06:00,0.052446,227.35,1.1616,49.984
Weekend_Home,2020-01-12 06:09:00,0.04237,228.141,0.9406,49.981
Weekend_Home,2020-01-12 06:12:00,0.050829,227.035,1.1276,50.0
Weekend_Home,2020-01-12 06:15:00,0.031317,229.364,0.7827,49.993
Weekend_Home,2020-01-12 06:18:00,0.031969,228.321,0.8387,49.993
Weekend_Home,2020-01-12 06:21:00,0.065961,226.965,1.4606,49.96
Weekend_Home,2020-01-12 06:24:00,0.02418,229.295,0.6947,49.989
Weekend_Home,2020-01-12 06:27:00,0.039557,227.078,0.9399,49.983
Weekend_Home,2020-01-12 06:30:00,0.04414,226.916,1.003,49.978
Weekend_Home,2020-01-12 06:33:00,0.03794,229.856,0.9046,49.993
Weekend_Home,2020-01-12 06:36:00,0.042756,228.995,1.0783,49.988
Weekend_Home,2020-01-12 06:39:00,0.045253,228.191,1.0394,49.981
Weekend_Home,2020-01-12 06:42:00,0.05176,227.592,1.2114,49.974
Weekend_Home,2020-01-12 06:45:00,0.042104,228.728,1.0497,49.96
Weekend_Home,2020-01-12 06:48:00,0.04488,227.964,1.0311,49.996
Weekend_Home,2020-01-12 06:51:00,0.037913,230.879,0.9136,49.982
Weekend_Home,2020-01-12 06:54:00,0.050112,228.72,1.1114,49.993
Weekend_Home,2020-01-12 06:57:00,0.066809,227.527,1.4449,49.953
Weekend_Home,2020-01-12 07:00:00,0.032503,229.242,0.8174,50.003
Weekend_Home,2020-01-12 07:03:00,0.051387,228.125,1.1733,49.972
Weekend_Home,2020-01-12 07:06:00,0.046571,229.139,1.108,49.975
Weekend_Home,2020-01-12 07:09:00,0.059097,228.0,1.3208,49.998
Weekend_Home,2020-01-12 07:12:00,0.031617,229.273,0.7759,50.003
Weekend_Home,2020-01-12 07:15:00,0.053106,227.718,1.2111,49.965
Weekend_Home,2020-01-12 07:18:00,0.04035,229.599,0.9745,49.999
Weekend_Home,2020-01-12 07:21:00,0.060939,228.041,1.3031,49.963
Weekend_Home,2020-01-12 07:24:00,0.063731,226.26,1.4373,49.974
Weekend_Home,2020-01-12 07:27:00,0.053765,228.153,1.1697,49.984
Weekend_Home,2020-01-12 07:30:00,0.061023,228.012,1.2713,49.955
Weekend_Home,2020-01-12 07:33:00,0.054979,227.504,1.2894,49.972
Weekend_Home,2020-01-12 07:36:00,0.063954,225.487,1.4244,49.972
Weekend_Home,2020-01-12 07:39:00,0.045883,228.693,1.0903,49.996
Weekend_Home,2020-01-12 07:42:00,0.037334,229.127,0.9142,49.966
Weekend_Home,2020-01-12 07:45:00,0.050335,227.508,1.0766,49.999
Weekend_Home,2020-01-12 07:48:00,0.064739,226.064,1.4532,49.979
Weekend_Home,2020-01-12 07:51:00,0.043578,227.764,1.0487,49.991
Weekend_Home,2020-01-12 07:54:00,0.052551,228.232,1.1809,49.98
Weekend_Home,2020-01-12 07:57:00,0.045862,228.182,1.0536,49.978
Weekend_Home,2020-01-12 08:00:00,0.073006,226.338,1.55,49.98
Weekend_Home,2020-01-12 08:03:00,0.051441,228.579,1.1328,49.978
Weekend_Home,2020-01-12 08:06:00,0.054664,227.743,1.2172,49.983
Weekend_Home,2020-01-12 08:09:00,0.07393,225.749,1.5259,49.974
Weekend_Home,2020-01-12 08:12:00,0.070149,225.721,1.5777,49.978
Weekend_Home,2020-01-12 08:15:00,0.041362,228.652,1.0067,49.984
Weekend_Home,2020-01-12 08:18:00,0.049295,228.633,1.1743,49.965
Weekend_Home,2020-01-12 08:21:00,0.062181,226.542,1.3828,49.973
Weekend_Home,2020-01-12 08:24:00,0.056786,226.954,1.217,49.975
Weekend_Home,2020-01-12 08:27:00,0.059809,227.19,1.3509,49.973
Weekend_Home,2020-01-12 08:30:00,0.041012,229.332,0.9474,49.982
Weekend_Home,2020-01-12 08:33:00,0.047612,226.956,1.1065,49.963
Weekend_Home,2020-01-12 08:36:00,0.046959,227.805,1.0305,49.956
Weekend_Home,2020-01-12 08:39:00,0.053358,229.626,1.2085,49.98
Weekend_Home,2020-01-12 08:42:00,0.034904,228.494,0.9271,49.982
Weekend_Home,2020-01-12 08:45:00,0.040556,227.42,0.9966,49.991
Weekend_Home,2020-01-12 08:48:00,0.047537,228.231,1.0524,49.98
Weekend_Home,2020-01-12 08:51:00,0.047742,228.898,1.1365,49.964
Weekend_Home,2020-01-12 08:54:00,0.060392,226.156,1.351,49.974
Weekend_Home,2020-01-12 08:57:00,0.064008,227.754,1.3265,49.964
Weekend_Home,2020-01-12 09:00:00,0.03711,227.903,0.969,49.993
Weekend_Home,2020-01-12 09:03:00,0.047756,227.829,1.1067,49.994
Weekend_Home,2020-01-12 09:06:00,0.070855,226.197,1.4622,49.985
Weekend_Home,2020-01-12 09:09:00,0.055945,229.337,1.2895,49.976
Weekend_Home,2020-01-12 09:12:00,0.064047,225.972,1.4165,49.964
Weekend_Home,2020-01-12 09:15:00,0.03905,228.581,0.9701,49.983
Weekend_Home,2020-01-12 09:18:00,0.054494,227.241,1.2102,49.981
Weekend_Home,2020-01-12 09:21:00,0.050865,228.803,1.1388,49.967
Weekend_Home,2020-01-12 09:24:00,0.050794,227.255,1.1727,49.977
Weekend_Home,2020-01-12 09:27:00,0.055937,226.394,1.2299,49.995
Weekend_Home,2020-01-12 09:30:00,0.0522,227.294,1.2054,49.965
Weekend_Home,2020-01-12 09:33:00,0.053874,228.266,1.2796,49.977
Weekend_Home,2020-01-12 09:36:00,0.043739,228.25,0.9979,49.972
Weekend_Home,2020-01-12 09:39:00,0.042899,228.74,1.0423,49.987
Weekend_Home,2020-01-12 09:42:00,0.042306,228.519,0.9968,49.985
Weekend_Home,2020-01-12 09:45:00,0.0395,228.626,0.9773,49.995
Weekend_Home,2020-01-12 09:48:00,0.046524,228.167,1.0573,49.995
Weekend_Home,2020-01-12 09:51:00,0.036733,230.525,0.8976,49.982
Weekend_Home,2020-01-12 09:54:00,0.052297,228.359,1.2022,49.972
Weekend_Home,2020-01-12 09:57:00,0.035113,226.716,0.8448,49.986
Weekend_Home,2020-01-12 10:00:00,0.026226,230.655,0.7643,49.99
Weekend_Home,2020-01-12 10:03:00,0.027259,229.06,0.7229,49.983
Weekend_Home,2020-01-12 10:06:00,0.047097,229.107,1.0993,50.007
Weekend_Home,2020-01-12 10:09:00,0.043826,228.707,0.9687,49.98
Weekend_Home,2020-01-12 10:12:00,0.045034,228.748,1.0612,49.989
Weekend_Home,2020-01-12 10:15:00,0.017917,232.12,0.6016,49.986
Weekend_Home,2020-01-12 10:18:00,0.049593,227.323,1.1435,49.974
Weekend_Home,2020-01-12 10:21:00,0.042282,228.349,0.9547,49.972
Weekend_Home,2020-01-12 10:24:00,0.034402,229.408,0.8653,49.994
Weekend_Home,2020-01-12 10:27:00,0.036856,229.748,0.8551,50.004
Weekend_Home,2020-01-12 10:30:00,0.04669,228.854,1.0442,49.975
Weekend_Home,2020-01-12 10:33:00,0.043543,227.654,1.0961,49.991
Weekend_Home,2020-01-12 10:36:00,0.022351,230.333,0.6847,49.974
Weekend_Home,2020-01-12 10:39:00,0.037093,228.009,0.931,49.973
Weekend_Home,2020-01-12 10:42:00,0.035456,228.692,0.8885,49.962
Weekend_Home,2020-01-12 10:45:00,0.007464,231.87,0.4815,50.017
Weekend_Home,2020-01-12 10:48:00,0.038854,229.655,0.9619,50.007
Weekend_Home,2020-01-12 10:51:00,0.040875,227.18,0.9727,49.986
Weekend_Home,2020-01-12 10:54:00,0.032337,228.261,0.8408,49.985
Weekend_Home,2020-01-12 10:57:00,0.041353,228.344,0.9944,49.988
Weekend_Home,2020-01-12 11:00:00,0.026593,230.84,0.6987,49.992
Weekend_Home,2020-01-12 11:03:00,0.052184,228.068,1.1865,49.999
Weekend_Home,2020-01-12 11:06:00,0.046478,228.089,1.0545,49.988
Weekend_Home,2020-01-12 11:09:00,0.039564,229.315,0.9399,49.972
Weekend_Home,2020-01-12 11:12:00,0.033438,228.909,0.914,49.991
Weekend_Home,2020-01-12 11:15:00,0.02717,230.814,0.6697,49.976
Weekend_Home,2020-01-12 11:18:00,0.035839,230.01,0.8517,49.976
Weekend_Home,2020-01-12 11:21:00,0.04134,228.307,1.0295,49.989
Weekend_Home,2020-01-12 11:24:00,0.051692,229.182,1.1552,49.973
Weekend_Home,2020-01-12 11:27:00,0.037855,230.452,0.919,49.979
Weekend_Home,2020-01-12 11:30:00,0.033451,228.989,0.8243,49.981
Weekend_Home,2020-01-12 11:33:00,0.05462,227.528,1.213,50.003
Weekend_Home,2020-01-12 11:36:00,0.051477,227.972,1.2019,49.969
Weekend_Home,2020-01-12 11:39:00,0.04097,229.286,0.9631,49.969
Weekend_Home,2020-01-12 11:42:00,0.042322,228.304,0.9667,49.974
Weekend_Home,2020-01-12 11:45:00,0.03169,229.114,0.799,49.987
Weekend_Home,2020-01-12 11:48:00,0.04709,227.347,1.0969,50.011
Weekend_Home,2020-01-12 11:51:00,0.055079,227.102,1.1675,49.979
Weekend_Home,2020-01-12 11:54:00,0.027242,229.774,0.7272,50.009
Weekend_Home,2020-01-12 11:57:00,0.033562,227.928,0.8317,50.006
Weekend_Home,2020-01-12 12:00:00,0.040582,228.343,0.9997,49.992
Weekend_Home,2020-01-12 12:03:00,0.049442,228.036,1.0565,49.993
Weekend_Home,2020-01-12 12:06:00,0.02667,230.547,0.7451,50.006
Weekend_Home,2020-01-12 12:09:00,0.054866,227.842,1.2617,49.976
Weekend_Home,2020-01-12 12:12:00,0.03811,229.533,0.9252,49.999
Weekend_Home,2020-01-12 12:15:00,0.03726,228.649,0.8789,49.992
Weekend_Home,2020-01-12 12:18:00,0.032156,228.045,0.8124,49.992
Weekend_Home,2020-01-12 12:21:00,0.0297,228.837,0.7604,49.981
Weekend_Home,2020-01-12 12:24:00,0.042313,227.907,0.9516,49.991
Weekend_Home,2020-01-12 12:27:00,0.026577,230.414,0.7555,49.997
Weekend_Home,2020-01-12 12:30:00,0.040214,228.338,0.9335,49.988
Weekend_Home,2020-01-12 12:33:00,0.045922,227.359,1.0807,49.983
Weekend_Home,2020-01-12 12:36:00,0.043829,228.478,0.9836,49.97
Weekend_Home,2020-01-12 12:39:00,0.047356,228.179,1.1777,49.979
Weekend_Home,2020-01-12 12:42:00,0.032144,228.008,0.7536,49.973
Weekend_Home,2020-01-12 12:45:00,0.054217,228.673,1.2043,49.984
Weekend_Home,2020-01-12 12:48:00,0.056772,228.139,1.2991,49.979
Weekend_Home,2020-01-12 12:51:00,0.071471,225.807,1.5536,49.977
Weekend_Home,2020-01-12 12:54:00,0.043249,227.556,1.0082,49.975
Weekend_Home,2020-01-12 12:57:00,0.052624,229.1,1.2432,49.974
Weekend_Home,2020-01-12 13:00:00,0.039568,228.557,1.0009,49.983
Weekend_Home,2020-01-12 13:03:00,0.048809,226.645,1.1337,49.974
Weekend_Home,2020-01-12 13:06:00,0.039234,228.79,1.0006,49.987
Weekend_Home,2020-01-12 13:09:00,0.064599,227.25,1.4574,49.955
Weekend_Home,2020-01-12 13:12:00,0.042674,228.594,1.0791,50.002
Weekend_Home,2020-01-12 13:15:00,0.048801,227.512,1.1084,49.97
Weekend_Home,2020-01-12 13:18:00,0.052444,225.114,1.2128,49.97
Weekend_Home,2020-01-12 13:21:00,0.044514,227.751,1.0511,49.979
Weekend_Home,2020-01-12 13:24:00,0.055651,227.938,1.2761,49.989
Weekend_Home,2020-01-12 13:27:00,0.019847,230.576,0.6382,50.01
Weekend_Home,2020-01-12 13:30:00,0.062558,225.258,1.3822,49.953
Weekend_Home,2020-01-12 13:33:00,0.041701,227.78,0.9707,49.978
Weekend_Home,2020-01-12 13:36:00,0.049801,229.196,1.1377,49.969
Weekend_Home,2020-01-12 13:39:00,0.030887,229.618,0.8596,50.004
Weekend_Home,2020-01-12 13:42:00,0.052572,227.264,1.2017,49.978
Weekend_Home,2020-01-12 13:45:00,0.031214,229.029,0.7566,49.99
Weekend_Home,2020-01-12 13:48:00,0.03641,228.043,0.8334,50.003
Weekend_Home,2020-01-12 13:51:00,0.073784,224.89,1.6213,49.985
Weekend_Home,2020-01-12 13:54:00,0.037373,229.987,0.9467,50.013
Weekend_Home,2020-01-12 13:57:00,0.054886,228.128,1.2622,49.974
Weekend_Home,2020-01-12 14:00:00,0.067123,227.222,1.4275,49.961
Weekend_Home,2020-01-12 14:03:00,0.035792,229.019,0.9235,49.999
Weekend_Home,2020-01-12 14:06:00,0.084238,225.505,1.7159,49.983
Weekend_Home,2020-01-12 14:09:00,0.063267,227.801,1.3321,49.965
Weekend_Home,2020-01-12 14:12:00,0.050422,227.986,1.1915,49.983
Weekend_Home,2020-01-12 14:15:00,0.070741,225.697,1.5329,49.976
Weekend_Home,2020-01-12 14:18:00,0.039756,228.43,0.9386,49.999
Weekend_Home,2020-01-12 14:21:00,0.044409,227.749,1.0208,49.978
Weekend_Home,2020-01-12 14:24:00,0.040324,229.589,0.9967,49.987
Weekend_Home,2020-01-12 14:27:00,0.040373,228.608,0.9911,50.009
Weekend_Home,2020-01-12 14:30:00,0.046162,228.675,1.1095,49.991
Weekend_Home,2020-01-12 14:33:00,0.062787,227.155,1.3839,49.991
Weekend_Home,2020-01-12 14:36:00,0.053939,226.052,1.1964,49.996
Weekend_Home,2020-01-12 14:39:00,0.043499,228.705,1.0234,50.005
Weekend_Home,2020-01-12 14:42:00,0.032979,228.941,0.7806,49.977
Weekend_Home,2020-01-12 14:45:00,0.066483,226.395,1.4431,49.973
Weekend_Home,2020-01-12 14:48:00,0.049868,227.004,1.1239,49.972
Weekend_Home,2020-01-12 14:51:00,0.052843,227.171,1.155,49.977
Weekend_Home,2020-01-12 14:54:00,0.030941,229.305,0.7941,49.973
Weekend_Home,2020-01-12 14:57:00,0.048363,227.542,1.1241,49.983
Weekend_Home,2020-01-12 15:00:00,0.045681,229.903,1.0632,49.985
Weekend_Home,2020-01-12 15:03:00,0.059817,227.385,1.3035,49.97
Weekend_Home,2020-01-12 15:06:00,0.047771,226.231,1.1006,49.977
Weekend_Home,2020-01-12 15:09:00,0.042379,229.252,1.0375,49.979
Weekend_Home,2020-01-12 15:12:00,0.032517,228.574,0.8451,50.009
Weekend_Home,2020-01-12 15:15:00,0.036441,230.021,0.8797,49.995
Weekend_Home,2020-01-12 15:18:00,0.055556,226.732,1.209,49.974
Weekend_Home,2020-01-12 15:21:00,0.053232,228.115,1.2478,49.968
Weekend_Home,2020-01-12 15:24:00,0.063744,226.749,1.3864,49.992
Weekend_Home,2020-01-12 15:27:00,0.037274,227.869,0.962,49.98
Weekend_Home,2020-01-12 15:30:00,0.03895,228.507,0.9994,49.98
Weekend_Home,2020-01-12 15:33:00,0.036155,229.646,0.903,49.99
Weekend_Home,2020-01-12 15:36:00,0.036897,229.89,0.9686,49.974
Weekend_Home,2020-01-12 15:39:00,0.044109,228.652,1.0435,49.987
Weekend_Home,2020-01-12 15:42:00,0.054501,227.952,1.2127,49.977
Weekend_Home,2020-01-12 15:45:00,0.035214,228.884,0.8716,49.972
Weekend_Home,2020-01-12 15:48:00,0.038749,228.509,0.9334,49.993
Weekend_Home,2020-01-12 15:51:00,0.033169,228.779,0.8198,49.992
Weekend_Home,2020-01-12 15:54:00,0.037721,229.86,0.9694,49.977
Weekend_Home,2020-01-12 15:57:00,0.039899,227.915,0.9122,49.984
Weekend_Home,2020-01-12 16:00:00,0.034822,229.823,0.8591,49.977
Weekend_Home,2020-01-12 16:03:00,0.029504,229.514,0.713,49.976
Weekend_Home,2020-01-12 16:06:00,0.037979,228.245,0.919,49.989
Weekend_Home,2020-01-12 16:09:00,0.068805,226.533,1.4812,49.956
Weekend_Home,2020-01-12 16:12:00,0.042096,227.283,1.044,49.98
Weekend_Home,2020-01-12 16:15:00,0.017735,231.806,0.5588,49.986
Weekend_Home,2020-01-12 16:18:00,0.0283,230.0,0.8063,49.973
Weekend_Home,2020-01-12 16:21:00,0.03761,228.351,0.9436,49.98
Weekend_Home,2020-01-12 16:24:00,0.030357,228.663,0.8155,49.981
Weekend_Home,2020-01-12 16:27:00,0.032997,229.413,0.8833,49.992
Weekend_Home,2020-01-12 16:30:00,0.053761,226.97,1.1723,49.957
Weekend_Home,2020-01-12 16:33:00,0.027913,229.832,0.8041,49.986
Weekend_Home,2020-01-12 16:36:00,0.045,228.071,1.0097,49.979
Weekend_Home,2020-01-12 16:39:00,0.036988,228.825,0.8858,49.982
Weekend_Home,2020-01-12 16:42:00,0.037233,229.177,0.9068,49.993
Weekend_Home,2020-01-12 16:45:00,0.0425,229.364,0.9935,49.987
Weekend_Home,2020-01-12 16:48:00,0.045892,228.849,1.1289,49.989
Weekend_Home,2020-01-12 16:51:00,0.045623,228.574,1.1132,49.962
Weekend_Home,2020-01-12 16:54:00,0.040524,229.388,0.9397,49.976
Weekend_Home,2020-01-12 16:57:00,0.039548,228.807,0.9266,49.993
Weekend_Home,2020-01-12 17:00:00,0.03536,228.841,0.8844,49.987
Weekend_Home,2020-01-12 17:03:00,0.031935,228.872,0.781,49.978
Weekend_Home,2020-01-12 17:06:00,0.064893,226.286,1.3982,49.973
Weekend_Home,2020-01-12 17:09:00,0.043257,228.52,1.0531,49.986
Weekend_Home,2020-01-12 17:12:00,0.036705,228.411,0.9344,49.994
Weekend_Home,2020-01-12 17:15:00,0.042312,228.327,1.0197,49.983
Weekend_Home,2020-01-12 17:18:00,0.0265,230.595,0.7254,49.996
Weekend_Home,2020-01-12 17:21:00,0.040263,229.543,0.9879,49.984
Weekend_Home,2020-01-12 17:24:00,0.044253,228.65,1.063,49.973
Weekend_Home,2020-01-12 17:27:00,0.037973,229.552,0.961,49.991
Weekend_Home,2020-01-12 17:30:00,0.049994,227.565,1.174,49.983
Weekend_Home,2020-01-12 17:33:00,0.027091,229.825,0.7482,49.994
Weekend_Home,2020-01-12 17:36:00,0.038433,228.23,0.98,49.971
Weekend_Home,2020-01-12 17:39:00,0.016127,230.447,0.5087,49.997
Weekend_Home,2020-01-12 17:42:00,0.04669,227.942,1.087,49.993
Weekend_Home,2020-01-12 17:45:00,0.044007,229.068,1.0435,49.99
Weekend_Home,2020-01-12 17:48:00,0.040572,228.82,0.9602,49.98
Weekend_Home,2020-01-12 17:51:00,0.035937,229.513,0.9205,49.978
Weekend_Home,2020-01-12 17:54:00,0.035126,229.491,0.8252,49.992
Weekend_Home,2020-01-12 17:57:00,0.05061,227.789,1.2119,49.99
Weekend_Home,2020-01-12 18:00:00,0.034017,230.922,0.7961,49.97
Weekend_Home,2020-01-12 18:03:00,0.030525,229.627,0.7557,49.993
Weekend_Home,2020-01-12 18:06:00,0.024617,230.901,0.635,49.963
Weekend_Home,2020-01-12 18:09:00,0.04012,227.685,0.988,49.994
Weekend_Home,2020-01-12 18:12:00,0.027971,231.2,0.7168,50.016
Weekend_Home,2020-01-12 18:15:00,0.045799,227.856,1.0944,49.961
Weekend_Home,2020-01-12 18:18:00,0.0612,226.737,1.3465,49.955
Weekend_Home,2020-01-12 18:21:00,0.037477,228.18,0.8852,49.983
Weekend_Home,2020-01-12 18:24:00,0.03948,227.003,0.9745,49.977
Weekend_Home,2020-01-12 18:27:00,0.031324,229.295,0.7955,49.97
Weekend_Home,2020-01-12 18:30:00,0.053232,226.742,1.1493,49.983
Weekend_Home,2020-01-12 18:33:00,0.057273,226.753,1.3156,49.968
Weekend_Home,2020-01-12 18:36:00,0.035686,228.375,0.8964,49.978
Weekend_Home,2020-01-12 18:39:00,0.054973,226.41,1.2352,49.98
Weekend_Home,2020-01-12 18:42:00,0.0218,230.581,0.6779,49.988
Weekend_Home,2020-01-12 18:45:00,0.028355,230.01,0.7149,49.977
Weekend_Home,2020-01-12 18:48:00,0.044343,229.717,1.0673,49.994
Weekend_Home,2020-01-12 18:51:00,0.044684,227.343,1.0747,49.985
Weekend_Home,2020-01-12 18:54:00,0.028268,229.837,0.7563,49.981
Weekend_Home,2020-01-12 18:57:00,0.037497,228.637,0.9851,49.998
Weekend_Home,2020-01-12 19:00:00,0.05351,226.265,1.2511,49.999
Weekend_Home,2020-01-12 19:03:00,0.041087,227.925,0.9496,49.997
Weekend_Home,2020-01-12 19:06:00,0.025823,231.544,0.758,49.985
Weekend_Home,2020-01-12 19:09:00,0.046011,227.055,1.1157,50.015
Weekend_Home,2020-01-12 19:12:00,0.05553,228.224,1.2443,49.991
Weekend_Home,2020-01-12 19:15:00,0.048108,229.034,1.1315,49.986
Weekend_Home,2020-01-12 19:18:00,0.053065,228.078,1.1643,49.977
Weekend_Home,2020-01-12 19:21:00,0.051316,227.818,1.1867,49.979
Weekend_Home,2020-01-12 19:24:00,0.037952,228.618,0.9407,50.006
Weekend_Home,2020-01-12 19:27:00,0.060817,226.542,1.3333,49.985
Weekend_Home,2020-01-12 19:30:00,0.038027,231.073,0.9111,49.962
Weekend_Home,2020-01-12 19:33:00,0.032646,230.085,0.8447,49.968
Weekend_Home,2020-01-12 19:36:00,0.042464,228.472,0.9463,49.985
Weekend_Home,2020-01-12 19:39:00,0.03458,227.401,0.8872,49.995
Weekend_Home,2020-01-12 19:42:00,0.023202,229.841,0.6814,49.98
Weekend_Home,2020-01-12 19:45:00,0.042747,227.947,0.995,49.983
Weekend_Home,2020-01-12 19:48:00,0.050813,227.486,1.1555,49.973
Weekend_Home,2020-01-12 19:51:00,0.036329,229.159,0.8841,49.993
Weekend_Home,2020-01-12 19:54:00,0.045383,226.984,1.1071,49.962
Weekend_Home,2020-01-12 19:57:00,0.04266,227.314,0.9924,49.975
Weekend_Home,2020-01-12 20:00:00,0.031977,230.176,0.8409,49.994
Weekend_Home,2020-01-12 20:03:00,0.027476,229.785,0.7792,49.994
Weekend_Home,2020-01-12 20:06:00,0.037913,229.56,0.9507,49.985
Weekend_Home,2020-01-12 20:09:00,0.043879,228.696,1.0278,49.996
Weekend_Home,2020-01-12 20:12:00,0.050825,227.18,1.1629,49.984
Weekend_Home,2020-01-12 20:15:00,0.043978,227.528,1.0461,49.976
Weekend_Home,2020-01-12 20:18:00,0.033702,229.605,0.8197,49.971
Weekend_Home,2020-01-12 20:21:00,0.046083,228.406,1.093,49.993
Weekend_Home,2020-01-12 20:24:00,0.043893,229.486,1.0739,49.981
Weekend_Home,2020-01-12 20:27:00,0.058907,226.357,1.3099,49.96
Weekend_Home,2020-01-12 20:30:00,0.04546,229.446,1.0772,49.97
Weekend_Home,2020-01-12 20:33:00,0.045707,227.694,1.0548,49.984
Weekend_Home,2020-01-12 20:36:00,0.043528,229.363,0.9968,49.993
Weekend_Home,2020-01-12 20:39:00,0.065177,226.117,1.4352,49.985
Weekend_Home,2020-01-12 20:42:00,0.031328,230.644,0.8402,49.979
Weekend_Home,2020-01-12 20:45:00,0.041839,228.487,0.9029,50.0
Weekend_Home,2020-01-12 20:48:00,0.037902,227.583,0.9521,49.978
Weekend_Home,2020-01-12 20:51:00,0.034374,228.705,0.908,50.002
Weekend_Home,2020-01-12 20:54:00,0.028564,230.939,0.7712,50.0
Weekend_Home,2020-01-12 20:57:00,0.037055,229.217,0.9247,49.994
Weekend_Home,2020-01-12 21:00:00,0.036666,227.885,0.9079,49.994
Weekend_Home,2020-01-12 21:03:00,0.033039,229.622,0.788,49.989
Weekend_Home,2020-01-12 21:06:00,0.036514,229.022,0.8723,49.996
Weekend_Home,2020-01-12 21:09:00,0.045545,228.509,1.1055,49.988
Weekend_Home,2020-01-12 21:12:00,0.04503,227.499,1.0544,50.001
Weekend_Home,2020-01-12 21:15:00,0.03841,230.084,0.9444,49.972
Weekend_Home,2020-01-12 21:18:00,0.024452,228.895,0.7265,50.002
Weekend_Home,2020-01-12 21:21:00,0.033119,230.971,0.8684,49.984
Weekend_Home,2020-01-12 21:24:00,0.03838,227.337,0.8963,49.991
Weekend_Home,2020-01-12 21:27:00,0.049622,228.399,1.1309,49.994
Weekend_Home,2020-01-12 21:30:00,0.036707,228.669,0.8875,49.998
Weekend_Home,2020-01-12 21:33:00,0.034674,229.496,0.8622,49.977
Weekend_Home,2020-01-12 21:36:00,0.038846,229.993,0.9263,49.971
Weekend_Home,2020-01-12 21:39:00,0.028687,230.221,0.7923,49.99
Weekend_Home,2020-01-12 21:42:00,0.033086,228.658,0.8993,49.972
Weekend_Home,2020-01-12 21:45:00,0.033284,229.921,0.8028,49.989
Weekend_Home,2020-01-12 21:48:00,0.03555,230.574,0.8884,49.984
Weekend_Home,2020-01-12 21:51:00,0.040362,228.023,1.0082,49.969
Weekend_Home,2020-01-12 21:54:00,0.019339,230.174,0.5928,49.983
Weekend_Home,2020-01-12 21:57:00,0.04057,229.528,0.9884,49.971
Weekend_Home,2020-01-12 22:00:00,0.035962,227.943,0.8752,49.991
Weekend_Home,2020-01-12 22:03:00,0.034262,228.646,0.8834,49.982
Weekend_Home,2020-01-12 22:06:00,0.025113,230.156,0.704,49.998
Weekend_Home,2020-01-12 22:09:00,0.038825,228.652,0.9734,49.985
Weekend_Home,2020-01-12 22:12:00,0.024268,230.748,0.6706,50.003
Weekend_Home,2020-01-12 22:15:00,0.041241,229.158,0.9874,49.972
Weekend_Home,2020-01-12 22:18:00,0.027604,230.548,0.7195,49.947
Weekend_Home,2020-01-12 22:21:00,0.02965,228.614,0.7899,49.999
Weekend_Home,2020-01-12 22:24:00,0.028744,228.655,0.8132,49.999
Weekend_Home,2020-01-12 22:27:00,0.023778,231.911,0.6983,49.984
Weekend_Home,2020-01-12 22:30:00,0.031779,229.579,0.8419,49.978
Weekend_Home,2020-01-12 22:33:00,0.023064,230.687,0.6452,49.999
Weekend_Home,2020-01-12 22:36:00,0.028342,230.589,0.813,49.988
Weekend_Home,2020-01-12 22:39:00,0.019321,230.002,0.5347,49.985
Weekend_Home,2020-01-12 22:42:00,0.029208,230.487,0.7921,50.003
Weekend_Home,2020-01-12 22:45:00,0.025536,229.489,0.7136,50.005
Weekend_Home,2020-01-12 22:48:00,0.037004,229.322,0.92,49.97
Weekend_Home,2020-01-12 22:51:00,0.036577,229.291,0.9064,50.0
Weekend_Home,2020-01-12 22:54:00,0.021081,229.98,0.6145,50.008
Weekend_Home,2020-01-12 22:57:00,0.020804,230.313,0.5936,49.993
Weekend_Home,2020-01-12 23:00:00,0.013425,230.797,0.4933,50.009
Weekend_Home,2020-01-12 23:03:00,0.02503,229.633,0.6702,49.977
Weekend_Home,2020-01-12 23:06:00,0.03245,228.116,0.8543,50.004
Weekend_Home,2020-01-12 23:09:00,0.036715,229.418,0.909,50.0
Weekend_Home,2020-01-12 23:12:00,0.035804,228.021,0.8601,49.984
Weekend_Home,2020-01-12 23:15:00,0.025923,230.746,0.7169,49.975
Weekend_Home,2020-01-12 23:18:00,0.029446,230.79,0.7861,50.002
Weekend_Home,2020-01-12 23:21:00,0.033235,229.874,0.8767,49.979
Weekend_Home,2020-01-12 23:24:00,0.030602,229.641,0.7823,49.997
Weekend_Home,2020-01-12 23:27:00,0.014073,230.508,0.4924,49.989
Weekend_Home,2020-01-12 23:30:00,0.024724,228.871,0.7409,49.984
Weekend_Home,2020-01-12 23:33:00,0.023774,229.864,0.7193,49.978
Weekend_Home,2020-01-12 23:36:00,0.023471,229.887,0.6683,49.983
Weekend_Home,2020-01-12 23:39:00,0.024852,228.927,0.6733,49.988
Weekend_Home,2020-01-12 23:42:00,0.02891,228.957,0.7926,49.994
Weekend_Home,2020-01-12 23:45:00,0.02646,229.439,0.7189,50.01
Weekend_Home,2020-01-12 23:48:00,0.029387,230.284,0.7994,49.946
Weekend_Home,2020-01-12 23:51:00,0.030246,228.498,0.8012,49.991
Weekend_Home,2020-01-12 23:54:00,0.019041,231.089,0.5917,49.991
Weekend_Home,2020-01-12 23:57:00,0.015581,229.343,0.4838,49.991
Weekend_Home,2020-01-13 00:00:00,0.011731,231.341,0.422,49.986
Weekend_Home,2020-01-13 00:03:00,0.007979,231.622,0.4354,50.005
Weekend_Home,2020-01-13 00:06:00,0.008108,231.194,0.4053,50.007
Weekend_Home,2020-01-13 00:09:00,0.013181,229.674,0.5467,49.99
Weekend_Home,2020-01-13 00:12:00,0.010017,231.128,0.3893,50.001
Weekend_Home,2020-01-13 00:15:00,0.009649,232.764,0.4316,49.98
Weekend_Home,2020-01-13 00:18:00,0.004863,232.262,0.3388,50.029
Weekend_Home,2020-01-13 00:21:00,0.010777,230.741,0.3495,50.007
Weekend_Home,2020-01-13 00:24:00,0.009235,232.851,0.3899,49.992
Weekend_Home,2020-01-13 00:27:00,0.00997,231.362,0.439,50.006
Weekend_Home,2020-01-13 00:30:00,0.00921,231.724,0.3683,49.984
Weekend_Home,2020-01-13 00:33:00,0.010078,231.227,0.4286,49.991
Weekend_Home,2020-01-13 00:36:00,0.008639,232.148,0.401,49.999
Weekend_Home,2020-01-13 00:39:00,0.013459,230.129,0.4314,49.977
Weekend_Home,2020-01-13 00:42:00,0.010074,229.681,0.3784,49.983
Weekend_Home,2020-01-13 00:45:00,0.006348,229.918,0.3966,50.004
Weekend_Home,2020-01-13 00:48:00,0.010555,230.728,0.4502,50.004
Weekend_Home,2020-01-13 00:51:00,0.011874,230.186,0.4553,50.014
Weekend_Home,2020-01-13 00:54:00,0.005932,231.949,0.3216,50.001
Weekend_Home,2020-01-13 00:57:00,0.006468,232.019,0.3165,49.978
Weekend_Home,2020-01-13 01:00:00,0.008996,231.457,0.414,49.993
Weekend_Home,2020-01-13 01:03:00,0.006634,231.232,0.2902,49.985
Weekend_Home,2020-01-13 01:06:00,0.011161,229.971,0.4421,49.993
Weekend_Home,2020-01-13 01:09:00,0.009625,231.355,0.3993,50.003
Weekend_Home,2020-01-13 01:12:00,0.004327,231.622,0.2778,49.992
Weekend_Home,2020-01-13 01:15:00,0.009337,230.835,0.4323,50.009
Weekend_Home,2020-01-13 01:18:00,0.003593,232.985,0.3218,49.979
Weekend_Home,2020-01-13 01:21:00,0.00996,231.728,0.4219,50.007
Weekend_Home,2020-01-13 01:24:00,0.008459,231.354,0.4357,50.025
Weekend_Home,2020-01-13 01:27:00,0.011693,229.15,0.4638,50.005
Weekend_Home,2020-01-13 01:30:00,0.00692,231.725,0.3729,50.003
Weekend_Home,2020-01-13 01:33:00,0.004864,231.108,0.314,49.977
Weekend_Home,2020-01-13 01:36:00,0.007131,231.198,0.4112,50.001
Weekend_Home,2020-01-13 01:39:00,0.00597,231.584,0.3476,49.991
Weekend_Home,2020-01-13 01:42:00,0.008078,230.836,0.3879,49.975
Weekend_Home,2020-01-13 01:45:00,0.011036,231.428,0.4657,49.991
Weekend_Home,2020-01-13 01:48:00,0.007279,231.648,0.3655,50.001
Weekend_Home,2020-01-13 01:51:00,0.008947,230.206,0.4147,49.983
Weekend_Home,2020-01-13 01:54:00,0.007573,230.786,0.4662,50.018
Weekend_Home,2020-01-13 01:57:00,0.006795,230.613,0.4111,49.988
Weekend_Home,2020-01-13 02:00:00,0.009997,231.263,0.4374,50.004
Weekend_Home,2020-01-13 02:03:00,0.009735,231.07,0.429,50.002
Weekend_Home,2020-01-13 02:06:00,0.009993,230.758,0.4133,50.01
Weekend_Home,2020-01-13 02:09:00,0.007117,230.555,0.4345,50.015
Weekend_Home,2020-01-13 02:12:00,0.012656,231.588,0.4789,50.0
Weekend_Home,2020-01-13 02:15:00,0.007949,230.876,0.4021,49.974
Weekend_Home,2020-01-13 02:18:00,0.006153,229.778,0.3497,49.991
Weekend_Home,2020-01-13 02:21:00,0.010049,229.75,0.3853,49.994
Weekend_Home,2020-01-13 02:24:00,0.005314,230.846,0.2823,49.993
Weekend_Home,2020-01-13 02:27:00,0.007088,230.023,0.3772,49.977
Weekend_Home,2020-01-13 02:30:00,0.011596,231.679,0.4507,49.986
Weekend_Home,2020-01-13 02:33:00,0.009976,231.079,0.4341,50.005
Weekend_Home,2020-01-13 02:36:00,0.006977,230.35,0.3499,50.003
Weekend_Home,2020-01-13 02:39:00,0.005836,231.237,0.3519,50.016
Weekend_Home,2020-01-13 02:42:00,0.005059,232.181,0.3201,49.99
Weekend_Home,2020-01-13 02:45:00,0.0101,231.499,0.4457,49.992
Weekend_Home,2020-01-13 02:48:00,0.008319,231.572,0.3168,50.021
Weekend_Home,2020-01-13 02:51:00,0.008271,231.309,0.3615,49.979
Weekend_Home,2020-01-13 02:54:00,0.006512,231.097,0.3199,50.002
Weekend_Home,2020-01-13 02:57:00,0.011083,232.374,0.4571,49.992
Weekend_Home,2020-01-13 03:00:00,0.009375,230.191,0.364,49.996
Weekend_Home,2020-01-13 03:03:00,0.012797,231.633,0.5118,50.002
Weekend_Home,2020-01-13 03:06:00,0.014238,231.372,0.5048,49.992
Weekend_Home,2020-01-13 03:09:00,0.009727,232.129,0.4293,50.006
Weekend_Home,2020-01-13 03:12:00,0.010397,232.299,0.4706,49.997
Weekend_Home,2020-01-13 03:15:00,0.01162,231.212,0.482,49.984
Weekend_Home,2020-01-13 03:18:00,0.006969,230.865,0.429,49.993
Weekend_Home,2020-01-13 03:21:00,0.01141,231.107,0.4778,49.988
Weekend_Home,2020-01-13 03:24:00,0.008605,231.653,0.4522,49.984
Weekend_Home,2020-01-13 03:27:00,0.012342,231.573,0.5225,50.004
Weekend_Home,2020-01-13 03:30:00,0.011235,231.586,0.4462,49.998
Weekend_Home,2020-01-13 03:33:00,0.010801,231.24,0.4853,49.992
Weekend_Home,2020-01-13 03:36:00,0.008419,230.724,0.4529,50.002
Weekend_Home,2020-01-13 03:39:00,0.007755,230.124,0.3682,49.993
Weekend_Home,2020-01-13 03:42:00,0.009826,230.706,0.4431,49.99
Weekend_Home,2020-01-13 03:45:00,0.00946,232.078,0.3919,49.998
Weekend_Home,2020-01-13 03:48:00,0.008932,231.332,0.4117,49.968
Weekend_Home,2020-01-13 03:51:00,0.009599,231.704,0.4144,50.005
Weekend_Home,2020-01-13 03:54:00,0.007548,232.649,0.3561,49.992
Weekend_Home,2020-01-13 03:57:00,0.007593,231.936,0.4343,49.989
Weekend_Home,2020-01-13 04:00:00,0.009264,231.279,0.3834,50.007
Weekend_Home,2020-01-13 04:03:00,0.012373,229.433,0.4458,49.987
Weekend_Home,2020-01-13 04:06:00,0.012498,230.316,0.4633,50.01
Weekend_Home,2020-01-13 04:09:00,0.00744,230.941,0.3938,50.004
Weekend_Home,2020-01-13 04:12:00,0.008249,230.444,0.4114,50.011
Weekend_Home,2020-01-13 04:15:00,0.008326,231.058,0.3995,49.989
Weekend_Home,2020-01-13 04:18:00,0.011855,231.795,0.4543,49.988
Weekend_Home,2020-01-13 04:21:00,0.009535,230.615,0.4345,49.994
Weekend_Home,2020-01-13 04:24:00,0.01125,232.15,0.4568,50.001
Weekend_Home,2020-01-13 04:27:00,0.011077,230.811,0.3821,50.002
Weekend_Home,2020-01-13 04:30:00,0.010082,232.059,0.4298,49.988
Weekend_Home,2020-01-13 04:33:00,0.009531,232.41,0.4867,49.995
Weekend_Home,2020-01-13 04:36:00,0.006185,231.474,0.3307,49.99
Weekend_Home,2020-01-13 04:39:00,0.011735,229.654,0.4802,50.002
Weekend_Home,2020-01-13 04:42:00,0.013968,231.18,0.5239,49.989
Weekend_Home,2020-01-13 04:45:00,0.012573,230.882,0.505,49.979
Weekend_Home,2020-01-13 04:48:00,0.01179,230.882,0.4166,49.994
Weekend_Home,2020-01-13 04:51:00,0.010682,231.374,0.4105,49.996
Weekend_Home,2020-01-13 04:54:00,0.01567,232.232,0.5468,49.994
Weekend_Home,2020-01-13 04:57:00,0.013299,229.355,0.4279,49.986
Weekend_Home,2020-01-13 05:00:00,0.013185,231.796,0.5332,50.018
Weekend_Home,2020-01-13 05:03:00,0.018746,231.884,0.5579,49.995
Weekend_Home,2020-01-13 05:06:00,0.011559,231.14,0.4895,49.978
Weekend_Home,2020-01-13 05:09:00,0.01198,232.444,0.4561,50.003
Weekend_Home,2020-01-13 05:12:00,0.01036,231.935,0.4345,50.008
Weekend_Home,2020-01-13 05:15:00,0.011853,231.223,0.4542,49.982
Weekend_Home,2020-01-13 05:18:00,0.010133,231.795,0.4329,49.994
Weekend_Home,2020-01-13 05:21:00,0.014396,229.612,0.4958,49.995
Weekend_Home,2020-01-13 05:24:00,0.011306,230.309,0.3913,49.984
Weekend_Home,2020-01-13 05:27:00,0.011497,230.596,0.4737,49.982
Weekend_Home,2020-01-13 05:30:00,0.014047,231.348,0.5607,49.998
Weekend_Home,2020-01-13 05:33:00,0.018053,231.597,0.5917,50.003
Weekend_Home,2020-01-13 05:36:00,0.008854,232.466,0.4447,49.982
Weekend_Home,2020-01-13 05:39:00,0.016331,229.478,0.5063,50.009
Weekend_Home,2020-01-13 05:42:00,0.014601,229.992,0.4811,49.973
Weekend_Home,2020-01-13 05:45:00,0.01934,230.695,0.6103,50.013
Weekend_Home,2020-01-13 05:48:00,0.013008,230.815,0.4972,49.994
Weekend_Home,2020-01-13 05:51:00,0.016165,229.729,0.5532,49.99
Weekend_Home,2020-01-13 05:54:00,0.015732,231.957,0.596,49.985
Weekend_Home,2020-01-13 05:57:00,0.012257,230.278,0.4269,49.995
Weekend_Home,2020-01-13 06:00:00,0.017506,231.43,0.6016,49.995
Weekend_Home,2020-01-13 06:03:00,0.014153,232.264,0.4922,49.985
Weekend_Home,2020-01-13 06:06:00,0.014475,230.468,0.4943,49.979
Weekend_Home,2020-01-13 06:09:00,0.014804,232.35,0.5527,49.983
Weekend_Home,2020-01-13 06:12:00,0.0194,230.159,0.5693,50.0
Weekend_Home,2020-01-13 06:15:00,0.020674,229.19,0.6016,50.006
Weekend_Home,2020-01-13 06:18:00,0.01907,230.287,0.5962,50.014
Weekend_Home,2020-01-13 06:21:00,0.026637,229.372,0.7217,50.0
Weekend_Home,2020-01-13 06:24:00,0.02655,230.595,0.7752,49.971
Weekend_Home,2020-01-13 06:27:00,0.014638,230.263,0.5184,49.978
Weekend_Home,2020-01-13 06:30:00,0.018273,229.953,0.5424,50.009
Weekend_Home,2020-01-13 06:33:00,0.018776,231.566,0.5782,49.997
Weekend_Home,2020-01-13 06:36:00,0.013613,232.199,0.4352,50.01
Weekend_Home,2020-01-13 06:39:00,0.021409,230.272,0.6852,50.007
Weekend_Home,2020-01-13 06:42:00,0.020732,229.989,0.6053,49.982
Weekend_Home,2020-01-13 06:45:00,0.019155,229.871,0.5889,49.991
Weekend_Home,2020-01-13 06:48:00,0.012847,231.53,0.5094,50.002
Weekend_Home,2020-01-13 06:51:00,0.017177,230.43,0.5559,49.985
Weekend_Home,2020-01-13 06:54:00,0.026203,230.227,0.6796,49.994
Weekend_Home,2020-01-13 06:57:00,0.017976,231.133,0.522,49.976
Weekend_Home,2020-01-13 07:00:00,0.016735,231.813,0.5653,50.013
Weekend_Home,2020-01-13 07:03:00,0.020632,230.138,0.6588,49.987
Weekend_Home,2020-01-13 07:06:00,0.023251,229.804,0.6801,49.989
Weekend_Home,2020-01-13 07:09:00,0.022537,231.878,0.6391,49.995
Weekend_Home,2020-01-13 07:12:00,0.026023,230.095,0.702,49.983
Weekend_Home,2020-01-13 07:15:00,0.020087,231.615,0.5842,49.979
Weekend_Home,2020-01-13 07:18:00,0.019026,230.681,0.5246,50.008
Weekend_Home,2020-01-13 07:21:00,0.018453,229.7,0.6128,49.963
Weekend_Home,2020-01-13 07:24:00,0.017635,231.033,0.558,49.995
Weekend_Home,2020-01-13 07:27:00,0.014688,231.282,0.4903,49.986
Weekend_Home,2020-01-13 07:30:00,0.022896,230.483,0.7083,50.009
Weekend_Home,2020-01-13 07:33:00,0.014322,230.307,0.512,50.022
Weekend_Home,2020-01-13 07:36:00,0.023413,229.682,0.6627,49.992
Weekend_Home,2020-01-13 07:39:00,0.021882,230.091,0.6001,49.987
Weekend_Home,2020-01-13 07:42:00,0.012632,232.057,0.4592,50.002
Weekend_Home,2020-01-13 07:45:00,0.012427,231.003,0.4915,49.986
Weekend_Home,2020-01-13 07:48:00,0.017943,231.341,0.5661,49.998
Weekend_Home,2020-01-13 07:51:00,0.030316,229.868,0.7492,49.991
Weekend_Home,2020-01-13 07:54:00,0.024433,230.633,0.6838,49.983
Weekend_Home,2020-01-13 07:57:00,0.029026,229.522,0.7881,49.978
Weekend_Home,2020-01-13 08:00:00,0.025364,231.205,0.7016,49.993
Weekend_Home,2020-01-13 08:03:00,0.01456,230.797,0.5152,49.984
Weekend_Home,2020-01-13 08:06:00,0.022997,228.681,0.6504,49.99
Weekend_Home,2020-01-13 08:09:00,0.029205,229.465,0.7354,49.987
Weekend_Home,2020-01-13 08:12:00,0.014188,231.642,0.5311,49.991
Weekend_Home,2020-01-13 08:15:00,0.019477,231.373,0.5694,49.989
Weekend_Home,2020-01-13 08:18:00,0.022922,230.358,0.6258,49.983
Weekend_Home,2020-01-13 08:21:00,0.023633,230.958,0.7096,49.998
Weekend_Home,2020-01-13 08:24:00,0.031051,228.872,0.8121,49.967
Weekend_Home,2020-01-13 08:27:00,0.027172,229.732,0.7903,50.012
Weekend_Home,2020-01-13 08:30:00,0.023533,231.127,0.6238,49.996
Weekend_Home,2020-01-13 08:33:00,0.020999,230.991,0.5866,49.992
Weekend_Home,2020-01-13 08:36:00,0.023662,230.136,0.6843,49.977
Weekend_Home,2020-01-13 08:39:00,0.024532,230.282,0.7213,49.98
Weekend_Home,2020-01-13 08:42:00,0.028073,228.926,0.7433,49.995
Weekend_Home,2020-01-13 08:45:00,0.020807,230.647,0.661,49.998
Weekend_Home,2020-01-13 08:48:00,0.014415,231.318,0.5025,49.981
Weekend_Home,2020-01-13 08:51:00,0.015191,229.845,0.5528,49.988
Weekend_Home,2020-01-13 08:54:00,0.018727,231.493,0.6404,50.019
Weekend_Home,2020-01-13 08:57:00,0.022306,230.31,0.6478,49.993
Weekend_Home,2020-01-13 09:00:00,0.028779,228.821,0.8137,49.979
Weekend_Home,2020-01-13 09:03:00,0.023216,228.201,0.6664,49.984
Weekend_Home,2020-01-13 09:06:00,0.019177,228.167,0.6278,49.993
Weekend_Home,2020-01-13 09:09:00,0.014522,229.864,0.4958,49.995
Weekend_Home,2020-01-13 09:12:00,0.026491,229.215,0.7674,50.007
Weekend_Home,2020-01-13 09:15:00,0.018452,229.754,0.5852,49.989
Weekend_Home,2020-01-13 09:18:00,0.022261,230.134,0.638,49.969
Weekend_Home,2020-01-13 09:21:00,0.017322,230.622,0.5219,50.003
Weekend_Home,2020-01-13 09:24:00,0.01664,230.972,0.5339,49.969
Weekend_Home,2020-01-13 09:27:00,0.0218,230.175,0.6541,49.993
Weekend_Home,2020-01-13 09:30:00,0.019772,231.015,0.5699,49.985
Weekend_Home,2020-01-13 09:33:00,0.024992,230.036,0.7239,49.995
Weekend_Home,2020-01-13 09:36:00,0.023851,230.663,0.6662,49.994
Weekend_Home,2020-01-13 09:39:00,0.015396,230.401,0.5526,49.985
Weekend_Home,2020-01-13 09:42:00,0.021538,231.192,0.6648,49.968
Weekend_Home,2020-01-13 09:45:00,0.014104,230.806,0.5252,49.991
Weekend_Home,2020-01-13 09:48:00,0.023862,228.908,0.6563,49.979
Weekend_Home,2020-01-13 09:51:00,0.017882,231.34,0.5431,49.989
Weekend_Home,2020-01-13 09:54:00,0.031119,228.796,0.8592,49.993
Weekend_Home,2020-01-13 09:57:00,0.016291,231.539,0.5814,49.991
Weekend_Home,2020-01-13 10:00:00,0.019858,231.282,0.6002,49.986
Weekend_Home,2020-01-13 10:03:00,0.011329,230.871,0.5076,49.993
Weekend_Home,2020-01-13 10:06:00,0.016199,230.378,0.5242,49.992
Weekend_Home,2020-01-13 10:09:00,0.027184,229.39,0.7834,49.99
Weekend_Home,2020-01-13 10:12:00,0.014361,230.057,0.4716,49.993
Weekend_Home,2020-01-13 10:15:00,0.020505,229.288,0.6452,50.005
Weekend_Home,2020-01-13 10:18:00,0.022325,230.966,0.6465,49.993
Weekend_Home,2020-01-13 10:21:00,0.023144,230.205,0.6767,50.005
Weekend_Home,2020-01-13 10:24:00,0.019523,229.723,0.5942,49.982
Weekend_Home,2020-01-13 10:27:00,0.024513,229.316,0.6955,49.994
Weekend_Home,2020-01-13 10:30:00,0.021162,231.493,0.6918,49.992
Weekend_Home,2020-01-13 10:33:00,0.018146,228.033,0.5448,49.992
Weekend_Home,2020-01-13 10:36:00,0.022916,229.734,0.632,49.977
Weekend_Home,2020-01-13 10:39:00,0.022556,230.812,0.662,50.001
Weekend_Home,2020-01-13 10:42:00,0.024516,229.763,0.7144,49.971
Weekend_Home,2020-01-13 10:45:00,0.016936,228.355,0.5714,49.987
Weekend_Home,2020-01-13 10:48:00,0.015503,230.825,0.515,49.988
Weekend_Home,2020-01-13 10:51:00,0.018523,229.482,0.6275,49.98
Weekend_Home,2020-01-13 10:54:00,0.022413,230.111,0.702,49.983
Weekend_Home,2020-01-13 10:57:00,0.014942,230.697,0.5258,49.982
Weekend_Home,2020-01-13 11:00:00,0.017989,229.551,0.6411,49.993
Weekend_Home,2020-01-13 11:03:00,0.02367,231.629,0.685,49.987
Weekend_Home,2020-01-13 11:06:00,0.020805,229.678,0.5935,50.005
Weekend_Home,2020-01-13 11:09:00,0.020881,230.632,0.617,50.01
Weekend_Home,2020-01-13 11:12:00,0.008359,231.739,0.3677,50.004
Weekend_Home,2020-01-13 11:15:00,0.018912,229.775,0.572,49.981
Weekend_Home,2020-01-13 11:18:00,0.021426,229.957,0.615,49.99
Weekend_Home,2020-01-13 11:21:00,0.027128,229.82,0.7387,49.971
Weekend_Home,2020-01-13 11:24:00,0.007251,232.604,0.3157,50.015
Weekend_Home,2020-01-13 11:27:00,0.018739,229.555,0.5965,50.011
Weekend_Home,2020-01-13 11:30:00,0.019814,229.753,0.6605,49.988
Weekend_Home,2020-01-13 11:33:00,0.018448,231.023,0.6361,49.965
Weekend_Home,2020-01-13 11:36:00,0.011578,230.413,0.4652,49.997
Weekend_Home,2020-01-13 11:39:00,0.024069,229.501,0.7166,49.995
Weekend_Home,2020-01-13 11:42:00,0.023875,230.235,0.6728,49.993
Weekend_Home,2020-01-13 11:45:00,0.015897,230.702,0.4763,49.989
Weekend_Home,2020-01-13 11:48:00,0.019185,230.17,0.5428,49.995
Weekend_Home,2020-01-13 11:51:00,0.019749,231.771,0.5722,49.995
Weekend_Home,2020-01-13 11:54:00,0.013824,230.755,0.5153,49.971
Weekend_Home,2020-01-13 11:57:00,0.016791,230.222,0.5197,49.981
Weekend_Home,2020-01-13 12:00:00,0.025534,229.871,0.7515,49.994
Weekend_Home,2020-01-13 12:03:00,0.011089,230.759,0.4688,49.984
Weekend_Home,2020-01-13 12:06:00,0.013235,231.465,0.49,50.01
Weekend_Home,2020-01-13 12:09:00,0.019157,230.253,0.5127,49.999
Weekend_Home,2020-01-13 12:12:00,0.019978,230.014,0.66,50.001
Weekend_Home,2020-01-13 12:15:00,0.024241,229.405,0.7161,49.986
Weekend_Home,2020-01-13 12:18:00,0.018991,230.096,0.6025,50.003
Weekend_Home,2020-01-13 12:21:00,0.01277,231.289,0.4749,49.982
Weekend_Home,2020-01-13 12:24:00,0.025601,229.169,0.6488,49.975
Weekend_Home,2020-01-13 12:27:00,0.020165,229.614,0.6154,50.005
Weekend_Home,2020-01-13 12:30:00,0.021462,230.364,0.5541,49.995
Weekend_Home,2020-01-13 12:33:00,0.022631,231.726,0.6171,49.964
Weekend_Home,2020-01-13 12:36:00,0.015139,231.447,0.5116,49.986
Weekend_Home,2020-01-13 12:39:00,0.018711,231.655,0.6368,49.992
Weekend_Home,2020-01-13 12:42:00,0.019522,232.953,0.5273,50.0
Weekend_Home,2020-01-13 12:45:00,0.016872,231.198,0.5238,49.979
Weekend_Home,2020-01-13 12:48:00,0.015755,230.923,0.6078,49.987
Weekend_Home,2020-01-13 12:51:00,0.023544,230.957,0.693,49.989
Weekend_Home,2020-01-13 12:54:00,0.02332,229.988,0.7231,49.992
Weekend_Home,2020-01-13 12:57:00,0.025008,230.896,0.7071,49.983
Weekend_Home,2020-01-13 13:00:00,0.02583,229.85,0.7072,49.991
Weekend_Home,2020-01-13 13:03:00,0.016614,229.744,0.5473,49.981
Weekend_Home,2020-01-13 13:06:00,0.025221,230.257,0.713,49.993
Weekend_Home,2020-01-13 13:09:00,0.021808,229.76,0.6782,49.977
Weekend_Home,2020-01-13 13:12:00,0.015239,231.757,0.5977,49.991
Weekend_Home,2020-01-13 13:15:00,0.029494,230.863,0.763,49.997
Weekend_Home,2020-01-13 13:18:00,0.01591,229.844,0.4787,50.001
Weekend_Home,2020-01-13 13:21:00,0.034819,227.524,0.8691,49.997
Weekend_Home,2020-01-13 13:24:00,0.01857,229.165,0.5632,49.994
Weekend_Home,2020-01-13 13:27:00,0.0231,230.359,0.7045,50.008
Weekend_Home,2020-01-13 13:30:00,0.021226,230.718,0.5829,49.995
Weekend_Home,2020-01-13 13:33:00,0.022393,229.481,0.6507,49.984
Weekend_Home,2020-01-13 13:36:00,0.020383,230.265,0.6069,50.009
Weekend_Home,2020-01-13 13:39:00,0.015617,229.55,0.5199,50.001
Weekend_Home,2020-01-13 13:42:00,0.024494,230.211,0.6861,49.99
Weekend_Home,2020-01-13 13:45:00,0.027884,228.942,0.717,49.991
Weekend_Home,2020-01-13 13:48:00,0.015534,229.483,0.5499,50.001
Weekend_Home,2020-01-13 13:51:00,0.018227,230.705,0.5895,49.974
Weekend_Home,2020-01-13 13:54:00,0.023446,229.035,0.6541,49.981
Weekend_Home,2020-01-13 13:57:00,0.017393,228.486,0.5894,50.001
Weekend_Home,2020-01-13 14:00:00,0.021082,229.002,0.608,49.985
Weekend_Home,2020-01-13 14:03:00,0.015834,231.003,0.4831,49.981
Weekend_Home,2020-01-13 14:06:00,0.024033,228.923,0.6791,49.968
Weekend_Home,2020-01-13 14:09:00,0.014793,230.026,0.5404,49.989
Weekend_Home,2020-01-13 14:12:00,0.018542,231.307,0.6363,49.996
Weekend_Home,2020-01-13 14:15:00,0.02355,229.765,0.7606,49.994
Weekend_Home,2020-01-13 14:18:00,0.024826,229.537,0.7373,49.994
Weekend_Home,2020-01-13 14:21:00,0.021541,230.738,0.6335,49.978
Weekend_Home,2020-01-13 14:24:00,0.023708,229.688,0.6129,49.997
Weekend_Home,2020-01-13 14:27:00,0.021878,230.809,0.6023,50.001
Weekend_Home,2020-01-13 14:30:00,0.018701,230.661,0.5535,49.983
Weekend_Home,2020-01-13 14:33:00,0.01665,232.148,0.5683,49.993
Weekend_Home,2020-01-13 14:36:00,0.027396,229.862,0.7264,49.989
Weekend_Home,2020-01-13 14:39:00,0.020922,230.668,0.6397,49.987
Weekend_Home,2020-01-13 14:42:00,0.017427,231.606,0.5504,49.992
Weekend_Home,2020-01-13 14:45:00,0.011682,231.064,0.4437,49.983
Weekend_Home,2020-01-13 14:48:00,0.015897,229.155,0.6204,50.008
Weekend_Home,2020-01-13 14:51:00,0.016654,230.925,0.529,50.012
Weekend_Home,2020-01-13 14:54:00,0.013992,230.874,0.5251,50.002
Weekend_Home,2020-01-13 14:57:00,0.022088,230.597,0.6711,50.003
Weekend_Home,2020-01-13 15:00:00,0.023422,229.465,0.6441,49.992
Weekend_Home,2020-01-13 15:03:00,0.021084,231.585,0.6808,49.999
Weekend_Home,2020-01-13 15:06:00,0.025302,228.494,0.68,49.988
Weekend_Home,2020-01-13 15:09:00,0.020504,229.544,0.5374,49.999
Weekend_Home,2020-01-13 15:12:00,0.027611,231.027,0.7718,50.003
Weekend_Home,2020-01-13 15:15:00,0.022075,231.199,0.6732,50.009
Weekend_Home,2020-01-13 15:18:00,0.022085,229.409,0.6812,49.991
Weekend_Home,2020-01-13 15:21:00,0.021855,230.095,0.6259,49.982
Weekend_Home,2020-01-13 15:24:00,0.013095,231.081,0.4844,50.004
Weekend_Home,2020-01-13 15:27:00,0.021544,228.87,0.6671,49.987
Weekend_Home,2020-01-13 15:30:00,0.012781,230.454,0.4796,49.998
Weekend_Home,2020-01-13 15:33:00,0.022719,230.174,0.6756,49.984
Weekend_Home,2020-01-13 15:36:00,0.017645,231.289,0.5836,50.001
Weekend_Home,2020-01-13 15:39:00,0.009968,229.965,0.4256,49.999
Weekend_Home,2020-01-13 15:42:00,0.017666,230.516,0.6048,49.992
Weekend_Home,2020-01-13 15:45:00,0.012362,229.394,0.4248,49.997
Weekend_Home,2020-01-13 15:48:00,0.017815,230.042,0.5581,49.976
Weekend_Home,2020-01-13 15:51:00,0.022977,229.342,0.619,49.99
Weekend_Home,2020-01-13 15:54:00,0.015366,230.32,0.5392,49.988
Weekend_Home,2020-01-13 15:57:00,0.026286,229.616,0.7251,49.999
Weekend_Home,2020-01-13 16:00:00,0.018723,230.414,0.6028,50.022
Weekend_Home,2020-01-13 16:03:00,0.020688,229.902,0.592,49.974
Weekend_Home,2020-01-13 16:06:00,0.009615,231.406,0.3998,50.013
Weekend_Home,2020-01-13 16:09:00,0.016367,231.108,0.5457,49.97
Weekend_Home,2020-01-13 16:12:00,0.021198,231.164,0.669,49.988
Weekend_Home,2020-01-13 16:15:00,0.013106,230.678,0.4966,50.005
Weekend_Home,2020-01-13 16:18:00,0.019935,229.386,0.6067,50.001
Weekend_Home,2020-01-13 16:21:00,0.018817,231.379,0.6267,50.002
Weekend_Home,2020-01-13 16:24:00,0.015674,229.138,0.4818,50.005
Weekend_Home,2020-01-13 16:27:00,0.017669,230.612,0.5403,49.987
Weekend_Home,2020-01-13 16:30:00,0.018149,231.305,0.5594,49.986
Weekend_Home,2020-01-13 16:33:00,0.01356,230.127,0.5742,49.988
Weekend_Home,2020-01-13 16:36:00,0.020335,230.426,0.6511,49.977
Weekend_Home,2020-01-13 16:39:00,0.017432,232.262,0.5365,50.005
Weekend_Home,2020-01-13 16:42:00,0.023676,229.487,0.6169,49.955
Weekend_Home,2020-01-13 16:45:00,0.012179,232.209,0.4774,50.035
Weekend_Home,2020-01-13 16:48:00,0.016541,229.27,0.5294,49.979
Weekend_Home,2020-01-13 16:51:00,0.020435,229.048,0.6118,49.999
Weekend_Home,2020-01-13 16:54:00,0.021323,230.833,0.6046,49.982
Weekend_Home,2020-01-13 16:57:00,0.019898,228.182,0.6217,50.017
Weekend_Home,2020-01-13 17:00:00,0.014871,231.825,0.4967,50.009
Weekend_Home,2020-01-13 17:03:00,0.014569,230.9,0.5273,49.979
Weekend_Home,2020-01-13 17:06:00,0.016585,230.074,0.6184,49.962
Weekend_Home,2020-01-13 17:09:00,0.021009,229.917,0.5781,49.997
Weekend_Home,2020-01-13 17:12:00,0.011192,230.51,0.4456,50.002
Weekend_Home,2020-01-13 17:15:00,0.01969,230.731,0.5538,49.995
Weekend_Home,2020-01-13 17:18:00,0.019772,230.862,0.6254,49.995
Weekend_Home,2020-01-13 17:21:00,0.015766,229.555,0.4875,50.002
Weekend_Home,2020-01-13 17:24:00,0.015104,231.343,0.5544,50.019
Weekend_Home,2020-01-13 17:27:00,0.013488,230.715,0.511,49.984
Weekend_Home,2020-01-13 17:30:00,0.016807,231.079,0.5606,49.994
Weekend_Home,2020-01-13 17:33:00,0.012876,232.34,0.5085,49.991
Weekend_Home,2020-01-13 17:36:00,0.020994,229.374,0.6869,49.991
Weekend_Home,2020-01-13 17:39:00,0.012797,230.522,0.4771,49.979
Weekend_Home,2020-01-13 17:42:00,0.016206,230.118,0.5734,49.999
Weekend_Home,2020-01-13 17:45:00,0.013597,230.829,0.4223,49.988
Weekend_Home,2020-01-13 17:48:00,0.01742,231.819,0.6161,49.996
Weekend_Home,2020-01-13 17:51:00,0.0151,231.805,0.4963,49.98
Weekend_Home,2020-01-13 17:54:00,0.020686,230.153,0.6172,49.997
Weekend_Home,2020-01-13 17:57:00,0.025229,230.31,0.6402,50.003
Weekend_Home,2020-01-13 18:00:00,0.016287,231.512,0.6088,50.0
Weekend_Home,2020-01-13 18:03:00,0.017559,229.947,0.6136,49.997
Weekend_Home,2020-01-13 18:06:00,0.021666,230.43,0.632,49.986
Weekend_Home,2020-01-13 18:09:00,0.020259,230.517,0.6043,49.991
Weekend_Home,2020-01-13 18:12:00,0.018858,231.616,0.6426,49.992
Weekend_Home,2020-01-13 18:15:00,0.020437,230.402,0.6098,49.993
Weekend_Home,2020-01-13 18:18:00,0.023487,230.291,0.6956,49.992
Weekend_Home,2020-01-13 18:21:00,0.016254,230.379,0.5556,49.974
Weekend_Home,2020-01-13 18:24:00,0.017411,230.878,0.6129,49.986
Weekend_Home,2020-01-13 18:27:00,0.018825,229.383,0.5762,49.987
Weekend_Home,2020-01-13 18:30:00,0.012685,231.727,0.5062,49.988
Weekend_Home,2020-01-13 18:33:00,0.015678,230.923,0.5661,50.002
Weekend_Home,2020-01-13 18:36:00,0.026381,229.647,0.7518,49.995
Weekend_Home,2020-01-13 18:39:00,0.018416,229.523,0.6567,50.006
Weekend_Home,2020-01-13 18:42:00,0.02294,229.932,0.6647,49.971
Weekend_Home,2020-01-13 18:45:00,0.017001,231.652,0.5711,50.001
Weekend_Home,2020-01-13 18:48:00,0.01634,231.077,0.5823,49.978
Weekend_Home,2020-01-13 18:51:00,0.023295,229.633,0.6607,49.989
Weekend_Home,2020-01-13 18:54:00,0.021064,230.271,0.6304,49.988
Weekend_Home,2020-01-13 18:57:00,0.017076,230.695,0.5173,49.982
Weekend_Home,2020-01-13 19:00:00,0.01377,231.098,0.5639,49.978
Weekend_Home,2020-01-13 19:03:00,0.021391,230.631,0.634,49.993
Weekend_Home,2020-01-13 19:06:00,0.014325,230.975,0.4349,49.989
Weekend_Home,2020-01-13 19:09:00,0.015878,230.71,0.5475,50.007
Weekend_Home,2020-01-13 19:12:00,0.016598,230.234,0.6052,50.001
Weekend_Home,2020-01-13 19:15:00,0.020465,229.167,0.6085,50.002
Weekend_Home,2020-01-13 19:18:00,0.019111,229.987,0.6771,49.982
Weekend_Home,2020-01-13 19:21:00,0.021438,228.915,0.5937,49.977
Weekend_Home,2020-01-13 19:24:00,0.013343,229.843,0.4806,50.006
Weekend_Home,2020-01-13 19:27:00,0.016748,230.094,0.5119,50.001
Weekend_Home,2020-01-13 19:30:00,0.020121,229.558,0.6001,49.977
Weekend_Home,2020-01-13 19:33:00,0.021251,230.127,0.594,49.991
Weekend_Home,2020-01-13 19:36:00,0.019503,230.567,0.5933,49.971
Weekend_Home,2020-01-13 19:39:00,0.016928,230.844,0.5613,49.976
Weekend_Home,2020-01-13 19:42:00,0.015705,231.686,0.512,50.007
Weekend_Home,2020-01-13 19:45:00,0.016624,231.457,0.57,49.991
Weekend_Home,2020-01-13 19:48:00,0.01844,231.419,0.5489,49.997
Weekend_Home,2020-01-13 19:51:00,0.02494,230.666,0.7355,49.994
Weekend_Home,2020-01-13 19:54:00,0.01913,230.873,0.5493,49.978
Weekend_Home,2020-01-13 19:57:00,0.017968,230.179,0.5782,49.998
Weekend_Home,2020-01-13 20:00:00,0.013477,230.987,0.5416,49.986
Weekend_Home,2020-01-13 20:03:00,0.025057,229.524,0.7318,49.998
Weekend_Home,2020-01-13 20:06:00,0.01961,230.14,0.5659,49.997
Weekend_Home,2020-01-13 20:09:00,0.015948,229.449,0.5274,50.003
Weekend_Home,2020-01-13 20:12:00,0.022329,230.543,0.6465,49.998
Weekend_Home,2020-01-13 20:15:00,0.015292,232.389,0.5558,50.0
Weekend_Home,2020-01-13 20:18:00,0.006844,231.858,0.2854,49.993
Weekend_Home,2020-01-13 20:21:00,0.017041,230.464,0.5422,49.982
Weekend_Home,2020-01-13 20:24:00,0.013138,232.077,0.4747,49.979
Weekend_Home,2020-01-13 20:27:00,0.016298,230.568,0.5533,49.975
Weekend_Home,2020-01-13 20:30:00,0.013186,231.084,0.4911,50.007
Weekend_Home,2020-01-13 20:33:00,0.01661,230.404,0.5361,49.995
Weekend_Home,2020-01-13 20:36:00,0.015508,229.85,0.5609,50.01
Weekend_Home,2020-01-13 20:39:00,0.017307,231.172,0.5459,50.014
Weekend_Home,2020-01-13 20:42:00,0.009718,230.866,0.4264,49.985
Weekend_Home,2020-01-13 20:45:00,0.011683,229.835,0.4905,49.978
Weekend_Home,2020-01-13 20:48:00,0.014483,230.821,0.4424,49.987
Weekend_Home,2020-01-13 20:51:00,0.018239,230.43,0.6415,49.971
Weekend_Home,2020-01-13 20:54:00,0.0231,230.604,0.6675,49.989
Weekend_Home,2020-01-13 20:57:00,0.01954,230.344,0.5647,49.993
Weekend_Home,2020-01-13 21:00:00,0.016939,230.488,0.5066,49.98
Weekend_Home,2020-01-13 21:03:00,0.017021,229.713,0.537,49.995
Weekend_Home,2020-01-13 21:06:00,0.014288,231.176,0.4698,50.009
Weekend_Home,2020-01-13 21:09:00,0.012815,231.174,0.4718,49.995
Weekend_Home,2020-01-13 21:12:00,0.021982,231.718,0.6589,50.001
Weekend_Home,2020-01-13 21:15:00,0.018032,229.709,0.6178,49.979
Weekend_Home,2020-01-13 21:18:00,0.011838,231.182,0.501,50.002
Weekend_Home,2020-01-13 21:21:00,0.011576,230.496,0.493,49.987
Weekend_Home,2020-01-13 21:24:00,0.01216,231.695,0.4199,49.989
Weekend_Home,2020-01-13 21:27:00,0.017456,231.64,0.5729,49.977
Weekend_Home,2020-01-13 21:30:00,0.007429,231.588,0.3831,49.991
Weekend_Home,2020-01-13 21:33:00,0.020574,229.887,0.5689,50.0
Weekend_Home,2020-01-13 21:36:00,0.01691,230.403,0.5759,50.002
Weekend_Home,2020-01-13 21:39:00,0.014977,230.801,0.574,49.991
Weekend_Home,2020-01-13 21:42:00,0.022309,231.36,0.5844,49.981
Weekend_Home,2020-01-13 21:45:00,0.009753,231.205,0.4032,49.989
Weekend_Home,2020-01-13 21:48:00,0.013369,231.509,0.4951,49.992
Weekend_Home,2020-01-13 21:51:00,0.014016,231.34,0.5084,49.96
Weekend_Home,2020-01-13 21:54:00,0.019203,231.542,0.5799,49.98
Weekend_Home,2020-01-13 21:57:00,0.01446,230.036,0.4723,49.989
Weekend_Home,2020-01-13 22:00:00,0.018335,230.331,0.5176,49.976
Weekend_Home,2020-01-13 22:03:00,0.012717,231.039,0.5037,49.994
Weekend_Home,2020-01-13 22:06:00,0.011911,231.61,0.4475,50.001
Weekend_Home,2020-01-13 22:09:00,0.008278,231.056,0.4061,49.981
Weekend_Home,2020-01-13 22:12:00,0.007174,232.035,0.3747,49.98
Weekend_Home,2020-01-13 22:15:00,0.01003,230.896,0.4448,49.996
Weekend_Home,2020-01-13 22:18:00,0.01591,230.862,0.5664,49.978
Weekend_Home,2020-01-13 22:21:00,0.013409,231.907,0.4769,50.001
Weekend_Home,2020-01-13 22:24:00,0.012875,230.472,0.4662,50.002
Weekend_Home,2020-01-13 22:27:00,0.012971,231.385,0.4801,49.996
Weekend_Home,2020-01-13 22:30:00,0.009748,231.458,0.363,50.001
Weekend_Home,2020-01-13 22:33:00,0.014869,231.153,0.4789,49.999
Weekend_Home,2020-01-13 22:36:00,0.014688,231.875,0.4915,49.996
Weekend_Home,2020-01-13 22:39:00,0.010934,230.593,0.4671,49.986
Weekend_Home,2020-01-13 22:42:00,0.009821,231.682,0.4443,50.003
Weekend_Home,2020-01-13 22:45:00,0.00665,232.088,0.3801,49.995
Weekend_Home,2020-01-13 22:48:00,0.008958,229.719,0.436,50.023
Weekend_Home,2020-01-13 22:51:00,0.007338,232.289,0.4198,49.982
Weekend_Home,2020-01-13 22:54:00,0.012081,230.45,0.5202,49.992
Weekend_Home,2020-01-13 22:57:00,0.007643,232.203,0.3809,50.003
Weekend_Home,2020-01-13 23:00:00,0.007695,230.643,0.3786,50.012
Weekend_Home,2020-01-13 23:03:00,0.012285,231.085,0.4915,49.982
Weekend_Home,2020-01-13 23:06:00,0.014254,230.631,0.4927,49.989
Weekend_Home,2020-01-13 23:09:00,0.012889,230.407,0.4222,49.966
Weekend_Home,2020-01-13 23:12:00,0.009508,230.206,0.4409,49.982
Weekend_Home,2020-01-13 23:15:00,0.015985,229.687,0.5431,49.996
Weekend_Home,2020-01-13 23:18:00,0.012188,232.099,0.4459,50.004
Weekend_Home,2020-01-13 23:21:00,0.009383,230.629,0.4314,49.996
Weekend_Home,2020-01-13 23:24:00,0.011722,231.897,0.4535,50.023
Weekend_Home,2020-01-13 23:27:00,0.008129,229.642,0.4733,49.985
Weekend_Home,2020-01-13 23:30:00,0.009898,230.793,0.4156,49.975
Weekend_Home,2020-01-13 23:33:00,0.009858,231.96,0.4067,49.988
Weekend_Home,2020-01-13 23:36:00,0.014123,230.498,0.4911,49.993
Weekend_Home,2020-01-13 23:39:00,0.012435,230.599,0.5002,49.997
Weekend_Home,2020-01-13 23:42:00,0.014372,231.154,0.5322,49.982
Weekend_Home,2020-01-13 23:45:00,0.005882,231.435,0.3317,49.979
Weekend_Home,2020-01-13 23:48:00,0.009249,230.598,0.3905,50.019
Weekend_Home,2020-01-13 23:51:00,0.010822,232.609,0.4,49.991
Weekend_Home,2020-01-13 23:54:00,0.012452,230.813,0.4052,49.996
Weekend_Home,2020-01-13 23:57:00,0.004955,230.565,0.3833,49.994
Weekend_Home,2020-01-14 00:00:00,0.008922,231.641,0.4071,49.985
Weekend_Home,2020-01-14 00:03:00,0.011717,232.228,0.5043,49.978
Weekend_Home,2020-01-14 00:06:00,0.010488,230.378,0.4799,49.982
Weekend_Home,2020-01-14 00:09:00,0.005499,231.063,0.3003,50.001
Weekend_Home,2020-01-14 00:12:00,0.009547,230.243,0.4115,50.008
Weekend_Home,2020-01-14 00:15:00,0.006715,231.185,0.4213,49.997
Weekend_Home,2020-01-14 00:18:00,0.008017,229.62,0.3318,49.989
Weekend_Home,2020-01-14 00:21:00,0.009399,230.911,0.4218,49.987
Weekend_Home,2020-01-14 00:24:00,0.009573,230.688,0.4553,50.018
Weekend_Home,2020-01-14 00:27:00,0.011695,231.365,0.4715,49.989
Weekend_Home,2020-01-14 00:30:00,0.008,231.824,0.3526,49.993
Weekend_Home,2020-01-14 00:33:00,0.005838,231.848,0.3465,49.993
Weekend_Home,2020-01-14 00:36:00,0.005216,231.751,0.327,49.975
Weekend_Home,2020-01-14 00:39:00,0.010167,230.192,0.4426,49.982
Weekend_Home,2020-01-14 00:42:00,0.009304,231.586,0.3475,49.999
Weekend_Home,2020-01-14 00:45:00,0.009443,231.481,0.4308,49.996
Weekend_Home,2020-01-14 00:48:00,0.009379,230.907,0.4066,49.994
Weekend_Home,2020-01-14 00:51:00,0.008743,230.27,0.3759,50.0
Weekend_Home,2020-01-14 00:54:00,0.011696,230.733,0.4156,50.011
Weekend_Home,2020-01-14 00:57:00,0.006463,231.047,0.4285,50.014
Weekend_Home,2020-01-14 01:00:00,0.010399,230.495,0.4388,49.989
Weekend_Home,2020-01-14 01:03:00,0.010796,229.413,0.4365,50.006
Weekend_Home,2020-01-14 01:06:00,0.002118,233.213,0.2686,50.02
Weekend_Home,2020-01-14 01:09:00,0.007982,229.912,0.4149,50.007
Weekend_Home,2020-01-14 01:12:00,0.012482,231.092,0.4596,49.975
Weekend_Home,2020-01-14 01:15:00,0.006224,233.387,0.3719,50.009
Weekend_Home,2020-01-14 01:18:00,0.007965,229.872,0.3738,49.984
Weekend_Home,2020-01-14 01:21:00,0.006691,231.318,0.4283,50.012
Weekend_Home,2020-01-14 01:24:00,0.013412,231.931,0.4618,50.003
Weekend_Home,2020-01-14 01:27:00,0.009936,231.813,0.4124,50.009
Weekend_Home,2020-01-14 01:30:00,0.01114,232.072,0.4465,49.998
Weekend_Home,2020-01-14 01:33:00,0.010505,230.905,0.4337,50.001
Weekend_Home,2020-01-14 01:36:00,0.010026,233.181,0.4537,50.01
Weekend_Home,2020-01-14 01:39:00,0.009276,232.089,0.4418,50.007
Weekend_Home,2020-01-14 01:42:00,0.007795,231.107,0.3872,49.999
Weekend_Home,2020-01-14 01:45:00,0.009201,231.909,0.4168,49.983
Weekend_Home,2020-01-14 01:48:00,0.010605,231.595,0.4938,50.012
Weekend_Home,2020-01-14 01:51:00,0.010436,230.933,0.4516,50.018
Weekend_Home,2020-01-14 01:54:00,0.010417,231.298,0.4467,49.987
Weekend_Home,2020-01-14 01:57:00,0.009624,232.624,0.4109,49.989
Weekend_Home,2020-01-14 02:00:00,0.012038,230.402,0.4838,50.001
Weekend_Home,2020-01-14 02:03:00,0.008734,231.297,0.4214,49.991
Weekend_Home,2020-01-14 02:06:00,0.007811,232.225,0.4075,49.979
Weekend_Home,2020-01-14 02:09:00,0.006851,230.221,0.3481,49.986
Weekend_Home,2020-01-14 02:12:00,0.010885,231.189,0.5109,49.979
Weekend_Home,2020-01-14 02:15:00,0.009066,231.965,0.4161,50.01
Weekend_Home,2020-01-14 02:18:00,0.009393,231.283,0.4923,50.001
Weekend_Home,2020-01-14 02:21:00,0.008663,232.277,0.4445,49.954
Weekend_Home,2020-01-14 02:24:00,0.010468,231.989,0.404,50.004
Weekend_Home,2020-01-14 02:27:00,0.005741,231.208,0.3351,49.989
Weekend_Home,2020-01-14 02:30:00,0.006106,231.008,0.4354,50.0
Weekend_Home,2020-01-14 02:33:00,0.010044,231.249,0.4121,50.005
Weekend_Home,2020-01-14 02:36:00,0.009466,230.544,0.4275,49.993
Weekend_Home,2020-01-14 02:39:00,0.013001,228.776,0.4692,49.976
Weekend_Home,2020-01-14 02:42:00,0.006806,231.133,0.4323,49.984
Weekend_Home,2020-01-14 02:45:00,0.008202,230.647,0.3607,49.995
Weekend_Home,2020-01-14 02:48:00,0.006813,231.103,0.3494,49.991
Weekend_Home,2020-01-14 02:51:00,0.01256,231.738,0.5163,49.986
Weekend_Home,2020-01-14 02:54:00,0.008801,231.352,0.4366,50.006
Weekend_Home,2020-01-14 02:57:00,0.007516,230.892,0.3573,49.985
Weekend_Home,2020-01-14 03:00:00,0.011918,233.176,0.4804,49.984
Weekend_Home,2020-01-14 03:03:00,0.006758,230.495,0.3192,49.99
Weekend_Home,2020-01-14 03:06:00,0.008245,233.199,0.4549,49.993
Weekend_Home,2020-01-14 03:09:00,0.008197,232.305,0.4391,50.001
Weekend_Home,2020-01-14 03:12:00,0.006908,231.119,0.4231,49.976
Weekend_Home,2020-01-14 03:15:00,0.007333,230.379,0.3388,49.982
Weekend_Home,2020-01-14 03:18:00,0.009821,231.393,0.424,49.965
Weekend_Home,2020-01-14 03:21:00,0.010889,230.977,0.4187,49.992
Weekend_Home,2020-01-14 03:24:00,0.010784,231.368,0.4503,50.006
Weekend_Home,2020-01-14 03:27:00,0.010749,231.192,0.4466,49.999
Weekend_Home,2020-01-14 03:30:00,0.008072,230.277,0.355,49.999
Weekend_Home,2020-01-14 03:33:00,0.008254,231.996,0.3773,50.01
Weekend_Home,2020-01-14 03:36:00,0.013242,230.628,0.4474,50.018
Weekend_Home,2020-01-14 03:39:00,0.007502,231.296,0.4105,49.994
Weekend_Home,2020-01-14 03:42:00,0.01213,231.661,0.4567,49.985
Weekend_Home,2020-01-14 03:45:00,0.008993,230.565,0.3793,49.987
Weekend_Home,2020-01-14 03:48:00,0.009038,232.499,0.3986,50.0
Weekend_Home,2020-01-14 03:51:00,0.01273,231.596,0.5021,49.992
Weekend_Home,2020-01-14 03:54:00,0.006765,230.744,0.4232,50.001
Weekend_Home,2020-01-14 03:57:00,0.008233,231.581,0.4142,49.979
Weekend_Home,2020-01-14 04:00:00,0.006774,231.421,0.4036,49.997
Weekend_Home,2020-01-14 04:03:00,0.01034,231.492,0.4299,50.012
Weekend_Home,2020-01-14 04:06:00,0.013459,231.637,0.4691,49.989
Weekend_Home,2020-01-14 04:09:00,0.009804,231.553,0.3495,49.985
Weekend_Home,2020-01-14 04:12:00,0.012385,230.769,0.4945,49.995
Weekend_Home,2020-01-14 04:15:00,0.008744,231.732,0.4232,49.988
Weekend_Home,2020-01-14 04:18:00,0.008708,231.127,0.3462,49.991
Weekend_Home,2020-01-14 04:21:00,0.009092,230.967,0.3948,49.997
Weekend_Home,2020-01-14 04:24:00,0.014043,230.572,0.5585,50.002
Weekend_Home,2020-01-14 04:27:00,0.009443,229.578,0.4064,49.995
Weekend_Home,2020-01-14 04:30:00,0.010745,229.621,0.3809,49.998
Weekend_Home,2020-01-14 04:33:00,0.007661,229.389,0.4055,49.985
Weekend_Home,2020-01-14 04:36:00,0.012161,231.453,0.461,49.997
Weekend_Home,2020-01-14 04:39:00,0.01106,230.342,0.4282,50.001
Weekend_Home,2020-01-14 04:42:00,0.00378,231.662,0.3857,50.012
Weekend_Home,2020-01-14 04:45:00,0.012283,230.737,0.4484,50.014
Weekend_Home,2020-01-14 04:48:00,0.010515,232.165,0.4752,50.002
Weekend_Home,2020-01-14 04:51:00,0.013164,230.905,0.4944,49.999
Weekend_Home,2020-01-14 04:54:00,0.008318,231.071,0.4204,49.986
Weekend_Home,2020-01-14 04:57:00,0.009264,230.704,0.376,49.998
Weekend_Home,2020-01-14 05:00:00,0.012712,230.577,0.536,49.989
Weekend_Home,2020-01-14 05:03:00,0.013086,231.636,0.5066,49.996
Weekend_Home,2020-01-14 05:06:00,0.011397,230.298,0.4678,49.998
Weekend_Home,2020-01-14 05:09:00,0.010231,230.813,0.3977,49.988
Weekend_Home,2020-01-14 05:12:00,0.010939,231.085,0.4035,49.981
Weekend_Home,2020-01-14 05:15:00,0.015026,229.122,0.451,49.993
Weekend_Home,2020-01-14 05:18:00,0.016589,229.616,0.531,49.985
Weekend_Home,2020-01-14 05:21:00,0.010298,230.414,0.4013,49.985
Weekend_Home,2020-01-14 05:24:00,0.018599,230.257,0.566,49.977
Weekend_Home,2020-01-14 05:27:00,0.012374,230.389,0.5044,49.995
Weekend_Home,2020-01-14 05:30:00,0.015312,231.227,0.5219,49.989
Weekend_Home,2020-01-14 05:33:00,0.012643,230.496,0.553,50.005
Weekend_Home,2020-01-14 05:36:00,0.008494,231.589,0.4619,50.004
Weekend_Home,2020-01-14 05:39:00,0.011384,230.253,0.3799,49.982
Weekend_Home,2020-01-14 05:42:00,0.013242,230.767,0.4551,49.99
Weekend_Home,2020-01-14 05:45:00,0.016354,230.247,0.5509,49.995
Weekend_Home,2020-01-14 05:48:00,0.008497,231.457,0.4129,49.969
Weekend_Home,2020-01-14 05:51:00,0.015214,229.89,0.5724,50.007
Weekend_Home,2020-01-14 05:54:00,0.006815,230.63,0.4077,50.005
Weekend_Home,2020-01-14 05:57:00,0.021633,231.333,0.6627,50.003
Weekend_Home,2020-01-14 06:00:00,0.018648,230.064,0.5894,50.002
Weekend_Home,2020-01-14 06:03:00,0.016086,229.678,0.5237,50.002
Weekend_Home,2020-01-14 06:06:00,0.015629,229.043,0.5468,49.997
Weekend_Home,2020-01-14 06:09:00,0.011864,230.713,0.4677,49.979
Weekend_Home,2020-01-14 06:12:00,0.017889,230.873,0.6107,49.976
Weekend_Home,2020-01-14 06:15:00,0.020264,231.178,0.607,49.993
Weekend_Home,2020-01-14 06:18:00,0.0142,232.845,0.4471,50.001
Weekend_Home,2020-01-14 06:21:00,0.013279,230.91,0.5113,49.995
Weekend_Home,2020-01-14 06:24:00,0.020041,230.771,0.6076,50.002
Weekend_Home,2020-01-14 06:27:00,0.02074,230.246,0.6288,49.997
Weekend_Home,2020-01-14 06:30:00,0.016993,230.456,0.5528,50.014
Weekend_Home,2020-01-14 06:33:00,0.016418,231.734,0.5611,49.993
Weekend_Home,2020-01-14 06:36:00,0.016304,231.337,0.521,49.984
Weekend_Home,2020-01-14 06:39:00,0.023458,230.522,0.6352,49.991
Weekend_Home,2020-01-14 06:42:00,0.023557,230.59,0.693,50.016
Weekend_Home,2020-01-14 06:45:00,0.021206,229.913,0.6525,49.989
Weekend_Home,2020-01-14 06:48:00,0.022671,230.631,0.7097,49.996
Weekend_Home,2020-01-14 06:51:00,0.018785,229.447,0.5924,49.978
Weekend_Home,2020-01-14 06:54:00,0.028138,229.987,0.7493,49.964
Weekend_Home,2020-01-14 06:57:00,0.01574,229.06,0.5319,50.015
Weekend_Home,2020-01-14 07:00:00,0.026398,230.931,0.724,49.996
Weekend_Home,2020-01-14 07:03:00,0.017135,230.616,0.5493,49.987
Weekend_Home,2020-01-14 07:06:00,0.033288,229.635,0.857,49.977
Weekend_Home,2020-01-14 07:09:00,0.020609,230.535,0.6453,49.993
Weekend_Home,2020-01-14 07:12:00,0.015621,230.187,0.558,50.015
Weekend_Home,2020-01-14 07:15:00,0.018413,230.065,0.5486,49.98
Weekend_Home,2020-01-14 07:18:00,0.020864,231.024,0.6607,49.996
Weekend_Home,2020-01-14 07:21:00,0.017917,230.565,0.6513,50.011
Weekend_Home,2020-01-14 07:24:00,0.026592,230.623,0.7155,49.967
Weekend_Home,2020-01-14 07:27:00,0.019261,230.667,0.6769,49.985
Weekend_Home,2020-01-14 07:30:00,0.027145,229.225,0.6698,50.006
Weekend_Home,2020-01-14 07:33:00,0.025397,230.133,0.7001,49.986
Weekend_Home,2020-01-14 07:36:00,0.015443,230.688,0.5315,50.007
Weekend_Home,2020-01-14 07:39:00,0.017351,231.206,0.5927,50.005
Weekend_Home,2020-01-14 07:42:00,0.023229,230.077,0.6317,50.001
Weekend_Home,2020-01-14 07:45:00,0.017932,231.613,0.5772,50.02
Weekend_Home,2020-01-14 07:48:00,0.012736,231.603,0.4738,49.992
Weekend_Home,2020-01-14 07:51:00,0.020451,230.756,0.5679,50.0
Weekend_Home,2020-01-14 07:54:00,0.023555,230.1,0.7062,49.986
Weekend_Home,2020-01-14 07:57:00,0.017702,229.186,0.5564,49.981
Weekend_Home,2020-01-14 08:00:00,0.028017,230.262,0.7616,49.985
Weekend_Home,2020-01-14 08:03:00,0.028342,229.281,0.7159,50.002
Weekend_Home,2020-01-14 08:06:00,0.014277,231.934,0.5296,50.009
Weekend_Home,2020-01-14 08:09:00,0.021699,230.781,0.5804,49.976
Weekend_Home,2020-01-14 08:12:00,0.016231,229.52,0.4991,49.986
Weekend_Home,2020-01-14 08:15:00,0.026435,230.615,0.7661,49.989
Weekend_Home,2020-01-14 08:18:00,0.024238,229.532,0.7438,50.008
Weekend_Home,2020-01-14 08:21:00,0.027218,229.881,0.67,49.986
Weekend_Home,2020-01-14 08:24:00,0.029723,229.596,0.8559,49.99
Weekend_Home,2020-01-14 08:27:00,0.028503,230.275,0.7773,49.978
Weekend_Home,2020-01-14 08:30:00,0.032056,227.979,0.824,49.99
Weekend_Home,2020-01-14 08:33:00,0.026487,228.993,0.7646,49.986
Weekend_Home,2020-01-14 08:36:00,0.02383,230.387,0.6637,49.976
Weekend_Home,2020-01-14 08:39:00,0.02672,229.816,0.6733,49.98
Weekend_Home,2020-01-14 08:42:00,0.026298,231.241,0.7105,49.997
Weekend_Home,2020-01-14 08:45:00,0.030463,229.257,0.7617,49.997
Weekend_Home,2020-01-14 08:48:00,0.032189,229.835,0.8294,49.972
Weekend_Home,2020-01-14 08:51:00,0.029065,229.37,0.7761,49.988
Weekend_Home,2020-01-14 08:54:00,0.012735,230.224,0.5358,49.974
Weekend_Home,2020-01-14 08:57:00,0.018051,230.142,0.5658,49.995
Weekend_Home,2020-01-14 09:00:00,0.021754,230.074,0.6852,49.997
Weekend_Home,2020-01-14 09:03:00,0.015583,231.201,0.5406,49.981
Weekend_Home,2020-01-14 09:06:00,0.01445,230.13,0.5561,50.005
Weekend_Home,2020-01-14 09:09:00,0.021204,230.528,0.7104,49.998
Weekend_Home,2020-01-14 09:12:00,0.019764,230.71,0.5979,50.015
Weekend_Home,2020-01-14 09:15:00,0.02696,229.522,0.7537,50.0
Weekend_Home,2020-01-14 09:18:00,0.026155,229.333,0.7135,49.978
Weekend_Home,2020-01-14 09:21:00,0.01507,231.6,0.5792,50.004
Weekend_Home,2020-01-14 09:24:00,0.026951,229.787,0.7079,49.995
Weekend_Home,2020-01-14 09:27:00,0.011632,231.005,0.5108,50.003
Weekend_Home,2020-01-14 09:30:00,0.027355,229.995,0.7622,50.014
Weekend_Home,2020-01-14 09:33:00,0.012097,231.03,0.4173,49.98
Weekend_Home,2020-01-14 09:36:00,0.019103,231.233,0.5904,50.005
Weekend_Home,2020-01-14 09:39:00,0.026065,230.606,0.7203,50.006
Weekend_Home,2020-01-14 09:42:00,0.022869,230.333,0.6775,49.972
Weekend_Home,2020-01-14 09:45:00,0.015734,229.117,0.5702,49.98
Weekend_Home,2020-01-14 09:48:00,0.014263,230.057,0.4957,50.006
Weekend_Home,2020-01-14 09:51:00,0.019357,230.589,0.5617,50.006
Weekend_Home,2020-01-14 09:54:00,0.025716,230.124,0.7256,50.021
Weekend_Home,2020-01-14 09:57:00,0.024738,229.474,0.7372,49.973
Weekend_Home,2020-01-14 10:00:00,0.023791,229.784,0.6278,49.984
Weekend_Home,2020-01-14 10:03:00,0.013387,230.265,0.4349,49.97
Weekend_Home,2020-01-14 10:06:00,0.015075,231.245,0.5182,49.997
Weekend_Home,2020-01-14 10:09:00,0.013523,230.677,0.5301,49.985
Weekend_Home,2020-01-14 10:12:00,0.019153,230.312,0.5413,49.984
Weekend_Home,2020-01-14 10:15:00,0.018829,232.039,0.5402,49.986
Weekend_Home,2020-01-14 10:18:00,0.016777,230.8,0.5276,49.989
Weekend_Home,2020-01-14 10:21:00,0.02327,229.541,0.6835,49.995
Weekend_Home,2020-01-14 10:24:00,0.018017,229.884,0.576,50.011
Weekend_Home,2020-01-14 10:27:00,0.009009,231.227,0.4041,50.008
Weekend_Home,2020-01-14 10:30:00,0.023062,229.522,0.6594,50.005
Weekend_Home,2020-01-14 10:33:00,0.025605,228.919,0.7423,49.988
Weekend_Home,2020-01-14 10:36:00,0.013659,231.894,0.5136,50.002
Weekend_Home,2020-01-14 10:39:00,0.013526,230.163,0.4923,50.0
Weekend_Home,2020-01-14 10:42:00,0.013331,231.687,0.4914,50.013
Weekend_Home,2020-01-14 10:45:00,0.020264,231.267,0.6069,49.985
Weekend_Home,2020-01-14 10:48:00,0.017413,230.764,0.5553,49.999
Weekend_Home,2020-01-14 10:51:00,0.013963,231.611,0.4571,49.975
Weekend_Home,2020-01-14 10:54:00,0.021627,230.849,0.6206,49.986
Weekend_Home,2020-01-14 10:57:00,0.019698,229.931,0.5694,49.979
Weekend_Home,2020-01-14 11:00:00,0.024011,227.544,0.6871,49.988
Weekend_Home,2020-01-14 11:03:00,0.013101,229.78,0.4918,50.002
Weekend_Home,2020-01-14 11:06:00,0.01653,231.097,0.5252,49.991
Weekend_Home,2020-01-14 11:09:00,0.016942,229.751,0.5568,49.975
Weekend_Home,2020-01-14 11:12:00,0.018685,229.297,0.552,49.993
Weekend_Home,2020-01-14 11:15:00,0.01691,230.352,0.5145,50.002
Weekend_Home,2020-01-14 11:18:00,0.014209,230.682,0.5087,49.99
Weekend_Home,2020-01-14 11:21:00,0.025489,230.079,0.6899,49.989
Weekend_Home,2020-01-14 11:24:00,0.01593,231.56,0.5646,49.985
Weekend_Home,2020-01-14 11:27:00,0.015297,231.203,0.5325,50.0
Weekend_Home,2020-01-14 11:30:00,0.01767,229.68,0.5013,50.008
Weekend_Home,2020-01-14 11:33:00,0.017019,229.567,0.5309,49.999
Weekend_Home,2020-01-14 11:36:00,0.019668,231.915,0.5763,49.979
Weekend_Home,2020-01-14 11:39:00,0.023817,229.907,0.6683,49.999
Weekend_Home,2020-01-14 11:42:00,0.018503,228.86,0.4769,50.002
Weekend_Home,2020-01-14 11:45:00,0.019421,230.819,0.5905,49.997
Weekend_Home,2020-01-14 11:48:00,0.018313,232.345,0.5907,49.996
Weekend_Home,2020-01-14 11:51:00,0.013573,230.773,0.5165,50.026
Weekend_Home,2020-01-14 11:54:00,0.020704,230.851,0.5927,50.003
Weekend_Home,2020-01-14 11:57:00,0.019255,230.592,0.5881,49.994
Weekend_Home,2020-01-14 12:00:00,0.032196,230.203,0.8241,49.972
Weekend_Home,2020-01-14 12:03:00,0.021573,230.897,0.5743,50.003
Weekend_Home,2020-01-14 12:06:00,0.017662,231.404,0.6259,49.957
Weekend_Home,2020-01-14 12:09:00,0.020147,228.105,0.6686,49.993
Weekend_Home,2020-01-14 12:12:00,0.014529,230.176,0.5113,49.988
Weekend_Home,2020-01-14 12:15:00,0.018984,231.485,0.6283,49.974
Weekend_Home,2020-01-14 12:18:00,0.015181,230.781,0.5715,49.999
Weekend_Home,2020-01-14 12:21:00,0.01617,230.65,0.5045,50.004
Weekend_Home,2020-01-14 12:24:00,0.025103,229.466,0.7155,49.998
Weekend_Home,2020-01-14 12:27:00,0.011663,230.137,0.4955,50.0
Weekend_Home,2020-01-14 12:30:00,0.01439,232.269,0.5228,49.991
Weekend_Home,2020-01-14 12:33:00,0.017316,232.571,0.6003,49.985
Weekend_Home,2020-01-14 12:36:00,0.016315,230.955,0.5313,49.99
Weekend_Home,2020-01-14 12:39:00,0.022452,229.473,0.6857,50.002
Weekend_Home,2020-01-14 12:42:00,0.023963,229.281,0.6389,50.001
Weekend_Home,2020-01-14 12:45:00,0.017317,231.782,0.5745,50.008
Weekend_Home,2020-01-14 12:48:00,0.022709,228.855,0.6132,50.0
Weekend_Home,2020-01-14 12:51:00,0.021334,231.315,0.6569,49.988
Weekend_Home,2020-01-14 12:54:00,0.019685,230.585,0.5712,49.988
Weekend_Home,2020-01-14 12:57:00,0.031029,227.663,0.7903,49.975
Weekend_Home,2020-01-14 13:00:00,0.010896,230.445,0.4059,49.994
Weekend_Home,2020-01-14 13:03:00,0.018541,229.336,0.6031,50.0
Weekend_Home,2020-01-14 13:06:00,0.026716,229.027,0.7569,49.999
Weekend_Home,2020-01-14 13:09:00,0.028834,231.168,0.7442,49.969
Weekend_Home,2020-01-14 13:12:00,0.01492,229.448,0.5176,50.0
Weekend_Home,2020-01-14 13:15:00,0.017322,231.195,0.4368,49.983
Weekend_Home,2020-01-14 13:18:00,0.027864,231.034,0.7662,49.982
Weekend_Home,2020-01-14 13:21:00,0.015637,231.011,0.5064,50.0
Weekend_Home,2020-01-14 13:24:00,0.022804,229.256,0.7001,49.991
Weekend_Home,2020-01-14 13:27:00,0.024609,230.234,0.6963,50.001
Weekend_Home,2020-01-14 13:30:00,0.026196,228.978,0.7503,49.981
Weekend_Home,2020-01-14 13:33:00,0.021759,230.049,0.6151,49.998
Weekend_Home,2020-01-14 13:36:00,0.010576,230.148,0.4789,49.997
Weekend_Home,2020-01-14 13:39:00,0.026331,229.433,0.7235,49.98
Weekend_Home,2020-01-14 13:42:00,0.015985,229.746,0.5519,50.009
Weekend_Home,2020-01-14 13:45:00,0.026958,229.637,0.7555,50.003
Weekend_Home,2020-01-14 13:48:00,0.016874,230.112,0.5417,49.982
Weekend_Home,2020-01-14 13:51:00,0.024751,229.956,0.6835,49.985
Weekend_Home,2020-01-14 13:54:00,0.025477,230.06,0.7538,49.988
Weekend_Home,2020-01-14 13:57:00,0.0156,230.222,0.5039,50.002
Weekend_Home,2020-01-14 14:00:00,0.016375,231.159,0.535,50.002
Weekend_Home,2020-01-14 14:03:00,0.022255,230.65,0.6371,49.988
Weekend_Home,2020-01-14 14:06:00,0.011885,231.477,0.5245,50.004
Weekend_Home,2020-01-14 14:09:00,0.019643,231.029,0.5811,49.97
Weekend_Home,2020-01-14 14:12:00,0.017684,230.011,0.552,49.997
Weekend_Home,2020-01-14 14:15:00,0.017757,231.108,0.5476,49.98
Weekend_Home,2020-01-14 14:18:00,0.018809,230.659,0.6058,49.985
Weekend_Home,2020-01-14 14:21:00,0.019816,229.76,0.5534,49.983
Weekend_Home,2020-01-14 14:24:00,0.014333,232.021,0.4696,50.001
Weekend_Home,2020-01-14 14:27:00,0.029565,229.794,0.7672,49.968
Weekend_Home,2020-01-14 14:30:00,0.027133,229.524,0.7741,49.988
Weekend_Home,2020-01-14 14:33:00,0.016823,231.831,0.5139,49.989
Weekend_Home,2020-01-14 14:36:00,0.01509,229.154,0.5018,49.988
Weekend_Home,2020-01-14 14:39:00,0.020088,230.88,0.6882,49.993
Weekend_Home,2020-01-14 14:42:00,0.024378,230.771,0.6925,49.993
Weekend_Home,2020-01-14 14:45:00,0.022475,230.367,0.6393,49.994
Weekend_Home,2020-01-14 14:48:00,0.022727,230.81,0.6591,49.99
Weekend_Home,2020-01-14 14:51:00,0.02525,231.162,0.7634,49.989
Weekend_Home,2020-01-14 14:54:00,0.01976,230.198,0.6063,49.978
Weekend_Home,2020-01-14 14:57:00,0.013636,229.707,0.5189,49.981
Weekend_Home,2020-01-14 15:00:00,0.022257,228.137,0.6602,50.001
Weekend_Home,2020-01-14 15:03:00,0.023565,230.236,0.6943,49.991
Weekend_Home,2020-01-14 15:06:00,0.016156,229.752,0.5678,49.985
Weekend_Home,2020-01-14 15:09:00,0.017973,230.955,0.5711,49.993
Weekend_Home,2020-01-14 15:12:00,0.018906,230.437,0.5631,49.982
Weekend_Home,2020-01-14 15:15:00,0.025346,230.777,0.722,50.002
Weekend_Home,2020-01-14 15:18:00,0.014664,232.245,0.5201,49.983
Weekend_Home,2020-01-14 15:21:00,0.019457,231.026,0.6264,49.982
Weekend_Home,2020-01-14 15:24:00,0.015177,231.403,0.4792,49.987
Weekend_Home,2020-01-14 15:27:00,0.016171,231.334,0.5204,49.985
Weekend_Home,2020-01-14 15:30:00,0.023875,230.302,0.6977,50.013
Weekend_Home,2020-01-14 15:33:00,0.021864,231.521,0.638,49.984
Weekend_Home,2020-01-14 15:36:00,0.019088,230.884,0.5539,50.01
Weekend_Home,2020-01-14 15:39:00,0.008873,231.731,0.427,49.991
Weekend_Home,2020-01-14 15:42:00,0.020434,230.642,0.5855,49.997
Weekend_Home,2020-01-14 15:45:00,0.016583,230.527,0.5759,49.977
Weekend_Home,2020-01-14 15:48:00,0.022075,230.412,0.6647,49.986
Weekend_Home,2020-01-14 15:51:00,0.021676,230.199,0.5836,49.986
Weekend_Home,2020-01-14 15:54:00,0.020374,229.965,0.6386,49.992
Weekend_Home,2020-01-14 15:57:00,0.022807,228.799,0.7044,50.002
Weekend_Home,2020-01-14 16:00:00,0.019762,231.516,0.5412,49.989
Weekend_Home,2020-01-14 16:03:00,0.011676,231.101,0.4721,49.99
Weekend_Home,2020-01-14 16:06:00,0.018139,231.523,0.6362,49.993
Weekend_Home,2020-01-14 16:09:00,0.020542,229.825,0.6755,49.994
Weekend_Home,2020-01-14 16:12:00,0.026511,232.43,0.746,49.97
Weekend_Home,2020-01-14 16:15:00,0.009445,232.278,0.4548,50.006
Weekend_Home,2020-01-14 16:18:00,0.023186,229.309,0.686,49.996
Weekend_Home,2020-01-14 16:21:00,0.023672,230.018,0.6209,49.976
Weekend_Home,2020-01-14 16:24:00,0.015378,230.96,0.5082,50.005
Weekend_Home,2020-01-14 16:27:00,0.016622,230.509,0.6233,50.001
Weekend_Home,2020-01-14 16:30:00,0.017368,229.389,0.6067,50.005
Weekend_Home,2020-01-14 16:33:00,0.016,230.766,0.5302,49.993
Weekend_Home,2020-01-14 16:36:00,0.013423,230.841,0.4466,50.005
Weekend_Home,2020-01-14 16:39:00,0.010656,232.188,0.4082,49.979
Weekend_Home,2020-01-14 16:42:00,0.010632,231.474,0.4387,49.987
Weekend_Home,2020-01-14 16:45:00,0.020142,230.107,0.6404,49.997
Weekend_Home,2020-01-14 16:48:00,0.022219,229.429,0.6203,49.996
Weekend_Home,2020-01-14 16:51:00,0.023856,229.362,0.6849,50.011
Weekend_Home,2020-01-14 16:54:00,0.009633,232.483,0.3676,49.984
Weekend_Home,2020-01-14 16:57:00,0.021516,229.986,0.6775,49.985
Weekend_Home,2020-01-14 17:00:00,0.019674,230.836,0.6411,50.005
Weekend_Home,2020-01-14 17:03:00,0.013948,230.516,0.4539,50.022
Weekend_Home,2020-01-14 17:06:00,0.016518,229.305,0.5256,49.986
Weekend_Home,2020-01-14 17:09:00,0.022939,230.878,0.6841,50.005
Weekend_Home,2020-01-14 17:12:00,0.011754,229.363,0.4502,49.966
Weekend_Home,2020-01-14 17:15:00,0.017447,230.906,0.4871,50.005
Weekend_Home,2020-01-14 17:18:00,0.017727,229.495,0.5657,50.005
Weekend_Home,2020-01-14 17:21:00,0.014136,230.968,0.5043,49.999
Weekend_Home,2020-01-14 17:24:00,0.022111,230.633,0.6427,49.995
Weekend_Home,2020-01-14 17:27:00,0.013749,231.136,0.5321,49.958
Weekend_Home,2020-01-14 17:30:00,0.020754,229.568,0.6467,49.986
Weekend_Home,2020-01-14 17:33:00,0.014681,230.002,0.6004,49.97
Weekend_Home,2020-01-14 17:36:00,0.021495,229.476,0.5993,49.998
Weekend_Home,2020-01-14 17:39:00,0.018672,229.472,0.577,49.962
Weekend_Home,2020-01-14 17:42:00,0.013586,230.805,0.506,49.978
Weekend_Home,2020-01-14 17:45:00,0.017706,230.092,0.5736,49.979
Weekend_Home,2020-01-14 17:48:00,0.014966,230.114,0.4941,50.01
Weekend_Home,2020-01-14 17:51:00,0.017594,229.256,0.5639,49.998
Weekend_Home,2020-01-14 17:54:00,0.022875,229.628,0.6748,49.991
Weekend_Home,2020-01-14 17:57:00,0.019826,230.073,0.5299,49.977
Weekend_Home,2020-01-14 18:00:00,0.010618,230.781,0.4527,50.022
Weekend_Home,2020-01-14 18:03:00,0.018496,231.718,0.5582,50.012
Weekend_Home,2020-01-14 18:06:00,0.010014,231.574,0.4931,49.99
Weekend_Home,2020-01-14 18:09:00,0.015892,229.897,0.526,49.995
Weekend_Home,2020-01-14 18:12:00,0.013871,231.056,0.5103,49.977
Weekend_Home,2020-01-14 18:15:00,0.016245,231.677,0.5423,50.009
Weekend_Home,2020-01-14 18:18:00,0.0179,230.339,0.5808,49.998
Weekend_Home,2020-01-14 18:21:00,0.015607,230.966,0.5883,49.972
Weekend_Home,2020-01-14 18:24:00,0.015534,230.561,0.4492,49.996
Weekend_Home,2020-01-14 18:27:00,0.015827,231.441,0.5286,50.009
Weekend_Home,2020-01-14 18:30:00,0.022002,229.216,0.644,49.988
Weekend_Home,2020-01-14 18:33:00,0.009668,232.391,0.3989,50.002
Weekend_Home,2020-01-14 18:36:00,0.015741,231.471,0.5391,49.993
Weekend_Home,2020-01-14 18:39:00,0.017313,231.721,0.5421,49.991
Weekend_Home,2020-01-14 18:42:00,0.021793,229.708,0.6345,49.981
Weekend_Home,2020-01-14 18:45:00,0.016345,231.37,0.546,50.008
Weekend_Home,2020-01-14 18:48:00,0.020975,230.448,0.6541,49.984
Weekend_Home,2020-01-14 18:51:00,0.024525,230.794,0.7267,49.987
Weekend_Home,2020-01-14 18:54:00,0.017694,230.132,0.5229,49.983
Weekend_Home,2020-01-14 18:57:00,0.016363,230.968,0.6038,49.972
Weekend_Home,2020-01-14 19:00:00,0.019143,230.199,0.5987,49.995
Weekend_Home,2020-01-14 19:03:00,0.023974,230.118,0.7432,49.982
Weekend_Home,2020-01-14 19:06:00,0.021353,231.264,0.618,49.983
Weekend_Home,2020-01-14 19:09:00,0.016977,230.394,0.5562,49.978
Weekend_Home,2020-01-14 19:12:00,0.02436,230.761,0.6921,49.988
Weekend_Home,2020-01-14 19:15:00,0.019179,230.351,0.6203,49.984
Weekend_Home,2020-01-14 19:18:00,0.017475,231.557,0.5402,50.015
Weekend_Home,2020-01-14 19:21:00,0.022518,229.965,0.6826,50.003
Weekend_Home,2020-01-14 19:24:00,0.023065,229.464,0.6139,50.007
Weekend_Home,2020-01-14 19:27:00,0.014168,230.245,0.4999,50.008
Weekend_Home,2020-01-14 19:30:00,0.019881,230.309,0.5711,49.977
Weekend_Home,2020-01-14 19:33:00,0.015933,231.923,0.5326,49.986
Weekend_Home,2020-01-14 19:36:00,0.022773,230.528,0.6943,49.993
Weekend_Home,2020-01-14 19:39:00,0.021205,231.816,0.6052,49.988
Weekend_Home,2020-01-14 19:42:00,0.019827,231.5,0.5913,49.989
Weekend_Home,2020-01-14 19:45:00,0.021534,230.223,0.5427,49.978
Weekend_Home,2020-01-14 19:48:00,0.022101,230.932,0.6555,49.966
Weekend_Home,2020-01-14 19:51:00,0.015278,232.077,0.538,49.978
Weekend_Home,2020-01-14 19:54:00,0.011453,231.328,0.4457,50.0
Weekend_Home,2020-01-14 19:57:00,0.025534,229.676,0.749,50.011
Weekend_Home,2020-01-14 20:00:00,0.016976,230.551,0.5843,49.997
Weekend_Home,2020-01-14 20:03:00,0.025775,230.722,0.6897,49.977
Weekend_Home,2020-01-14 20:06:00,0.016701,231.324,0.5255,49.986
Weekend_Home,2020-01-14 20:09:00,0.021226,230.117,0.6926,49.986
Weekend_Home,2020-01-14 20:12:00,0.030988,229.384,0.7879,49.996
Weekend_Home,2020-01-14 20:15:00,0.02526,229.669,0.7293,50.001
Weekend_Home,2020-01-14 20:18:00,0.023539,231.121,0.6382,49.996
Weekend_Home,2020-01-14 20:21:00,0.028952,229.382,0.7462,49.982
Weekend_Home,2020-01-14 20:24:00,0.017833,231.432,0.5517,50.021
Weekend_Home,2020-01-14 20:27:00,0.010476,230.722,0.3747,50.004
Weekend_Home,2020-01-14 20:30:00,0.01721,230.415,0.4952,49.999
Weekend_Home,2020-01-14 20:33:00,0.022486,231.137,0.6486,49.992
Weekend_Home,2020-01-14 20:36:00,0.018635,231.127,0.5935,49.992
Weekend_Home,2020-01-14 20:39:00,0.018905,230.881,0.5939,49.975
Weekend_Home,2020-01-14 20:42:00,0.01698,228.368,0.5734,49.988
Weekend_Home,2020-01-14 20:45:00,0.025365,229.831,0.6992,49.981
Weekend_Home,2020-01-14 20:48:00,0.024259,229.942,0.7355,49.994
Weekend_Home,2020-01-14 20:51:00,0.020639,230.383,0.668,49.979
Weekend_Home,2020-01-14 20:54:00,0.013769,230.77,0.5261,49.998
Weekend_Home,2020-01-14 20:57:00,0.022052,229.99,0.6484,49.995
Weekend_Home,2020-01-14 21:00:00,0.01592,230.619,0.561,49.988
Weekend_Home,2020-01-14 21:03:00,0.015321,230.899,0.4722,49.987
Weekend_Home,2020-01-14 21:06:00,0.010576,230.235,0.4254,49.976
Weekend_Home,2020-01-14 21:09:00,0.009035,231.737,0.4488,49.994
Weekend_Home,2020-01-14 21:12:00,0.024249,229.329,0.6609,49.985
Weekend_Home,2020-01-14 21:15:00,0.011078,229.997,0.4158,50.019
Weekend_Home,2020-01-14 21:18:00,0.013442,230.39,0.4464,49.991
Weekend_Home,2020-01-14 21:21:00,0.018023,229.336,0.5944,49.979
Weekend_Home,2020-01-14 21:24:00,0.019095,230.182,0.5373,50.023
Weekend_Home,2020-01-14 21:27:00,0.014965,230.029,0.4981,49.981
Weekend_Home,2020-01-14 21:30:00,0.010727,230.564,0.4512,50.009
Weekend_Home,2020-01-14 21:33:00,0.012397,231.702,0.4591,50.009
Weekend_Home,2020-01-14 21:36:00,0.01425,231.049,0.4566,49.977
Weekend_Home,2020-01-14 21:39:00,0.01537,231.872,0.5042,49.994
Weekend_Home,2020-01-14 21:42:00,0.018229,232.344,0.6274,50.0
Weekend_Home,2020-01-14 21:45:00,0.015889,230.185,0.4239,50.009
Weekend_Home,2020-01-14 21:48:00,0.018597,231.429,0.5543,49.982
Weekend_Home,2020-01-14 21:51:00,0.01676,231.342,0.5821,50.007
Weekend_Home,2020-01-14 21:54:00,0.021442,231.202,0.6984,49.98
Weekend_Home,2020-01-14 21:57:00,0.011757,230.321,0.4925,49.983
Weekend_Home,2020-01-14 22:00:00,0.017661,230.958,0.5642,50.003
Weekend_Home,2020-01-14 22:03:00,0.011996,231.763,0.4677,49.995
Weekend_Home,2020-01-14 22:06:00,0.013011,231.936,0.5087,49.984
Weekend_Home,2020-01-14 22:09:00,0.011202,230.61,0.4811,49.99
Weekend_Home,2020-01-14 22:12:00,0.00874,230.738,0.4195,49.995
Weekend_Home,2020-01-14 22:15:00,0.011675,229.683,0.5615,50.005
Weekend_Home,2020-01-14 22:18:00,0.015471,231.193,0.5616,49.997
Weekend_Home,2020-01-14 22:21:00,0.012998,232.856,0.4506,49.997
Weekend_Home,2020-01-14 22:24:00,0.014949,230.441,0.489,50.009
Weekend_Home,2020-01-14 22:27:00,0.010039,231.878,0.4451,50.01
Weekend_Home,2020-01-14 22:30:00,0.018173,232.019,0.5813,49.983
Weekend_Home,2020-01-14 22:33:00,0.01234,230.984,0.457,49.97
Weekend_Home,2020-01-14 22:36:00,0.010085,231.007,0.3832,50.02
Weekend_Home,2020-01-14 22:39:00,0.0135,231.657,0.4938,49.99
Weekend_Home,2020-01-14 22:42:00,0.015535,232.399,0.5141,49.991
Weekend_Home,2020-01-14 22:45:00,0.01227,230.72,0.4812,50.021
Weekend_Home,2020-01-14 22:48:00,0.005628,232.918,0.3442,50.011
Weekend_Home,2020-01-14 22:51:00,0.01077,230.256,0.4961,49.984
Weekend_Home,2020-01-14 22:54:00,0.013704,231.774,0.4979,49.995
Weekend_Home,2020-01-14 22:57:00,0.010244,229.68,0.4501,49.972
Weekend_Home,2020-01-14 23:00:00,0.013442,230.552,0.4751,49.979
Weekend_Home,2020-01-14 23:03:00,0.008226,231.017,0.4438,49.993
Weekend_Home,2020-01-14 23:06:00,0.012319,229.131,0.4657,50.013
Weekend_Home,2020-01-14 23:09:00,0.005493,231.7,0.3833,50.021
Weekend_Home,2020-01-14 23:12:00,0.01043,231.957,0.4832,50.009
Weekend_Home,2020-01-14 23:15:00,0.005975,232.291,0.3133,49.998
Weekend_Home,2020-01-14 23:18:00,0.010005,231.434,0.394,50.013
Weekend_Home,2020-01-14 23:21:00,0.013374,229.167,0.4955,49.99
Weekend_Home,2020-01-14 23:24:00,0.011831,229.981,0.4667,49.995
Weekend_Home,2020-01-14 23:27:00,0.0078,231.114,0.3357,50.005
Weekend_Home,2020-01-14 23:30:00,0.010919,231.656,0.4679,50.005
Weekend_Home,2020-01-14 23:33:00,0.016095,230.354,0.5454,49.985
Weekend_Home,2020-01-14 23:36:00,0.015002,230.666,0.4931,50.006
Weekend_Home,2020-01-14 23:39:00,0.007827,231.227,0.4095,49.972
Weekend_Home,2020-01-14 23:42:00,0.009391,231.855,0.429,49.981
Weekend_Home,2020-01-14 23:45:00,0.010691,230.979,0.4835,49.992
Weekend_Home,2020-01-14 23:48:00,0.008243,231.016,0.3834,49.986
Weekend_Home,2020-01-14 23:51:00,0.011887,231.077,0.5142,49.995
Weekend_Home,2020-01-14 23:54:00,0.00924,231.869,0.4485,50.0
Weekend_Home,2020-01-14 23:57:00,0.010353,230.601,0.4301,49.986
